# R_sersic,n_sersic,e1,e2
3.455718755722045898e-01,4.075793266296386719e+00,-1.262426078319549561e-01,-3.160758912563323975e-01
7.515931874513626099e-02,4.039977073669433594e+00,1.612466275691986084e-01,-4.188321232795715332e-01
4.700281918048858643e-01,3.504719972610473633e+00,6.381108164787292480e-01,5.914168357849121094e-01
6.610760688781738281e-01,4.296409606933593750e+00,-3.558243513107299805e-01,4.835412800312042236e-01
4.816887378692626953e-01,5.265954971313476562e+00,3.039263188838958740e-01,-4.627574384212493896e-01
8.521494865417480469e-01,4.298313617706298828e+00,-1.862615533173084259e-02,7.215464115142822266e-01
1.240374445915222168e+00,3.415072917938232422e+00,1.860411763191223145e-01,-5.359940528869628906e-01
8.633213043212890625e-01,4.101111412048339844e+00,4.627821743488311768e-01,9.866391867399215698e-02
3.877044618129730225e-01,3.830711126327514648e+00,-3.255018293857574463e-01,-2.828735709190368652e-01
1.717319846153259277e+00,4.412278175354003906e+00,-3.277302980422973633e-01,-4.139316976070404053e-01
7.535141706466674805e-01,3.031141281127929688e+00,-7.899716496467590332e-01,4.364161193370819092e-01
9.086651355028152466e-02,4.126872062683105469e+00,-4.574016202241182327e-03,2.637578547000885010e-01
6.231757998466491699e-01,3.689074993133544922e+00,-7.031561136245727539e-01,-5.665009841322898865e-02
3.824827373027801514e-01,4.818137168884277344e+00,2.630609571933746338e-01,3.851766139268875122e-02
8.922941684722900391e-01,4.800209999084472656e+00,-5.207805037498474121e-01,2.325624972581863403e-01
2.113750278949737549e-01,3.574272394180297852e+00,-9.486971050500869751e-02,-7.437528669834136963e-02
6.940161585807800293e-01,3.316750526428222656e+00,8.414014242589473724e-03,5.019344687461853027e-01
5.708296298980712891e-01,3.935960292816162109e+00,-4.604330062866210938e-01,1.348621398210525513e-01
9.750468134880065918e-01,3.734431743621826172e+00,2.058218419551849365e-01,-3.373598754405975342e-01
8.442456722259521484e-01,4.557127952575683594e+00,-5.700747370719909668e-01,3.214718103408813477e-01
1.904191851615905762e+00,2.919449567794799805e+00,3.938444852828979492e-01,-6.346240639686584473e-02
2.886449694633483887e-01,3.900942325592041016e+00,8.113416284322738647e-02,-2.459700256586074829e-01
1.239761710166931152e+00,4.070291519165039062e+00,4.036601483821868896e-01,-7.579346746206283569e-02
1.456289410591125488e+00,3.721481084823608398e+00,4.810768365859985352e-01,3.034242987632751465e-01
6.728970408439636230e-01,3.878633022308349609e+00,-3.467015624046325684e-01,-3.608277142047882080e-01
1.814063668251037598e+00,4.290225505828857422e+00,3.754341602325439453e-01,8.539408445358276367e-02
1.680375099182128906e+00,4.446145534515380859e+00,3.315632641315460205e-01,1.745367795228958130e-01
8.883202672004699707e-01,4.194162845611572266e+00,4.223470687866210938e-01,2.945970185101032257e-02
7.899882197380065918e-01,3.599507331848144531e+00,1.193699762225151062e-01,-4.634946286678314209e-01
5.311462283134460449e-02,3.684222698211669922e+00,-2.866004407405853271e-01,-1.079378947615623474e-01
1.280175801366567612e-02,3.478914260864257812e+00,1.985530555248260498e-02,2.847873270511627197e-01
2.759925127029418945e-01,4.205633640289306641e+00,3.650352060794830322e-01,8.480138331651687622e-02
3.189157843589782715e-01,3.190041065216064453e+00,3.834583461284637451e-01,1.506849527359008789e-01
1.959513306617736816e+00,4.282288551330566406e+00,1.527111381292343140e-01,-3.675807118415832520e-01
1.396854043006896973e+00,4.328651428222656250e+00,3.342415094375610352e-01,-4.311466813087463379e-01
1.217690587043762207e+00,4.241749763488769531e+00,4.388893544673919678e-01,-3.725812733173370361e-01
5.054506063461303711e-01,5.026419639587402344e+00,2.657008767127990723e-01,1.994572281837463379e-01
8.414254337549209595e-02,3.968060016632080078e+00,2.746091485023498535e-01,3.129164278507232666e-01
3.776462674140930176e-01,3.069015741348266602e+00,1.461632847785949707e-01,5.316055417060852051e-01
8.423593640327453613e-01,2.838501691818237305e+00,1.748047396540641785e-02,4.098200500011444092e-01
1.655054330825805664e+00,4.526897430419921875e+00,6.600697040557861328e-01,4.759753644466400146e-01
4.193724989891052246e-01,3.796079635620117188e+00,1.381274610757827759e-01,-3.935915827751159668e-01
1.051241517066955566e+00,3.759644985198974609e+00,-2.417696267366409302e-01,4.838357865810394287e-01
9.788828492164611816e-01,4.242292881011962891e+00,2.755960449576377869e-02,-5.089389085769653320e-01
1.918567657470703125e+00,3.976249217987060547e+00,-3.768926560878753662e-01,-3.632892668247222900e-01
1.009446263313293457e+00,3.657314062118530273e+00,3.025050163269042969e-01,-4.402210116386413574e-01
1.857594728469848633e+00,4.759483814239501953e+00,-5.513827204704284668e-01,4.248716533184051514e-01
6.179188564419746399e-02,4.127317428588867188e+00,8.619933724403381348e-01,-8.251824975013732910e-02
8.945832252502441406e-01,4.443446636199951172e+00,1.491624712944030762e-01,4.299434423446655273e-01
1.420110613107681274e-01,4.555373191833496094e+00,3.687121868133544922e-01,6.180402636528015137e-02
3.871766105294227600e-02,3.802047967910766602e+00,5.735804885625839233e-02,1.311577949672937393e-02
1.859098792076110840e+00,4.574995040893554688e+00,-3.398329019546508789e-01,-4.064549505710601807e-01
1.753565073013305664e-01,4.465343952178955078e+00,-2.938623726367950439e-01,3.742767572402954102e-01
1.757465839385986328e+00,4.330757617950439453e+00,-1.083069145679473877e-01,3.990706801414489746e-01
1.822178483009338379e+00,3.470825195312500000e+00,2.007824927568435669e-02,6.071016788482666016e-01
3.668242394924163818e-01,3.797356843948364258e+00,3.993021845817565918e-01,2.290642708539962769e-01
1.106310561299324036e-01,3.641407251358032227e+00,1.008357759565114975e-02,5.650475025177001953e-01
7.866169214248657227e-01,4.423922061920166016e+00,-6.404554843902587891e-01,-3.656030595302581787e-01
1.109654307365417480e+00,4.459124088287353516e+00,2.910180389881134033e-01,-4.234685003757476807e-01
9.626021981239318848e-01,2.331517219543457031e+00,-2.550773322582244873e-01,2.822030484676361084e-01
1.861112475395202637e+00,3.575197935104370117e+00,-2.847554683685302734e-01,-2.896580100059509277e-01
1.204243421554565430e+00,4.172255039215087891e+00,6.111035346984863281e-01,1.611040234565734863e-01
2.571953237056732178e-01,3.449968576431274414e+00,-4.458339214324951172e-01,2.810450792312622070e-01
1.719089150428771973e+00,4.107347011566162109e+00,2.787063419818878174e-01,-2.318014353513717651e-01
1.524382710456848145e+00,3.225637912750244141e+00,3.577614426612854004e-01,8.421819657087326050e-02
3.167141228914260864e-02,3.596816778182983398e+00,-9.412236511707305908e-02,6.708145141601562500e-02
1.361028701066970825e-01,4.096140861511230469e+00,-1.581372343935072422e-03,4.433930665254592896e-02
6.012839674949645996e-01,4.439893245697021484e+00,3.071146905422210693e-01,-2.600135207176208496e-01
6.586010009050369263e-02,3.824861526489257812e+00,5.014566183090209961e-01,-4.572463035583496094e-02
1.431369423866271973e+00,3.530003547668457031e+00,-4.012216627597808838e-02,5.737778544425964355e-01
1.493500590324401855e+00,3.966572284698486328e+00,5.013120770454406738e-01,7.887341082096099854e-03
4.054063260555267334e-01,3.465737819671630859e+00,8.204780220985412598e-01,-3.168825209140777588e-01
1.894875168800354004e+00,3.600159168243408203e+00,7.485978305339813232e-02,3.895579874515533447e-01
5.332820862531661987e-02,4.150685787200927734e+00,7.197997719049453735e-02,1.000249758362770081e-03
5.330845117568969727e-01,3.442700862884521484e+00,1.576537787914276123e-01,4.266814291477203369e-01
1.189423918724060059e+00,4.155893802642822266e+00,3.352203965187072754e-01,-3.328709304332733154e-01
1.850746393203735352e+00,3.635604143142700195e+00,3.492767512798309326e-01,-1.018439512699842453e-02
3.244259059429168701e-01,3.412294149398803711e+00,-4.088368713855743408e-01,-1.792000085115432739e-01
1.613967418670654297e+00,3.553739786148071289e+00,-3.320219218730926514e-01,2.663635015487670898e-01
1.315462827682495117e+00,2.866496324539184570e+00,-3.928828537464141846e-01,5.917381644248962402e-01
4.927195981144905090e-02,4.487883090972900391e+00,-2.710159718990325928e-01,-4.049949645996093750e-01
5.702795460820198059e-02,3.602482080459594727e+00,1.174880117177963257e-01,-2.905296087265014648e-01
1.770420670509338379e+00,4.060458183288574219e+00,-3.598105907440185547e-01,4.776210784912109375e-01
1.718525648117065430e+00,3.378792524337768555e+00,2.982064783573150635e-01,2.611875534057617188e-01
2.942476272583007812e-01,3.923705816268920898e+00,-4.699491560459136963e-01,2.054306864738464355e-01
1.714851379394531250e+00,3.576147079467773438e+00,2.501781284809112549e-01,-3.282489180564880371e-01
1.426471352577209473e+00,3.922753572463989258e+00,4.374552667140960693e-01,-6.914892196655273438e-01
8.396466821432113647e-02,3.369840621948242188e+00,-5.208461880683898926e-01,-3.568241596221923828e-01
8.784568309783935547e-01,4.419345378875732422e+00,1.870597004890441895e-01,-7.485125064849853516e-01
4.825056791305541992e-01,3.420113801956176758e+00,6.358289718627929688e-01,-1.004373729228973389e-01
1.022616267204284668e+00,3.734371185302734375e+00,3.299363851547241211e-01,4.820322692394256592e-01
7.357403039932250977e-01,3.736769676208496094e+00,3.914588689804077148e-01,-5.841393768787384033e-02
2.200080156326293945e-01,4.264985084533691406e+00,-1.035821437835693359e-01,1.250470578670501709e-01
1.329080611467361450e-01,3.293390750885009766e+00,-1.216639131307601929e-01,2.521462440490722656e-01
1.449104428291320801e+00,3.925989866256713867e+00,3.198508322238922119e-01,-1.789658665657043457e-01
1.238667845726013184e+00,3.896395921707153320e+00,2.306023389101028442e-01,7.716044187545776367e-01
1.228536665439605713e-01,4.468119621276855469e+00,4.684357643127441406e-01,-8.535841107368469238e-02
2.322097122669219971e-01,3.921099901199340820e+00,-1.394011527299880981e-01,-6.464781612157821655e-02
1.378448605537414551e+00,3.802699327468872070e+00,-4.476113319396972656e-01,2.860732935369014740e-02
5.896009206771850586e-01,4.303451061248779297e+00,3.193638026714324951e-01,-2.100059539079666138e-01
4.087551236152648926e-01,4.731313228607177734e+00,3.019008338451385498e-01,5.137067437171936035e-01
1.692702293395996094e+00,4.269533157348632812e+00,-1.221556663513183594e-01,6.969358921051025391e-01
1.060569047927856445e+00,3.410153865814208984e+00,1.684098988771438599e-01,6.469579935073852539e-01
2.702225744724273682e-01,3.881662845611572266e+00,6.386865973472595215e-01,7.327116131782531738e-01
1.884906440973281860e-01,4.706293582916259766e+00,2.090728282928466797e-02,2.134217321872711182e-01
1.955384373664855957e+00,3.939099073410034180e+00,3.708561360836029053e-01,1.956253945827484131e-01
1.432007551193237305e-01,4.462584495544433594e+00,1.455498784780502319e-01,1.472368240356445312e-01
2.713653743267059326e-01,3.736859798431396484e+00,-4.585940539836883545e-01,-5.301319360733032227e-01
1.896686911582946777e+00,3.609641075134277344e+00,7.100154757499694824e-01,-3.576047420501708984e-01
1.026278361678123474e-01,4.060737133026123047e+00,-1.663888245820999146e-01,2.316975444555282593e-01
7.811347395181655884e-02,4.646803855895996094e+00,-1.334137022495269775e-01,3.236828744411468506e-02
1.104315757751464844e+00,3.853584051132202148e+00,1.548222899436950684e-01,-5.684739351272583008e-01
1.517167329788208008e+00,3.556670904159545898e+00,-4.814381599426269531e-01,-1.049322560429573059e-01
1.360987067222595215e+00,3.846848726272583008e+00,3.797137439250946045e-01,3.710842430591583252e-01
1.892948299646377563e-01,3.730993986129760742e+00,-1.833423227071762085e-01,-1.543493568897247314e-01
3.789283931255340576e-01,4.840620040893554688e+00,-3.664474189281463623e-01,-4.140657484531402588e-01
9.705524444580078125e-01,3.524310111999511719e+00,-4.300328493118286133e-01,-2.120157182216644287e-01
6.306746602058410645e-02,3.369380712509155273e+00,-3.991893827915191650e-01,-4.356486201286315918e-01
8.342367410659790039e-01,4.093224525451660156e+00,2.972965538501739502e-01,-9.751482605934143066e-01
8.638560771942138672e-01,3.679572105407714844e+00,-2.642775774002075195e-01,3.722009956836700439e-01
2.999613583087921143e-01,3.169317960739135742e+00,-2.583132088184356689e-01,-4.988271296024322510e-01
1.577261984348297119e-01,4.545302867889404297e+00,1.676660478115081787e-01,-9.966825693845748901e-02
4.402688145637512207e-02,3.622762441635131836e+00,-2.097305655479431152e-01,2.264753282070159912e-01
6.407380849123001099e-02,3.843869686126708984e+00,-1.122746914625167847e-01,-3.840179741382598877e-01
1.864300370216369629e+00,3.886709928512573242e+00,-7.812793552875518799e-02,-3.978324532508850098e-01
1.465022325515747070e+00,3.992147922515869141e+00,-3.815560936927795410e-01,8.114737272262573242e-01
1.987876415252685547e+00,3.817323207855224609e+00,3.200844526290893555e-01,2.778494358062744141e-01
5.151358991861343384e-02,4.177980422973632812e+00,-3.638056516647338867e-01,-3.819430712610483170e-03
1.993598222732543945e+00,3.233104228973388672e+00,-4.330231547355651855e-01,2.687195837497711182e-01
2.785079181194305420e-01,4.461016654968261719e+00,8.210221678018569946e-02,-7.268165946006774902e-01
8.525305390357971191e-01,3.078898429870605469e+00,-5.046855211257934570e-01,1.862113475799560547e-01
2.807711660861968994e-01,3.510416269302368164e+00,-3.202984631061553955e-01,8.550219535827636719e-01
1.799264311790466309e+00,3.934762477874755859e+00,4.644158780574798584e-01,3.286059945821762085e-02
3.960784971714019775e-01,3.773524761199951172e+00,3.036617636680603027e-01,5.130243897438049316e-01
1.148904085159301758e+00,3.950482368469238281e+00,-3.761691153049468994e-01,4.919959604740142822e-01
6.216866150498390198e-02,4.202522754669189453e+00,-4.014021456241607666e-01,4.192661345005035400e-01
4.305516481399536133e-01,3.809978485107421875e+00,1.758751273155212402e-02,-5.551906824111938477e-01
3.993313014507293701e-02,3.370499610900878906e+00,-5.632765963673591614e-02,4.022135138511657715e-01
1.219261765480041504e+00,3.271280765533447266e+00,-3.554474711418151855e-01,2.380107194185256958e-01
1.256656289100646973e+00,3.815574645996093750e+00,-2.135189324617385864e-01,3.994067907333374023e-01
1.963348031044006348e+00,3.582749128341674805e+00,-1.845559850335121155e-02,6.339381337165832520e-01
1.655275374650955200e-01,4.191271305084228516e+00,4.203702211380004883e-01,1.079928725957870483e-01
1.070818901062011719e+00,4.569292545318603516e+00,3.758158683776855469e-01,-6.208769679069519043e-01
1.618475317955017090e+00,4.477010726928710938e+00,-5.188078284263610840e-01,2.597542405128479004e-01
1.328806757926940918e+00,3.977823019027709961e+00,-1.237198058515787125e-02,5.935916304588317871e-01
1.964389204978942871e+00,3.848058462142944336e+00,-5.533763170242309570e-01,4.128003865480422974e-02
5.469337105751037598e-01,3.095479249954223633e+00,-6.978340446949005127e-02,-4.301253557205200195e-01
8.871588110923767090e-02,4.033565044403076172e+00,-4.044590517878532410e-02,-1.720081418752670288e-01
2.574121356010437012e-01,2.645989418029785156e+00,-3.636819124221801758e-02,-3.884822726249694824e-01
2.931177914142608643e-01,3.732572317123413086e+00,-3.129047453403472900e-01,5.819419622421264648e-01
3.067956566810607910e-01,3.980722188949584961e+00,-2.810273468494415283e-01,2.263317406177520752e-01
8.399569988250732422e-01,3.293994903564453125e+00,-2.859319150447845459e-01,-4.349163770675659180e-01
1.744019985198974609e+00,3.281952142715454102e+00,5.557066798210144043e-01,-1.684363186359405518e-02
1.262091100215911865e-01,3.065262794494628906e+00,1.957205384969711304e-01,-3.835734724998474121e-02
3.283096253871917725e-01,4.307749748229980469e+00,-4.588231444358825684e-01,1.933691203594207764e-01
1.345368742942810059e+00,4.943536758422851562e+00,6.267639398574829102e-01,1.488363742828369141e-01
2.468373179435729980e-01,3.574646472930908203e+00,1.078619509935379028e-01,-3.169609010219573975e-01
1.899178028106689453e-01,3.795103549957275391e+00,8.706208318471908569e-02,1.197285875678062439e-01
3.487296998500823975e-01,3.482396602630615234e+00,-8.449389040470123291e-02,-4.725013077259063721e-01
1.575165033340454102e+00,4.237193107604980469e+00,-3.749207258224487305e-01,-6.201207637786865234e-01
1.181518197059631348e+00,2.990761756896972656e+00,1.220457106828689575e-01,-3.169084489345550537e-01
5.219982862472534180e-01,3.979692697525024414e+00,-5.939252972602844238e-01,3.294732272624969482e-01
4.849138557910919189e-01,4.594110488891601562e+00,3.796743750572204590e-01,-3.135613724589347839e-02
1.462232589721679688e+00,4.545102596282958984e+00,-5.670058727264404297e-02,5.288871526718139648e-01
1.560668826103210449e+00,4.219842433929443359e+00,3.780995011329650879e-01,-3.467910885810852051e-01
1.465436458587646484e+00,4.236672401428222656e+00,3.329013586044311523e-01,-8.164265155792236328e-01
1.142974019050598145e+00,3.307690620422363281e+00,5.227761268615722656e-01,-2.612000703811645508e-01
1.834056019783020020e+00,3.883264541625976562e+00,-4.199653863906860352e-01,3.740950822830200195e-01
1.309858560562133789e-01,4.159225940704345703e+00,7.079079151153564453e-01,2.339933216571807861e-01
1.548006296157836914e+00,4.628213405609130859e+00,-6.653065681457519531e-01,-4.539208412170410156e-01
1.752912044525146484e+00,4.543884277343750000e+00,3.083465695381164551e-01,5.197859406471252441e-01
6.890442222356796265e-02,4.038012981414794922e+00,-6.962147355079650879e-02,5.740748718380928040e-02
4.974622130393981934e-01,4.975838661193847656e+00,3.465279340744018555e-01,1.688346564769744873e-01
9.769503474235534668e-01,3.389189958572387695e+00,2.048619836568832397e-01,-3.067036867141723633e-01
9.279047250747680664e-01,3.256316900253295898e+00,2.223767340183258057e-02,7.868656516075134277e-01
9.858748316764831543e-01,3.866244792938232422e+00,-1.074265688657760620e-01,4.752721190452575684e-01
1.020867586135864258e+00,3.055688381195068359e+00,4.712540805339813232e-01,-8.524253219366073608e-02
1.585821032524108887e+00,3.715168952941894531e+00,-1.000000000000000000e+00,-4.037935435771942139e-01
1.632667660713195801e+00,4.709902763366699219e+00,-3.534842729568481445e-01,3.280885517597198486e-01
1.496302038431167603e-01,3.514730930328369141e+00,-1.405116915702819824e-01,-3.375801146030426025e-01
1.378921866416931152e-01,3.106651306152343750e+00,-4.366985335946083069e-02,-3.827571272850036621e-01
1.891023993492126465e+00,4.999550819396972656e+00,5.196607112884521484e-01,1.015424653887748718e-01
1.808317303657531738e+00,3.423155307769775391e+00,4.566577374935150146e-01,2.253361195325851440e-01
8.544754981994628906e-02,3.097705364227294922e+00,-3.262250721454620361e-01,3.886310616508126259e-03
1.069772243499755859e+00,3.367418766021728516e+00,2.060352116823196411e-01,-4.403873085975646973e-01
2.175934761762619019e-01,3.847823381423950195e+00,2.407465875148773193e-02,4.020303487777709961e-01
7.143784314393997192e-02,4.513402938842773438e+00,-7.373359054327011108e-02,-4.197591245174407959e-01
1.064087271690368652e+00,4.345969200134277344e+00,2.801353037357330322e-01,5.051800012588500977e-01
6.740869283676147461e-01,4.198919296264648438e+00,-3.718277513980865479e-01,4.385585188865661621e-01
1.081814289093017578e+00,3.351200103759765625e+00,-6.635349988937377930e-01,4.299982488155364990e-01
2.896476089954376221e-01,4.553688049316406250e+00,-1.209197491407394409e-01,3.635556902736425400e-03
9.701859354972839355e-01,4.886003017425537109e+00,-3.003429770469665527e-01,-5.586270093917846680e-01
6.523389220237731934e-01,4.026303768157958984e+00,3.493593037128448486e-01,-6.603294014930725098e-01
6.164524555206298828e-01,4.460643768310546875e+00,2.493908256292343140e-01,-5.230651497840881348e-01
1.772851943969726562e-01,4.383425712585449219e+00,2.577159702777862549e-01,-1.939880698919296265e-01
1.411633014678955078e+00,5.273915767669677734e+00,-3.408161103725433350e-01,-5.240948200225830078e-01
1.309208631515502930e+00,4.132451057434082031e+00,2.741963863372802734e-01,3.028813600540161133e-01
9.609633684158325195e-02,3.814694881439208984e+00,4.773950576782226562e-01,-1.950633525848388672e-01
8.445417284965515137e-01,4.040354728698730469e+00,-9.571545124053955078e-01,9.810625314712524414e-01
1.443142741918563843e-01,4.288542270660400391e+00,1.541745811700820923e-01,8.802586048841476440e-02
1.888379096984863281e+00,3.754780530929565430e+00,8.584449440240859985e-02,-3.487903177738189697e-01
1.748847365379333496e+00,3.772969484329223633e+00,-1.917235404253005981e-01,3.535190820693969727e-01
1.657319366931915283e-01,3.873199939727783203e+00,-2.104801237583160400e-01,-1.734977513551712036e-01
1.508020281791687012e+00,3.700758934020996094e+00,-7.917170524597167969e-01,2.612936496734619141e-01
1.541205942630767822e-01,3.866293430328369141e+00,5.419970154762268066e-01,6.253862380981445312e-02
1.877612590789794922e+00,4.172724723815917969e+00,7.552429288625717163e-02,1.748353987932205200e-01
1.166406631469726562e+00,3.257472276687622070e+00,-3.531458377838134766e-01,6.262987107038497925e-02
1.622277617454528809e+00,3.459518909454345703e+00,1.681549996137619019e-01,-1.398361325263977051e-01
1.339825272560119629e+00,3.843583583831787109e+00,7.259330153465270996e-02,3.508091270923614502e-01
8.730912804603576660e-01,3.459479808807373047e+00,1.115886121988296509e-01,3.015262186527252197e-01
6.607285141944885254e-01,3.640862464904785156e+00,-2.707649171352386475e-01,2.967400848865509033e-01
5.707275867462158203e-01,4.686135292053222656e+00,4.847985133528709412e-02,-2.514832317829132080e-01
4.843325316905975342e-01,4.151815891265869141e+00,7.096417248249053955e-02,-1.935537010431289673e-01
1.592127799987792969e+00,3.933552026748657227e+00,-2.886112332344055176e-01,-1.970918774604797363e-01
7.255042791366577148e-01,4.077580928802490234e+00,-4.680824875831604004e-01,-8.467993140220642090e-02
1.349728822708129883e+00,3.933102369308471680e+00,-3.538124263286590576e-01,1.962779462337493896e-01
1.488752484321594238e+00,3.838149547576904297e+00,-2.659664154052734375e-01,1.474747061729431152e-01
7.174022197723388672e-01,3.791020154953002930e+00,2.219765186309814453e-01,1.336415577679872513e-02
6.037406325340270996e-01,3.761067152023315430e+00,-3.521248102188110352e-01,7.747601717710494995e-02
1.724886536598205566e+00,3.827557802200317383e+00,-2.953326404094696045e-01,-1.198327988386154175e-01
9.155708551406860352e-01,3.564400434494018555e+00,9.602990746498107910e-02,-2.728863954544067383e-01
1.240714788436889648e+00,3.883848428726196289e+00,2.717235088348388672e-01,-1.527768373489379883e-01
3.969098329544067383e-01,3.368204593658447266e+00,-8.853552490472793579e-02,5.877513065934181213e-02
3.488754034042358398e-01,4.166601657867431641e+00,2.342040464282035828e-02,6.525774300098419189e-02
6.706812977790832520e-01,4.309355735778808594e+00,-5.286398902535438538e-02,-2.066528350114822388e-01
1.065781831741333008e+00,3.988873481750488281e+00,2.562168836593627930e-01,2.094622403383255005e-01
1.882710337638854980e+00,3.583066463470458984e+00,-1.206938400864601135e-01,5.135664343833923340e-02
1.145040869712829590e+00,3.885834693908691406e+00,7.579455524682998657e-02,2.241608351469039917e-01
1.174761533737182617e+00,4.144256591796875000e+00,1.847876608371734619e-01,3.269980549812316895e-01
1.761320590972900391e+00,4.480286598205566406e+00,-1.965015940368175507e-02,-2.855199277400970459e-01
7.692117094993591309e-01,4.647226810455322266e+00,-2.774493098258972168e-01,3.062438368797302246e-01
7.786046266555786133e-01,4.173392295837402344e+00,-1.565729081630706787e-02,-2.688857018947601318e-01
3.995759487152099609e-01,4.043467521667480469e+00,-1.238999664783477783e-01,-2.990826964378356934e-01
3.455770611763000488e-01,3.917302608489990234e+00,3.312245756387710571e-02,7.617513835430145264e-02
5.691612958908081055e-01,3.542811155319213867e+00,2.146941721439361572e-01,-1.436603516340255737e-01
7.299818992614746094e-01,3.843449592590332031e+00,3.457432687282562256e-01,-1.079591140151023865e-01
6.448369622230529785e-01,3.805550098419189453e+00,5.191367864608764648e-02,-3.286786973476409912e-01
1.878207683563232422e+00,3.870299577713012695e+00,4.302262514829635620e-02,-1.264471858739852905e-01
1.284258723258972168e+00,3.926724672317504883e+00,-3.248184323310852051e-01,-2.101479172706604004e-01
1.467020511627197266e+00,3.280066967010498047e+00,1.249090954661369324e-01,-5.230054631829261780e-02
7.944176793098449707e-01,4.504823684692382812e+00,5.299264192581176758e-02,3.496077060699462891e-01
6.143162250518798828e-01,3.478458881378173828e+00,-1.866099238395690918e-01,-2.240605950355529785e-01
4.823858737945556641e-01,3.819258689880371094e+00,-9.788194671273231506e-03,1.492456495761871338e-01
6.526953577995300293e-01,4.951992988586425781e+00,-9.972488880157470703e-02,-3.050482571125030518e-01
8.916209340095520020e-01,3.686141967773437500e+00,3.073753118515014648e-01,-1.526670604944229126e-01
4.410374462604522705e-01,4.314612388610839844e+00,-3.982708789408206940e-03,-2.960315160453319550e-02
7.484998106956481934e-01,4.342262268066406250e+00,-4.345154166221618652e-01,2.287550084292888641e-02
1.790450096130371094e+00,4.101867675781250000e+00,2.232140898704528809e-01,-1.899214237928390503e-01
9.460937380790710449e-01,3.879758596420288086e+00,1.530569642782211304e-01,-2.581109106540679932e-01
1.365007400512695312e+00,3.914013624191284180e+00,1.996228247880935669e-01,-1.023752912878990173e-01
9.563135504722595215e-01,4.325668334960937500e+00,-2.930504679679870605e-01,-1.384501308202743530e-01
8.173310160636901855e-01,4.557302951812744141e+00,-1.527867615222930908e-01,2.846109569072723389e-01
9.079406261444091797e-01,3.535646438598632812e+00,-4.258593022823333740e-01,8.433033525943756104e-02
1.795512557029724121e+00,3.777117967605590820e+00,-7.332276552915573120e-02,-2.347850501537322998e-01
8.043266534805297852e-01,4.140987873077392578e+00,5.937123298645019531e-02,-4.006901383399963379e-01
9.724528789520263672e-01,4.058447837829589844e+00,-1.701578944921493530e-01,-2.403171509504318237e-01
1.749610543251037598e+00,3.789338588714599609e+00,9.825186431407928467e-02,-3.017829358577728271e-01
3.058683574199676514e-01,3.540446043014526367e+00,-8.752659708261489868e-02,4.979101568460464478e-02
1.232263565063476562e+00,3.113900184631347656e+00,-9.312213398516178131e-03,1.334873586893081665e-01
3.552808761596679688e-01,4.299725055694580078e+00,1.126772016286849976e-01,8.707269094884395599e-03
9.685595631599426270e-01,4.638980865478515625e+00,-3.266979455947875977e-01,-1.965822093188762665e-02
4.754118323326110840e-01,4.875799179077148438e+00,1.009932830929756165e-01,6.445554643869400024e-02
1.295534610748291016e+00,3.490682363510131836e+00,-2.971326112747192383e-01,-6.412854045629501343e-02
8.528589606285095215e-01,3.782312870025634766e+00,2.177945226430892944e-01,-1.391700096428394318e-02
1.989296793937683105e+00,3.744807481765747070e+00,-6.381168216466903687e-02,3.297431766986846924e-01
8.015245199203491211e-01,4.417116165161132812e+00,2.586386203765869141e-01,8.213004469871520996e-02
8.068833947181701660e-01,4.505770206451416016e+00,-2.829073965549468994e-01,-3.498270213603973389e-01
3.509185612201690674e-01,3.709565877914428711e+00,9.726873040199279785e-02,-1.046884208917617798e-01
9.641187191009521484e-01,4.615685462951660156e+00,2.525742352008819580e-02,-2.501649856567382812e-01
1.507388353347778320e+00,3.560249090194702148e+00,-2.608430683612823486e-01,1.251684129238128662e-01
3.676819205284118652e-01,3.591937303543090820e+00,-4.495492577552795410e-02,1.376800537109375000e-01
3.844764828681945801e-01,4.124697685241699219e+00,1.247934699058532715e-01,-8.844471722841262817e-02
1.956588625907897949e+00,3.800436496734619141e+00,-1.339682638645172119e-01,-8.117270469665527344e-02
6.049139499664306641e-01,4.248238086700439453e+00,3.740265592932701111e-02,3.461516201496124268e-01
3.242764174938201904e-01,3.353599071502685547e+00,8.977191895246505737e-02,-2.146591544151306152e-01
7.816054224967956543e-01,3.431297302246093750e+00,2.473266795277595520e-02,2.584586143493652344e-01
1.740953922271728516e+00,3.806353569030761719e+00,1.274855434894561768e-01,-1.374546736478805542e-01
8.719406723976135254e-01,5.267936229705810547e+00,-3.009609580039978027e-01,2.286430634558200836e-02
1.908083438873291016e+00,3.722915887832641602e+00,1.184004545211791992e-01,1.386265456676483154e-01
1.572025895118713379e+00,4.923366546630859375e+00,9.554758667945861816e-02,-3.865508735179901123e-01
1.211246252059936523e+00,4.468539237976074219e+00,2.519930601119995117e-01,1.936018764972686768e-01
1.838343620300292969e+00,4.483398914337158203e+00,3.291095495223999023e-01,6.892392877489328384e-03
1.493966937065124512e+00,3.153239965438842773e+00,-4.107921198010444641e-02,-5.004597455263137817e-02
1.426233172416687012e+00,3.297801494598388672e+00,2.813169658184051514e-01,1.106477826833724976e-01
7.581368684768676758e-01,3.973441362380981445e+00,-3.240316212177276611e-01,1.113277897238731384e-01
1.398829102516174316e+00,3.833068370819091797e+00,-2.701767385005950928e-01,-4.944547638297080994e-02
3.253468573093414307e-01,3.527245044708251953e+00,-2.532464265823364258e-01,-2.118375748395919800e-01
3.880866169929504395e-01,4.380429744720458984e+00,-1.740970909595489502e-01,1.224714294075965881e-01
1.642629146575927734e+00,4.448991298675537109e+00,-2.393251517787575722e-03,-3.167379200458526611e-01
7.746595740318298340e-01,4.416229724884033203e+00,9.583800286054611206e-02,3.120986521244049072e-01
1.284960746765136719e+00,3.605542421340942383e+00,-1.956812292337417603e-01,1.306467205286026001e-01
4.531875550746917725e-01,3.297135353088378906e+00,-2.533580660820007324e-01,1.221250444650650024e-01
9.143521189689636230e-01,4.033721923828125000e+00,-1.044888887554407120e-02,-4.053596556186676025e-01
5.055771470069885254e-01,4.478414535522460938e+00,-7.230602204799652100e-02,-7.052832283079624176e-03
1.844985485076904297e+00,4.726714134216308594e+00,2.964623868465423584e-01,-3.280774876475334167e-02
1.683713436126708984e+00,4.413138866424560547e+00,-1.240172330290079117e-02,-3.170470595359802246e-01
1.882209181785583496e+00,3.746168613433837891e+00,-1.031334176659584045e-01,-2.294435650110244751e-01
1.713351607322692871e+00,3.591338634490966797e+00,-1.859862953424453735e-01,-1.143473461270332336e-01
1.573167324066162109e+00,4.189644336700439453e+00,3.261057734489440918e-01,1.183016672730445862e-01
2.978481948375701904e-01,4.434267044067382812e+00,-4.325660690665245056e-02,4.521134123206138611e-02
1.598973870277404785e+00,3.628262996673583984e+00,-2.610834836959838867e-01,1.299624443054199219e-01
3.582487106323242188e-01,3.455353260040283203e+00,1.710732281208038330e-01,8.007484674453735352e-02
3.824856281280517578e-01,4.111689090728759766e+00,1.443504244089126587e-01,-2.259579747915267944e-01
1.094006299972534180e+00,3.953728675842285156e+00,-2.605731189250946045e-01,-1.321301907300949097e-01
3.707164227962493896e-01,3.842754125595092773e+00,1.521604061126708984e-01,-1.999478638172149658e-01
1.835505485534667969e+00,3.858962774276733398e+00,-2.389888614416122437e-01,1.183024793863296509e-02
1.162461280822753906e+00,3.404475450515747070e+00,-4.905477538704872131e-02,-2.073436826467514038e-01
8.364204764366149902e-01,3.637779235839843750e+00,-4.967411980032920837e-02,3.133271634578704834e-01
1.209625720977783203e+00,3.872363328933715820e+00,4.765055701136589050e-02,-2.369646579027175903e-01
7.600883245468139648e-01,4.760509014129638672e+00,2.980882823467254639e-01,-1.914990693330764771e-01
1.821485996246337891e+00,3.774411916732788086e+00,1.353377252817153931e-01,-2.377165257930755615e-01
3.472891449928283691e-01,4.964437961578369141e+00,-1.173663139343261719e-01,6.503746658563613892e-02
8.612712621688842773e-01,4.552480697631835938e+00,1.561941057443618774e-01,-2.559660673141479492e-01
7.449227571487426758e-01,2.946899890899658203e+00,-1.753085702657699585e-01,2.972757816314697266e-01
1.866636872291564941e+00,3.327533960342407227e+00,-3.089350461959838867e-01,-2.963405102491378784e-02
1.995642900466918945e+00,4.471763134002685547e+00,-1.095825061202049255e-01,3.041508793830871582e-01
1.332497835159301758e+00,3.885374307632446289e+00,3.005712032318115234e-01,1.850448548793792725e-01
1.656113743782043457e+00,3.736389398574829102e+00,-3.605966269969940186e-01,-3.864908963441848755e-02
7.499682903289794922e-01,4.137095451354980469e+00,-1.366731226444244385e-01,2.926183938980102539e-01
5.613379478454589844e-01,4.092388629913330078e+00,1.519687771797180176e-01,1.293695718050003052e-01
1.024768829345703125e+00,2.954967021942138672e+00,-2.184185832738876343e-01,-3.239311873912811279e-01
1.972501158714294434e+00,3.445578336715698242e+00,-2.377941831946372986e-02,1.153056100010871887e-01
3.100329339504241943e-01,4.290331840515136719e+00,4.488713666796684265e-02,8.348616957664489746e-02
1.616214990615844727e+00,4.876562595367431641e+00,2.929502427577972412e-01,-1.873874068260192871e-01
1.846217632293701172e+00,3.683448314666748047e+00,-1.841779649257659912e-01,2.477247416973114014e-01
6.295630931854248047e-01,4.047071456909179688e+00,-4.784642755985260010e-01,-3.515054658055305481e-02
1.205500602722167969e+00,3.178557395935058594e+00,8.400061726570129395e-02,4.818915575742721558e-02
1.160072922706604004e+00,4.013258457183837891e+00,2.962585687637329102e-01,-9.857760369777679443e-02
1.799626827239990234e+00,3.298372507095336914e+00,4.313040524721145630e-02,-9.109402447938919067e-02
2.689690887928009033e-01,3.520551204681396484e+00,7.487111538648605347e-02,-1.320216357707977295e-01
1.251959085464477539e+00,3.803083419799804688e+00,1.180503219366073608e-01,-1.547669470310211182e-01
1.092505216598510742e+00,4.478324413299560547e+00,-4.417602121829986572e-01,-1.141244396567344666e-01
6.921408176422119141e-01,4.370723247528076172e+00,2.578369677066802979e-01,-1.213291510939598083e-01
1.169666051864624023e+00,4.030449390411376953e+00,-2.616854570806026459e-02,3.070300221443176270e-01
1.653070211410522461e+00,3.858313083648681641e+00,-9.498633444309234619e-02,-1.800187230110168457e-01
6.118708848953247070e-01,4.676286697387695312e+00,4.419321939349174500e-02,-2.568986415863037109e-01
9.227859973907470703e-01,3.908377170562744141e+00,1.886318922042846680e-01,-8.483265340328216553e-02
4.313734173774719238e-01,3.662073612213134766e+00,1.738328635692596436e-01,2.620886266231536865e-01
1.153316855430603027e+00,4.101205825805664062e+00,-2.269518822431564331e-01,1.671801656484603882e-01
5.026680231094360352e-01,5.051109313964843750e+00,-2.214453369379043579e-01,5.815468728542327881e-02
1.439996957778930664e+00,3.812294483184814453e+00,2.515718638896942139e-01,1.068459302186965942e-01
1.401816844940185547e+00,4.417506694793701172e+00,-2.002375721931457520e-01,3.195655047893524170e-01
1.883396863937377930e+00,3.380212306976318359e+00,1.303863078355789185e-01,1.366773694753646851e-01
1.651981949806213379e+00,3.114782810211181641e+00,1.300680357962846756e-02,1.468697190284729004e-01
1.603922724723815918e+00,4.558608055114746094e+00,-2.455151528120040894e-01,-1.948791593313217163e-01
1.342497706413269043e+00,3.306931972503662109e+00,-2.688318789005279541e-01,1.680980920791625977e-01
4.379918277263641357e-01,3.983085870742797852e+00,8.395181596279144287e-02,1.182655692100524902e-01
1.203758597373962402e+00,3.136646747589111328e+00,-4.125226736068725586e-01,-8.680017199367284775e-04
1.798045396804809570e+00,3.831867218017578125e+00,-3.232811987400054932e-01,8.461927622556686401e-02
9.529402852058410645e-01,5.033049583435058594e+00,4.928911849856376648e-02,3.141649663448333740e-01
9.203968644142150879e-01,3.841748237609863281e+00,-4.834089279174804688e-01,2.410829439759254456e-02
3.421347141265869141e-01,3.106516838073730469e+00,1.550284475088119507e-01,1.354663074016571045e-01
8.620464205741882324e-01,3.876694917678833008e+00,-7.799348980188369751e-02,-2.467534840106964111e-01
9.972625970840454102e-01,3.211792707443237305e+00,-3.605392873287200928e-01,-1.825430840253829956e-01
1.934976696968078613e+00,3.736030578613281250e+00,-2.060644775629043579e-01,-1.294238418340682983e-01
6.995937228202819824e-01,4.415490627288818359e+00,8.604320138692855835e-02,-3.115528225898742676e-01
1.166567683219909668e+00,3.055581569671630859e+00,1.993528753519058228e-01,-2.147934883832931519e-01
1.364573001861572266e+00,4.062193870544433594e+00,-3.824099004268646240e-01,6.297357380390167236e-02
5.077167153358459473e-01,3.386611938476562500e+00,-1.792752146720886230e-01,-3.345220386981964111e-01
8.696573972702026367e-01,2.316020011901855469e+00,1.030496507883071899e-01,8.188898116350173950e-02
7.690823674201965332e-01,4.639948844909667969e+00,-1.407351344823837280e-01,1.936039328575134277e-01
1.391492486000061035e+00,4.105637550354003906e+00,-3.420728147029876709e-01,-1.785519719123840332e-01
3.863801062107086182e-01,4.197319030761718750e+00,-1.036973297595977783e-01,2.963514029979705811e-01
3.805615603923797607e-01,3.894406795501708984e+00,-7.782716304063796997e-02,3.639196753501892090e-01
8.089255690574645996e-01,4.177958965301513672e+00,-5.406833291053771973e-01,8.958649821579456329e-03
9.000052809715270996e-01,3.597968578338623047e+00,1.834184974431991577e-01,2.992634773254394531e-01
4.895807206630706787e-01,4.364603519439697266e+00,1.368762254714965820e-01,-1.245336085557937622e-01
1.963252782821655273e+00,4.281069755554199219e+00,2.480359971523284912e-01,1.298989504575729370e-01
4.228955507278442383e-01,4.858707427978515625e+00,9.204332530498504639e-02,1.005583559162914753e-03
5.594696998596191406e-01,3.862154006958007812e+00,5.788697302341461182e-02,1.872382462024688721e-01
1.101475596427917480e+00,4.233336925506591797e+00,-6.887853145599365234e-02,3.136771917343139648e-01
1.532042860984802246e+00,4.540430545806884766e+00,-2.366250306367874146e-01,3.540650010108947754e-01
3.428052961826324463e-01,3.916578054428100586e+00,2.128337025642395020e-01,1.190941967070102692e-02
1.725377440452575684e+00,3.652247428894042969e+00,-3.498099446296691895e-01,-4.665777087211608887e-02
7.580232024192810059e-01,4.710843563079833984e+00,-1.680428683757781982e-01,-2.040932774543762207e-01
1.608518004417419434e+00,3.807824134826660156e+00,-2.040553241968154907e-01,1.835161447525024414e-01
7.564030885696411133e-01,3.772303342819213867e+00,-1.420608162879943848e-01,2.942462861537933350e-01
1.178961277008056641e+00,4.569979190826416016e+00,-1.657067686319351196e-01,2.722454667091369629e-01
1.463697910308837891e+00,4.449770450592041016e+00,1.117141824215650558e-02,2.357863783836364746e-01
3.578308224678039551e-01,3.243600606918334961e+00,1.684823632240295410e-01,-1.530337929725646973e-01
1.883336067199707031e+00,3.504281044006347656e+00,-9.588616341352462769e-02,1.684182435274124146e-01
1.773040413856506348e+00,3.209295034408569336e+00,-2.113691568374633789e-01,6.443155556917190552e-02
1.764696717262268066e+00,3.669569492340087891e+00,-2.964196503162384033e-01,-1.762546151876449585e-01
3.972776234149932861e-01,4.087017059326171875e+00,-8.259969949722290039e-02,1.022751480340957642e-01
1.981647729873657227e+00,4.763686656951904297e+00,1.804887130856513977e-02,2.714870870113372803e-01
1.252830743789672852e+00,3.176887989044189453e+00,6.870824843645095825e-02,-1.745985150337219238e-01
4.096445739269256592e-01,3.782088756561279297e+00,4.749164730310440063e-02,-5.156536400318145752e-02
1.224875807762145996e+00,4.088788509368896484e+00,-3.641757667064666748e-01,2.769671082496643066e-01
1.960829377174377441e+00,4.996341228485107422e+00,-1.157720759510993958e-01,2.394039928913116455e-01
8.039610981941223145e-01,4.313184261322021484e+00,-3.547773361206054688e-01,2.790566682815551758e-01
1.162400007247924805e+00,3.915852785110473633e+00,-5.048857256770133972e-02,-3.520753681659698486e-01
8.859898447990417480e-01,4.329312801361083984e+00,1.757195442914962769e-01,-2.415847480297088623e-01
9.263074994087219238e-01,4.321242809295654297e+00,3.309179842472076416e-01,1.076790317893028259e-01
6.808189749717712402e-01,3.437332630157470703e+00,2.678810954093933105e-01,-1.585377901792526245e-01
3.303471505641937256e-01,3.663340568542480469e+00,-8.601515740156173706e-02,-1.771798916161060333e-02
7.362471222877502441e-01,3.783638715744018555e+00,2.660340666770935059e-01,2.440576702356338501e-01
1.258636236190795898e+00,3.606908559799194336e+00,-2.431188672780990601e-01,1.429511606693267822e-01
1.637224674224853516e+00,3.270749330520629883e+00,-7.615248113870620728e-02,-2.476891428232192993e-01
7.975506186485290527e-01,3.361816167831420898e+00,-2.918262183666229248e-01,5.815495923161506653e-02
8.871111273765563965e-01,4.431800842285156250e+00,-2.940632998943328857e-01,-1.357879042625427246e-01
6.531291604042053223e-01,3.773958921432495117e+00,-3.209940493106842041e-01,2.078939229249954224e-01
4.460231661796569824e-01,4.453371047973632812e+00,-2.855748236179351807e-01,-1.000349372625350952e-01
1.426347374916076660e+00,4.288394451141357422e+00,3.398446142673492432e-01,5.733143165707588196e-02
6.168457269668579102e-01,4.105360507965087891e+00,-1.086303219199180603e-01,3.927485048770904541e-01
1.371498346328735352e+00,5.822213172912597656e+00,1.684117913246154785e-01,-2.033869624137878418e-01
1.801564812660217285e+00,4.586180210113525391e+00,-6.131237372756004333e-02,2.477263957262039185e-01
1.533722639083862305e+00,3.737317800521850586e+00,1.845081597566604614e-01,-1.880278885364532471e-01
1.064096331596374512e+00,4.542109489440917969e+00,-4.327655434608459473e-01,-1.432555727660655975e-02
1.300621390342712402e+00,4.608465194702148438e+00,-1.823537945747375488e-01,-3.192247450351715088e-01
7.979674935340881348e-01,3.844564914703369141e+00,3.040884137153625488e-01,1.951979249715805054e-01
1.511459112167358398e+00,4.533355712890625000e+00,-1.767350882291793823e-01,-4.176264107227325439e-01
9.493430256843566895e-01,3.778511524200439453e+00,2.457921057939529419e-01,1.651145815849304199e-01
5.567795038223266602e-01,4.409776687622070312e+00,-3.159910142421722412e-01,-1.977180987596511841e-01
1.751549243927001953e+00,3.876677989959716797e+00,-2.068298757076263428e-01,1.021910607814788818e-01
1.337771296501159668e+00,4.270648956298828125e+00,-4.202861189842224121e-01,1.653487235307693481e-01
1.483139872550964355e+00,3.576579809188842773e+00,2.074503898620605469e-02,1.822695881128311157e-01
1.367831468582153320e+00,4.763430118560791016e+00,2.500208616256713867e-01,-6.223685666918754578e-02
1.325233101844787598e+00,4.209402561187744141e+00,-3.141088187694549561e-01,-1.233575195074081421e-01
1.366251349449157715e+00,4.030516147613525391e+00,3.200229108333587646e-01,7.126722484827041626e-02
6.137710809707641602e-01,3.415372848510742188e+00,1.720053553581237793e-01,1.358346194028854370e-01
1.495947957038879395e+00,4.140182018280029297e+00,3.095119297504425049e-01,8.036722242832183838e-02
1.496046900749206543e+00,3.722088098526000977e+00,2.660710811614990234e-01,1.297301892191171646e-02
1.239243388175964355e+00,4.461841583251953125e+00,-5.474975705146789551e-02,-4.182474315166473389e-01
7.166892290115356445e-01,3.142612457275390625e+00,7.236264646053314209e-02,3.122428953647613525e-01
1.268706321716308594e+00,3.722873210906982422e+00,-1.225105375051498413e-01,-2.612210512161254883e-01
7.377523183822631836e-01,4.683333396911621094e+00,-3.086790442466735840e-01,-7.341411430388689041e-03
1.647433161735534668e+00,3.968117713928222656e+00,2.950779199600219727e-01,-7.502423971891403198e-02
8.997315168380737305e-01,3.799968719482421875e+00,-4.893162548542022705e-01,6.523428857326507568e-02
1.856522679328918457e+00,3.516891479492187500e+00,1.111092120409011841e-01,-7.171119749546051025e-02
1.541353464126586914e+00,3.604040145874023438e+00,2.686703950166702271e-02,1.217663437128067017e-01
4.791231453418731689e-01,4.446436405181884766e+00,-3.193792402744293213e-01,6.156555376946926117e-03
1.789441823959350586e+00,3.370369434356689453e+00,1.316919475793838501e-01,-1.386924535036087036e-01
1.547259449958801270e+00,3.924871444702148438e+00,-2.282871156930923462e-01,2.314280718564987183e-01
1.582149147987365723e+00,3.599064588546752930e+00,9.994170069694519043e-02,-2.360294759273529053e-01
1.445797681808471680e+00,4.898673534393310547e+00,-3.850286453962326050e-02,3.005896508693695068e-01
9.760771989822387695e-01,4.588693618774414062e+00,3.360016644001007080e-01,-4.262267798185348511e-02
1.177560448646545410e+00,4.060905933380126953e+00,3.033470595255494118e-03,3.732091784477233887e-01
7.768507599830627441e-01,4.303011894226074219e+00,7.846625894308090210e-02,3.188611865043640137e-01
1.098038673400878906e+00,4.223569393157958984e+00,-1.126955971121788025e-01,-3.150989413261413574e-01
7.626221776008605957e-01,4.971871852874755859e+00,1.424447894096374512e-01,2.347793579101562500e-01
1.625279784202575684e+00,4.224065303802490234e+00,-4.850807413458824158e-02,-2.853538095951080322e-01
4.759522080421447754e-01,4.138005733489990234e+00,-1.868954151868820190e-01,-2.809005677700042725e-01
1.221250772476196289e+00,3.906300067901611328e+00,-3.749601542949676514e-01,1.204648762941360474e-01
1.313991665840148926e+00,4.446212768554687500e+00,-3.744657933712005615e-01,1.301563382148742676e-01
1.520449995994567871e+00,3.229150295257568359e+00,-1.219714656472206116e-01,4.169215261936187744e-02
4.056088626384735107e-01,3.737651824951171875e+00,-2.317026853561401367e-01,-1.412086933851242065e-01
1.266041278839111328e+00,4.206579208374023438e+00,-2.938914895057678223e-01,1.957337409257888794e-01
6.316518187522888184e-01,4.094235897064208984e+00,3.170367479324340820e-01,-2.991525828838348389e-02
9.080400466918945312e-01,3.902577638626098633e+00,-1.389838159084320068e-01,3.230582475662231445e-01
4.319970011711120605e-01,3.826855421066284180e+00,-1.436183899641036987e-01,-1.175471246242523193e-01
1.314222455024719238e+00,4.559954166412353516e+00,2.134307324886322021e-01,-1.808748990297317505e-01
8.756563663482666016e-01,3.390477180480957031e+00,-2.666684389114379883e-01,1.233283802866935730e-01
1.920098543167114258e+00,4.141059875488281250e+00,-5.969048477709293365e-03,-2.169009149074554443e-01
1.325199723243713379e+00,3.144623994827270508e+00,1.567937731742858887e-01,-5.629147589206695557e-02
1.612943768501281738e+00,3.382611989974975586e+00,-5.166489258408546448e-02,-1.751628369092941284e-01
1.268258094787597656e+00,4.153161048889160156e+00,2.175323814153671265e-01,-1.512347161769866943e-01
4.163280725479125977e-01,3.992510318756103516e+00,-1.907271891832351685e-01,2.513152547180652618e-02
1.572571396827697754e+00,3.122329235076904297e+00,-2.635027766227722168e-01,2.708382159471511841e-02
1.155757784843444824e+00,3.501087427139282227e+00,2.195513844490051270e-01,8.591599017381668091e-02
5.140641927719116211e-01,3.615998506546020508e+00,-2.657317817211151123e-01,1.119650378823280334e-01
1.671871066093444824e+00,4.215680599212646484e+00,1.535990834236145020e-01,-4.016503691673278809e-02
1.944123864173889160e+00,3.673001289367675781e+00,5.683330446481704712e-02,-2.610819637775421143e-01
1.959228754043579102e+00,3.553444147109985352e+00,-2.087945640087127686e-01,-1.842976361513137817e-01
1.131093025207519531e+00,4.446720123291015625e+00,-4.045761525630950928e-01,2.002006024122238159e-01
4.686277806758880615e-01,3.854816198348999023e+00,-3.255485594272613525e-01,2.177556753158569336e-01
5.469521284103393555e-01,4.673433303833007812e+00,-2.452621608972549438e-01,2.526482343673706055e-01
1.816784977912902832e+00,3.894758224487304688e+00,-2.274823486804962158e-01,-1.053965613245964050e-01
6.555285453796386719e-01,3.772929191589355469e+00,-3.800665438175201416e-01,-1.550619155168533325e-01
8.805705308914184570e-01,3.971791505813598633e+00,3.000277280807495117e-01,-2.270693629980087280e-01
5.965194106101989746e-01,4.708201408386230469e+00,-1.965285278856754303e-02,1.014428436756134033e-01
8.782126903533935547e-01,4.278126239776611328e+00,-5.410889983177185059e-01,-5.345277115702629089e-02
1.168840885162353516e+00,4.681251049041748047e+00,-5.944105386734008789e-01,-8.374901115894317627e-02
3.995651006698608398e-01,4.284098625183105469e+00,-1.053744107484817505e-01,2.175803631544113159e-01
5.131630301475524902e-01,3.362089872360229492e+00,1.126496419310569763e-01,-2.991490960121154785e-01
1.774178266525268555e+00,3.929214477539062500e+00,-5.138859897851943970e-02,2.700247466564178467e-01
6.975107192993164062e-01,3.878257513046264648e+00,2.695433497428894043e-01,-1.334960609674453735e-01
1.897829055786132812e+00,3.668197631835937500e+00,-2.405619621276855469e-01,-3.460569307208061218e-02
6.936100721359252930e-01,4.119639396667480469e+00,-1.982591450214385986e-01,1.878942251205444336e-01
1.572817087173461914e+00,3.495703935623168945e+00,1.202503591775894165e-01,2.327715903520584106e-01
8.168156743049621582e-01,4.093317985534667969e+00,-2.566125094890594482e-01,-1.660448461771011353e-01
1.561164021492004395e+00,4.396750450134277344e+00,1.176384016871452332e-01,2.643414139747619629e-01
1.763507962226867676e+00,4.142971992492675781e+00,-4.282995462417602539e-01,2.655348181724548340e-02
8.430586457252502441e-01,3.960052967071533203e+00,2.756213843822479248e-01,1.254178434610366821e-01
6.268892884254455566e-01,4.649398803710937500e+00,-1.639734357595443726e-01,2.479060143232345581e-01
7.000042200088500977e-01,3.423293352127075195e+00,1.559581458568572998e-01,-1.322833597660064697e-01
7.736954092979431152e-01,5.084786891937255859e+00,-2.554981410503387451e-01,-8.329180628061294556e-02
5.798492431640625000e-01,4.454494476318359375e+00,-2.368823736906051636e-01,-3.124813362956047058e-02
6.744933128356933594e-01,3.957707405090332031e+00,-2.673757076263427734e-01,2.391111850738525391e-01
1.776229977607727051e+00,4.285968303680419922e+00,-3.164479136466979980e-01,2.266953326761722565e-02
7.375296354293823242e-01,4.519860744476318359e+00,-7.110554724931716919e-02,-2.703135311603546143e-01
1.411451458930969238e+00,3.546166658401489258e+00,9.547389298677444458e-02,1.454534232616424561e-01
1.689671754837036133e+00,3.854450225830078125e+00,-1.904343515634536743e-01,-2.978582084178924561e-01
1.362542867660522461e+00,3.726414918899536133e+00,-3.227614164352416992e-01,1.321046948432922363e-01
8.391872048377990723e-01,3.553647756576538086e+00,-7.860193401575088501e-02,3.480231165885925293e-01
1.134000658988952637e+00,3.380045413970947266e+00,-2.930452525615692139e-01,-2.066240012645721436e-01
1.617551088333129883e+00,4.571285724639892578e+00,2.917454838752746582e-01,-6.854815781116485596e-02
1.364088654518127441e+00,4.248164176940917969e+00,2.710301876068115234e-01,1.618365347385406494e-01
1.968221902847290039e+00,3.271393060684204102e+00,-2.026588916778564453e-01,1.099632456898689270e-01
1.780940771102905273e+00,4.239600181579589844e+00,-2.074822932481765747e-01,-1.316600143909454346e-01
9.953956007957458496e-01,3.382984399795532227e+00,2.420601844787597656e-01,1.790102273225784302e-01
1.584004044532775879e+00,3.687479257583618164e+00,-3.455506637692451477e-02,-3.505619764328002930e-01
1.893536806106567383e+00,3.859801530838012695e+00,-2.348787933588027954e-01,2.627055644989013672e-01
1.558479189872741699e+00,4.032386779785156250e+00,2.068815939128398895e-02,-2.875142693519592285e-01
5.897283554077148438e-01,4.395463466644287109e+00,-3.353624343872070312e-01,1.293558925390243530e-01
8.473824262619018555e-01,3.680727005004882812e+00,8.240941911935806274e-02,-2.930564284324645996e-01
1.308068990707397461e+00,4.211798191070556641e+00,-6.644737720489501953e-02,3.347062468528747559e-01
1.262367129325866699e+00,4.132129669189453125e+00,-2.670557796955108643e-02,-3.647368848323822021e-01
1.548095226287841797e+00,3.255316257476806641e+00,-1.578409224748611450e-01,-2.523675858974456787e-01
4.061000347137451172e-01,4.090579032897949219e+00,-1.791505962610244751e-01,3.762296959757804871e-02
1.235846877098083496e+00,4.488987445831298828e+00,-3.382675945758819580e-01,-1.742587387561798096e-01
3.936237990856170654e-01,4.027757167816162109e+00,-2.256079912185668945e-01,7.177789509296417236e-02
3.714270591735839844e-01,3.345885753631591797e+00,1.340762078762054443e-01,-1.205633133649826050e-01
9.505953192710876465e-01,3.824319839477539062e+00,-5.580458045005798340e-02,-3.053283691406250000e-01
1.597804546356201172e+00,3.062884807586669922e+00,-5.083352699875831604e-02,2.449339032173156738e-01
1.737367153167724609e+00,3.662176370620727539e+00,-2.143740803003311157e-01,1.971207112073898315e-01
1.012217521667480469e+00,3.527373790740966797e+00,-2.838832437992095947e-01,9.684748202562332153e-02
1.663072705268859863e+00,4.572141170501708984e+00,-1.341438144445419312e-01,2.763461470603942871e-01
1.718546867370605469e+00,4.322859287261962891e+00,2.064555436372756958e-01,-1.680057868361473083e-02
7.349209785461425781e-01,5.307776927947998047e+00,1.133135929703712463e-01,3.483173251152038574e-01
1.884820461273193359e+00,3.488616943359375000e+00,-1.249483749270439148e-01,2.196730822324752808e-01
4.251689612865447998e-01,5.262912750244140625e+00,-1.803193986415863037e-01,1.380499303340911865e-01
4.548141956329345703e-01,4.784484863281250000e+00,-3.135743141174316406e-01,4.597998782992362976e-02
3.578172922134399414e-01,3.123781919479370117e+00,-1.665575802326202393e-02,6.233539804816246033e-02
5.545520186424255371e-01,3.915070772171020508e+00,1.318412721157073975e-01,-3.382908403873443604e-01
5.336660146713256836e-01,4.457913875579833984e+00,-2.085097283124923706e-01,2.092201560735702515e-01
1.965964317321777344e+00,3.505692958831787109e+00,-3.862100094556808472e-02,7.961293449625372887e-04
4.290329515933990479e-01,3.448701381683349609e+00,2.410577833652496338e-01,-2.043661624193191528e-01
1.903173327445983887e+00,4.422873497009277344e+00,1.931782066822052002e-01,-1.294605620205402374e-02
1.750274300575256348e+00,4.099800109863281250e+00,4.005125537514686584e-02,-2.453619539737701416e-01
9.567509293556213379e-01,4.240043163299560547e+00,-2.972248494625091553e-01,1.840513795614242554e-01
1.405566334724426270e+00,5.184223651885986328e+00,9.025868773460388184e-02,-2.181099504232406616e-01
1.270738840103149414e+00,3.680007696151733398e+00,1.545969396829605103e-01,2.389789521694183350e-01
1.181399106979370117e+00,3.459729909896850586e+00,-1.421505510807037354e-01,2.460044175386428833e-01
1.976310610771179199e+00,4.832126140594482422e+00,-9.802508354187011719e-02,3.911360800266265869e-01
4.783582687377929688e-01,3.351419448852539062e+00,-2.457831054925918579e-01,3.044038414955139160e-01
4.690895974636077881e-01,3.727349519729614258e+00,-3.512690663337707520e-01,-7.102023810148239136e-02
4.183057844638824463e-01,4.087429523468017578e+00,-1.676239967346191406e-01,-7.799491286277770996e-02
1.164475440979003906e+00,4.155537128448486328e+00,1.311903297901153564e-01,3.337082266807556152e-01
1.380902647972106934e+00,3.672613620758056641e+00,2.351682931184768677e-01,1.418639123439788818e-01
1.422274827957153320e+00,5.318282127380371094e+00,1.047046408057212830e-01,-2.628115713596343994e-01
6.127352118492126465e-01,4.171724319458007812e+00,6.110009178519248962e-02,2.705492973327636719e-01
1.479577183723449707e+00,4.181634902954101562e+00,2.488934695720672607e-01,2.155128307640552521e-02
4.296633005142211914e-01,3.725288867950439453e+00,1.160378381609916687e-01,-1.078875586390495300e-01
1.789780616760253906e+00,3.686658859252929688e+00,-1.182615235447883606e-01,1.139020323753356934e-01
5.191472172737121582e-01,3.858878612518310547e+00,1.715002954006195068e-01,2.353665977716445923e-01
1.227273225784301758e+00,4.260674476623535156e+00,-3.824276626110076904e-01,-1.598870307207107544e-01
1.708338856697082520e+00,4.031980514526367188e+00,-2.732751071453094482e-01,2.478031367063522339e-01
1.903168678283691406e+00,4.091865539550781250e+00,-2.973730862140655518e-01,2.126821577548980713e-01
4.514886736869812012e-01,3.963462591171264648e+00,-1.127358600497245789e-01,-6.932115647941827774e-03
1.246459603309631348e+00,4.820956707000732422e+00,-5.527649521827697754e-01,1.910858303308486938e-01
5.810799598693847656e-01,3.964763164520263672e+00,-2.787357755005359650e-02,2.194218188524246216e-01
1.044736623764038086e+00,3.130074024200439453e+00,2.051576077938079834e-01,-1.136847212910652161e-01
4.512426555156707764e-01,3.482047319412231445e+00,1.447384953498840332e-01,-2.854855656623840332e-01
1.908707022666931152e+00,3.863038301467895508e+00,-2.048846185207366943e-01,-8.330756425857543945e-02
6.024417877197265625e-01,4.507070064544677734e+00,-3.061574399471282959e-01,1.339815109968185425e-01
1.638382315635681152e+00,4.317194938659667969e+00,-3.222138434648513794e-02,-2.943750619888305664e-01
1.448881268501281738e+00,4.834484100341796875e+00,1.732795685529708862e-02,2.685396075248718262e-01
1.418362855911254883e+00,3.481167316436767578e+00,5.132430419325828552e-02,2.269415557384490967e-01
1.690119028091430664e+00,3.125257730484008789e+00,1.203331723809242249e-02,-1.415183693170547485e-01
4.091760218143463135e-01,3.287860870361328125e+00,1.248278617858886719e-01,6.180499121546745300e-02
1.013380169868469238e+00,3.983362913131713867e+00,-2.146236002445220947e-01,-3.862061500549316406e-01
1.806467533111572266e+00,4.505565643310546875e+00,2.190113626420497894e-02,-2.878825068473815918e-01
7.700242996215820312e-01,4.176174163818359375e+00,-1.762823015451431274e-01,2.495456188917160034e-01
1.507448315620422363e+00,3.280976533889770508e+00,2.129908949136734009e-01,1.823087781667709351e-01
5.945805311203002930e-01,3.907021999359130859e+00,-2.774396538734436035e-01,1.406522244215011597e-01
1.837826251983642578e+00,4.438197135925292969e+00,1.983709782361984253e-01,9.289388358592987061e-02
4.670511782169342041e-01,4.173429489135742188e+00,-2.214987725019454956e-01,1.144651249051094055e-01
9.819638133049011230e-01,4.141019821166992188e+00,-3.070770800113677979e-01,4.528550803661346436e-02
1.958079576492309570e+00,3.974964141845703125e+00,-2.067429572343826294e-01,4.600928723812103271e-02
6.600197553634643555e-01,3.633159160614013672e+00,9.995813667774200439e-02,-3.199763000011444092e-01
4.042699933052062988e-01,3.543915510177612305e+00,1.611246317625045776e-01,1.637106835842132568e-01
1.255497336387634277e+00,3.422964096069335938e+00,-3.213451802730560303e-01,1.225791051983833313e-01
1.700384020805358887e+00,3.582748174667358398e+00,7.128760218620300293e-02,1.466402262449264526e-01
1.722704768180847168e+00,4.827310085296630859e+00,1.024307310581207275e-01,-2.100917547941207886e-01
5.270122885704040527e-01,3.788199186325073242e+00,7.026097923517227173e-02,2.635958790779113770e-01
9.723182916641235352e-01,3.640968322753906250e+00,2.298481762409210205e-01,-1.844500303268432617e-01
1.983283877372741699e+00,3.942260980606079102e+00,-2.259607911109924316e-01,-8.556719124317169189e-02
1.261583566665649414e+00,3.692893505096435547e+00,-2.643145322799682617e-01,-2.296618372201919556e-01
8.866141438484191895e-01,4.295087814331054688e+00,1.160026267170906067e-01,3.033945858478546143e-01
1.797704458236694336e+00,4.008457183837890625e+00,-1.634366959333419800e-01,2.434353977441787720e-01
6.199858188629150391e-01,5.210711479187011719e+00,8.056529611349105835e-02,1.277891695499420166e-01
1.801083326339721680e+00,3.971016883850097656e+00,-7.228404749184846878e-03,-2.664273381233215332e-01
4.340879917144775391e-01,4.900164127349853516e+00,-2.098263204097747803e-01,6.640022993087768555e-02
6.110454201698303223e-01,3.369412422180175781e+00,-5.112335085868835449e-02,2.799916267395019531e-01
1.860745549201965332e+00,3.569093227386474609e+00,-3.097774982452392578e-01,1.226235479116439819e-01
1.470690369606018066e+00,4.086424827575683594e+00,1.211207136511802673e-01,2.373405694961547852e-01
9.666950702667236328e-01,4.302149772644042969e+00,-3.130327165126800537e-01,-2.196393907070159912e-01
6.579394936561584473e-01,3.648443222045898438e+00,1.966336220502853394e-01,1.913659088313579559e-02
1.817159295082092285e+00,3.830536603927612305e+00,9.981448948383331299e-02,-2.609166549518704414e-03
4.195780456066131592e-01,3.271665096282958984e+00,-1.950137317180633545e-01,-2.014647871255874634e-01
5.404319167137145996e-01,4.327958583831787109e+00,2.071991413831710815e-01,2.543126344680786133e-01
6.220138072967529297e-01,3.023163795471191406e+00,2.073212713003158569e-01,2.002814263105392456e-01
8.379049301147460938e-01,4.009670257568359375e+00,-6.672241538763046265e-02,2.560125589370727539e-01
1.663092136383056641e+00,4.643564701080322266e+00,-1.585660576820373535e-01,-2.204897552728652954e-01
1.753156781196594238e+00,2.467472553253173828e+00,-1.228988096117973328e-01,1.232523843646049500e-01
2.000202417373657227e+00,3.585859537124633789e+00,8.314298838376998901e-02,3.947880491614341736e-02
1.895023822784423828e+00,3.933749437332153320e+00,5.654128640890121460e-02,-2.482639849185943604e-01
1.687761664390563965e+00,4.346755504608154297e+00,-3.147534728050231934e-01,-2.402346134185791016e-01
1.796426296234130859e+00,3.915125608444213867e+00,2.714007794857025146e-01,-1.077317818999290466e-01
5.040071010589599609e-01,4.377930164337158203e+00,-1.485666334629058838e-01,2.056335955858230591e-01
1.444636583328247070e+00,3.911019086837768555e+00,1.661867797374725342e-01,-1.859453469514846802e-01
1.357339620590209961e+00,3.725777149200439453e+00,-1.509225517511367798e-01,1.973461359739303589e-01
1.375723361968994141e+00,4.121579647064208984e+00,1.515128314495086670e-01,-1.055618003010749817e-01
1.197060942649841309e+00,4.518867969512939453e+00,-2.403904050588607788e-01,-2.170365601778030396e-01
1.660884022712707520e+00,4.209212303161621094e+00,-1.242632046341896057e-01,2.923263609409332275e-01
1.389318346977233887e+00,4.019420623779296875e+00,1.258355081081390381e-01,-1.055855900049209595e-01
1.749711751937866211e+00,3.954015731811523438e+00,-9.840417653322219849e-03,7.319630682468414307e-02
1.608312606811523438e+00,4.458005905151367188e+00,1.475691795349121094e-01,6.438045948743820190e-02
9.799890518188476562e-01,4.871760368347167969e+00,9.925054758787155151e-02,-9.617233276367187500e-02
1.002410650253295898e+00,4.829559326171875000e+00,-7.499653846025466919e-02,2.334986627101898193e-01
6.920338869094848633e-01,3.535584688186645508e+00,1.450139563530683517e-02,-1.844201683998107910e-01
1.540026187896728516e+00,3.794059753417968750e+00,-1.516858488321304321e-01,-4.786410927772521973e-02
1.361411929130554199e+00,3.853157043457031250e+00,4.763425886631011963e-02,-1.335324645042419434e-01
7.121011614799499512e-01,4.989374160766601562e+00,-1.083757802844047546e-01,-3.204261884093284607e-02
1.695118308067321777e+00,3.903072118759155273e+00,-1.476635783910751343e-01,6.626504659652709961e-02
1.908342361450195312e+00,4.082545757293701172e+00,-9.671424329280853271e-02,-1.213095486164093018e-01
1.793532133102416992e+00,3.999583721160888672e+00,-1.817403919994831085e-02,-1.228922456502914429e-01
1.520312428474426270e+00,4.267859935760498047e+00,-2.513483464717864990e-01,-6.184266507625579834e-02
1.263734817504882812e+00,3.687722921371459961e+00,-9.407939016819000244e-02,1.470138430595397949e-01
1.247969031333923340e+00,3.829666137695312500e+00,8.905406296253204346e-02,1.569917798042297363e-01
1.148903489112854004e+00,3.899825572967529297e+00,-2.474948018789291382e-01,1.139879226684570312e-01
6.435483694076538086e-01,3.604219675064086914e+00,1.364611387252807617e-01,6.486892700195312500e-02
7.022738456726074219e-01,4.425764083862304688e+00,-1.326283514499664307e-01,-1.277153193950653076e-01
1.834920048713684082e+00,4.384179115295410156e+00,6.214066594839096069e-02,1.627020388841629028e-01
1.475627183914184570e+00,3.562593221664428711e+00,-6.732680648565292358e-02,-1.280902475118637085e-01
1.003280282020568848e+00,4.201950073242187500e+00,1.233917847275733948e-01,1.027644798159599304e-01
1.098372220993041992e+00,3.616332530975341797e+00,-9.388785064220428467e-02,1.894766539335250854e-01
8.851527571678161621e-01,3.454000473022460938e+00,8.440773934125900269e-02,-1.819468736648559570e-01
1.842460989952087402e+00,4.121295452117919922e+00,-2.610177546739578247e-02,1.645192205905914307e-01
1.589617609977722168e+00,4.702656745910644531e+00,-1.470284759998321533e-01,1.871050000190734863e-01
6.375871896743774414e-01,2.993994474411010742e+00,-2.245753556489944458e-01,-6.780219823122024536e-02
4.745863676071166992e-01,3.528536558151245117e+00,-1.471181511878967285e-01,-6.959246844053268433e-02
6.451894640922546387e-01,3.774286985397338867e+00,1.248349025845527649e-01,-1.063567548990249634e-01
9.819477796554565430e-01,4.148732662200927734e+00,-2.455573976039886475e-01,-1.006504893302917480e-01
1.509388923645019531e+00,4.731711864471435547e+00,1.168652921915054321e-01,-1.632119268178939819e-01
7.913429141044616699e-01,3.805522441864013672e+00,8.900661021471023560e-02,-1.767823547124862671e-01
1.555293440818786621e+00,4.470665931701660156e+00,-2.678902447223663330e-01,3.033046983182430267e-02
1.223475694656372070e+00,4.628497600555419922e+00,-2.703788578510284424e-01,-1.059455983340740204e-02
4.970472157001495361e-01,3.533266544342041016e+00,-1.673533171415328979e-01,1.240544021129608154e-01
8.351211547851562500e-01,3.615908622741699219e+00,4.061245545744895935e-02,1.728036850690841675e-01
1.687759280204772949e+00,4.560914993286132812e+00,-2.217778265476226807e-01,2.023759111762046814e-02
1.413609862327575684e+00,3.939680576324462891e+00,-6.712572276592254639e-02,-1.982367336750030518e-01
6.939362287521362305e-01,3.971100091934204102e+00,-1.165703684091567993e-01,1.994787752628326416e-01
1.459570288658142090e+00,5.411721706390380859e+00,-1.948899626731872559e-01,1.711839884519577026e-01
1.504053950309753418e+00,4.217317104339599609e+00,-6.329800188541412354e-02,-1.942061185836791992e-01
1.073849797248840332e+00,3.551749229431152344e+00,7.544790208339691162e-02,-1.666660755872726440e-01
1.866356372833251953e+00,4.066150665283203125e+00,5.246884748339653015e-02,-1.948207803070545197e-02
1.607130050659179688e+00,3.815153598785400391e+00,-1.568121165037155151e-01,-1.488537434488534927e-02
1.098531126976013184e+00,3.439862012863159180e+00,6.362442672252655029e-02,-1.328971683979034424e-01
1.282365918159484863e+00,4.770777225494384766e+00,-2.089976221323013306e-01,-1.489136815071105957e-01
1.170633196830749512e+00,4.650886058807373047e+00,5.484291538596153259e-02,2.101026475429534912e-01
5.668966174125671387e-01,3.849440813064575195e+00,-1.381276696920394897e-01,-4.561018198728561401e-02
6.177155375480651855e-01,4.087805747985839844e+00,7.521749287843704224e-02,-6.929481774568557739e-02
1.472422361373901367e+00,3.514692783355712891e+00,5.845738574862480164e-02,1.143488939851522446e-02
6.698668599128723145e-01,4.149668216705322266e+00,4.883781448006629944e-02,1.267845183610916138e-01
1.736717104911804199e+00,4.186459064483642578e+00,-1.721913963556289673e-01,-1.392531543970108032e-01
8.106119632720947266e-01,4.167788982391357422e+00,-2.101345211267471313e-01,-9.872523695230484009e-02
1.971080303192138672e+00,4.071162223815917969e+00,-1.460854262113571167e-01,1.261604670435190201e-02
1.061849117279052734e+00,4.598643779754638672e+00,-1.709334999322891235e-01,2.132486850023269653e-01
1.188415050506591797e+00,4.475337028503417969e+00,-7.156202942132949829e-02,-2.187770158052444458e-01
1.370241761207580566e+00,4.214188575744628906e+00,5.453160777688026428e-02,-1.534463614225387573e-01
1.450350403785705566e+00,3.629825115203857422e+00,-1.210598945617675781e-01,-1.319004148244857788e-01
1.059148430824279785e+00,4.260212898254394531e+00,-1.311329305171966553e-01,1.767583489418029785e-01
7.132217288017272949e-01,3.727300643920898438e+00,-2.099805027246475220e-01,-9.948635101318359375e-02
1.543244838714599609e+00,3.921692371368408203e+00,1.123013570904731750e-01,-7.132073491811752319e-02
1.241957545280456543e+00,4.636142253875732422e+00,5.471293628215789795e-02,-1.766136437654495239e-01
1.097249865531921387e+00,4.162112236022949219e+00,1.111239418387413025e-01,1.762499064207077026e-01
1.833730220794677734e+00,4.023385047912597656e+00,-1.041522994637489319e-01,-8.388873189687728882e-02
4.368121027946472168e-01,3.125648498535156250e+00,-4.927030950784683228e-02,5.188465490937232971e-02
1.484052896499633789e+00,3.439569234848022461e+00,1.124286931008100510e-02,-4.005204886198043823e-02
1.767441868782043457e+00,3.750062465667724609e+00,3.539762645959854126e-02,1.579544320702552795e-02
7.080509662628173828e-01,3.855956554412841797e+00,8.319870685227215290e-04,1.953444480895996094e-01
1.414796471595764160e+00,3.641950607299804688e+00,-1.839743852615356445e-01,-8.318839967250823975e-02
8.311542272567749023e-01,3.443603277206420898e+00,1.628233641386032104e-01,3.740202262997627258e-02
7.830708622932434082e-01,4.021372318267822266e+00,1.346174776554107666e-01,-9.355916082859039307e-02
6.765157580375671387e-01,4.331715106964111328e+00,-2.278347611427307129e-01,-2.459109015762805939e-02
9.961659908294677734e-01,3.693055152893066406e+00,3.210347518324851990e-02,-1.815808713436126709e-01
1.571331143379211426e+00,3.474034786224365234e+00,2.129190787672996521e-02,-4.394179955124855042e-02
1.252376794815063477e+00,3.695373058319091797e+00,-2.166043072938919067e-01,-1.052138209342956543e-01
8.154724240303039551e-01,2.976591587066650391e+00,1.226178929209709167e-01,-4.660725593566894531e-02
1.131925940513610840e+00,3.574325323104858398e+00,9.973632544279098511e-02,-5.427423119544982910e-02
1.032095789909362793e+00,3.847935914993286133e+00,-2.775459885597229004e-01,6.325746327638626099e-02
1.520583033561706543e+00,3.784195899963378906e+00,8.864326030015945435e-02,8.017817512154579163e-03
1.726959586143493652e+00,4.201478481292724609e+00,-1.812894195318222046e-01,7.218062132596969604e-02
1.122290849685668945e+00,3.874840974807739258e+00,1.144030913710594177e-01,-9.537026286125183105e-02
6.898879408836364746e-01,3.667953252792358398e+00,1.132329180836677551e-01,-1.305114775896072388e-01
8.158476352691650391e-01,3.824329137802124023e+00,1.063624862581491470e-02,-2.080714255571365356e-01
1.888975143432617188e+00,4.313237190246582031e+00,1.126911863684654236e-01,7.947523146867752075e-02
1.286135077476501465e+00,4.097108840942382812e+00,-1.008206754922866821e-01,-2.224131673574447632e-01
1.353789567947387695e+00,4.208683967590332031e+00,-2.051683962345123291e-01,-1.179319173097610474e-01
1.528210163116455078e+00,4.131833553314208984e+00,-2.227158695459365845e-01,5.232024937868118286e-02
1.741670250892639160e+00,3.901949644088745117e+00,6.084234267473220825e-02,4.452116042375564575e-02
1.479921460151672363e+00,3.922197818756103516e+00,-1.702591180801391602e-01,1.256422996520996094e-01
1.300791501998901367e+00,4.488095283508300781e+00,4.756667464971542358e-02,-1.976079195737838745e-01
9.333747625350952148e-01,3.913722038269042969e+00,5.620164051651954651e-02,-2.021771371364593506e-01
1.251270174980163574e+00,4.511806488037109375e+00,-2.562065124511718750e-01,1.108364909887313843e-01
1.234671711921691895e+00,4.332666873931884766e+00,1.651189178228378296e-01,-3.733889386057853699e-02
1.656764626502990723e+00,4.040320396423339844e+00,-1.304375529289245605e-01,8.638957142829895020e-02
9.273732900619506836e-01,3.896836280822753906e+00,1.719172447919845581e-01,-5.587536096572875977e-02
5.029438734054565430e-01,3.856848001480102539e+00,-1.016311571002006531e-01,-5.866326019167900085e-02
1.705481886863708496e+00,4.739612579345703125e+00,-4.862440004944801331e-02,-1.992817223072052002e-01
8.931391239166259766e-01,4.278121471405029297e+00,5.987679958343505859e-02,1.913321465253829956e-01
1.589783787727355957e+00,3.668700456619262695e+00,4.306935891509056091e-02,-5.682137608528137207e-02
1.118516921997070312e+00,4.005463123321533203e+00,1.039141863584518433e-01,1.461834758520126343e-01
1.763009428977966309e+00,4.786702632904052734e+00,-1.265238523483276367e-01,-1.597790569067001343e-01
9.160680770874023438e-01,4.542356014251708984e+00,-2.043166309595108032e-01,1.448970735073089600e-01
1.423651695251464844e+00,3.782625675201416016e+00,1.053471788763999939e-01,-1.924928091466426849e-02
9.182079434394836426e-01,3.587245702743530273e+00,-6.559991091489791870e-02,2.359410971403121948e-01
1.632423400878906250e+00,4.517258644104003906e+00,-6.624121963977813721e-02,-1.765778213739395142e-01
6.729442477226257324e-01,3.307880163192749023e+00,-2.970062568783760071e-02,-2.095943242311477661e-01
8.030377626419067383e-01,4.191190242767333984e+00,1.244335174560546875e-01,5.695876106619834900e-02
1.741806030273437500e+00,4.998833656311035156e+00,-5.954547971487045288e-02,2.274631857872009277e-01
9.368038177490234375e-01,4.415551185607910156e+00,-2.545899152755737305e-01,-1.318595111370086670e-01
7.111027240753173828e-01,3.926223278045654297e+00,-2.327138483524322510e-01,4.567986819893121719e-03
1.481717109680175781e+00,4.129012107849121094e+00,-2.030118554830551147e-01,9.712815284729003906e-02
1.979853153228759766e+00,4.423216819763183594e+00,-1.396445035934448242e-01,-1.493252813816070557e-01
1.146319627761840820e+00,3.184466361999511719e+00,-1.522192507982254028e-01,-1.108741238713264465e-01
1.105164170265197754e+00,3.873638629913330078e+00,-2.122797220945358276e-01,9.860019385814666748e-02
7.149878740310668945e-01,3.646459102630615234e+00,1.563650071620941162e-01,2.762523293495178223e-02
1.835410118103027344e+00,3.891845226287841797e+00,-1.163117736577987671e-01,-4.056238383054733276e-02
1.003402471542358398e+00,3.655210018157958984e+00,1.579502075910568237e-01,5.562055855989456177e-02
4.242528975009918213e-01,3.255002498626708984e+00,1.561202225275337696e-03,-1.142286788672208786e-02
1.517279028892517090e+00,3.546231269836425781e+00,3.653943911194801331e-02,-3.544475138187408447e-02
6.942804455757141113e-01,4.311268329620361328e+00,-1.627797484397888184e-01,1.499555706977844238e-01
1.872863054275512695e+00,4.160852432250976562e+00,3.146675601601600647e-02,1.205058842897415161e-01
9.714428782463073730e-01,4.328238487243652344e+00,1.427276134490966797e-01,-1.084314808249473572e-01
8.590531349182128906e-01,3.066103935241699219e+00,-1.693792194128036499e-01,1.558196246623992920e-01
1.792392134666442871e+00,4.259597778320312500e+00,8.492285758256912231e-02,-4.566555097699165344e-02
1.526125669479370117e+00,3.828557014465332031e+00,6.241843104362487793e-02,-1.413722485303878784e-01
6.193560957908630371e-01,4.591147899627685547e+00,-6.390266120433807373e-02,-8.859725296497344971e-02
1.817633152008056641e+00,4.735854625701904297e+00,2.550037577748298645e-02,-1.619727611541748047e-01
1.279643297195434570e+00,4.258629322052001953e+00,-1.873461306095123291e-01,1.466099172830581665e-01
9.719064235687255859e-01,4.358985424041748047e+00,1.526847183704376221e-01,-9.338039159774780273e-02
1.194602966308593750e+00,3.682567596435546875e+00,-1.006747689098119736e-02,1.989923864603042603e-01
1.836120486259460449e+00,4.157788753509521484e+00,6.345780193805694580e-02,-8.218393474817276001e-02
1.702951073646545410e+00,4.851193904876708984e+00,-2.570827491581439972e-02,-2.038945406675338745e-01
8.448069691658020020e-01,3.657635450363159180e+00,-1.018374413251876831e-02,-2.145401686429977417e-01
6.838595271110534668e-01,4.027176380157470703e+00,1.071870252490043640e-01,1.341871358454227448e-02
1.132734894752502441e+00,4.232886314392089844e+00,1.312704831361770630e-01,7.788278907537460327e-02
1.149672150611877441e+00,4.000316619873046875e+00,-2.512026131153106689e-01,-5.004454404115676880e-02
9.081981182098388672e-01,3.856758117675781250e+00,-7.413774728775024414e-02,-2.141539007425308228e-01
1.333426475524902344e+00,4.431166172027587891e+00,1.801909655332565308e-01,-3.746666386723518372e-02
5.490441918373107910e-01,4.015543460845947266e+00,-1.422983258962631226e-01,4.377952590584754944e-02
1.240763306617736816e+00,4.225093364715576172e+00,-1.677079312503337860e-02,-1.916820704936981201e-01
1.361442565917968750e+00,3.962173938751220703e+00,-1.116189733147621155e-01,-1.823167055845260620e-01
1.296694397926330566e+00,4.261502742767333984e+00,1.595810800790786743e-01,2.423991449177265167e-02
1.030456900596618652e+00,4.732750415802001953e+00,-3.132335096597671509e-02,2.267424464225769043e-01
8.994613885879516602e-01,3.939394950866699219e+00,8.520674309693276882e-04,-2.085124999284744263e-01
1.562967419624328613e+00,4.305030345916748047e+00,8.440577238798141479e-02,-1.001272797584533691e-01
1.171932578086853027e+00,4.124028205871582031e+00,-2.249648720026016235e-01,1.256618797779083252e-01
7.835081815719604492e-01,5.412027359008789062e+00,-1.142643988132476807e-01,5.531379580497741699e-02
1.011831641197204590e+00,4.104221820831298828e+00,-2.306426316499710083e-01,6.868211925029754639e-02
1.519662737846374512e+00,4.998805522918701172e+00,1.735124289989471436e-01,5.893082823604345322e-03
4.230018258094787598e-01,3.212100744247436523e+00,-1.433132588863372803e-01,-4.906838294118642807e-03
1.617385029792785645e+00,4.184464931488037109e+00,1.120187267661094666e-01,-9.605217725038528442e-02
1.577064871788024902e+00,4.037583351135253906e+00,-1.398350596427917480e-01,1.594903171062469482e-01
1.506208181381225586e+00,4.344107627868652344e+00,1.154351979494094849e-01,8.668932318687438965e-02
5.424800515174865723e-01,3.307050466537475586e+00,-1.997750401496887207e-01,-5.114702135324478149e-02
1.734142780303955078e+00,4.419576168060302734e+00,-3.734329948201775551e-03,1.840251833200454712e-01
1.725345253944396973e+00,5.187079429626464844e+00,2.312652207911014557e-02,1.948955506086349487e-01
8.698324561119079590e-01,4.100266456604003906e+00,-2.338233739137649536e-01,-4.667913913726806641e-02
1.705532550811767578e+00,4.780129432678222656e+00,1.247049197554588318e-01,9.796319901943206787e-02
6.951774954795837402e-01,4.150292873382568359e+00,6.155457720160484314e-02,-1.578830927610397339e-01
7.488097548484802246e-01,3.847910404205322266e+00,-1.865344643592834473e-01,-1.242688819766044617e-01
1.285573005676269531e+00,3.928396224975585938e+00,1.444404572248458862e-01,7.402447611093521118e-02
1.923897504806518555e+00,4.114921569824218750e+00,7.303728163242340088e-02,5.318076908588409424e-02
1.028308272361755371e+00,3.441973209381103516e+00,-1.969549953937530518e-01,1.236640736460685730e-01
1.273742675781250000e+00,4.049568176269531250e+00,6.865644454956054688e-02,1.943676173686981201e-01
1.256666302680969238e+00,3.712140083312988281e+00,8.333662152290344238e-02,-1.100551262497901917e-01
1.145359516143798828e+00,4.410284042358398438e+00,-6.549882888793945312e-02,-2.249069064855575562e-01
5.329115390777587891e-01,3.470464229583740234e+00,1.055302545428276062e-01,7.544703036546707153e-02
8.208822607994079590e-01,3.914948701858520508e+00,7.224795408546924591e-03,1.864096969366073608e-01
1.325080633163452148e+00,4.203988075256347656e+00,1.151544004678726196e-01,1.165412366390228271e-01
1.072214603424072266e+00,3.567975997924804688e+00,-6.583536043763160706e-03,-2.147092223167419434e-01
1.133665800094604492e+00,4.292848110198974609e+00,1.891273707151412964e-01,-4.964358359575271606e-02
4.438682496547698975e-01,3.119513511657714844e+00,7.188042998313903809e-02,-1.544647850096225739e-02
1.397970557212829590e+00,3.601668834686279297e+00,-6.253702193498611450e-02,-1.116189435124397278e-01
1.251025795936584473e+00,3.692821025848388672e+00,6.014518067240715027e-02,1.149622350931167603e-01
1.983063578605651855e+00,4.664349555969238281e+00,1.312994360923767090e-01,4.269750416278839111e-02
1.508330821990966797e+00,3.870500326156616211e+00,-1.275933627039194107e-02,1.613088101148605347e-01
1.230837702751159668e+00,4.135453701019287109e+00,1.404014676809310913e-01,-1.008716821670532227e-01
6.211057901382446289e-01,3.980997800827026367e+00,7.089558243751525879e-02,5.683358386158943176e-02
1.333191275596618652e+00,3.992536306381225586e+00,7.119964063167572021e-02,-1.625892370939254761e-01
1.318562150001525879e+00,4.782605171203613281e+00,1.584608107805252075e-01,-4.573775827884674072e-02
1.684738636016845703e+00,3.856460332870483398e+00,-4.993678256869316101e-02,1.322189867496490479e-01
1.206187725067138672e+00,3.933711528778076172e+00,3.884248901158571243e-03,2.049701958894729614e-01
1.223907589912414551e+00,3.196040868759155273e+00,-1.284266356378793716e-03,-3.774013603106141090e-04
8.060612678527832031e-01,3.722100496292114258e+00,-2.374983131885528564e-01,-8.582404255867004395e-02
1.804565668106079102e+00,4.466681480407714844e+00,-1.712239384651184082e-01,1.065188497304916382e-01
1.104967594146728516e+00,3.340345859527587891e+00,2.332739764824509621e-03,-1.539012789726257324e-01
1.847634911537170410e+00,4.046376228332519531e+00,-1.123843640089035034e-01,-8.505627512931823730e-02
7.657746672630310059e-01,4.727996826171875000e+00,4.686990007758140564e-02,-1.065743565559387207e-01
7.808696627616882324e-01,4.333310127258300781e+00,1.819480769336223602e-02,2.058743685483932495e-01
1.876914501190185547e+00,4.251938819885253906e+00,6.696679443120956421e-02,-1.148639172315597534e-01
1.342425227165222168e+00,3.981816768646240234e+00,-1.052880361676216125e-01,-1.767535656690597534e-01
6.133486032485961914e-01,4.950233936309814453e+00,-7.565097417682409286e-03,2.873223274946212769e-02
7.421985864639282227e-01,4.131785392761230469e+00,1.164680942893028259e-01,6.921440362930297852e-02
8.416582345962524414e-01,4.424020290374755859e+00,5.882305651903152466e-02,-1.904864609241485596e-01
8.173814415931701660e-01,3.937000989913940430e+00,5.059245973825454712e-02,1.919120699167251587e-01
7.262335419654846191e-01,4.185117721557617188e+00,-1.594971269369125366e-01,-1.548407077789306641e-01
1.173630833625793457e+00,3.042125225067138672e+00,-8.749821037054061890e-02,-1.330457627773284912e-01
1.002170562744140625e+00,4.728484153747558594e+00,7.395748049020767212e-02,9.258682280778884888e-02
9.308094978332519531e-01,3.711920499801635742e+00,8.297877013683319092e-02,-9.472126513719558716e-02
8.992750048637390137e-01,4.857207775115966797e+00,9.384704381227493286e-02,1.196939498186111450e-02
1.156009554862976074e+00,3.870192766189575195e+00,7.500591129064559937e-02,-9.650635719299316406e-02
5.953377485275268555e-01,3.840276241302490234e+00,1.303995773196220398e-02,-4.224972333759069443e-03
8.936669826507568359e-01,4.212663650512695312e+00,-1.097596660256385803e-01,1.436396092176437378e-01
1.590294957160949707e+00,4.894709587097167969e+00,-1.504138857126235962e-01,-1.098707392811775208e-01
1.501757502555847168e+00,4.007655620574951172e+00,4.106014221906661987e-02,-1.140093430876731873e-02
8.590287566184997559e-01,3.779956102371215820e+00,-1.921501308679580688e-01,9.014778584241867065e-02
6.486069560050964355e-01,3.666318655014038086e+00,4.414577782154083252e-02,6.623198091983795166e-02
7.981889247894287109e-01,3.965691328048706055e+00,3.390498226508498192e-03,1.162044033408164978e-01
5.657502412796020508e-01,3.305537939071655273e+00,5.751453712582588196e-02,7.641509175300598145e-02
1.104356646537780762e+00,4.397069454193115234e+00,9.415280818939208984e-02,3.255678713321685791e-02
1.445701599121093750e+00,4.391866683959960938e+00,5.223975330591201782e-02,-8.922539651393890381e-02
1.074297785758972168e+00,4.509418487548828125e+00,1.165286600589752197e-01,1.730865053832530975e-02
6.947078704833984375e-01,3.447315216064453125e+00,-1.699445694684982300e-01,1.081662103533744812e-01
9.926552176475524902e-01,3.889250755310058594e+00,-1.986738741397857666e-01,8.715367317199707031e-02
7.066527009010314941e-01,3.871764421463012695e+00,8.473489433526992798e-02,-7.593868672847747803e-02
9.081274271011352539e-01,3.575450897216796875e+00,1.924034208059310913e-02,1.232523843646049500e-01
1.172592043876647949e+00,4.638362407684326172e+00,-8.915176987648010254e-02,-1.797325015068054199e-01
7.908203601837158203e-01,3.977963924407958984e+00,-1.637898832559585571e-01,1.030173376202583313e-01
1.339646339416503906e+00,4.221321105957031250e+00,5.493593961000442505e-02,-1.115301176905632019e-01
9.236795306205749512e-01,4.274940967559814453e+00,-1.329578310251235962e-01,-1.088832244277000427e-01
1.060158967971801758e+00,4.291712284088134766e+00,-4.361359030008316040e-02,1.353913545608520508e-01
7.606108188629150391e-01,3.783725500106811523e+00,-1.617435067892074585e-01,-1.494279503822326660e-01
1.542564868927001953e+00,4.192739963531494141e+00,8.398309582844376564e-04,-1.096009314060211182e-01
1.580425977706909180e+00,3.821781396865844727e+00,-5.173711106181144714e-02,-5.647423490881919861e-02
1.026520967483520508e+00,3.827552318572998047e+00,-1.182315573096275330e-01,-1.505284011363983154e-01
8.469269275665283203e-01,3.782227754592895508e+00,1.321911215782165527e-01,-3.874192386865615845e-02
1.455198884010314941e+00,4.061018943786621094e+00,-9.211748838424682617e-02,1.438685804605484009e-01
1.213354825973510742e+00,3.709819316864013672e+00,-6.195612624287605286e-02,1.146348342299461365e-01
1.199770569801330566e+00,4.718367099761962891e+00,3.798521682620048523e-02,1.017774045467376709e-01
1.779791593551635742e+00,4.542518138885498047e+00,-7.325127720832824707e-02,1.093565598130226135e-01
1.355458378791809082e+00,3.843716382980346680e+00,-1.182688996195793152e-01,-6.649439036846160889e-02
9.108763933181762695e-01,4.418411731719970703e+00,7.189989089965820312e-02,-1.177207678556442261e-01
8.659362792968750000e-01,4.171223640441894531e+00,-1.451461166143417358e-01,-1.625115722417831421e-01
1.145488262176513672e+00,4.091465473175048828e+00,-1.872804611921310425e-01,-8.200675249099731445e-02
9.714726209640502930e-01,4.480953216552734375e+00,-1.742903590202331543e-01,6.163756549358367920e-02
1.270050048828125000e+00,4.298837184906005859e+00,-2.066839337348937988e-01,-1.303042378276586533e-02
9.315378665924072266e-01,3.806036233901977539e+00,-1.063503548502922058e-01,1.676181256771087646e-01
7.283685803413391113e-01,4.410928249359130859e+00,3.181813657283782959e-02,-5.675018951296806335e-02
1.238479971885681152e+00,4.245572566986083984e+00,1.761153154075145721e-02,1.571415811777114868e-01
1.288305997848510742e+00,4.696112632751464844e+00,1.064897477626800537e-01,-9.731954336166381836e-02
1.049851775169372559e+00,4.350543498992919922e+00,-2.361583709716796875e-01,-7.739086169749498367e-03
1.112333655357360840e+00,3.907429218292236328e+00,6.842990964651107788e-02,-5.235727503895759583e-02
1.173571467399597168e+00,3.562834739685058594e+00,-1.371548771858215332e-01,-7.351454347372055054e-03
7.570758461952209473e-01,3.960320472717285156e+00,-1.168832480907440186e-01,9.120509773492813110e-02
9.971939325332641602e-01,3.382119894027709961e+00,-7.774597033858299255e-03,1.457249075174331665e-01
7.765866518020629883e-01,3.775942802429199219e+00,6.423663347959518433e-02,4.212127625942230225e-02
1.477195382118225098e+00,4.166362285614013672e+00,-4.789935797452926636e-02,-1.533446609973907471e-01
6.599281430244445801e-01,4.168213367462158203e+00,2.749888412654399872e-02,-2.394938282668590546e-02
7.570701241493225098e-01,4.338993549346923828e+00,-9.898366779088973999e-02,-6.705952342599630356e-03
8.885759115219116211e-01,3.187688350677490234e+00,6.679746508598327637e-02,-7.665912620723247528e-03
8.771454095840454102e-01,4.410239696502685547e+00,-1.550116539001464844e-01,-6.599663943052291870e-02
1.689013361930847168e+00,4.323024749755859375e+00,7.425802946090698242e-02,-1.392085943371057510e-02
1.551764249801635742e+00,3.896173000335693359e+00,-2.497171610593795776e-02,-3.797690384089946747e-03
1.444514513015747070e+00,4.277812004089355469e+00,-1.686982214450836182e-01,4.817484691739082336e-02
1.569794893264770508e+00,4.130895137786865234e+00,1.498578861355781555e-02,-7.201605290174484253e-02
1.382103323936462402e+00,4.503029823303222656e+00,-1.749933063983917236e-01,-6.475346535444259644e-02
1.233701467514038086e+00,4.756189823150634766e+00,1.058776900172233582e-01,9.710982441902160645e-02
1.004706978797912598e+00,4.325602531433105469e+00,-6.998483091592788696e-02,-1.308225989341735840e-01
1.959298968315124512e+00,4.268955707550048828e+00,8.554272353649139404e-03,1.127067767083644867e-02
1.485408186912536621e+00,3.787199974060058594e+00,-7.366912066936492920e-02,8.433037996292114258e-02
6.085852384567260742e-01,4.255228996276855469e+00,-1.037228405475616455e-01,-2.515277452766895294e-02
8.513249158859252930e-01,3.681429862976074219e+00,-8.430188149213790894e-02,-1.571526080369949341e-01
9.937844276428222656e-01,3.203119039535522461e+00,-2.263011038303375244e-02,-1.002743542194366455e-01
9.783203005790710449e-01,3.603620290756225586e+00,4.236504808068275452e-02,-1.497195214033126831e-01
8.387463092803955078e-01,4.337193489074707031e+00,7.611503824591636658e-03,1.162793040275573730e-01
1.228727340698242188e+00,4.251218795776367188e+00,4.164667055010795593e-02,1.301879733800888062e-01
9.040393829345703125e-01,4.239788532257080078e+00,5.715921148657798767e-02,-1.211858913302421570e-01
1.234676122665405273e+00,4.444458961486816406e+00,-1.919265240430831909e-01,-5.629884824156761169e-02
7.948652505874633789e-01,3.764904022216796875e+00,-1.060929000377655029e-01,1.374077647924423218e-01
9.420210719108581543e-01,3.874905824661254883e+00,-1.135619804263114929e-01,1.670543849468231201e-01
1.331467628479003906e+00,4.684442043304443359e+00,7.531833648681640625e-02,-4.789359495043754578e-02
1.105963587760925293e+00,4.351175785064697266e+00,-1.122437864542007446e-01,1.360988318920135498e-01
7.361544966697692871e-01,3.563002824783325195e+00,-1.990441977977752686e-01,4.743809252977371216e-02
1.757654547691345215e+00,4.402024269104003906e+00,-1.491701006889343262e-01,-5.674216151237487793e-02
1.573688149452209473e+00,3.944580793380737305e+00,-4.399451240897178650e-02,-4.471762478351593018e-02
8.709458708763122559e-01,3.124918937683105469e+00,3.524827584624290466e-02,-7.166450470685958862e-02
1.937204957008361816e+00,4.607848644256591797e+00,2.353028766810894012e-02,8.230446279048919678e-02
1.882845640182495117e+00,4.720344543457031250e+00,3.445294126868247986e-02,3.642894700169563293e-02
1.402339458465576172e+00,4.440545082092285156e+00,-1.413808912038803101e-01,-7.932016253471374512e-02
1.258199930191040039e+00,3.562474489212036133e+00,-9.011425077915191650e-02,5.314598232507705688e-02
1.942382812500000000e+00,4.269107341766357422e+00,-2.054281905293464661e-02,-5.086585506796836853e-02
7.274373769760131836e-01,3.582444906234741211e+00,-1.292173117399215698e-01,-1.003759875893592834e-01
6.428735256195068359e-01,3.947582006454467773e+00,-3.743420913815498352e-02,-1.205311194062232971e-01
1.307848691940307617e+00,3.660989284515380859e+00,-9.133183211088180542e-02,-7.560232654213905334e-03
1.031738162040710449e+00,3.292638778686523438e+00,-1.730571389198303223e-01,-7.335814088582992554e-02
8.056249618530273438e-01,3.846012115478515625e+00,-2.567685209214687347e-02,1.804412454366683960e-01
1.106941938400268555e+00,4.147350311279296875e+00,4.191904142498970032e-02,1.271668374538421631e-01
9.764465689659118652e-01,4.417687416076660156e+00,-2.004441171884536743e-01,4.550594091415405273e-02
1.538633942604064941e+00,4.758650779724121094e+00,-1.469001770019531250e-01,-1.225259751081466675e-01
1.059314370155334473e+00,4.307639598846435547e+00,1.249528974294662476e-01,-7.738857716321945190e-02
1.261237382888793945e+00,3.798373937606811523e+00,8.478234708309173584e-02,1.364273764193058014e-02
1.107614755630493164e+00,3.726431369781494141e+00,-1.760471463203430176e-01,-3.186993999406695366e-03
1.150066852569580078e+00,4.413637161254882812e+00,5.732239037752151489e-02,8.680863678455352783e-02
1.011212110519409180e+00,3.240033626556396484e+00,8.867584168910980225e-02,4.673551023006439209e-02
1.594412446022033691e+00,3.874179363250732422e+00,-2.441223524510860443e-02,-3.778284788131713867e-02
1.552962064743041992e+00,4.385336875915527344e+00,-1.041986942291259766e-01,1.430745273828506470e-01
1.742717623710632324e+00,4.338964462280273438e+00,-1.256577968597412109e-01,-1.017064750194549561e-01
1.658888220787048340e+00,4.163383960723876953e+00,-8.519414067268371582e-02,-1.254395097494125366e-01
8.900437355041503906e-01,4.039396762847900391e+00,-1.760901957750320435e-01,-8.263674378395080566e-02
1.082503914833068848e+00,4.543351650238037109e+00,-1.836769133806228638e-01,4.381195828318595886e-02
1.123592972755432129e+00,3.988498687744140625e+00,9.863410890102386475e-02,1.610542088747024536e-02
1.272240996360778809e+00,4.529251575469970703e+00,1.053768172860145569e-01,4.660267755389213562e-02
1.716513156890869141e+00,4.189667701721191406e+00,4.094504192471504211e-02,-8.894301950931549072e-03
7.331348061561584473e-01,3.490621566772460938e+00,-2.251002341508865356e-01,1.928000152111053467e-02
8.075497150421142578e-01,4.193521022796630859e+00,9.800504148006439209e-02,-3.069563582539558411e-02
1.748647212982177734e+00,4.654382228851318359e+00,1.160614565014839172e-02,-7.894285768270492554e-02
6.273239850997924805e-01,3.955107450485229492e+00,3.444116562604904175e-02,-3.913650289177894592e-02
8.806875944137573242e-01,3.910014629364013672e+00,8.935824036598205566e-02,2.871233038604259491e-02
1.194321990013122559e+00,3.447241783142089844e+00,1.572672650218009949e-02,-1.074889525771141052e-01
1.440727472305297852e+00,3.735520124435424805e+00,-1.193724349141120911e-01,6.327436864376068115e-02
7.897654175758361816e-01,3.723122596740722656e+00,5.856318399310112000e-02,-1.205020919442176819e-01
1.691860318183898926e+00,4.036806583404541016e+00,-7.779423892498016357e-02,-1.422578282654285431e-02
1.736876964569091797e+00,4.168967247009277344e+00,-1.085239499807357788e-01,3.551836311817169189e-02
6.713705658912658691e-01,3.709758043289184570e+00,-1.747978478670120239e-01,8.189593441784381866e-03
1.151096582412719727e+00,4.030951976776123047e+00,-1.862603425979614258e-01,-9.230448305606842041e-02
1.080213546752929688e+00,4.195401191711425781e+00,-1.821545213460922241e-01,8.318458497524261475e-02
1.243183732032775879e+00,3.656398057937622070e+00,5.391271412372589111e-02,-9.687331318855285645e-02
9.574659466743469238e-01,4.325956821441650391e+00,1.039514467120170593e-01,1.807765290141105652e-02
1.335906267166137695e+00,4.096248149871826172e+00,-9.359181672334671021e-02,1.485150158405303955e-01
1.309839963912963867e+00,3.626601219177246094e+00,-1.217406019568443298e-01,9.009230136871337891e-02
1.304375290870666504e+00,4.299284934997558594e+00,8.748305588960647583e-02,9.085868299007415771e-02
1.672919392585754395e+00,4.619806766510009766e+00,-5.601850524544715881e-02,-1.497523188591003418e-01
1.475862383842468262e+00,4.748285293579101562e+00,-3.040751069784164429e-02,1.327127516269683838e-01
1.357674717903137207e+00,3.852871656417846680e+00,5.213909223675727844e-02,-5.376725643873214722e-02
1.766877055168151855e+00,4.296354770660400391e+00,-6.222531944513320923e-02,7.970968633890151978e-02
1.947639822959899902e+00,4.529417514801025391e+00,2.378706261515617371e-02,1.072717458009719849e-01
7.741536498069763184e-01,3.383809089660644531e+00,7.104401290416717529e-02,6.221994012594223022e-02
8.233231306076049805e-01,4.082532882690429688e+00,1.143980696797370911e-01,2.901799418032169342e-02
9.993937015533447266e-01,3.800244569778442383e+00,3.994950279593467712e-02,-1.590191870927810669e-01
1.473931908607482910e+00,4.067977905273437500e+00,2.478924579918384552e-02,-5.722069367766380310e-02
1.163596510887145996e+00,3.720240831375122070e+00,2.437396720051765442e-02,-9.126178175210952759e-02
1.121419548988342285e+00,3.975300788879394531e+00,-1.049983724951744080e-01,1.166331246495246887e-01
1.623017668724060059e+00,3.969142913818359375e+00,-7.369677722454071045e-02,6.020659953355789185e-02
1.535420775413513184e+00,4.870966434478759766e+00,-2.159677892923355103e-01,5.289813131093978882e-02
1.060432076454162598e+00,3.508562564849853516e+00,6.068551167845726013e-02,3.479789569973945618e-02
6.310685873031616211e-01,3.703018426895141602e+00,-1.395610719919204712e-01,9.579036384820938110e-02
1.728570342063903809e+00,3.925081968307495117e+00,-5.258937180042266846e-02,1.445459201931953430e-02
8.810746073722839355e-01,3.338762998580932617e+00,1.184791922569274902e-01,-1.174396555870771408e-02
6.804349422454833984e-01,3.905707597732543945e+00,-9.635251760482788086e-02,-7.200458645820617676e-02
9.004060626029968262e-01,3.747012138366699219e+00,1.139328554272651672e-01,3.224886208772659302e-02
1.464290976524353027e+00,4.919752597808837891e+00,-2.199015021324157715e-01,3.296674415469169617e-02
8.228033781051635742e-01,3.261174201965332031e+00,-1.320020258426666260e-01,8.900614082813262939e-02
8.140615820884704590e-01,4.680830001831054688e+00,4.952025599777698517e-03,8.967193961143493652e-02
1.215741276741027832e+00,4.371522903442382812e+00,-9.429836273193359375e-02,-1.343694329261779785e-01
1.092337727546691895e+00,4.102935791015625000e+00,-1.754795461893081665e-01,-1.028594225645065308e-01
1.956941604614257812e+00,4.562972545623779297e+00,4.825389757752418518e-02,4.531724005937576294e-02
9.274297952651977539e-01,4.306024074554443359e+00,6.164938677102327347e-03,1.176621094346046448e-01
1.295166969299316406e+00,4.072642803192138672e+00,-1.286187320947647095e-01,-9.637571871280670166e-02
1.391191005706787109e+00,3.709480524063110352e+00,-1.040177792310714722e-01,-2.113281935453414917e-02
1.298909425735473633e+00,4.447087287902832031e+00,5.259355530142784119e-02,1.351874321699142456e-01
1.744860291481018066e+00,4.285367965698242188e+00,-9.486850351095199585e-02,5.729090049862861633e-02
1.022102355957031250e+00,4.246963024139404297e+00,1.091445684432983398e-01,-6.674207746982574463e-02
1.020744681358337402e+00,2.875923633575439453e+00,-1.490460429340600967e-02,8.912418968975543976e-03
1.277662038803100586e+00,4.317935466766357422e+00,-8.878660947084426880e-02,1.623437255620956421e-01
9.152655601501464844e-01,3.538444757461547852e+00,-1.460099220275878906e-01,-1.499932855367660522e-01
9.440121650695800781e-01,3.980407238006591797e+00,6.199230253696441650e-02,1.513428390026092529e-01
7.466937303543090820e-01,4.121169567108154297e+00,-1.987852901220321655e-01,-2.666242048144340515e-02
1.104850172996520996e+00,3.798194646835327148e+00,6.944724917411804199e-02,1.167818438261747360e-02
1.946474671363830566e+00,4.170648097991943359e+00,-5.050321924500167370e-04,1.815143227577209473e-02
1.953857541084289551e+00,4.504250526428222656e+00,-1.396883875131607056e-01,1.763721555471420288e-02
1.798784494400024414e+00,4.397547245025634766e+00,5.391032434999942780e-03,-6.457723677158355713e-02
1.108735322952270508e+00,4.758614063262939453e+00,-1.526694148778915405e-01,-1.354080885648727417e-01
6.912324428558349609e-01,3.663503885269165039e+00,7.073681056499481201e-02,8.282291144132614136e-02
1.491959214210510254e+00,4.714451789855957031e+00,-1.251835078001022339e-01,1.630973219871520996e-01
9.146550893783569336e-01,3.887267589569091797e+00,-1.200484186410903931e-01,-1.819590926170349121e-01
1.518795967102050781e+00,4.187416076660156250e+00,-3.008269704878330231e-02,-6.923912465572357178e-02
1.345438599586486816e+00,4.511588096618652344e+00,4.065710306167602539e-02,1.700318306684494019e-01
6.790101528167724609e-01,3.430741310119628906e+00,3.951555863022804260e-02,9.972846508026123047e-02
1.494124174118041992e+00,4.288934230804443359e+00,-7.922046631574630737e-02,8.667876571416854858e-02
9.278475046157836914e-01,3.543619394302368164e+00,4.228664189577102661e-02,1.131056696176528931e-01
7.312895059585571289e-01,4.445121765136718750e+00,6.100331619381904602e-02,-4.605003446340560913e-02
1.723401784896850586e+00,4.483620643615722656e+00,7.715921849012374878e-02,-7.670822739601135254e-02
8.181254863739013672e-01,4.267871379852294922e+00,-1.604869961738586426e-01,-1.364419311285018921e-01
7.567920088768005371e-01,3.224941730499267578e+00,6.892853975296020508e-02,8.116247504949569702e-02
1.846886754035949707e+00,4.630848407745361328e+00,-5.073565244674682617e-02,-9.112235158681869507e-02
5.889999866485595703e-01,3.954352378845214844e+00,-4.104297608137130737e-02,4.837613552808761597e-02
1.480809450149536133e+00,4.535417556762695312e+00,-1.681507527828216553e-01,-4.757001530379056931e-03
6.945004463195800781e-01,4.002141475677490234e+00,-2.143810037523508072e-03,2.886943705379962921e-02
1.091808915138244629e+00,3.913066625595092773e+00,-4.542133584618568420e-02,1.519686281681060791e-01
8.660514950752258301e-01,3.723630905151367188e+00,1.299968659877777100e-01,-1.403740607202053070e-03
1.182425618171691895e+00,3.781823873519897461e+00,1.751940138638019562e-02,-1.033688187599182129e-01
1.397852182388305664e+00,4.033182144165039062e+00,-1.887593567371368408e-01,5.024996399879455566e-02
1.996402978897094727e+00,4.536795616149902344e+00,3.875453397631645203e-02,-7.647807896137237549e-02
1.208409547805786133e+00,3.316359281539916992e+00,-4.057839140295982361e-02,-3.321587294340133667e-02
7.642157673835754395e-01,3.575453519821166992e+00,-2.219559550285339355e-01,-7.340571284294128418e-02
9.403965473175048828e-01,3.617743968963623047e+00,4.753313213586807251e-02,-8.103130012750625610e-02
1.636966586112976074e+00,5.201723098754882812e+00,-9.115605056285858154e-02,1.784709990024566650e-01
1.167317390441894531e+00,3.183835268020629883e+00,-2.593155205249786377e-02,-2.842290513217449188e-02
1.543507337570190430e+00,4.642009258270263672e+00,3.290447220206260681e-02,-1.130119785666465759e-01
1.288321733474731445e+00,4.118926048278808594e+00,-1.604712456464767456e-01,1.513505354523658752e-02
7.385747432708740234e-01,3.982368946075439453e+00,-1.002259179949760437e-01,1.218985989689826965e-01
1.191482782363891602e+00,4.073361873626708984e+00,-1.968789994716644287e-01,5.561508238315582275e-02
7.232775688171386719e-01,4.034792423248291016e+00,-5.450530722737312317e-02,1.327616870403289795e-01
1.162219405174255371e+00,3.655280828475952148e+00,4.346112534403800964e-02,4.269102588295936584e-02
1.080993890762329102e+00,3.747902631759643555e+00,9.947426617145538330e-02,-2.974488027393817902e-02
1.724002361297607422e+00,4.374860286712646484e+00,-1.138120293617248535e-01,-9.882586449384689331e-02
6.472721695899963379e-01,4.026422977447509766e+00,-3.940329700708389282e-02,3.421305492520332336e-02
1.655398249626159668e+00,4.448745727539062500e+00,-5.105397850275039673e-02,-9.959745407104492188e-02
7.790768146514892578e-01,4.349210739135742188e+00,5.428828671574592590e-02,-8.808723837137222290e-02
1.156386494636535645e+00,3.962970972061157227e+00,-1.085548996925354004e-01,1.354251652956008911e-01
1.033563852310180664e+00,3.665035486221313477e+00,-1.257552653551101685e-01,-1.265512704849243164e-01
1.392834782600402832e+00,4.703602790832519531e+00,-1.061176955699920654e-01,1.210898980498313904e-01
7.313149571418762207e-01,4.441687107086181641e+00,-6.415816396474838257e-02,1.146928817033767700e-01
6.327459216117858887e-01,3.763488769531250000e+00,-3.847116231918334961e-02,-1.114592775702476501e-01
7.327905893325805664e-01,3.296830892562866211e+00,-8.639609068632125854e-02,-1.318403780460357666e-01
1.673533320426940918e+00,4.043394565582275391e+00,-7.316393405199050903e-02,-4.726193472743034363e-02
8.646963238716125488e-01,3.638049840927124023e+00,-8.626528084278106689e-02,1.669295132160186768e-01
1.392990231513977051e+00,4.271463871002197266e+00,1.039492040872573853e-01,-1.801844518922735006e-05
1.568672657012939453e+00,4.416880607604980469e+00,-1.725557595491409302e-01,-4.196353256702423096e-02
1.293537259101867676e+00,4.944115638732910156e+00,-1.893822848796844482e-01,-7.640938274562358856e-03
1.101074576377868652e+00,4.504557609558105469e+00,-1.344856917858123779e-01,1.346687972545623779e-01
6.389706134796142578e-01,3.830268859863281250e+00,-1.478269249200820923e-01,-6.913810968399047852e-02
1.242527604103088379e+00,4.516209602355957031e+00,-2.202969416975975037e-02,1.294365078210830688e-01
8.521090149879455566e-01,4.336888313293457031e+00,-1.430965662002563477e-01,6.403549015522003174e-02
1.424461960792541504e+00,3.985869884490966797e+00,-1.562948524951934814e-02,-5.717955157160758972e-02
1.436714053153991699e+00,3.597365140914916992e+00,-8.610166609287261963e-03,7.148397155106067657e-03
1.331629514694213867e+00,3.850348711013793945e+00,-1.191830262541770935e-01,4.071848839521408081e-02
8.973760604858398438e-01,3.274875879287719727e+00,1.477235276252031326e-02,-1.248067617416381836e-01
1.374169111251831055e+00,3.798778772354125977e+00,-9.163105487823486328e-02,-1.029501408338546753e-01
6.658890247344970703e-01,4.053780555725097656e+00,-1.325434595346450806e-01,6.948868930339813232e-02
8.396298289299011230e-01,4.408467769622802734e+00,9.463050961494445801e-02,2.927793189883232117e-02
1.356579780578613281e+00,4.761732578277587891e+00,8.158025145530700684e-02,1.287621408700942993e-01
9.882370829582214355e-01,3.385809898376464844e+00,7.425960153341293335e-02,8.608584851026535034e-02
8.671535253524780273e-01,3.618808746337890625e+00,-7.027257978916168213e-02,1.344799846410751343e-01
1.203268885612487793e+00,4.312433719635009766e+00,4.350591823458671570e-02,1.401211321353912354e-01
8.777034282684326172e-01,4.371111392974853516e+00,-7.732157409191131592e-02,-1.642762720584869385e-01
1.705061554908752441e+00,4.486516952514648438e+00,-1.607045829296112061e-01,-1.438005641102790833e-02
7.978066802024841309e-01,3.890983104705810547e+00,-6.977999955415725708e-02,1.653658449649810791e-01
1.445343494415283203e+00,4.026214599609375000e+00,2.570514939725399017e-02,1.767717488110065460e-02
1.660303115844726562e+00,3.961704730987548828e+00,-3.876411542296409607e-02,-3.896651789546012878e-02
7.368198037147521973e-01,4.009263038635253906e+00,-2.071219682693481445e-01,3.881202638149261475e-02
9.689967036247253418e-01,3.974132537841796875e+00,-1.870724707841873169e-01,-7.253482937812805176e-02
6.739360690116882324e-01,3.889590263366699219e+00,3.764293342828750610e-02,2.137713832780718803e-03
1.450105786323547363e+00,4.117299556732177734e+00,-2.384059131145477295e-02,1.268235743045806885e-01
9.001203775405883789e-01,5.256124973297119141e+00,-4.855305328965187073e-02,6.623028218746185303e-02
1.090604186058044434e+00,3.954852581024169922e+00,-2.000832557678222656e-01,-6.699402630329132080e-02
1.258865952491760254e+00,4.852318763732910156e+00,1.089120581746101379e-01,-4.788244888186454773e-02
1.675526976585388184e+00,4.602417945861816406e+00,5.528698116540908813e-02,2.528670802712440491e-02
1.390996575355529785e+00,4.295876979827880859e+00,6.082870811223983765e-02,1.643507741391658783e-02
1.168027639389038086e+00,3.814501762390136719e+00,-2.352048642933368683e-02,1.562612503767013550e-01
6.747955679893493652e-01,3.692454814910888672e+00,2.091411128640174866e-02,-1.133565679192543030e-01
1.646375060081481934e+00,4.622648715972900391e+00,-1.811190396547317505e-01,8.900675177574157715e-02
1.300048112869262695e+00,3.864859342575073242e+00,6.217271834611892700e-02,6.878391141071915627e-04
1.436275362968444824e+00,4.277192115783691406e+00,2.633909229189157486e-03,1.097301170229911804e-01
1.319630622863769531e+00,3.936940431594848633e+00,9.911302477121353149e-02,-2.497063390910625458e-02
1.661197543144226074e+00,4.381082534790039062e+00,-1.328695118427276611e-01,4.281305521726608276e-02
7.383891344070434570e-01,3.360116720199584961e+00,5.702324584126472473e-02,-9.756756573915481567e-02
1.971720576286315918e+00,4.487689018249511719e+00,-6.541640311479568481e-02,2.078727446496486664e-02
1.111106395721435547e+00,4.715363502502441406e+00,-5.682303756475448608e-02,-1.612979620695114136e-01
1.325434923171997070e+00,4.165463447570800781e+00,-3.292927145957946777e-02,-1.394641548395156860e-01
1.021135449409484863e+00,5.099055290222167969e+00,2.241040207445621490e-02,-4.230651259422302246e-02
1.216138482093811035e+00,4.669392108917236328e+00,-2.120918184518814087e-01,5.200509354472160339e-02
1.149981021881103516e+00,3.616839170455932617e+00,-1.257818639278411865e-01,-1.142435967922210693e-01
7.826873064041137695e-01,4.147144317626953125e+00,-1.278399378061294556e-01,1.542759239673614502e-01
1.138284683227539062e+00,4.661877632141113281e+00,8.611719310283660889e-02,2.135760337114334106e-02
1.733415484428405762e+00,4.213201999664306641e+00,-6.164649501442909241e-02,-7.392624020576477051e-02
7.263383269309997559e-01,4.430180549621582031e+00,-1.170154139399528503e-01,-7.475646585226058960e-02
7.843683362007141113e-01,4.431659698486328125e+00,-1.097245141863822937e-03,1.032473817467689514e-01
1.780595064163208008e+00,4.832040309906005859e+00,7.453300803899765015e-02,-2.357183024287223816e-02
7.969172000885009766e-01,3.526664733886718750e+00,3.694389015436172485e-02,-1.112564653158187866e-01
1.193305373191833496e+00,3.477043628692626953e+00,-3.865489503368735313e-03,-4.447273910045623779e-02
1.555741429328918457e+00,4.240321159362792969e+00,4.481298476457595825e-02,5.049153044819831848e-02
7.538311481475830078e-01,3.968930721282958984e+00,-1.696779280900955200e-01,4.354985430836677551e-02
1.577148199081420898e+00,4.006109714508056641e+00,-1.341275274753570557e-01,4.216681420803070068e-02
1.475323557853698730e+00,4.415087699890136719e+00,7.421515136957168579e-02,7.621823251247406006e-02
1.037596106529235840e+00,3.913435697555541992e+00,-1.067391261458396912e-01,1.440071761608123779e-01
9.049813747406005859e-01,3.999040126800537109e+00,1.031378190964460373e-02,-1.308770477771759033e-01
9.705472588539123535e-01,3.022856950759887695e+00,-6.188564468175172806e-03,1.019656136631965637e-01
1.171733260154724121e+00,4.156706333160400391e+00,-1.954369693994522095e-01,-8.370481431484222412e-02
9.473981857299804688e-01,3.152379035949707031e+00,3.281618934124708176e-03,3.604106605052947998e-02
1.755740046501159668e+00,4.564682483673095703e+00,-1.048349589109420776e-01,1.232985779643058777e-01
1.081948757171630859e+00,4.084697246551513672e+00,-2.009880244731903076e-01,-5.786640942096710205e-02
1.178001284599304199e+00,3.664665222167968750e+00,-1.990929543972015381e-01,4.510820657014846802e-02
1.502384662628173828e+00,4.331973075866699219e+00,8.022400736808776855e-02,1.174053456634283066e-02
1.088335752487182617e+00,3.182107210159301758e+00,-2.263811230659484863e-02,6.177637353539466858e-02
1.199051380157470703e+00,3.675521373748779297e+00,-8.091891184449195862e-03,-6.315650790929794312e-02
1.513614177703857422e+00,4.121346950531005859e+00,-1.122103482484817505e-01,-1.992128789424896240e-03
1.378972053527832031e+00,4.381775856018066406e+00,1.086219251155853271e-01,-5.136740207672119141e-02
1.321137666702270508e+00,3.975556612014770508e+00,-1.206712052226066589e-01,-6.355937570333480835e-02
1.816224813461303711e+00,4.770648956298828125e+00,-1.117304414510726929e-01,-1.325327605009078979e-01
1.069457530975341797e+00,3.821663856506347656e+00,6.536500155925750732e-02,1.085704863071441650e-01
1.137902021408081055e+00,3.638166189193725586e+00,3.303384780883789062e-02,4.931114986538887024e-02
7.243974804878234863e-01,4.369126319885253906e+00,3.113240562379360199e-02,4.576934501528739929e-02
1.103316187858581543e+00,3.738492488861083984e+00,-1.566179245710372925e-01,5.969007685780525208e-02
6.981016397476196289e-01,4.148725509643554688e+00,6.044827774167060852e-02,2.364327199757099152e-02
8.561998605728149414e-01,3.915246963500976562e+00,-1.893174350261688232e-01,8.536154031753540039e-02
7.682607769966125488e-01,3.956089019775390625e+00,-1.702507436275482178e-01,-8.469931781291961670e-02
1.234759449958801270e+00,3.689217090606689453e+00,3.260539099574089050e-02,-2.969001606106758118e-02
1.086276412010192871e+00,4.213749885559082031e+00,1.152939796447753906e-01,7.867536693811416626e-02
1.372655749320983887e+00,4.672668933868408203e+00,9.063191711902618408e-02,-2.238352410495281219e-02
1.905230283737182617e+00,4.573086261749267578e+00,5.378394573926925659e-02,8.232852816581726074e-02
9.982285499572753906e-01,3.997848510742187500e+00,3.521072864532470703e-02,-1.020622029900550842e-01
1.134430289268493652e+00,4.309288024902343750e+00,-2.062783539295196533e-01,-1.037290394306182861e-01
1.122974634170532227e+00,4.207053661346435547e+00,9.398464113473892212e-02,6.659302115440368652e-02
9.090407490730285645e-01,4.223024368286132812e+00,-2.246909439563751221e-01,4.469704627990722656e-02
9.851478934288024902e-01,4.082936763763427734e+00,-1.996157467365264893e-01,-3.358393907546997070e-02
1.601728916168212891e+00,3.808781147003173828e+00,-4.658628255128860474e-03,-9.704849682748317719e-03
8.401481509208679199e-01,3.939054250717163086e+00,8.621887117624282837e-02,1.208800971508026123e-01
6.471425890922546387e-01,3.985291957855224609e+00,-6.332013756036758423e-02,-5.218698456883430481e-02
1.382832884788513184e+00,4.210409164428710938e+00,-4.465200006961822510e-02,-1.088536381721496582e-01
7.767825722694396973e-01,4.317339420318603516e+00,7.513132877647876740e-03,1.000526100397109985e-01
1.500340223312377930e+00,4.941235542297363281e+00,1.766756549477577209e-02,1.199500486254692078e-01
9.650556445121765137e-01,4.156319141387939453e+00,-1.456274837255477905e-01,-1.153197064995765686e-01
1.197112798690795898e+00,3.373654127120971680e+00,-2.912861853837966919e-02,1.111777573823928833e-01
7.169424295425415039e-01,3.628458976745605469e+00,1.897701807320117950e-02,-1.551070362329483032e-01
9.593479037284851074e-01,3.872867822647094727e+00,-1.959426850080490112e-01,-9.598057717084884644e-02
8.827489018440246582e-01,4.602031707763671875e+00,5.656377971172332764e-02,1.047347038984298706e-01
7.640588879585266113e-01,4.244082450866699219e+00,-1.179994270205497742e-01,6.321855634450912476e-02
1.361014008522033691e+00,4.096640586853027344e+00,1.629309542477130890e-02,-9.285421669483184814e-02
8.167153000831604004e-01,2.823725938796997070e+00,-4.807947948575019836e-02,-1.149220764636993408e-01
1.704926133155822754e+00,4.363496780395507812e+00,-7.320671528577804565e-02,9.625545144081115723e-02
5.421575903892517090e-01,3.130038738250732422e+00,-1.282208114862442017e-01,-5.717968195676803589e-02
7.835390567779541016e-01,3.560183525085449219e+00,1.143534407019615173e-01,1.785435341298580170e-02
7.453587055206298828e-01,4.097259044647216797e+00,6.271860748529434204e-02,6.736044585704803467e-02
1.201107740402221680e+00,3.348430156707763672e+00,-1.113330796360969543e-01,-5.181563273072242737e-02
9.742327332496643066e-01,3.860006332397460938e+00,6.992867588996887207e-02,-1.458266824483871460e-01
1.074656248092651367e+00,4.702299594879150391e+00,1.386048737913370132e-02,-1.672790050506591797e-01
1.128272056579589844e+00,4.220367908477783203e+00,-1.054717004299163818e-01,1.539289206266403198e-01
8.938049674034118652e-01,4.548924446105957031e+00,3.518297523260116577e-02,-1.394014656543731689e-01
1.569262146949768066e+00,5.387382507324218750e+00,2.019963227212429047e-02,1.594551652669906616e-01
1.904421925544738770e+00,4.125749588012695312e+00,-4.466033726930618286e-02,2.922888472676277161e-02
8.282226324081420898e-01,4.609996318817138672e+00,-7.943396270275115967e-02,3.661435469985008240e-02
1.569333672523498535e+00,4.439730644226074219e+00,6.634161621332168579e-02,-2.431570924818515778e-02
6.307847499847412109e-01,3.677124261856079102e+00,-1.206357255578041077e-01,-7.166353613138198853e-02
8.313737511634826660e-01,4.387051582336425781e+00,2.977778203785419464e-02,-4.857921227812767029e-02
1.239086389541625977e+00,4.318596363067626953e+00,-2.076342105865478516e-01,5.026023834943771362e-02
1.875396132469177246e+00,4.274943828582763672e+00,-6.908543407917022705e-02,6.463696062564849854e-02
1.467806816101074219e+00,4.045785427093505859e+00,3.449720144271850586e-02,-3.503747284412384033e-02
5.631494522094726562e-01,3.585905551910400391e+00,-2.556238509714603424e-02,5.274073686450719833e-03
9.666599631309509277e-01,4.146246910095214844e+00,-6.380605697631835938e-02,1.889847368001937866e-01
1.243364334106445312e+00,4.084836959838867188e+00,2.713760174810886383e-02,1.482887864112854004e-01
1.144936084747314453e+00,4.535416603088378906e+00,8.256339281797409058e-02,1.067266464233398438e-01
1.431784987449645996e+00,3.694001197814941406e+00,-7.512920349836349487e-02,-7.590864598751068115e-02
1.048793196678161621e+00,3.626469373703002930e+00,1.157826483249664307e-01,1.988495327532291412e-02
1.833446741104125977e+00,4.543586730957031250e+00,-7.367073744535446167e-02,6.743821501731872559e-02
1.154347181320190430e+00,4.767938137054443359e+00,-2.910335548222064972e-02,1.242661327123641968e-01
1.808246374130249023e+00,4.030794143676757812e+00,-3.505394235253334045e-02,-4.083615168929100037e-02
1.445637226104736328e+00,4.309432029724121094e+00,-1.720351278781890869e-01,7.667986303567886353e-02
1.123485684394836426e+00,4.574211597442626953e+00,-1.492188572883605957e-01,-1.133215799927711487e-01
7.000953555107116699e-01,3.259325504302978516e+00,5.014251545071601868e-02,-1.150989308953285217e-01
1.884614706039428711e+00,4.537696838378906250e+00,-5.127138644456863403e-02,-9.098417311906814575e-02
1.415186285972595215e+00,4.578752517700195312e+00,8.485814929008483887e-02,-1.001253724098205566e-01
1.528921604156494141e+00,3.904014110565185547e+00,-2.889515087008476257e-02,1.456413045525550842e-02
7.310138344764709473e-01,3.982095241546630859e+00,-2.201378531754016876e-02,-1.334396898746490479e-01
1.217031478881835938e+00,4.459949493408203125e+00,9.693390876054763794e-02,2.795195020735263824e-02
1.630544900894165039e+00,4.260766029357910156e+00,-5.571784079074859619e-02,-5.600051209330558777e-02
1.312226653099060059e+00,3.657926559448242188e+00,-1.167490333318710327e-01,-9.166026860475540161e-02
1.267672300338745117e+00,3.603997230529785156e+00,-1.771394908428192139e-02,-2.240554988384246826e-02
1.000923752784729004e+00,3.996945381164550781e+00,-6.622056663036346436e-02,1.357857733964920044e-01
5.811207294464111328e-01,3.333708286285400391e+00,-1.996898651123046875e-01,5.113792791962623596e-02
1.609797835350036621e+00,4.073263168334960938e+00,7.159246131777763367e-03,-1.089301779866218567e-01
1.520875453948974609e+00,4.335898399353027344e+00,6.179707124829292297e-02,6.676512211561203003e-02
8.743300437927246094e-01,3.431388854980468750e+00,4.679571837186813354e-02,9.302870929241180420e-02
1.907908201217651367e+00,4.312791347503662109e+00,-2.955595217645168304e-02,-6.696496158838272095e-02
7.908833026885986328e-01,3.378729820251464844e+00,1.234057322144508362e-01,-2.777305804193019867e-02
9.068060517311096191e-01,4.319205760955810547e+00,-7.989854365587234497e-02,-1.144365370273590088e-01
1.386803627014160156e+00,3.650220870971679688e+00,-2.300615608692169189e-02,-9.551148861646652222e-02
8.136361837387084961e-01,4.212113380432128906e+00,-3.100300952792167664e-02,1.732118874788284302e-01
1.456549882888793945e+00,4.299051761627197266e+00,-6.856407970190048218e-02,1.586085706949234009e-01
1.989713907241821289e+00,4.578886032104492188e+00,-3.960087522864341736e-02,-2.792935073375701904e-02
1.447894215583801270e+00,4.110680580139160156e+00,8.096464909613132477e-03,1.369736790657043457e-01
7.217239737510681152e-01,4.650877475738525391e+00,-9.331678599119186401e-02,2.075465396046638489e-02
9.077624678611755371e-01,4.121853351593017578e+00,-1.302298754453659058e-01,1.275843381881713867e-01
7.606827616691589355e-01,3.653189897537231445e+00,-1.708239167928695679e-01,7.083225250244140625e-02
1.414148926734924316e+00,3.695247650146484375e+00,8.463472127914428711e-03,1.245719287544488907e-02
1.818179488182067871e+00,5.022561073303222656e+00,-2.318736910820007324e-02,-1.320546269416809082e-01
1.006210923194885254e+00,5.379231452941894531e+00,7.177535444498062134e-02,-6.115461885929107666e-02
1.680598855018615723e+00,4.274485111236572266e+00,8.845245465636253357e-03,-6.644731014966964722e-02
1.373695731163024902e+00,3.985122680664062500e+00,-1.820328831672668457e-01,-4.035250470042228699e-02
1.741039872169494629e+00,4.491791725158691406e+00,3.915013372898101807e-02,-8.129563927650451660e-02
1.121939301490783691e+00,4.530340194702148438e+00,1.218223720788955688e-01,8.631421625614166260e-02
1.462628722190856934e+00,3.750154495239257812e+00,-5.893969163298606873e-02,-6.818503141403198242e-02
1.607929825782775879e+00,4.315593242645263672e+00,2.986971661448478699e-02,-1.019352525472640991e-01
1.033139109611511230e+00,4.215372085571289062e+00,-2.339835464954376221e-02,-1.520138829946517944e-01
9.138621091842651367e-01,3.892434120178222656e+00,1.017224639654159546e-01,1.358535047620534897e-02
1.726957082748413086e+00,4.062561511993408203e+00,-9.281893819570541382e-02,-6.876956671476364136e-02
1.086131453514099121e+00,5.244477748870849609e+00,-1.265701055526733398e-01,-7.508534193038940430e-02
9.819222688674926758e-01,4.984743118286132812e+00,8.927799761295318604e-03,-1.287146210670471191e-01
7.882662415504455566e-01,4.451078414916992188e+00,-6.944713648408651352e-03,1.440556049346923828e-01
9.903969168663024902e-01,5.303812980651855469e+00,-1.884212717413902283e-02,-4.221083968877792358e-02
6.378918290138244629e-01,3.749114274978637695e+00,-6.971029937267303467e-02,8.200570940971374512e-02
7.866389155387878418e-01,4.077117443084716797e+00,-1.006686240434646606e-01,1.275139451026916504e-01
7.699316143989562988e-01,3.360518693923950195e+00,-1.580975353717803955e-01,-7.910908013582229614e-02
8.655400276184082031e-01,3.578466892242431641e+00,1.077048033475875854e-01,3.811240941286087036e-02
9.062570929527282715e-01,4.542227745056152344e+00,-1.058895420283079147e-02,1.582148522138595581e-01
7.336068153381347656e-01,3.455766677856445312e+00,-1.292670071125030518e-01,-1.507303416728973389e-01
1.401277303695678711e+00,3.722931146621704102e+00,-4.075217875652015209e-04,7.004152238368988037e-02
7.772690057754516602e-01,3.811478137969970703e+00,-1.142528057098388672e-01,1.531894207000732422e-01
1.427456736564636230e+00,4.025156974792480469e+00,5.279602855443954468e-02,8.150062710046768188e-02
1.731602549552917480e+00,4.345306396484375000e+00,-5.578442011028528214e-03,1.672471128404140472e-02
6.216858625411987305e-01,4.313477516174316406e+00,-1.104717254638671875e-01,3.055330179631710052e-02
1.576340436935424805e+00,4.167934417724609375e+00,-1.305947005748748779e-01,-1.352071948349475861e-02
1.476895332336425781e+00,4.454241275787353516e+00,-5.402919650077819824e-02,1.786148101091384888e-01
1.110370874404907227e+00,3.899452447891235352e+00,8.510510623455047607e-02,9.229838103055953979e-02
1.842092275619506836e+00,4.142928600311279297e+00,-9.761745482683181763e-02,-4.302106052637100220e-02
1.012979269027709961e+00,5.118559837341308594e+00,-2.226583287119865417e-02,-8.282221108675003052e-02
6.720967888832092285e-01,4.239346504211425781e+00,-1.570943892002105713e-01,-2.967483736574649811e-02
1.755013346672058105e+00,5.332530021667480469e+00,-1.484264731407165527e-01,7.255776226520538330e-02
9.619159102439880371e-01,4.437588691711425781e+00,2.451207302510738373e-02,1.524460501968860626e-02
9.899629950523376465e-01,4.478402614593505859e+00,1.955398917198181152e-02,7.810203731060028076e-02
7.855016589164733887e-01,3.806272268295288086e+00,3.347179293632507324e-02,-2.563604898750782013e-02
1.441874265670776367e+00,4.743432044982910156e+00,-4.813019558787345886e-02,9.546879678964614868e-02
1.300162911415100098e+00,4.339747428894042969e+00,-1.351343393325805664e-01,7.232208549976348877e-02
1.349966287612915039e+00,3.881991386413574219e+00,6.178881041705608368e-03,-1.875985227525234222e-02
1.226611495018005371e+00,4.154794692993164062e+00,-1.266426593065261841e-01,5.635446310043334961e-02
1.776354193687438965e+00,4.750614643096923828e+00,-2.771260403096675873e-02,1.255665067583322525e-02
8.002541661262512207e-01,4.252904415130615234e+00,2.866807021200656891e-02,-1.533418614417314529e-02
9.684156775474548340e-01,3.986428499221801758e+00,-9.857831150293350220e-02,1.033086776733398438e-01
9.817770123481750488e-01,3.250062942504882812e+00,-1.085137650370597839e-01,3.566718846559524536e-02
8.903663158416748047e-01,4.080558300018310547e+00,-7.242357730865478516e-02,9.442975372076034546e-02
9.727463126182556152e-01,4.215085983276367188e+00,1.220705453306436539e-02,-9.050995111465454102e-02
1.142179608345031738e+00,4.201819896697998047e+00,-1.402547359466552734e-01,-4.580546170473098755e-02
1.123665690422058105e+00,4.109219074249267578e+00,2.235742285847663879e-03,-9.575039893388748169e-02
8.978976607322692871e-01,4.013283252716064453e+00,-9.879380464553833008e-02,-1.005805432796478271e-01
1.186416149139404297e+00,4.443860054016113281e+00,-1.710633188486099243e-01,-3.621377795934677124e-02
6.355784535408020020e-01,3.609560966491699219e+00,-7.175081968307495117e-02,-4.782720282673835754e-02
1.038181781768798828e+00,3.489251613616943359e+00,-5.973906815052032471e-02,-6.738882511854171753e-02
9.602677822113037109e-01,3.596161127090454102e+00,-6.518969684839248657e-02,9.609293192625045776e-02
1.142273426055908203e+00,4.123324871063232422e+00,-1.573196798563003540e-01,-8.291378617286682129e-03
7.700012326240539551e-01,3.893989324569702148e+00,7.666069082915782928e-03,-2.565377578139305115e-02
1.245690107345581055e+00,4.675209999084472656e+00,-1.469371020793914795e-01,4.906506463885307312e-02
6.235995888710021973e-01,3.573424816131591797e+00,-2.346590347588062286e-02,6.311839679256081581e-04
1.334669470787048340e+00,4.046563625335693359e+00,-5.558941513299942017e-03,-5.492265149950981140e-02
1.041233420372009277e+00,3.730334997177124023e+00,-6.284296512603759766e-02,6.907103210687637329e-02
1.298782467842102051e+00,3.983367443084716797e+00,-1.154764667153358459e-01,4.703157022595405579e-02
1.169671416282653809e+00,3.847657442092895508e+00,-9.050900489091873169e-02,4.517457261681556702e-02
1.166796684265136719e+00,3.974672555923461914e+00,-1.000068411231040955e-01,-6.413186341524124146e-02
1.643563747406005859e+00,4.330399513244628906e+00,3.826647764071822166e-03,2.179238200187683105e-02
1.193744659423828125e+00,4.916377544403076172e+00,2.420205064117908478e-02,6.000415235757827759e-02
1.060097694396972656e+00,4.750555038452148438e+00,-2.891248650848865509e-02,6.422883272171020508e-02
1.060364007949829102e+00,3.723569869995117188e+00,-7.922100275754928589e-02,7.547344267368316650e-02
1.035951375961303711e+00,5.004671096801757812e+00,-5.414210632443428040e-02,-1.203694846481084824e-04
1.532435774803161621e+00,4.603346824645996094e+00,-1.178243607282638550e-01,2.191915921866893768e-02
9.952096939086914062e-01,4.156302928924560547e+00,4.429303854703903198e-02,7.820397615432739258e-03
1.104121446609497070e+00,4.298678874969482422e+00,-1.266394853591918945e-01,-8.988669514656066895e-02
7.844443917274475098e-01,4.252770423889160156e+00,4.646390210837125778e-03,5.415675416588783264e-02
8.309828042984008789e-01,3.012378692626953125e+00,6.261192262172698975e-03,-3.569239750504493713e-02
1.576279401779174805e+00,4.293456077575683594e+00,-1.695873774588108063e-02,6.608207523822784424e-02
9.859015345573425293e-01,3.861014127731323242e+00,4.975507408380508423e-02,-6.287176907062530518e-02
1.178406476974487305e+00,3.836380958557128906e+00,-7.004605978727340698e-02,-6.753424555063247681e-02
1.061669707298278809e+00,3.568511962890625000e+00,-6.371407210826873779e-02,6.245855614542961121e-02
1.145051717758178711e+00,4.439627647399902344e+00,-5.794433131814002991e-02,-9.786347299814224243e-02
7.043753862380981445e-01,3.840764999389648438e+00,-2.360705845057964325e-02,4.457159712910652161e-02
8.138889074325561523e-01,3.617830514907836914e+00,-1.472005844116210938e-01,-6.826611608266830444e-02
1.639135360717773438e+00,5.272003173828125000e+00,-1.088726073503494263e-01,-6.469146907329559326e-02
8.047889471054077148e-01,3.758677721023559570e+00,-4.074512515217065811e-03,1.080500185489654541e-01
1.606260895729064941e+00,4.496059894561767578e+00,-9.486593189649283886e-04,4.372847080230712891e-02
1.463112354278564453e+00,4.151728153228759766e+00,-5.197660624980926514e-02,-7.544893026351928711e-02
1.124131560325622559e+00,4.193800449371337891e+00,-1.073218137025833130e-01,-1.069450601935386658e-01
1.412028312683105469e+00,3.900193214416503906e+00,-3.953022882342338562e-02,-2.131819725036621094e-03
9.450660347938537598e-01,3.823807239532470703e+00,-8.840425312519073486e-02,1.038730740547180176e-01
7.963659167289733887e-01,3.173699378967285156e+00,-1.471997350454330444e-01,-2.224693307653069496e-03
8.190575242042541504e-01,4.080536365509033203e+00,2.865186147391796112e-02,-5.589389801025390625e-02
1.944971084594726562e+00,4.789238452911376953e+00,-5.183626338839530945e-02,-2.091217972338199615e-02
1.104365944862365723e+00,3.644438028335571289e+00,-3.099111467599868774e-02,-1.480569504201412201e-02
1.216861486434936523e+00,5.424403667449951172e+00,-9.922967851161956787e-02,-2.064428292214870453e-03
9.156756997108459473e-01,4.170743942260742188e+00,-1.488204300403594971e-01,2.491634897887706757e-02
7.446565032005310059e-01,3.357607364654541016e+00,9.517757222056388855e-03,5.893532931804656982e-02
1.521605372428894043e+00,4.670468807220458984e+00,3.056614287197589874e-02,8.521346002817153931e-02
1.029746174812316895e+00,4.111155986785888672e+00,-8.270281553268432617e-02,1.034908443689346313e-01
1.321393609046936035e+00,3.881577253341674805e+00,-3.250191733241081238e-02,-6.181419268250465393e-02
1.128316521644592285e+00,3.686200380325317383e+00,-7.288416381925344467e-03,8.425562828779220581e-02
1.015434741973876953e+00,3.909202098846435547e+00,-2.012002654373645782e-02,1.153097227215766907e-01
6.389597654342651367e-01,3.033967971801757812e+00,3.614219278097152710e-02,2.185493707656860352e-02
1.441949248313903809e+00,4.613621711730957031e+00,-1.588350385427474976e-01,7.789505179971456528e-03
7.803177833557128906e-01,2.975533962249755859e+00,-1.403683871030807495e-01,1.251995284110307693e-02
1.611560106277465820e+00,4.318264007568359375e+00,-8.955986052751541138e-02,5.925970524549484253e-02
1.058519840240478516e+00,4.791156291961669922e+00,5.334159359335899353e-02,2.839886210858821869e-02
1.409827947616577148e+00,4.174291133880615234e+00,3.529756516218185425e-02,7.079486269503831863e-03
1.149561762809753418e+00,4.186510086059570312e+00,1.274318527430295944e-02,8.960688859224319458e-02
1.422250270843505859e+00,4.241089820861816406e+00,-3.943707048892974854e-02,-5.389317125082015991e-02
1.578688383102416992e+00,4.758012294769287109e+00,1.026453822851181030e-02,-9.383819997310638428e-02
1.133195996284484863e+00,4.308609485626220703e+00,-1.620963960886001587e-01,9.889993816614151001e-04
7.220484018325805664e-01,3.960195302963256836e+00,-1.066554114222526550e-01,-6.409884989261627197e-02
1.281830787658691406e+00,4.120631217956542969e+00,-2.718446776270866394e-03,-3.376551344990730286e-02
9.446203112602233887e-01,3.554753780364990234e+00,-1.329672932624816895e-01,1.303668227046728134e-02
9.678398370742797852e-01,5.002770423889160156e+00,-7.909325510263442993e-02,4.720645397901535034e-02
9.555392861366271973e-01,4.219443321228027344e+00,-2.506688982248306274e-02,-9.360302239656448364e-02
8.302774429321289062e-01,4.116983890533447266e+00,-8.300850540399551392e-02,-7.162650674581527710e-02
1.280302166938781738e+00,4.772516250610351562e+00,3.801874071359634399e-02,-6.578053534030914307e-02
7.752668857574462891e-01,3.527697324752807617e+00,-4.587323591113090515e-02,8.473882079124450684e-02
1.293426632881164551e+00,4.801042556762695312e+00,-1.371576637029647827e-01,4.224015027284622192e-02
1.173483729362487793e+00,4.035648345947265625e+00,-2.341056056320667267e-02,-9.588566422462463379e-02
8.432084918022155762e-01,3.796775102615356445e+00,-9.113971889019012451e-02,-8.031177520751953125e-02
1.389340758323669434e+00,4.195808410644531250e+00,-8.680650591850280762e-02,-4.549025092273950577e-03
1.664851307868957520e+00,4.918516159057617188e+00,4.686690121889114380e-02,-6.234538182616233826e-02
1.052847027778625488e+00,3.492563486099243164e+00,-1.897838711738586426e-02,-5.547271296381950378e-02
9.177637696266174316e-01,4.131066322326660156e+00,-4.085734859108924866e-02,1.087660416960716248e-01
1.031255006790161133e+00,4.365919113159179688e+00,-1.459830850362777710e-01,4.413358867168426514e-02
8.849893212318420410e-01,3.187645435333251953e+00,-1.318469494581222534e-01,-1.098500215448439121e-03
1.159357905387878418e+00,4.060690402984619141e+00,2.912021800875663757e-02,4.968559369444847107e-02
8.116434812545776367e-01,3.600521326065063477e+00,6.466164253652095795e-03,-1.109721884131431580e-01
9.665857553482055664e-01,3.949284315109252930e+00,-3.429678827524185181e-02,-1.126468703150749207e-01
9.797592759132385254e-01,4.269937992095947266e+00,-7.988763600587844849e-02,7.977706193923950195e-02
7.918215990066528320e-01,3.783581733703613281e+00,-5.974661558866500854e-02,8.854334056377410889e-02
1.387496352195739746e+00,4.067094802856445312e+00,-5.199002474546432495e-02,7.779049128293991089e-02
1.359560966491699219e+00,4.289813041687011719e+00,-1.296751052141189575e-01,-2.205187454819679260e-02
9.120467901229858398e-01,3.593432188034057617e+00,-1.467681117355823517e-02,1.004295498132705688e-01
1.127245783805847168e+00,3.999267578125000000e+00,-8.920153975486755371e-02,1.026216149330139160e-01
7.343990206718444824e-01,3.968287229537963867e+00,-1.195401176810264587e-01,6.424726545810699463e-02
1.185649633407592773e+00,4.052846431732177734e+00,-8.056688308715820312e-02,7.484475523233413696e-02
1.674514174461364746e+00,4.923904418945312500e+00,1.755338907241821289e-02,3.156081959605216980e-02
1.366314530372619629e+00,4.264347076416015625e+00,-1.655105128884315491e-02,8.926659822463989258e-02
1.503720521926879883e+00,4.532797813415527344e+00,1.329788845032453537e-02,8.123170584440231323e-02
1.238224983215332031e+00,3.665904998779296875e+00,-8.940599113702774048e-02,2.365015260875225067e-02
1.605250954627990723e+00,4.660638809204101562e+00,-1.348006818443536758e-02,4.765536636114120483e-02
1.128530740737915039e+00,4.091863632202148438e+00,-5.112503096461296082e-02,1.212589368224143982e-01
1.099500417709350586e+00,4.119949817657470703e+00,-1.316438168287277222e-01,5.113565549254417419e-02
9.988814592361450195e-01,4.005829811096191406e+00,-1.440155357122421265e-01,8.388409018516540527e-02
8.969168663024902344e-01,4.092480659484863281e+00,5.838995426893234253e-02,2.261941321194171906e-02
7.351353168487548828e-01,4.065782546997070312e+00,-1.236125379800796509e-01,4.346551373600959778e-02
1.073414087295532227e+00,5.042352199554443359e+00,-2.799354493618011475e-02,1.964189484715461731e-02
1.145661950111389160e+00,4.302031517028808594e+00,-1.497738957405090332e-01,-1.664547994732856750e-02
1.196177721023559570e+00,4.193617343902587891e+00,-8.658497035503387451e-02,1.076464876532554626e-01
8.279794454574584961e-01,4.135515213012695312e+00,2.085988037288188934e-02,6.706835329532623291e-02
8.274205327033996582e-01,4.197175502777099609e+00,-7.173359394073486328e-02,5.067766085267066956e-02
1.935487866401672363e+00,4.577253818511962891e+00,-3.639855980873107910e-02,-1.350375916808843613e-02
8.479127287864685059e-01,3.957524061203002930e+00,-3.852857649326324463e-02,-1.238981038331985474e-01
7.869916558265686035e-01,3.611673831939697266e+00,4.326500743627548218e-02,-3.183893859386444092e-02
1.185968518257141113e+00,4.476538181304931641e+00,-6.986026465892791748e-02,1.099597960710525513e-01
9.511331319808959961e-01,4.014103412628173828e+00,3.289036080241203308e-02,8.987584710121154785e-02
8.020958304405212402e-01,2.943015098571777344e+00,-7.680103182792663574e-03,-5.119409412145614624e-02
1.221408128738403320e+00,4.446264743804931641e+00,-6.493011116981506348e-02,1.134276390075683594e-01
1.235015511512756348e+00,4.559860706329345703e+00,-4.300727322697639465e-02,-1.265754103660583496e-01
9.160751104354858398e-01,4.050222396850585938e+00,1.765221171081066132e-02,9.646541625261306763e-02
1.530385136604309082e+00,4.644850730895996094e+00,4.078973457217216492e-02,2.534297853708267212e-02
1.171597242355346680e+00,3.806723594665527344e+00,-3.061500564217567444e-02,3.567883372306823730e-02
7.706013917922973633e-01,3.225050210952758789e+00,-9.253711253404617310e-02,8.477744460105895996e-02
8.774651885032653809e-01,3.814499378204345703e+00,-2.534304559230804443e-02,1.261036694049835205e-01
1.354204654693603516e+00,4.288391590118408203e+00,-1.209652945399284363e-01,7.331253588199615479e-02
9.876535534858703613e-01,4.244132995605468750e+00,-1.025546342134475708e-01,1.132849529385566711e-01
9.348414540290832520e-01,3.767566680908203125e+00,9.360891766846179962e-03,9.989749640226364136e-02
9.727534055709838867e-01,3.957438230514526367e+00,-4.638374969363212585e-02,1.007744818925857544e-01
1.558105707168579102e+00,5.079597473144531250e+00,-1.613158881664276123e-01,3.380552306771278381e-02
1.115517854690551758e+00,4.547291755676269531e+00,-1.396437436342239380e-01,4.646120592951774597e-03
1.129218339920043945e+00,4.382716655731201172e+00,4.827464744448661804e-02,7.896621711552143097e-03
1.424710631370544434e+00,5.200228691101074219e+00,1.995143666863441467e-02,9.640429168939590454e-02
1.220615386962890625e+00,4.485155105590820312e+00,-1.538903564214706421e-01,3.468273952603340149e-02
1.039381027221679688e+00,4.179543495178222656e+00,-1.399444490671157837e-01,-5.300851166248321533e-02
1.260612607002258301e+00,4.577980995178222656e+00,-9.129098802804946899e-02,7.783725857734680176e-02
1.071148157119750977e+00,3.589865446090698242e+00,-5.151402950286865234e-02,5.550793185830116272e-02
9.585282206535339355e-01,4.644524097442626953e+00,-9.867016971111297607e-02,-3.947981819510459900e-02
1.064889430999755859e+00,4.360423564910888672e+00,-1.615725904703140259e-01,-4.552700370550155640e-02
1.112135052680969238e+00,3.563946962356567383e+00,-9.581559896469116211e-02,-3.000276163220405579e-02
8.638095259666442871e-01,4.184324264526367188e+00,-4.266668856143951416e-02,-6.729719042778015137e-02
1.519880414009094238e+00,4.414608478546142578e+00,-1.285610049962997437e-01,5.359638854861259460e-02
1.258950710296630859e+00,4.072442531585693359e+00,-9.464494884014129639e-02,-4.522364959120750427e-02
9.770300984382629395e-01,3.526607513427734375e+00,-1.087572649121284485e-01,4.749627411365509033e-02
9.043183326721191406e-01,3.926867723464965820e+00,-6.296169012784957886e-02,-1.124767065048217773e-01
6.041967272758483887e-01,3.485926866531372070e+00,-5.180981382727622986e-02,-1.168329734355211258e-02
1.509598731994628906e+00,4.924407005310058594e+00,4.098956286907196045e-02,2.745009399950504303e-02
1.024572849273681641e+00,3.218658924102783203e+00,-7.766675204038619995e-02,-4.270179662853479385e-03
1.624009013175964355e+00,4.318457603454589844e+00,-7.078523933887481689e-02,-6.378647685050964355e-02
1.328932404518127441e+00,4.710095405578613281e+00,-1.178357601165771484e-01,-7.361891120672225952e-02
1.832353711128234863e+00,4.717677593231201172e+00,-1.108786240220069885e-01,-2.513244049623608589e-03
1.443087220191955566e+00,4.722869873046875000e+00,4.123048856854438782e-02,-2.211358398199081421e-03
1.188644409179687500e+00,4.114317893981933594e+00,-6.853905320167541504e-02,1.061959713697433472e-01
8.509624600410461426e-01,4.382240772247314453e+00,-3.959542885422706604e-02,2.555710077285766602e-02
1.240828633308410645e+00,3.766942977905273438e+00,-7.988930493593215942e-02,1.526991836726665497e-02
1.190532088279724121e+00,4.138033866882324219e+00,-8.224399643950164318e-04,6.629218906164169312e-02
1.027924537658691406e+00,4.701986789703369141e+00,-2.970006316900253296e-02,8.451513946056365967e-02
1.430917501449584961e+00,4.173325538635253906e+00,-9.706500917673110962e-02,6.364133954048156738e-02
6.532298326492309570e-01,3.657321453094482422e+00,-9.178878366947174072e-02,8.325321599841117859e-03
1.111415147781372070e+00,4.684127330780029297e+00,3.585615009069442749e-02,-5.526610836386680603e-02
1.151334881782531738e+00,4.593073844909667969e+00,5.031082779169082642e-02,2.759471349418163300e-02
1.074441313743591309e+00,4.401857376098632812e+00,-3.080580011010169983e-02,9.684351831674575806e-02
8.806943297386169434e-01,4.456034183502197266e+00,-7.751652598381042480e-02,-6.773739308118820190e-02
6.975417733192443848e-01,3.801914691925048828e+00,-1.124533787369728088e-01,-3.799680620431900024e-02
7.360821366310119629e-01,3.290513515472412109e+00,2.662768401205539703e-02,-1.572468318045139313e-02
1.315055370330810547e+00,4.021589279174804688e+00,-5.324139446020126343e-02,-7.126171886920928955e-02
1.741597771644592285e+00,4.537254810333251953e+00,-1.240123584866523743e-01,4.321797750890254974e-03
1.322873950004577637e+00,3.987811565399169922e+00,-7.908125966787338257e-02,-4.739937931299209595e-02
1.229024887084960938e+00,4.111164093017578125e+00,-1.234121024608612061e-01,-6.073770672082901001e-02
1.134907245635986328e+00,3.739831924438476562e+00,-2.474249526858329773e-02,-7.728570699691772461e-02
7.086782455444335938e-01,3.912550687789916992e+00,-5.054320022463798523e-02,4.938457161188125610e-02
7.597810029983520508e-01,3.203911542892456055e+00,3.895368054509162903e-02,4.673918336629867554e-02
1.797289609909057617e+00,4.862824440002441406e+00,-8.870618790388107300e-02,-1.544926129281520844e-02
9.560438394546508789e-01,4.417974472045898438e+00,-1.455941945314407349e-01,6.161326542496681213e-02
1.351299405097961426e+00,3.874519824981689453e+00,-6.179288029670715332e-02,4.302652180194854736e-02
1.042436957359313965e+00,4.321127891540527344e+00,2.005785517394542694e-02,-1.082718744874000549e-01
9.194170236587524414e-01,3.949945926666259766e+00,-1.638259738683700562e-01,5.872070789337158203e-02
1.407640457153320312e+00,4.771129608154296875e+00,-1.386432256549596786e-02,1.084501966834068298e-01
1.306259155273437500e+00,4.338765144348144531e+00,3.967362642288208008e-02,-6.745350360870361328e-02
1.083232045173645020e+00,4.504767894744873047e+00,-1.051480397582054138e-01,-7.094082236289978027e-02
1.002436518669128418e+00,3.891876697540283203e+00,2.599316649138927460e-02,5.962397530674934387e-02
1.391224980354309082e+00,4.155955314636230469e+00,-7.045060396194458008e-02,4.465797916054725647e-02
1.043784379959106445e+00,4.486331462860107422e+00,3.147369995713233948e-02,7.375247776508331299e-02
1.265120029449462891e+00,3.953105449676513672e+00,-3.688377514481544495e-02,5.611186847090721130e-02
1.187962412834167480e+00,4.591496467590332031e+00,3.363281115889549255e-02,-1.865999586880207062e-02
1.600643634796142578e+00,4.739682197570800781e+00,-6.357551366090774536e-02,-9.117607027292251587e-02
7.612604498863220215e-01,3.406250000000000000e+00,-1.534041017293930054e-01,3.118013218045234680e-02
1.185627460479736328e+00,4.385296344757080078e+00,-3.366244584321975708e-02,-1.221811547875404358e-01
1.410580277442932129e+00,3.936621665954589844e+00,-5.880320444703102112e-02,-1.516249775886535645e-02
1.133836865425109863e+00,4.868207454681396484e+00,-5.396480485796928406e-02,1.107466220855712891e-01
9.607268571853637695e-01,3.789174318313598633e+00,1.639198511838912964e-02,-7.018893957138061523e-02
1.962944269180297852e+00,4.924446582794189453e+00,-3.407363593578338623e-02,-4.388245195150375366e-02
1.311822772026062012e+00,3.936531782150268555e+00,-1.066594794392585754e-01,-3.487715497612953186e-02
9.806258082389831543e-01,4.113152980804443359e+00,3.817738592624664307e-02,-1.484366226941347122e-02
1.480074644088745117e+00,5.109212875366210938e+00,5.727464705705642700e-02,-8.351799100637435913e-03
8.348135948181152344e-01,3.917010307312011719e+00,-1.635815948247909546e-01,-2.787809818983078003e-02
1.276077032089233398e+00,4.334087848663330078e+00,-2.158428914844989777e-02,-1.076832711696624756e-01
1.433065533638000488e+00,4.235081195831298828e+00,-3.260994702577590942e-02,6.162905693054199219e-02
1.360914945602416992e+00,4.136422157287597656e+00,3.662636876106262207e-02,-4.136817902326583862e-02
1.037405371665954590e+00,4.043653488159179688e+00,2.736371941864490509e-02,1.041635572910308838e-01
1.329856276512145996e+00,4.206821441650390625e+00,4.998188838362693787e-02,-3.606178238987922668e-02
1.344065070152282715e+00,4.223266124725341797e+00,-1.409515738487243652e-01,2.089582569897174835e-02
9.835390448570251465e-01,3.728909015655517578e+00,5.408162996172904968e-02,1.123990863561630249e-02
1.027742028236389160e+00,3.951484918594360352e+00,4.814964905381202698e-02,-7.832705229520797729e-02
9.284240603446960449e-01,3.050666332244873047e+00,-6.484635174274444580e-02,4.242014512419700623e-02
1.665551662445068359e+00,4.775589942932128906e+00,-6.199552491307258606e-02,-7.808952033519744873e-02
1.711909294128417969e+00,5.050013065338134766e+00,-1.063586398959159851e-01,-4.725292697548866272e-02
1.111504793167114258e+00,3.967896223068237305e+00,-7.607705146074295044e-02,-1.153010576963424683e-01
1.035312533378601074e+00,4.490918159484863281e+00,3.408931195735931396e-02,-1.775543764233589172e-02
1.498054981231689453e+00,4.265908718109130859e+00,-7.401712983846664429e-02,4.045997560024261475e-02
1.032096624374389648e+00,3.832623958587646484e+00,-8.378132432699203491e-02,-9.475681185722351074e-02
1.634808421134948730e+00,4.188883781433105469e+00,-5.973926931619644165e-02,4.430950619280338287e-03
9.267975091934204102e-01,3.883024930953979492e+00,-1.563489586114883423e-01,2.598749846220016479e-02
8.356620073318481445e-01,3.637947797775268555e+00,-1.707323342561721802e-01,-1.722572743892669678e-02
7.147558927536010742e-01,3.583223104476928711e+00,6.668357551097869873e-02,6.403309293091297150e-03
1.268561720848083496e+00,3.983572483062744141e+00,-1.229832135140895844e-02,-2.563670091331005096e-02
1.067394971847534180e+00,4.386033058166503906e+00,7.270693778991699219e-02,-2.690101601183414459e-02
1.175684809684753418e+00,4.161523342132568359e+00,4.841972887516021729e-02,7.376768440008163452e-02
1.805913686752319336e+00,4.715439796447753906e+00,-3.186684101819992065e-02,-6.925068050622940063e-02
7.539554834365844727e-01,3.419747114181518555e+00,-4.333647713065147400e-02,8.113350719213485718e-02
1.762406349182128906e+00,4.603598117828369141e+00,-3.815888240933418274e-02,6.489836145192384720e-03
1.177403688430786133e+00,4.536813259124755859e+00,-1.243244260549545288e-01,-8.401469886302947998e-02
1.318740725517272949e+00,3.922707319259643555e+00,-1.545267878100275993e-03,-2.501201629638671875e-02
9.394052624702453613e-01,4.799861907958984375e+00,-8.664309978485107422e-02,1.408259756863117218e-02
1.507135510444641113e+00,4.261950016021728516e+00,-1.120878104120492935e-02,3.653984889388084412e-02
9.660205245018005371e-01,4.041579723358154297e+00,2.702711522579193115e-02,-8.738946914672851562e-02
1.195519804954528809e+00,5.317200660705566406e+00,-9.124296158552169800e-02,1.477643661201000214e-02
8.393967151641845703e-01,3.902611970901489258e+00,-1.118141934275627136e-01,7.574133574962615967e-02
1.526548743247985840e+00,4.846201419830322266e+00,-1.222592443227767944e-01,-5.593656376004219055e-02
1.130257487297058105e+00,3.706814765930175781e+00,-9.053368121385574341e-02,2.164524793624877930e-02
1.676556944847106934e+00,4.607254505157470703e+00,1.897710748016834259e-02,2.160898409783840179e-02
1.106074213981628418e+00,3.916757583618164062e+00,-1.199796125292778015e-01,-6.946533918380737305e-02
1.105246305465698242e+00,4.356369018554687500e+00,-1.561958789825439453e-01,6.214194372296333313e-02
7.929781079292297363e-01,4.037759780883789062e+00,3.655073046684265137e-02,-6.350281834602355957e-02
1.339627861976623535e+00,5.080552101135253906e+00,-1.349753290414810181e-01,-2.514742314815521240e-02
1.371453642845153809e+00,4.132982730865478516e+00,1.050066668540239334e-02,-4.388682544231414795e-02
1.409007072448730469e+00,4.510735988616943359e+00,-1.367556005716323853e-01,4.271375760436058044e-02
1.016674876213073730e+00,3.509652376174926758e+00,-7.705996744334697723e-03,-4.379413276910781860e-02
1.934746384620666504e+00,4.643429756164550781e+00,-5.106259509921073914e-02,-2.112026140093803406e-02
1.252008795738220215e+00,4.095837593078613281e+00,-1.187183931469917297e-01,3.600778803229331970e-02
8.781816959381103516e-01,4.267141819000244141e+00,-9.123775362968444824e-02,7.367062568664550781e-02
1.825319409370422363e+00,4.635409355163574219e+00,-2.316538803279399872e-02,6.257637590169906616e-02
1.608713388442993164e+00,4.460740089416503906e+00,-1.072866767644882202e-01,-4.875976592302322388e-02
9.204916357994079590e-01,4.653365612030029297e+00,-4.725077375769615173e-02,-1.923643611371517181e-02
1.512426018714904785e+00,4.346862792968750000e+00,2.968475455418229103e-03,-6.395181268453598022e-02
9.512964487075805664e-01,3.884706735610961914e+00,-7.104368507862091064e-02,9.492135047912597656e-02
1.122004985809326172e+00,4.183667182922363281e+00,-1.475758999586105347e-01,2.076018229126930237e-02
1.028911948204040527e+00,4.401825428009033203e+00,-1.412121653556823730e-01,7.797226309776306152e-02
8.657145500183105469e-01,4.354317188262939453e+00,-4.440942779183387756e-02,8.837565034627914429e-02
9.086629748344421387e-01,4.545522689819335938e+00,2.656297385692596436e-02,-1.393580157309770584e-02
8.275220990180969238e-01,4.027939319610595703e+00,-1.837377320043742657e-03,-6.078712269663810730e-02
9.609856009483337402e-01,4.478482246398925781e+00,-1.479019373655319214e-01,1.951401121914386749e-02
9.528539776802062988e-01,3.774641275405883789e+00,5.402978509664535522e-02,2.090898901224136353e-02
1.039089202880859375e+00,3.881764411926269531e+00,-4.258807003498077393e-02,8.105006814002990723e-02
8.425192236900329590e-01,3.467949867248535156e+00,-1.442336142063140869e-01,-1.429852098226547241e-02
1.054892182350158691e+00,3.806494951248168945e+00,2.265398018062114716e-02,9.913068264722824097e-02
7.866843938827514648e-01,3.656890392303466797e+00,5.663075298070907593e-02,5.758594349026679993e-02
1.684776306152343750e+00,4.640639781951904297e+00,-9.716121107339859009e-02,8.911715447902679443e-02
1.809121131896972656e+00,5.697643280029296875e+00,1.880303211510181427e-02,-4.712980985641479492e-02
1.334432482719421387e+00,4.206553936004638672e+00,-1.097442135214805603e-01,4.219465330243110657e-02
1.607198238372802734e+00,4.482057094573974609e+00,-1.062159985303878784e-01,-7.917331159114837646e-02
1.208754181861877441e+00,4.714167594909667969e+00,-1.462475061416625977e-01,-4.882225394248962402e-02
7.678108811378479004e-01,4.009608268737792969e+00,-1.263175308704376221e-01,-6.089752167463302612e-02
1.252027392387390137e+00,3.930154561996459961e+00,-3.625068813562393188e-02,-5.570920556783676147e-02
6.498872041702270508e-01,3.342794418334960938e+00,-2.441795310005545616e-03,3.632229939103126526e-02
1.488117456436157227e+00,4.382944107055664062e+00,-2.249157615005970001e-02,-3.413505479693412781e-02
1.618619441986083984e+00,4.499092578887939453e+00,-8.207783848047256470e-02,6.695916503667831421e-02
1.032435655593872070e+00,4.517128467559814453e+00,-1.343274116516113281e-01,5.617873743176460266e-02
1.432173848152160645e+00,3.966425657272338867e+00,-8.758443593978881836e-02,1.400468521751463413e-03
1.816255688667297363e+00,4.594724655151367188e+00,-1.034369394183158875e-01,-4.796711355447769165e-02
1.485089063644409180e+00,4.362686634063720703e+00,-1.067835167050361633e-01,-5.920648202300071716e-02
1.965680003166198730e+00,4.822796821594238281e+00,-9.178760461509227753e-03,8.213985711336135864e-03
1.144853949546813965e+00,4.310771465301513672e+00,-2.254367433488368988e-02,-1.242369785904884338e-01
1.926756739616394043e+00,5.192299842834472656e+00,-9.751354344189167023e-03,4.909186810255050659e-02
1.255231499671936035e+00,3.929617881774902344e+00,-9.747290611267089844e-02,3.400829061865806580e-02
1.440768480300903320e+00,5.335522174835205078e+00,-6.437698006629943848e-02,-1.127594262361526489e-01
1.406803488731384277e+00,4.294507980346679688e+00,-8.509521186351776123e-02,-4.685867205262184143e-02
9.110896587371826172e-01,4.408864974975585938e+00,-5.922241136431694031e-02,-7.349671423435211182e-02
1.228910088539123535e+00,3.681103229522705078e+00,-7.829608023166656494e-02,-4.060591757297515869e-02
1.180764913558959961e+00,3.824224233627319336e+00,3.091471083462238312e-02,3.685334324836730957e-02
1.050294637680053711e+00,4.279736995697021484e+00,-1.359914392232894897e-01,5.046525225043296814e-02
1.152082681655883789e+00,4.294414520263671875e+00,-1.302482485771179199e-01,9.791592508554458618e-02
9.611573815345764160e-01,4.476316928863525391e+00,2.065334096550941467e-02,1.900122500956058502e-02
1.582831859588623047e+00,4.985831737518310547e+00,5.640044435858726501e-02,9.441161528229713440e-03
8.209912180900573730e-01,4.146723270416259766e+00,-8.731509745121002197e-02,9.522921591997146606e-02
1.202189683914184570e+00,3.942308187484741211e+00,-8.150416612625122070e-02,6.837833672761917114e-02
1.472292661666870117e+00,4.374394893646240234e+00,-3.441447764635086060e-02,8.224833011627197266e-02
8.272729516029357910e-01,3.617616176605224609e+00,-5.417549982666969299e-02,9.090913832187652588e-02
1.194390058517456055e+00,3.742758512496948242e+00,-3.736175224184989929e-02,2.529934607446193695e-02
1.127911686897277832e+00,4.960510730743408203e+00,5.558402836322784424e-02,-2.127227187156677246e-02
9.927604198455810547e-01,3.907490253448486328e+00,9.525872766971588135e-03,1.167124509811401367e-01
1.193599939346313477e+00,4.406395435333251953e+00,-9.465332143008708954e-03,-7.590256631374359131e-02
6.354163885116577148e-01,3.716986417770385742e+00,-8.942969888448715210e-02,-1.863439753651618958e-02
1.108483076095581055e+00,4.706818103790283203e+00,-2.079855091869831085e-02,8.007085323333740234e-02
1.283774018287658691e+00,3.949064016342163086e+00,-3.992472589015960693e-02,6.531864404678344727e-02
8.857198357582092285e-01,3.374965667724609375e+00,-1.045064404606819153e-01,8.768656104803085327e-02
1.272409915924072266e+00,5.129979133605957031e+00,-1.145260781049728394e-01,7.091931998729705811e-02
1.045244932174682617e+00,4.487835884094238281e+00,-1.534676402807235718e-01,-2.513772994279861450e-02
1.444095969200134277e+00,4.658227920532226562e+00,-9.527790546417236328e-02,-6.771835684776306152e-02
6.872810721397399902e-01,3.597937107086181641e+00,1.016309112310409546e-02,-8.177793025970458984e-02
8.250135779380798340e-01,3.932075738906860352e+00,-4.206786304712295532e-02,-8.068421483039855957e-02
8.072696328163146973e-01,3.127584934234619141e+00,3.034150414168834686e-02,5.387841537594795227e-02
1.266564249992370605e+00,3.957963228225708008e+00,-2.332734316587448120e-02,-1.674715662375092506e-03
1.148165345191955566e+00,4.685091495513916016e+00,-1.393196433782577515e-01,-5.425122752785682678e-02
9.280700087547302246e-01,4.231519222259521484e+00,-6.292794644832611084e-02,7.928027212619781494e-02
1.207714200019836426e+00,4.519724845886230469e+00,3.620977699756622314e-02,1.104067265987396240e-02
1.013871550559997559e+00,3.795364379882812500e+00,-1.573325544595718384e-01,3.055479191243648529e-02
1.251446604728698730e+00,3.878936290740966797e+00,-4.958673566579818726e-02,4.877300187945365906e-02
7.802743315696716309e-01,4.057418823242187500e+00,-4.565160349011421204e-02,4.895872622728347778e-02
9.629275202751159668e-01,3.637145996093750000e+00,5.136724188923835754e-02,-1.034324709326028824e-02
9.943571090698242188e-01,3.805452585220336914e+00,6.535949651151895523e-04,1.169018819928169250e-01
1.625130653381347656e+00,4.519602775573730469e+00,-4.450441896915435791e-02,-4.293137788772583008e-02
9.292607903480529785e-01,4.400867462158203125e+00,1.505386922508478165e-02,-6.397689133882522583e-02
1.648240923881530762e+00,4.695044994354248047e+00,-3.348688036203384399e-02,-6.729176640510559082e-02
6.786611676216125488e-01,3.662647247314453125e+00,5.143515020608901978e-02,2.026851143455132842e-04
9.978005290031433105e-01,3.961397886276245117e+00,-1.548915356397628784e-01,3.779301792383193970e-02
9.198818802833557129e-01,3.353835582733154297e+00,-1.522424966096878052e-01,-4.557159915566444397e-02
1.242034554481506348e+00,4.572293758392333984e+00,7.091710716485977173e-02,1.440527476370334625e-02
7.138410806655883789e-01,3.780977010726928711e+00,-7.222504913806915283e-02,-1.702661812305450439e-02
1.439593195915222168e+00,4.735092639923095703e+00,-8.941892534494400024e-02,-8.397447317838668823e-02
9.409072995185852051e-01,4.214741230010986328e+00,3.309143334627151489e-02,3.016206994652748108e-02
8.271297216415405273e-01,4.039179325103759766e+00,-5.583091825246810913e-02,1.016216874122619629e-01
1.060766100883483887e+00,3.885772705078125000e+00,-1.339377313852310181e-01,-8.778972178697586060e-02
1.027244925498962402e+00,4.243920803070068359e+00,3.420529887080192566e-02,1.637649722397327423e-02
1.567107915878295898e+00,4.344001770019531250e+00,1.851597614586353302e-02,-2.585734240710735321e-02
8.123514056205749512e-01,4.204809665679931641e+00,-1.006387099623680115e-01,6.845355033874511719e-02
7.807797193527221680e-01,3.347961902618408203e+00,-1.979578658938407898e-02,-7.788956165313720703e-02
1.125419616699218750e+00,3.820414781570434570e+00,-2.089926227927207947e-02,8.580788224935531616e-02
1.411730051040649414e+00,4.569420814514160156e+00,-1.278391629457473755e-01,8.865645527839660645e-02
1.125218629837036133e+00,3.842091560363769531e+00,-1.048134267330169678e-01,-2.779862470924854279e-02
1.974639415740966797e+00,4.938925266265869141e+00,-6.942434608936309814e-02,-1.110817492008209229e-02
8.785973787307739258e-01,3.204377412796020508e+00,-5.268672853708267212e-02,-6.689810007810592651e-02
1.696363568305969238e+00,4.531463146209716797e+00,-1.021651104092597961e-01,-6.023687869310379028e-02
1.357483267784118652e+00,4.666448593139648438e+00,-1.473253667354583740e-01,-2.522611618041992188e-02
1.368147134780883789e+00,4.319074153900146484e+00,-2.813798747956752777e-02,7.061870396137237549e-02
1.360417008399963379e+00,4.474378108978271484e+00,-9.121330082416534424e-02,1.115259900689125061e-01
9.270080327987670898e-01,4.261171340942382812e+00,-9.460446238517761230e-02,-1.126401647925376892e-01
6.772084832191467285e-01,3.501763105392456055e+00,-5.667819082736968994e-02,-1.048874706029891968e-01
7.847672700881958008e-01,4.288136482238769531e+00,-7.252510637044906616e-02,2.221367508172988892e-02
8.916416168212890625e-01,4.092434883117675781e+00,3.416984155774116516e-02,1.376980543136596680e-02
6.291660070419311523e-01,2.999273061752319336e+00,2.444794401526451111e-02,-3.648884594440460205e-02
1.260062217712402344e+00,4.181344032287597656e+00,1.541025936603546143e-02,6.945295631885528564e-02
7.624713182449340820e-01,3.840344905853271484e+00,-1.178587377071380615e-01,9.042668342590332031e-02
9.939405322074890137e-01,4.378541946411132812e+00,3.857908025383949280e-02,-3.691927343606948853e-02
1.161723017692565918e+00,3.827999353408813477e+00,-6.277998909354209900e-04,1.806525886058807373e-02
6.431825757026672363e-01,3.560073375701904297e+00,-2.810789085924625397e-02,1.639831438660621643e-02
8.425188660621643066e-01,3.668985843658447266e+00,-3.973559662699699402e-02,1.264387965202331543e-01
7.126287817955017090e-01,3.967374801635742188e+00,-2.661479078233242035e-02,-4.707136377692222595e-02
6.815467476844787598e-01,3.606855630874633789e+00,-2.294976031407713890e-03,6.357753276824951172e-02
1.122411251068115234e+00,3.680684328079223633e+00,3.611632436513900757e-02,-1.347517687827348709e-02
1.352324247360229492e+00,4.196814537048339844e+00,-1.330187618732452393e-01,-3.489462286233901978e-02
1.300319433212280273e+00,4.580893993377685547e+00,5.956746265292167664e-02,9.234925732016563416e-03
8.658035993576049805e-01,4.023022651672363281e+00,-1.259453445672988892e-01,-6.725731492042541504e-02
7.176383733749389648e-01,3.367626905441284180e+00,-4.678419604897499084e-02,-9.886994212865829468e-02
1.008353948593139648e+00,3.957618236541748047e+00,5.988034419715404510e-03,8.794855326414108276e-02
1.133170247077941895e+00,5.375765323638916016e+00,4.286766424775123596e-02,-2.921166084706783295e-02
1.224965929985046387e+00,3.848857879638671875e+00,1.963699795305728912e-02,3.624811396002769470e-02
1.113520026206970215e+00,3.536414146423339844e+00,-7.357283029705286026e-03,-6.106703355908393860e-02
1.826571583747863770e+00,4.797714710235595703e+00,-1.049167439341545105e-01,3.647319972515106201e-02
8.754074573516845703e-01,4.202403068542480469e+00,-1.321615874767303467e-01,7.399056106805801392e-02
1.643965840339660645e+00,4.287186622619628906e+00,-7.733318209648132324e-02,-4.295685794204473495e-03
1.148038625717163086e+00,3.949565887451171875e+00,-6.741381436586380005e-02,-7.757332175970077515e-02
8.853424191474914551e-01,3.919787406921386719e+00,-1.443177312612533569e-01,-6.359705328941345215e-02
1.096811294555664062e+00,3.648240804672241211e+00,-1.068796217441558838e-01,-5.868395417928695679e-02
8.613448143005371094e-01,3.816519021987915039e+00,-4.053929075598716736e-02,-1.128784567117691040e-01
8.092361092567443848e-01,4.155218601226806641e+00,-1.497079897671937943e-02,8.488208055496215820e-02
1.290283203125000000e+00,4.277188301086425781e+00,-1.287257969379425049e-01,2.917948551476001740e-02
1.440752506256103516e+00,4.263985157012939453e+00,-8.064067363739013672e-02,-5.336710438132286072e-02
1.108755707740783691e+00,4.818135738372802734e+00,3.680875524878501892e-03,9.133364260196685791e-02
1.329473495483398438e+00,4.393400669097900391e+00,2.185188233852386475e-02,-7.021220773458480835e-02
9.001654386520385742e-01,3.923119783401489258e+00,-1.191544234752655029e-01,-8.772953599691390991e-02
1.045341491699218750e+00,3.509396791458129883e+00,-1.372084617614746094e-01,-8.761840872466564178e-03
7.967548966407775879e-01,3.571492195129394531e+00,-1.739242859184741974e-02,1.204288303852081299e-01
1.291506290435791016e+00,3.869250059127807617e+00,1.126498170197010040e-02,-1.857990026473999023e-02
6.960108876228332520e-01,3.249314785003662109e+00,3.993837907910346985e-02,2.702257409691810608e-02
1.392620086669921875e+00,4.603948116302490234e+00,4.689085856080055237e-02,7.098172605037689209e-02
6.622582674026489258e-01,3.349694728851318359e+00,-1.093474552035331726e-01,4.325431957840919495e-02
1.234342932701110840e+00,4.238617420196533203e+00,6.672924011945724487e-02,1.289015635848045349e-02
1.103680729866027832e+00,4.077188968658447266e+00,-4.931224975734949112e-03,-1.030882596969604492e-01
1.187131404876708984e+00,3.947370052337646484e+00,5.491310358047485352e-02,3.342443704605102539e-02
1.303393244743347168e+00,4.232778549194335938e+00,5.316423997282981873e-02,1.062230020761489868e-02
7.349992394447326660e-01,3.958112478256225586e+00,-8.081451058387756348e-02,3.600620478391647339e-02
1.627552270889282227e+00,4.383295536041259766e+00,-4.785446450114250183e-02,5.928100645542144775e-02
1.667961001396179199e+00,4.433773040771484375e+00,-1.169984713196754456e-01,4.583196714520454407e-02
1.105028629302978516e+00,4.337574005126953125e+00,-1.750938445329666138e-01,-9.026003070175647736e-03
1.326619386672973633e+00,4.926344871520996094e+00,-1.346613839268684387e-02,-8.959404379129409790e-02
1.350066542625427246e+00,4.115337371826171875e+00,-1.514479424804449081e-02,5.016969516873359680e-02
1.012422800064086914e+00,3.613005876541137695e+00,2.626365981996059418e-02,1.231763325631618500e-02
1.341350913047790527e+00,4.381371498107910156e+00,-1.269471198320388794e-01,3.944113850593566895e-02
7.745580673217773438e-01,4.225852966308593750e+00,-4.205668345093727112e-02,-4.653016105294227600e-02
1.429684996604919434e+00,4.346963405609130859e+00,-3.894599527120590210e-02,-6.142510101199150085e-02
1.169923782348632812e+00,3.755134582519531250e+00,-6.971058249473571777e-02,-7.019240409135818481e-02
8.548287749290466309e-01,4.378493309020996094e+00,2.799340896308422089e-02,-2.922807633876800537e-02
9.327222108840942383e-01,3.983582496643066406e+00,-8.768350630998611450e-02,1.146186217665672302e-01
1.035846471786499023e+00,3.684159517288208008e+00,-5.763650685548782349e-02,-4.696003347635269165e-02
1.232974290847778320e+00,4.167516708374023438e+00,-1.057785749435424805e-01,1.127359364181756973e-02
1.393572092056274414e+00,4.265772819519042969e+00,-2.593139372766017914e-02,3.892845660448074341e-02
9.860399365425109863e-01,4.068862438201904297e+00,-1.008311361074447632e-01,7.076385617256164551e-02
8.962470293045043945e-01,4.339766502380371094e+00,-1.059642359614372253e-01,6.022688932716846466e-03
8.069074749946594238e-01,3.207987785339355469e+00,-8.498533070087432861e-02,5.724064260721206665e-02
1.757425189018249512e+00,4.875975608825683594e+00,-8.070974797010421753e-02,1.027144491672515869e-02
1.439113020896911621e+00,4.534885406494140625e+00,-9.582805633544921875e-02,-3.761583706364035606e-03
9.025322198867797852e-01,4.423843383789062500e+00,-5.876662582159042358e-02,3.553014621138572693e-02
1.276495099067687988e+00,4.190180301666259766e+00,-1.056497097015380859e-01,-1.015282142907381058e-02
1.126896739006042480e+00,4.425960063934326172e+00,-3.607821837067604065e-02,-6.780868023633956909e-02
1.064747333526611328e+00,4.353344917297363281e+00,-1.320756673812866211e-01,2.298990637063980103e-02
1.186499953269958496e+00,3.934438467025756836e+00,-1.142670307308435440e-02,2.722653374075889587e-02
1.175518274307250977e+00,4.513875484466552734e+00,-5.484905093908309937e-03,-6.353320181369781494e-02
1.048443675041198730e+00,4.035094261169433594e+00,-8.840891718864440918e-02,-7.655464857816696167e-02
1.505236148834228516e+00,4.877709865570068359e+00,-3.321983385831117630e-04,3.134430944919586182e-02
1.097909808158874512e+00,4.808162689208984375e+00,-1.642170175909996033e-02,-5.327119678258895874e-02
1.119850158691406250e+00,3.811088085174560547e+00,-4.758639633655548096e-02,-2.919756621122360229e-02
1.114063143730163574e+00,4.475599765777587891e+00,1.154402084648609161e-02,1.206395588815212250e-02
6.987785696983337402e-01,3.075911283493041992e+00,-2.306969836354255676e-02,2.536425553262233734e-02
8.097128272056579590e-01,3.151246786117553711e+00,-3.161735832691192627e-02,5.433508008718490601e-02
1.025345325469970703e+00,4.045938014984130859e+00,-1.135949045419692993e-01,-4.043670371174812317e-02
9.586696028709411621e-01,3.914454936981201172e+00,-1.121335700154304504e-01,-3.379485383629798889e-02
1.701547026634216309e+00,5.073900222778320312e+00,-7.759644091129302979e-02,5.673561245203018188e-02
9.846819043159484863e-01,4.488636970520019531e+00,-7.192088291049003601e-03,-1.075839903205633163e-02
1.135981082916259766e+00,4.651243209838867188e+00,-1.077352091670036316e-01,4.888232797384262085e-02
1.636913418769836426e+00,4.689836502075195312e+00,-3.720846772193908691e-02,-1.280770287849009037e-03
1.202290892601013184e+00,4.108789443969726562e+00,1.144848018884658813e-02,4.453677684068679810e-03
8.162745833396911621e-01,3.820858001708984375e+00,-1.080665364861488342e-01,-1.159766875207424164e-02
1.116755843162536621e+00,3.800498247146606445e+00,-2.758519351482391357e-02,2.683618804439902306e-03
1.134776353836059570e+00,4.167685031890869141e+00,-1.197521165013313293e-01,3.083702921867370605e-02
1.366691231727600098e+00,4.635701656341552734e+00,-1.364729274064302444e-02,4.594212025403976440e-02
8.776942491531372070e-01,3.740137577056884766e+00,-1.103026121854782104e-01,-4.452000558376312256e-02
9.382398128509521484e-01,4.346879959106445312e+00,-7.474742829799652100e-02,2.080713212490081787e-02
1.412975311279296875e+00,4.605562210083007812e+00,-5.208719521760940552e-02,-7.076478749513626099e-02
1.068891763687133789e+00,4.501300334930419922e+00,-1.165559291839599609e-01,3.109216690063476562e-02
1.613815188407897949e+00,5.152573585510253906e+00,-1.138385683298110962e-01,2.959482371807098389e-02
9.170854091644287109e-01,3.744750261306762695e+00,-1.117321625351905823e-01,4.518074169754981995e-02
1.062073230743408203e+00,4.114830017089843750e+00,2.077986113727092743e-02,-4.728274047374725342e-02
1.498344421386718750e+00,4.315870761871337891e+00,-7.017567753791809082e-02,-1.007512398064136505e-02
1.171828150749206543e+00,3.944103479385375977e+00,-3.940336778759956360e-02,-1.136685968958772719e-04
1.021048307418823242e+00,4.458963394165039062e+00,-1.159030571579933167e-01,-3.642980381846427917e-02
1.459801554679870605e+00,4.371649265289306641e+00,-1.947596855461597443e-02,-1.891052536666393280e-02
1.260395050048828125e+00,4.417098522186279297e+00,-2.037050388753414154e-02,4.930456355214118958e-02
1.251768589019775391e+00,4.266991615295410156e+00,-6.782576441764831543e-02,7.102169096469879150e-02
8.702544569969177246e-01,3.440716743469238281e+00,-7.104691118001937866e-02,4.874706640839576721e-02
1.066145300865173340e+00,3.719680070877075195e+00,-7.633008807897567749e-02,-5.334551259875297546e-02
9.104397892951965332e-01,3.910675525665283203e+00,-5.313806235790252686e-02,-7.247858494520187378e-02
1.168285846710205078e+00,3.870567321777343750e+00,-4.367288574576377869e-02,1.150122936815023422e-02
1.245460867881774902e+00,4.447825431823730469e+00,-8.048151619732379913e-03,5.162610858678817749e-02
8.783422112464904785e-01,3.352355718612670898e+00,-1.743730530142784119e-02,-2.864798589143902063e-04
9.136027097702026367e-01,3.551527500152587891e+00,-5.270311981439590454e-02,-5.333647876977920532e-02
1.037468791007995605e+00,3.838503599166870117e+00,-5.814219266176223755e-02,-7.700090110301971436e-02
8.044120669364929199e-01,3.090624332427978516e+00,-3.250027075409889221e-02,-1.949312724173069000e-02
8.631389737129211426e-01,3.563189744949340820e+00,-3.585829213261604309e-02,5.636239796876907349e-02
8.692648410797119141e-01,3.780058622360229492e+00,-1.223721951246261597e-01,-1.998463086783885956e-02
1.075089097023010254e+00,4.061056137084960938e+00,3.928357735276222229e-03,-2.378004789352416992e-02
8.471896648406982422e-01,4.049909114837646484e+00,-2.761154994368553162e-02,-5.003615468740463257e-02
7.727084755897521973e-01,3.255169391632080078e+00,1.770757138729095459e-02,-3.254231065511703491e-03
9.634546041488647461e-01,3.589308500289916992e+00,-1.998609304428100586e-02,4.843911901116371155e-02
9.741937518119812012e-01,4.322310924530029297e+00,-5.964897945523262024e-02,-6.909336894750595093e-02
9.270531535148620605e-01,3.911371707916259766e+00,-4.862952977418899536e-02,-7.945477962493896484e-02
7.098277807235717773e-01,3.701688289642333984e+00,-2.700558304786682129e-02,-5.751127377152442932e-03
7.493650317192077637e-01,3.752955436706542969e+00,-9.241389483213424683e-02,6.063664797693490982e-03
7.296436429023742676e-01,3.297953844070434570e+00,-1.706019788980484009e-02,-4.238437861204147339e-02
1.021904945373535156e+00,4.297441959381103516e+00,1.060906797647476196e-02,3.090029349550604820e-04
1.128734111785888672e+00,4.093276023864746094e+00,-5.936597287654876709e-02,-6.351511925458908081e-02
1.001825332641601562e+00,4.296474456787109375e+00,-1.907948590815067291e-02,6.591258943080902100e-02
8.055502176284790039e-01,3.834252834320068359e+00,4.739361815154552460e-03,-2.687970735132694244e-02
1.494764208793640137e+00,4.438385963439941406e+00,-6.500017642974853516e-02,-8.418161422014236450e-03
7.991737127304077148e-01,3.772056818008422852e+00,-4.014255851507186890e-02,7.614509761333465576e-02
1.335776329040527344e+00,4.110193252563476562e+00,-6.014488637447357178e-02,1.813823240809142590e-03
8.641279339790344238e-01,4.044380664825439453e+00,-5.892346799373626709e-02,6.306976079940795898e-02
1.525748848915100098e+00,4.912732601165771484e+00,1.735246926546096802e-02,6.453387439250946045e-03
1.133144259452819824e+00,4.640084266662597656e+00,1.785749755799770355e-02,-1.188389770686626434e-02
1.121783018112182617e+00,4.078458786010742188e+00,-1.519696507602930069e-02,-5.592641606926918030e-02
8.641611337661743164e-01,4.215499401092529297e+00,-1.071350350975990295e-01,1.507630757987499237e-02
9.086452722549438477e-01,3.611634731292724609e+00,-6.335618346929550171e-02,-7.043986767530441284e-02
9.518120288848876953e-01,4.228761196136474609e+00,-3.643317148089408875e-02,-6.429748982191085815e-02
1.646026372909545898e+00,4.731777667999267578e+00,-1.540819369256496429e-02,4.004324972629547119e-02
1.048403859138488770e+00,4.105618000030517578e+00,-1.215339824557304382e-01,-3.380969539284706116e-02
1.127559542655944824e+00,4.930885314941406250e+00,-5.196568369865417480e-02,1.040406245738267899e-02
1.283410310745239258e+00,4.171682834625244141e+00,-4.135813936591148376e-02,-4.793493077158927917e-02
1.072903990745544434e+00,4.596936702728271484e+00,-9.027402102947235107e-02,-2.345846407115459442e-02
8.197690844535827637e-01,3.972494602203369141e+00,-9.162472933530807495e-02,2.629695646464824677e-02
9.139075279235839844e-01,3.244664430618286133e+00,-4.780316725373268127e-02,-3.684530034661293030e-02
8.336602449417114258e-01,3.316772460937500000e+00,-8.338489383459091187e-02,-4.363730549812316895e-02
7.563742995262145996e-01,3.533904790878295898e+00,1.519986055791378021e-02,1.588947512209415436e-02
8.816430568695068359e-01,4.180503845214843750e+00,-4.976997524499893188e-02,-7.088998705148696899e-02
7.704823613166809082e-01,4.006936073303222656e+00,-7.209609448909759521e-02,-2.047754125669598579e-03
7.711756229400634766e-01,3.789917230606079102e+00,-6.388193368911743164e-02,-4.987794905900955200e-02
8.034246563911437988e-01,3.700197935104370117e+00,-4.534975066781044006e-02,-7.478749006986618042e-02
9.937335848808288574e-01,4.614789962768554688e+00,-8.334186673164367676e-02,-2.678536064922809601e-02
9.859624505043029785e-01,4.274102210998535156e+00,-5.914185941219329834e-02,-8.335180580615997314e-02
8.905571699142456055e-01,3.956241846084594727e+00,2.602484077215194702e-02,-2.122607827186584473e-02
9.329851269721984863e-01,3.486071109771728516e+00,-7.659082859754562378e-02,-3.843785449862480164e-02
1.131132125854492188e+00,4.487912654876708984e+00,-6.029045581817626953e-02,7.709710299968719482e-02
8.231450319290161133e-01,3.884715318679809570e+00,-2.402726374566555023e-02,4.611650109291076660e-02
1.191814303398132324e+00,4.723363399505615234e+00,-7.699286937713623047e-02,-7.190520316362380981e-02
9.122927188873291016e-01,3.484015941619873047e+00,-5.926526617258787155e-03,-1.021592319011688232e-02
1.448763370513916016e+00,4.910050392150878906e+00,1.314875390380620956e-02,5.032969266176223755e-02
9.685083627700805664e-01,4.397695541381835938e+00,-9.938330203294754028e-02,-2.914471738040447235e-02
1.029415845870971680e+00,4.390349864959716797e+00,-1.011948361992835999e-01,2.773042954504489899e-02
8.232771754264831543e-01,3.921872854232788086e+00,-9.323491714894771576e-03,1.397196436300873756e-03
1.266849279403686523e+00,4.404350280761718750e+00,5.475266370922327042e-03,1.125013642013072968e-02
1.035974502563476562e+00,4.754947185516357422e+00,-5.778448656201362610e-02,1.518922392278909683e-02
1.021435976028442383e+00,4.597831726074218750e+00,-5.502516031265258789e-02,4.029049724340438843e-02
1.395513415336608887e+00,5.232574939727783203e+00,-7.251890003681182861e-02,-4.078704491257667542e-02
1.207450151443481445e+00,4.105296611785888672e+00,-7.779236137866973877e-02,4.640788584947586060e-02
9.581496715545654297e-01,4.047729492187500000e+00,2.703827805817127228e-02,-2.938241511583328247e-02
8.155664205551147461e-01,3.965935468673706055e+00,-1.918705180287361145e-02,-1.593137532472610474e-02
9.774065017700195312e-01,4.325924873352050781e+00,-1.976142078638076782e-02,-4.285170510411262512e-02
9.986923933029174805e-01,4.215358734130859375e+00,-1.756461337208747864e-02,5.089790746569633484e-02
9.192250967025756836e-01,4.169055938720703125e+00,-1.257007867097854614e-01,2.633317932486534119e-02
1.435721278190612793e+00,4.815544605255126953e+00,-5.555846914649009705e-02,-6.756201386451721191e-02
8.307790160179138184e-01,3.363724231719970703e+00,-9.034695476293563843e-02,6.661506742238998413e-02
1.026582002639770508e+00,4.444388389587402344e+00,-1.182932853698730469e-01,4.794166982173919678e-02
8.789417147636413574e-01,3.889250993728637695e+00,-2.674855105578899384e-02,8.022204786539077759e-02
1.119116187095642090e+00,3.754633903503417969e+00,-5.420415848493576050e-02,1.734174042940139771e-02
8.975797891616821289e-01,4.332813262939453125e+00,-4.163450002670288086e-02,4.025567322969436646e-02
6.845948696136474609e-01,3.515841245651245117e+00,-6.397137045860290527e-02,-4.171754419803619385e-02
1.048908710479736328e+00,3.792767763137817383e+00,-8.034834265708923340e-02,2.540995925664901733e-02
1.161725401878356934e+00,3.978790044784545898e+00,-2.483026310801506042e-02,5.535682663321495056e-02
8.788888454437255859e-01,3.536791801452636719e+00,-1.137932389974594116e-01,-7.384364027529954910e-03
8.995880484580993652e-01,4.299287319183349609e+00,-8.274715393781661987e-02,2.169396169483661652e-02
1.060983538627624512e+00,4.123198986053466797e+00,-1.258656084537506104e-01,-3.965952247381210327e-02
1.145892858505249023e+00,5.132390975952148438e+00,-4.691429808735847473e-02,-2.180757001042366028e-02
1.024427533149719238e+00,4.584535121917724609e+00,-1.366683095693588257e-02,1.215259637683629990e-02
1.020619392395019531e+00,4.609955787658691406e+00,-1.693317084573209286e-03,3.537325561046600342e-02
7.935498356819152832e-01,3.614028453826904297e+00,2.519764378666877747e-02,1.560204103589057922e-02
1.001886963844299316e+00,4.318922042846679688e+00,1.316862925887107849e-02,-4.896433651447296143e-02
6.813330650329589844e-01,3.055532693862915039e+00,-7.721084170043468475e-03,-3.982171043753623962e-02
1.690854191780090332e+00,4.703824043273925781e+00,-8.966467529535293579e-02,-2.569968253374099731e-02
1.073224544525146484e+00,4.156940460205078125e+00,1.557107083499431610e-02,-3.737695515155792236e-02
8.504498004913330078e-01,3.364951133728027344e+00,-1.174801513552665710e-01,2.856639958918094635e-02
9.316842555999755859e-01,4.212068557739257812e+00,-1.359424591064453125e-01,1.661246409639716148e-03
1.601580739021301270e+00,4.453034400939941406e+00,-4.071235656738281250e-02,-1.400503516197204590e-02
7.745898962020874023e-01,2.853570938110351562e+00,-5.907758325338363647e-02,2.671826630830764771e-02
1.049052238464355469e+00,4.245152950286865234e+00,-1.227642148733139038e-01,-4.774183779954910278e-02
1.533758878707885742e+00,4.729984283447265625e+00,-2.410467341542243958e-02,4.233349487185478210e-02
7.503015995025634766e-01,2.921855449676513672e+00,-8.512771129608154297e-02,-2.069571055471897125e-02
1.654632568359375000e+00,4.980103969573974609e+00,-8.312137424945831299e-02,-3.819886967539787292e-02
1.227329134941101074e+00,4.666677474975585938e+00,-9.697893261909484863e-02,-5.256074294447898865e-02
1.027228832244873047e+00,4.574479103088378906e+00,-1.479061692953109741e-02,1.294973585754632950e-02
1.465367436408996582e+00,4.792929649353027344e+00,-8.979397267103195190e-02,4.328479617834091187e-02
1.270597815513610840e+00,4.088149070739746094e+00,-2.564932033419609070e-02,4.381961375474929810e-02
8.932389616966247559e-01,3.789426326751708984e+00,-1.002682279795408249e-02,7.520690560340881348e-02
1.533672571182250977e+00,4.965134620666503906e+00,-5.901534110307693481e-03,2.912737801671028137e-02
1.135574698448181152e+00,3.919281959533691406e+00,-1.167177259922027588e-01,-1.183150336146354675e-02
1.725333213806152344e+00,4.757166385650634766e+00,-2.983354590833187103e-02,1.720440201461315155e-02
1.247508525848388672e+00,5.344339370727539062e+00,-6.039151549339294434e-02,-1.492973603308200836e-02
1.424572706222534180e+00,4.901421070098876953e+00,-3.487176448106765747e-02,-6.818062067031860352e-02
7.823913693428039551e-01,3.958483695983886719e+00,-3.915135562419891357e-02,4.952159710228443146e-03
1.025115251541137695e+00,4.119977951049804688e+00,-6.559146195650100708e-02,-8.882325887680053711e-02
1.102378964424133301e+00,4.366061687469482422e+00,-1.076033338904380798e-01,-4.131049290299415588e-02
1.047294855117797852e+00,4.000539302825927734e+00,-1.711456477642059326e-02,-7.415582984685897827e-02
1.198225140571594238e+00,4.330105304718017578e+00,-6.303917616605758667e-02,6.679356843233108521e-02
7.311078310012817383e-01,3.841840505599975586e+00,-1.116123702377080917e-02,-1.543273334391415119e-03
1.071169137954711914e+00,3.954111099243164062e+00,-1.051242128014564514e-01,3.334195166826248169e-02
1.360638499259948730e+00,4.294325828552246094e+00,-8.561986684799194336e-02,3.652887791395187378e-02
9.207888245582580566e-01,4.181655883789062500e+00,1.592403836548328400e-02,1.663492992520332336e-02
1.646415233612060547e+00,4.966677665710449219e+00,-1.415807101875543594e-02,3.811358287930488586e-02
6.247526407241821289e-01,2.750531196594238281e+00,-8.671642094850540161e-02,2.295268326997756958e-02
7.986456155776977539e-01,3.712232351303100586e+00,-5.069716647267341614e-02,-8.268299698829650879e-02
1.129591822624206543e+00,4.381118297576904297e+00,-9.649310261011123657e-02,6.030749529600143433e-02
8.117160797119140625e-01,3.819101333618164062e+00,2.020542696118354797e-02,1.915882527828216553e-02
1.319535136222839355e+00,4.315744876861572266e+00,1.423673145473003387e-02,2.709822356700897217e-02
1.175477027893066406e+00,3.834906339645385742e+00,-7.393931597471237183e-02,-1.679932326078414917e-02
8.680275082588195801e-01,3.858572721481323242e+00,3.360754344612360001e-04,-6.257031857967376709e-02
1.226135134696960449e+00,5.163886547088623047e+00,-4.206419736146926880e-02,-4.036836326122283936e-03
9.281451702117919922e-01,3.677334547042846680e+00,-9.260196238756179810e-02,6.338272243738174438e-02
9.951525330543518066e-01,4.200798511505126953e+00,1.190165989100933075e-02,4.414523392915725708e-02
9.568341374397277832e-01,3.602375984191894531e+00,-2.044090256094932556e-02,-6.200436502695083618e-02
1.157330393791198730e+00,4.557943820953369141e+00,-2.404479868710041046e-02,6.030630692839622498e-02
1.610242843627929688e+00,4.801318168640136719e+00,-8.983079344034194946e-02,2.893013693392276764e-02
1.318529367446899414e+00,4.375788688659667969e+00,-7.962423563003540039e-02,4.384108632802963257e-02
8.593569397926330566e-01,3.676564693450927734e+00,1.034257467836141586e-02,-3.732575103640556335e-02
1.029932856559753418e+00,4.060134887695312500e+00,-9.731294959783554077e-02,6.583935767412185669e-02
7.362235188484191895e-01,3.500069141387939453e+00,1.446725451387465000e-03,2.866550348699092865e-02
1.458914160728454590e+00,4.702041149139404297e+00,-1.980295171961188316e-03,3.520521894097328186e-02
1.128913044929504395e+00,3.828693866729736328e+00,-3.253769129514694214e-02,1.585648581385612488e-02
7.597664594650268555e-01,3.025398015975952148e+00,1.970015279948711395e-02,1.849322579801082611e-03
1.470369338989257812e+00,4.644123077392578125e+00,-6.021993234753608704e-02,6.087528914213180542e-02
1.112607240676879883e+00,4.238459587097167969e+00,-1.311200857162475586e-01,-1.681394292972981930e-03
8.450437784194946289e-01,3.777942657470703125e+00,-3.628744184970855713e-02,-8.811219036579132080e-02
1.026664614677429199e+00,3.676395416259765625e+00,-8.501541800796985626e-03,3.671338781714439392e-02
1.406623005867004395e+00,4.299791812896728516e+00,-4.429134353995323181e-02,-2.924451604485511780e-02
1.482442259788513184e+00,5.401128768920898438e+00,-1.064325571060180664e-01,5.124524701386690140e-03
1.137528061866760254e+00,4.832570552825927734e+00,-7.643076032400131226e-02,-1.659149862825870514e-02
1.161869168281555176e+00,4.558073997497558594e+00,-1.010349541902542114e-01,3.812085837125778198e-02
9.306861162185668945e-01,3.695631265640258789e+00,-5.064972117543220520e-02,-6.809520721435546875e-02
8.854639530181884766e-01,3.653979539871215820e+00,2.423937432467937469e-02,-3.116776235401630402e-02
9.068045020103454590e-01,4.006480216979980469e+00,-1.027756482362747192e-01,3.035993315279483795e-02
6.757680773735046387e-01,3.161438465118408203e+00,-6.315241008996963501e-02,-4.854306578636169434e-02
1.230979084968566895e+00,4.815470218658447266e+00,-1.044155657291412354e-01,-2.285544946789741516e-02
1.270984768867492676e+00,4.180937290191650391e+00,-2.006519958376884460e-02,4.930242896080017090e-02
8.025063872337341309e-01,3.644999027252197266e+00,-6.849951297044754028e-02,7.877259701490402222e-02
1.158048868179321289e+00,4.384407997131347656e+00,-4.447357356548309326e-02,-6.753325462341308594e-02
1.082543134689331055e+00,4.664593696594238281e+00,-1.184388101100921631e-01,-8.902396075427532196e-03
9.813624620437622070e-01,4.505758285522460938e+00,-2.167147025465965271e-02,4.743514873553067446e-04
9.893199801445007324e-01,4.162119865417480469e+00,1.960600540041923523e-02,4.181575030088424683e-02
1.267758011817932129e+00,4.385951519012451172e+00,-3.514932468533515930e-02,5.569319799542427063e-02
1.129562258720397949e+00,3.912334203720092773e+00,-1.447054371237754822e-02,-4.237589240074157715e-02
1.054052114486694336e+00,4.494471073150634766e+00,-1.109115108847618103e-01,5.167829338461160660e-03
9.534965157508850098e-01,3.473750352859497070e+00,-9.732159972190856934e-02,-4.273922368884086609e-02
1.539682149887084961e+00,5.099694728851318359e+00,-8.744423836469650269e-02,-4.798529297113418579e-02
1.172480344772338867e+00,4.483751773834228516e+00,-5.007056519389152527e-02,-7.318016886711120605e-02
1.399897575378417969e+00,4.616035938262939453e+00,-4.783167317509651184e-02,-5.294174328446388245e-02
7.758253216743469238e-01,3.575720548629760742e+00,-7.806503772735595703e-02,6.446320563554763794e-02
1.447665214538574219e+00,4.321413040161132812e+00,-1.800888590514659882e-02,-2.235873602330684662e-02
1.251984119415283203e+00,4.519217014312744141e+00,1.085449196398258209e-02,-4.801396653056144714e-02
1.473785400390625000e+00,4.329748630523681641e+00,-4.760968312621116638e-02,2.384344674646854401e-02
1.266587853431701660e+00,4.290590286254882812e+00,-4.994891956448554993e-02,5.873505398631095886e-02
1.060117602348327637e+00,3.681854009628295898e+00,-4.849887639284133911e-02,2.370149828493595123e-02
9.719768762588500977e-01,4.066849231719970703e+00,1.360159367322921753e-02,3.959373012185096741e-02
8.508496284484863281e-01,3.918833494186401367e+00,-1.275462657213211060e-02,6.307429075241088867e-02
1.048996210098266602e+00,4.253982543945312500e+00,-1.109129637479782104e-01,3.798896446824073792e-02
1.111303567886352539e+00,4.551509857177734375e+00,1.568538695573806763e-02,-2.290384098887443542e-02
8.820313215255737305e-01,3.870797395706176758e+00,-5.407532304525375366e-02,6.341581046581268311e-02
7.297219038009643555e-01,2.887274742126464844e+00,-2.655262500047683716e-02,-1.207597739994525909e-02
1.042457103729248047e+00,3.818504571914672852e+00,-1.042372360825538635e-01,-1.724505610764026642e-02
1.066922187805175781e+00,4.395539283752441406e+00,-1.306378990411758423e-01,-2.315913699567317963e-02
9.662772417068481445e-01,4.161463737487792969e+00,-1.101222187280654907e-01,5.410331487655639648e-02
7.110199928283691406e-01,3.591061115264892578e+00,-8.593632280826568604e-02,-1.806936971843242645e-02
9.849209785461425781e-01,3.833826541900634766e+00,-2.400952577590942383e-02,5.502090230584144592e-02
1.317768692970275879e+00,4.260724544525146484e+00,-1.771906763315200806e-02,-5.183594673871994019e-02
8.827056884765625000e-01,4.341832637786865234e+00,-7.183453440666198730e-02,-3.293766174465417862e-03
1.373263120651245117e+00,4.903265953063964844e+00,-1.782795297913253307e-04,-6.768762320280075073e-02
1.318503618240356445e+00,4.977491378784179688e+00,2.674108184874057770e-02,-4.758051782846450806e-02
1.345690965652465820e+00,4.502658367156982422e+00,-8.203298598527908325e-02,5.285888910293579102e-02
1.326356410980224609e+00,4.181285858154296875e+00,-5.791498720645904541e-02,-3.293421119451522827e-02
8.718403577804565430e-01,4.292772293090820312e+00,-3.817871585488319397e-02,4.073205590248107910e-02
9.971680641174316406e-01,3.846130371093750000e+00,-6.842695921659469604e-02,-7.151103019714355469e-02
9.878011941909790039e-01,4.329158306121826172e+00,-1.236520111560821533e-01,-4.081810265779495239e-02
1.068434119224548340e+00,3.713357925415039062e+00,-9.353253245353698730e-02,-2.668573334813117981e-02
1.047153592109680176e+00,4.009755611419677734e+00,6.439802702516317368e-03,5.026733130216598511e-02
1.126956343650817871e+00,4.213363170623779297e+00,-1.154878139495849609e-01,-4.162698611617088318e-02
8.162720799446105957e-01,3.349054813385009766e+00,-1.830399595201015472e-02,-2.441468834877014160e-02
1.673761010169982910e+00,4.746612548828125000e+00,-8.941301703453063965e-02,4.041759297251701355e-02
1.348302483558654785e+00,4.599915027618408203e+00,-1.036828905344009399e-01,-2.272488735616207123e-02
1.276893258094787598e+00,4.317622661590576172e+00,-3.940777480602264404e-02,5.728797987103462219e-02
1.074083685874938965e+00,3.994812726974487305e+00,5.545021966099739075e-03,2.803074428811669350e-03
1.209681749343872070e+00,4.239132404327392578e+00,-6.405528169125318527e-03,4.910553991794586182e-02
1.722551345825195312e+00,4.834119796752929688e+00,-8.901351690292358398e-02,1.042446866631507874e-02
1.666974306106567383e+00,5.316455364227294922e+00,-2.393744420260190964e-03,5.128500610589981079e-02
1.184152245521545410e+00,4.669927597045898438e+00,-1.018659472465515137e-01,-6.186725944280624390e-02
9.521962404251098633e-01,4.309607505798339844e+00,-4.916570708155632019e-02,-4.360722750425338745e-02
7.868725657463073730e-01,2.911623001098632812e+00,-2.221634797751903534e-02,-3.362304717302322388e-02
1.233205080032348633e+00,4.378432273864746094e+00,-8.953227847814559937e-02,-5.730653554201126099e-02
1.541825056076049805e+00,4.675376415252685547e+00,-1.003645360469818115e-01,-2.491229958832263947e-02
1.384235382080078125e+00,5.215906143188476562e+00,-3.929339721798896790e-02,7.623786479234695435e-02
1.386579155921936035e+00,4.765025138854980469e+00,1.772247999906539917e-02,-3.390013799071311951e-02
1.106399297714233398e+00,3.855064630508422852e+00,-9.633583575487136841e-02,-4.451343417167663574e-02
1.090181589126586914e+00,4.551522731781005859e+00,-1.286996155977249146e-01,7.158977445214986801e-03
6.745255589485168457e-01,3.554750442504882812e+00,-2.688382752239704132e-02,9.951099753379821777e-03
1.099748253822326660e+00,4.450596332550048828e+00,-5.621919780969619751e-02,-8.270392566919326782e-02
1.191195487976074219e+00,4.373751640319824219e+00,6.693779956549406052e-03,1.476616039872169495e-02
1.245757818222045898e+00,4.354868412017822266e+00,-1.203147768974304199e-01,3.386091813445091248e-02
1.109693765640258789e+00,3.813732147216796875e+00,-3.913689032196998596e-02,2.267977967858314514e-02
1.541250586509704590e+00,4.845798969268798828e+00,-5.112635344266891479e-02,5.836063250899314880e-02
1.214265942573547363e+00,4.292481899261474609e+00,-4.924178123474121094e-02,-5.644576624035835266e-02
7.458199262619018555e-01,3.179684638977050781e+00,3.532906994223594666e-03,2.643774822354316711e-02
8.311232328414916992e-01,3.894772529602050781e+00,-1.189117059111595154e-01,3.669703751802444458e-02
1.519320607185363770e+00,4.950354576110839844e+00,-1.002460122108459473e-01,4.827419295907020569e-02
1.159395694732666016e+00,4.655126571655273438e+00,-7.719010114669799805e-02,-6.739233434200286865e-02
9.636195898056030273e-01,3.765257358551025391e+00,-8.224912732839584351e-02,-6.028409674763679504e-02
8.385493159294128418e-01,3.465348958969116211e+00,-1.181234270334243774e-01,-1.752548292279243469e-02
1.251210212707519531e+00,4.119560718536376953e+00,-2.016890421509742737e-02,3.295330703258514404e-02
8.906965851783752441e-01,3.881871223449707031e+00,-5.928011238574981689e-02,6.147300451993942261e-02
1.128414511680603027e+00,4.027493476867675781e+00,-6.410469114780426025e-02,-6.467173993587493896e-02
1.035238862037658691e+00,4.041530609130859375e+00,1.280330214649438858e-02,1.437292061746120453e-02
7.939065098762512207e-01,3.963579416275024414e+00,-9.684766829013824463e-02,-3.773480281233787537e-02
1.321348428726196289e+00,4.247005939483642578e+00,-6.305438280105590820e-02,-4.474320635199546814e-02
6.882611513137817383e-01,3.594537734985351562e+00,-7.886586338281631470e-02,2.531315386295318604e-02
6.612235307693481445e-01,3.151963949203491211e+00,-4.062977805733680725e-02,-2.036282047629356384e-02
1.153556227684020996e+00,4.308226585388183594e+00,7.260707672685384750e-03,-1.949692144989967346e-02
1.552358627319335938e+00,4.619395732879638672e+00,-1.009390205144882202e-01,-1.299397181719541550e-02
1.221684098243713379e+00,3.984189510345458984e+00,-2.533302642405033112e-03,1.137796882539987564e-02
1.140803813934326172e+00,3.872693300247192383e+00,-8.172401785850524902e-02,6.067296024411916733e-03
1.171638607978820801e+00,3.938085317611694336e+00,-6.563122570514678955e-02,3.042133897542953491e-02
1.109894752502441406e+00,4.392575263977050781e+00,-5.457268096506595612e-03,5.066961050033569336e-02
7.496513724327087402e-01,3.792398214340209961e+00,-8.146619051694869995e-02,4.530962556600570679e-02
1.096946716308593750e+00,4.271926403045654297e+00,-7.519858330488204956e-02,-7.268974184989929199e-02
9.656756520271301270e-01,3.903790473937988281e+00,-4.195158556103706360e-02,-7.309573888778686523e-02
1.464283466339111328e+00,4.363080024719238281e+00,-3.661121800541877747e-02,-3.059400990605354309e-02
1.317416906356811523e+00,4.372177124023437500e+00,-3.415400162339210510e-02,6.398633867502212524e-02
6.580326557159423828e-01,2.352267265319824219e+00,-2.480953000485897064e-02,-3.131179139018058777e-02
9.079111218452453613e-01,3.579301595687866211e+00,-7.197102904319763184e-02,7.122895866632461548e-02
8.763037323951721191e-01,4.136191844940185547e+00,-1.232559233903884888e-01,-1.361505128443241119e-02
1.016938447952270508e+00,4.561347007751464844e+00,-1.126511674374341965e-02,-6.793005159124732018e-04
7.994970083236694336e-01,3.925745725631713867e+00,1.231981092132627964e-03,2.417066320776939392e-02
1.288079977035522461e+00,4.227456569671630859e+00,-1.045297086238861084e-02,-3.447294980287551880e-02
1.133635640144348145e+00,4.757389545440673828e+00,-8.253683894872665405e-02,-4.682303220033645630e-02
7.828542590141296387e-01,3.240586757659912109e+00,-9.789024479687213898e-03,1.149512920528650284e-02
7.726123332977294922e-01,3.472176074981689453e+00,-2.259409055113792419e-03,3.134980425238609314e-02
8.732514977455139160e-01,3.732985019683837891e+00,2.835428901016712189e-02,-4.721834324300289154e-03
1.659110546112060547e+00,5.449101448059082031e+00,-7.400061190128326416e-02,4.923078417778015137e-02
1.077490448951721191e+00,3.787442207336425781e+00,-7.224857807159423828e-02,-4.890058562159538269e-02
1.358139634132385254e+00,4.600276470184326172e+00,1.325320079922676086e-02,4.345496371388435364e-02
8.982908129692077637e-01,3.288456678390502930e+00,-1.055138483643531799e-01,-1.233842689543962479e-02
1.225104689598083496e+00,4.026727199554443359e+00,-5.647362023591995239e-02,-3.514332324266433716e-02
1.107079505920410156e+00,3.816490650177001953e+00,-1.521204505115747452e-02,-1.587277837097644806e-02
8.673902153968811035e-01,3.934449672698974609e+00,5.066337529569864273e-03,1.071993913501501083e-02
1.596768975257873535e+00,4.594341278076171875e+00,-9.573834389448165894e-02,7.518602069467306137e-03
1.148105978965759277e+00,3.793576955795288086e+00,-1.802394911646842957e-02,-1.851087808609008789e-02
1.133854985237121582e+00,3.935756206512451172e+00,-1.058195382356643677e-01,1.963924430310726166e-02
8.435388207435607910e-01,3.802633285522460938e+00,-1.249488890171051025e-01,2.578441612422466278e-02
1.126916170120239258e+00,4.094138622283935547e+00,-2.798325940966606140e-02,-5.990462377667427063e-02
8.860014081001281738e-01,3.698943138122558594e+00,-1.171144321560859680e-01,-2.519724145531654358e-02
1.246969938278198242e+00,3.967954635620117188e+00,-5.831655487418174744e-02,8.533826097846031189e-03
8.611550927162170410e-01,4.152605056762695312e+00,-1.912549883127212524e-02,1.390795875340700150e-02
1.060135722160339355e+00,4.263265609741210938e+00,-2.330830320715904236e-02,7.146959751844406128e-02
1.662111282348632812e+00,5.014689445495605469e+00,-1.172942146658897400e-01,-1.041343435645103455e-02
9.999221563339233398e-01,4.488737106323242188e+00,-4.810640215873718262e-02,-6.918300688266754150e-02
1.297128677368164062e+00,4.886315822601318359e+00,-8.782848715782165527e-03,7.117317616939544678e-02
1.809613347053527832e+00,4.851981639862060547e+00,-5.858983844518661499e-02,2.026957832276821136e-02
9.812517762184143066e-01,4.151751041412353516e+00,-5.505750887095928192e-03,4.538194090127944946e-02
9.277979731559753418e-01,3.992769002914428711e+00,-2.305302023887634277e-02,6.899149715900421143e-02
9.819396734237670898e-01,3.581723451614379883e+00,-5.957375466823577881e-02,1.947296038269996643e-02
1.255170822143554688e+00,5.013224601745605469e+00,-6.961672753095626831e-02,5.490776896476745605e-02
1.159932851791381836e+00,4.561580181121826172e+00,-6.110311951488256454e-03,-5.179418623447418213e-02
1.434812068939208984e+00,4.680052757263183594e+00,-5.521281808614730835e-02,6.088622659444808960e-02
1.096084117889404297e+00,4.393513202667236328e+00,-5.250538699328899384e-03,5.444275215268135071e-02
1.357566714286804199e+00,4.440756797790527344e+00,-9.592704474925994873e-02,4.448123276233673096e-02
9.657829403877258301e-01,4.275359153747558594e+00,1.556281279772520065e-02,4.388906806707382202e-02
1.298734784126281738e+00,4.208476066589355469e+00,-3.263181447982788086e-02,-4.064683243632316589e-02
9.030861258506774902e-01,3.946467399597167969e+00,-1.249429881572723389e-01,-4.766069725155830383e-02
7.043820023536682129e-01,2.898942947387695312e+00,-6.449646502733230591e-02,9.246779518434777856e-05
1.136322021484375000e+00,4.184059143066406250e+00,-1.156365731731057167e-03,-5.586617067456245422e-02
1.315310597419738770e+00,4.342966556549072266e+00,-4.631907504517585039e-04,-3.752175346016883850e-02
1.226042985916137695e+00,4.545907974243164062e+00,3.396728774532675743e-03,-6.707513332366943359e-02
1.295620799064636230e+00,4.364721298217773438e+00,-1.006258837878704071e-02,4.062883183360099792e-02
1.048737764358520508e+00,3.941874265670776367e+00,1.781070977449417114e-02,2.869274467229843140e-02
8.821809291839599609e-01,4.161769866943359375e+00,-1.072118356823921204e-01,3.426268463954329491e-03
8.764250278472900391e-01,2.913308620452880859e+00,-6.515671312808990479e-02,-1.238673925399780273e-02
1.108011245727539062e+00,4.840536594390869141e+00,-7.886061817407608032e-02,3.268718346953392029e-02
9.675858616828918457e-01,3.498328208923339844e+00,-7.657629251480102539e-02,3.218998759984970093e-02
1.511696815490722656e+00,4.376123905181884766e+00,-2.297664433717727661e-02,1.898721233010292053e-02
1.460189580917358398e+00,4.444601535797119141e+00,-2.378589287400245667e-02,-2.416315302252769470e-02
7.755077481269836426e-01,3.394221305847167969e+00,-8.284924179315567017e-02,5.328508839011192322e-02
1.278230905532836914e+00,4.301084995269775391e+00,-8.469879627227783203e-02,2.978534996509552002e-02
1.372212886810302734e+00,5.470639228820800781e+00,-7.417049258947372437e-03,6.409061700105667114e-02
1.067553758621215820e+00,3.901921987533569336e+00,-9.573494642972946167e-02,-3.833027929067611694e-02
1.416667699813842773e+00,4.408243179321289062e+00,-6.568247824907302856e-02,-2.301235869526863098e-02
8.959634304046630859e-01,3.960256576538085938e+00,-1.366865336894989014e-01,1.364453136920928955e-02
1.538659453392028809e+00,4.483564376831054688e+00,-4.741537943482398987e-02,-2.099959366023540497e-02
8.937518000602722168e-01,4.182312488555908203e+00,-4.743782058358192444e-02,-6.574599444866180420e-02
1.047635674476623535e+00,4.175158023834228516e+00,8.688705042004585266e-03,2.787659130990505219e-02
7.114116549491882324e-01,3.619752883911132812e+00,-6.482946872711181641e-02,4.127587378025054932e-02
1.221114754676818848e+00,4.269652843475341797e+00,-1.250772923231124878e-02,-6.164441257715225220e-02
9.704076051712036133e-01,3.957178354263305664e+00,-1.057201176881790161e-01,6.807724386453628540e-02
1.116538405418395996e+00,3.862439155578613281e+00,-6.734444946050643921e-02,3.287737071514129639e-02
1.086656928062438965e+00,4.252859592437744141e+00,-9.794605523347854614e-02,-5.761437863111495972e-02
8.761391043663024902e-01,3.889007568359375000e+00,-2.020929194986820221e-02,5.116153135895729065e-02
1.185779809951782227e+00,4.451709270477294922e+00,-1.021823734045028687e-01,4.752523452043533325e-02
1.069373607635498047e+00,4.296691417694091797e+00,-1.018697246909141541e-01,-5.874640867114067078e-02
1.364938497543334961e+00,4.599156856536865234e+00,-1.086098402738571167e-01,-2.889755740761756897e-02
1.315855741500854492e+00,4.136940956115722656e+00,-6.096558645367622375e-02,-1.916513405740261078e-02
1.199477672576904297e+00,4.627228260040283203e+00,-2.436542324721813202e-02,6.498786062002182007e-02
1.160227179527282715e+00,5.648287773132324219e+00,-4.780223593115806580e-02,-2.093062549829483032e-02
9.801786541938781738e-01,3.476217985153198242e+00,-7.607830315828323364e-02,-4.513275343924760818e-03
7.967480421066284180e-01,3.403995990753173828e+00,-9.839436411857604980e-02,3.041210398077964783e-02
1.446012258529663086e+00,4.439333438873291016e+00,-9.980070590972900391e-02,-1.645206846296787262e-02
1.180068254470825195e+00,4.543895721435546875e+00,-5.419978499412536621e-02,6.219845637679100037e-02
1.164858222007751465e+00,4.924426078796386719e+00,-5.082599446177482605e-02,2.556834556162357330e-02
7.838109135627746582e-01,3.105216264724731445e+00,-6.673932075500488281e-02,2.644076198339462280e-02
9.143590331077575684e-01,3.665326356887817383e+00,-3.862332925200462341e-02,-7.735219597816467285e-02
1.221648812294006348e+00,4.889121532440185547e+00,-5.718249082565307617e-02,7.763262093067169189e-02
1.260984659194946289e+00,4.148216247558593750e+00,-7.272481918334960938e-02,-4.613151401281356812e-02
1.059203386306762695e+00,3.641229391098022461e+00,-2.511216141283512115e-02,-2.747750282287597656e-02
1.626737117767333984e+00,4.701541900634765625e+00,-4.931180272251367569e-03,2.080901898443698883e-02
1.284144282341003418e+00,4.429991245269775391e+00,-1.203950047492980957e-01,1.987529359757900238e-02
9.288526773452758789e-01,4.348207473754882812e+00,-6.549051403999328613e-02,4.012452065944671631e-02
8.501438498497009277e-01,3.377588748931884766e+00,-6.602927297353744507e-02,-6.259359419345855713e-02
9.020313620567321777e-01,4.193592548370361328e+00,-9.197686612606048584e-02,-1.222481857985258102e-02
1.038055539131164551e+00,4.581544876098632812e+00,-1.952106505632400513e-02,5.545084178447723389e-02
1.148275256156921387e+00,4.417304992675781250e+00,-5.531012546271085739e-03,-7.438687235116958618e-02
1.205621480941772461e+00,4.558872699737548828e+00,-2.915286831557750702e-02,-7.876128703355789185e-02
1.040533423423767090e+00,4.479215145111083984e+00,-1.228213235735893250e-01,3.503345325589179993e-02
9.049883484840393066e-01,4.308819293975830078e+00,-4.123313724994659424e-02,-1.802168227732181549e-02
1.394456386566162109e+00,4.653455734252929688e+00,1.922210678458213806e-02,-1.219063624739646912e-02
1.334077835083007812e+00,4.980668067932128906e+00,2.149681793525815010e-03,1.250048447400331497e-02
8.812488317489624023e-01,3.228409290313720703e+00,-5.456284433603286743e-02,4.197077453136444092e-02
1.034572601318359375e+00,4.186939239501953125e+00,-1.902224496006965637e-02,-7.409464567899703979e-02
1.164164543151855469e+00,4.570065498352050781e+00,-4.650779440999031067e-02,8.504758030176162720e-02
8.548414707183837891e-01,3.176531314849853516e+00,-9.678801894187927246e-02,1.162730623036623001e-03
9.854729175567626953e-01,4.018173694610595703e+00,-1.337846815586090088e-01,-1.355869881808757782e-02
1.649004220962524414e+00,4.707383632659912109e+00,-5.909387394785881042e-02,-3.666224703192710876e-02
9.866041541099548340e-01,3.999677658081054688e+00,-4.569198191165924072e-02,6.751613318920135498e-02
1.062192320823669434e+00,4.677963256835937500e+00,-5.060325562953948975e-02,-3.082689084112644196e-02
1.344169020652770996e+00,4.435916900634765625e+00,-2.383434213697910309e-02,-4.368129000067710876e-02
1.089450120925903320e+00,3.951143026351928711e+00,-1.053589284420013428e-01,-4.808931425213813782e-02
1.351459741592407227e+00,4.495192527770996094e+00,2.950859488919377327e-03,2.215084061026573181e-02
8.309739828109741211e-01,4.030821323394775391e+00,-6.205802783370018005e-03,6.106926593929529190e-03
8.901452422142028809e-01,4.047127246856689453e+00,-7.009140402078628540e-02,-7.307182252407073975e-02
1.060314416885375977e+00,3.873381376266479492e+00,2.056986279785633087e-02,-2.031726576387882233e-02
1.011393308639526367e+00,4.281457901000976562e+00,1.085821446031332016e-02,1.934741809964179993e-02
1.046223402023315430e+00,4.010063648223876953e+00,-2.043294021859765053e-03,5.641654506325721741e-02
1.354367494583129883e+00,4.802522182464599609e+00,-4.097264260053634644e-02,4.733987897634506226e-02
1.523470759391784668e+00,4.718902587890625000e+00,-2.419915050268173218e-02,5.900749005377292633e-03
8.483209013938903809e-01,3.809032678604125977e+00,-9.957597404718399048e-02,-1.517728623002767563e-02
6.943640112876892090e-01,3.371567010879516602e+00,-5.023175850510597229e-02,2.264696732163429260e-02
1.128918528556823730e+00,4.151432991027832031e+00,-2.403699979186058044e-02,-4.373857006430625916e-02
1.407449603080749512e+00,5.023299694061279297e+00,-2.497421205043792725e-02,3.541165962815284729e-02
1.036613345146179199e+00,4.182021617889404297e+00,-3.778915107250213623e-02,4.497665911912918091e-02
8.057693839073181152e-01,3.748366594314575195e+00,-2.382195554673671722e-02,-3.944113268516957760e-04
1.194701552391052246e+00,4.259445190429687500e+00,-2.350937947630882263e-02,-2.190684340894222260e-02
1.167466044425964355e+00,4.533535003662109375e+00,-6.424550712108612061e-02,-5.702189728617668152e-02
1.355588674545288086e+00,4.638517379760742188e+00,-1.825201697647571564e-02,2.391480468213558197e-02
8.406417965888977051e-01,3.585870265960693359e+00,-4.304325208067893982e-02,5.157129466533660889e-02
1.480611324310302734e+00,4.915290832519531250e+00,-4.031519591808319092e-02,4.076503589749336243e-02
1.461060881614685059e+00,4.908238410949707031e+00,-9.207306057214736938e-02,2.804378606379032135e-02
1.084705948829650879e+00,4.465798377990722656e+00,-3.043325617909431458e-02,2.901641838252544403e-02
1.232945203781127930e+00,4.659743785858154297e+00,-6.799197942018508911e-02,4.088442400097846985e-02
8.237360715866088867e-01,4.000916481018066406e+00,-3.858468309044837952e-02,1.062082033604383469e-02
7.833376526832580566e-01,3.639458656311035156e+00,-5.087124183773994446e-02,3.166677802801132202e-02
1.271843791007995605e+00,4.272328376770019531e+00,-6.134738400578498840e-02,2.839084900915622711e-02
9.287930130958557129e-01,3.782733917236328125e+00,-2.103064209222793579e-02,-3.634288534522056580e-02
1.589056849479675293e+00,4.953469276428222656e+00,-2.380259893834590912e-02,-2.734256535768508911e-02
1.210829615592956543e+00,4.228793621063232422e+00,-5.262148007750511169e-02,-2.871208451688289642e-02
1.305771231651306152e+00,4.809110164642333984e+00,-6.226415559649467468e-02,-3.977828100323677063e-02
1.138635396957397461e+00,4.149117469787597656e+00,-7.930182851850986481e-03,2.642924338579177856e-02
1.153936147689819336e+00,4.735032081604003906e+00,-2.155577577650547028e-02,1.340435631573200226e-02
8.742775917053222656e-01,3.615374565124511719e+00,-9.927756153047084808e-03,3.053507069125771523e-03
1.333670854568481445e+00,4.747423171997070312e+00,-8.033849298954010010e-02,4.528550803661346436e-02
1.070143103599548340e+00,4.059235095977783203e+00,-4.248012788593769073e-03,-3.144870698451995850e-02
1.061640739440917969e+00,4.154183387756347656e+00,-7.870660722255706787e-02,4.266834259033203125e-02
7.397579550743103027e-01,3.234253168106079102e+00,-1.873804628849029541e-02,1.935285329818725586e-02
9.006868004798889160e-01,3.663399934768676758e+00,-2.221535891294479370e-02,-3.540419414639472961e-02
1.410440683364868164e+00,4.736667633056640625e+00,-2.118173055350780487e-02,2.826595865190029144e-02
7.303892374038696289e-01,3.478392601013183594e+00,-5.451889336109161377e-02,-4.246264696121215820e-03
1.269800066947937012e+00,4.596339225769042969e+00,-1.163635589182376862e-02,2.009693719446659088e-02
1.308105707168579102e+00,4.425652980804443359e+00,-5.075759068131446838e-02,4.232648015022277832e-02
1.003996849060058594e+00,3.857623338699340820e+00,-1.842703670263290405e-02,1.899628527462482452e-02
1.375440835952758789e+00,4.617446422576904297e+00,-8.118560910224914551e-02,-2.161617390811443329e-02
1.529876708984375000e+00,4.878018379211425781e+00,-4.636533558368682861e-02,3.975203260779380798e-02
1.053142666816711426e+00,4.223739624023437500e+00,-1.603798009455204010e-02,-3.386376053094863892e-02
1.495652198791503906e+00,5.265730381011962891e+00,-6.310395896434783936e-02,2.869499661028385162e-02
1.071446418762207031e+00,3.825489521026611328e+00,-3.354538232088088989e-02,-1.311286259442567825e-02
9.338346123695373535e-01,3.701804399490356445e+00,-4.191921651363372803e-02,3.903061524033546448e-02
1.218812465667724609e+00,4.580937385559082031e+00,-3.613381460309028625e-02,4.066809266805648804e-02
1.686531305313110352e+00,5.304395675659179688e+00,-6.864245980978012085e-02,-3.245660662651062012e-02
8.299967050552368164e-01,3.589297771453857422e+00,-1.044281050562858582e-01,-2.632093988358974457e-02
1.685670375823974609e+00,5.382132530212402344e+00,-6.448632478713989258e-02,7.071550469845533371e-03
8.335158824920654297e-01,3.709899663925170898e+00,-5.983164906501770020e-02,-5.202210322022438049e-02
1.355542778968811035e+00,4.994754791259765625e+00,-8.125497028231620789e-03,1.368527207523584366e-02
9.158496856689453125e-01,3.783735275268554688e+00,-1.041101738810539246e-01,-2.901007048785686493e-02
9.162506461143493652e-01,3.847289800643920898e+00,-2.982795983552932739e-02,-4.345555230975151062e-02
1.230775713920593262e+00,4.694259643554687500e+00,-5.285950005054473877e-02,-3.885114192962646484e-02
1.025335669517517090e+00,4.254415035247802734e+00,-6.692704558372497559e-02,-4.238220304250717163e-02
1.323980212211608887e+00,4.317775249481201172e+00,-5.223083123564720154e-02,-1.394015271216630936e-02
9.271953701972961426e-01,4.111469745635986328e+00,-1.679211668670177460e-02,-1.809274032711982727e-02
1.377251625061035156e+00,5.026534557342529297e+00,-2.770177647471427917e-02,3.640642017126083374e-02
1.128627419471740723e+00,4.055624485015869141e+00,-9.506428986787796021e-02,-9.367505088448524475e-03
9.968715906143188477e-01,4.295878887176513672e+00,-7.827439904212951660e-02,-4.032116383314132690e-02
1.266309380531311035e+00,4.303204536437988281e+00,-7.741127908229827881e-02,1.503524463623762131e-02
1.089073538780212402e+00,4.334146499633789062e+00,-1.126857101917266846e-01,-4.592664539813995361e-03
9.891149401664733887e-01,3.712484598159790039e+00,-1.119628921151161194e-02,6.843613460659980774e-03
1.379461884498596191e+00,5.171188354492187500e+00,-1.461070962250232697e-02,2.807795442640781403e-02
1.078653097152709961e+00,4.479734897613525391e+00,-1.268981955945491791e-03,7.045994512736797333e-03
1.239431858062744141e+00,4.767291069030761719e+00,-7.974280044436454773e-03,1.368868746794760227e-03
1.512164592742919922e+00,5.012488365173339844e+00,-7.355216890573501587e-02,-3.197976201772689819e-02
1.238171577453613281e+00,4.529562950134277344e+00,-7.536785304546356201e-02,5.038360506296157837e-02
1.222786068916320801e+00,4.184938907623291016e+00,-3.918810933828353882e-02,-6.885338225401937962e-04
9.106240868568420410e-01,3.559607267379760742e+00,-4.751566052436828613e-02,3.557839617133140564e-02
8.281038999557495117e-01,3.482171058654785156e+00,-6.089260429143905640e-02,5.189643427729606628e-02
8.219395875930786133e-01,3.416280746459960938e+00,-9.491802752017974854e-02,-2.448140271008014679e-02
1.287243843078613281e+00,4.296629428863525391e+00,-2.559182979166507721e-02,-9.874286479316651821e-05
9.547843337059020996e-01,4.104018211364746094e+00,-8.856927603483200073e-02,-2.520229853689670563e-02
1.034012913703918457e+00,3.851131439208984375e+00,-4.975073412060737610e-02,4.914619401097297668e-02
1.047423720359802246e+00,3.846565008163452148e+00,-9.215205162763595581e-02,1.887735910713672638e-02
8.920528888702392578e-01,4.075630664825439453e+00,-9.422725439071655273e-02,9.330621920526027679e-03
7.748560309410095215e-01,3.436865806579589844e+00,-8.633974194526672363e-02,3.034416586160659790e-02
9.332469105720520020e-01,4.035713672637939453e+00,-1.092334017157554626e-01,-1.841664128005504608e-02
1.220962405204772949e+00,4.406279087066650391e+00,-9.930530190467834473e-02,-1.803380437195301056e-02
8.344408869743347168e-01,3.413095951080322266e+00,-8.089350163936614990e-02,-1.622203737497329712e-02
9.019811153411865234e-01,4.173814773559570312e+00,-8.602938055992126465e-02,1.785803586244583130e-02
9.487221240997314453e-01,4.107574939727783203e+00,-2.861183322966098785e-02,-4.779880866408348083e-02
1.181582450866699219e+00,4.104746341705322266e+00,-3.015995584428310394e-02,3.327019512653350830e-02
9.150114655494689941e-01,3.845216035842895508e+00,-5.647591780871152878e-03,-2.441442012786865234e-02
1.027903079986572266e+00,3.913479804992675781e+00,4.933421500027179718e-03,-4.627405665814876556e-03
8.862715959548950195e-01,4.012174129486083984e+00,-3.302980959415435791e-02,-2.719120681285858154e-02
1.077275395393371582e+00,4.263877868652343750e+00,3.227649955078959465e-03,1.011618133634328842e-02
1.184057950973510742e+00,4.634013652801513672e+00,-8.673319965600967407e-02,3.347689285874366760e-02
1.098670601844787598e+00,3.899544954299926758e+00,-8.810573816299438477e-02,6.272848229855298996e-03
1.288574576377868652e+00,4.529189109802246094e+00,-1.381092891097068787e-02,2.640026621520519257e-02
1.076307654380798340e+00,3.949445962905883789e+00,-2.070781588554382324e-02,3.798928111791610718e-02
1.001809239387512207e+00,4.187412738800048828e+00,-2.076357230544090271e-02,-4.403103142976760864e-02
1.201300024986267090e+00,4.079246044158935547e+00,-5.858760699629783630e-02,-5.573982372879981995e-03
1.075733780860900879e+00,4.615324974060058594e+00,-3.423446416854858398e-02,1.838507130742073059e-02
1.343541264533996582e+00,4.627123832702636719e+00,-9.777499362826347351e-03,-2.068838477134704590e-02
9.941926598548889160e-01,3.769451856613159180e+00,-3.202702477574348450e-02,2.524505555629730225e-02
9.814398884773254395e-01,3.948659420013427734e+00,-9.830272942781448364e-02,3.025672025978565216e-02
1.064738035202026367e+00,4.368807315826416016e+00,-1.073487922549247742e-01,-2.532469481229782104e-02
1.187186598777770996e+00,4.534856319427490234e+00,-9.244950115680694580e-02,-1.916857063770294189e-02
9.060181379318237305e-01,3.782181024551391602e+00,-2.829533256590366364e-02,-5.501805618405342102e-02
1.321402907371520996e+00,5.072161674499511719e+00,-6.370343267917633057e-02,9.699333459138870239e-03
1.592131614685058594e+00,5.479991912841796875e+00,-4.545808210968971252e-02,3.267171606421470642e-02
1.027410387992858887e+00,3.713844776153564453e+00,-6.627263128757476807e-02,5.733634461648762226e-04
1.127152204513549805e+00,4.037670135498046875e+00,-2.200223319232463837e-02,-1.381553476676344872e-03
9.463919401168823242e-01,4.216739654541015625e+00,-8.162229508161544800e-02,-3.399575361981987953e-03
1.523428082466125488e+00,4.709708690643310547e+00,-6.530755758285522461e-02,-3.079661168158054352e-02
8.864101171493530273e-01,4.004304409027099609e+00,-4.706160724163055420e-02,3.159385919570922852e-02
8.938418030738830566e-01,4.064801692962646484e+00,-1.009961962699890137e-01,-1.078223716467618942e-02
1.133937001228332520e+00,4.709461212158203125e+00,-8.180726319551467896e-02,-2.683663740754127502e-03
1.197244286537170410e+00,4.580763816833496094e+00,-2.491333521902561188e-02,3.447978571057319641e-02
1.498198866844177246e+00,4.894036769866943359e+00,-2.703031152486801147e-02,4.636338353157043457e-02
1.141087651252746582e+00,4.022790908813476562e+00,-4.173313081264495850e-02,1.125183980911970139e-02
8.799105882644653320e-01,3.453696489334106445e+00,-5.189823359251022339e-02,-2.881409414112567902e-02
1.300915598869323730e+00,4.453735351562500000e+00,-6.423703581094741821e-02,4.127447307109832764e-02
1.708492755889892578e+00,5.589724063873291016e+00,-5.137690529227256775e-02,-2.947475062683224678e-03
1.108033537864685059e+00,4.356563091278076172e+00,-7.763049006462097168e-02,4.941119253635406494e-02
9.849771261215209961e-01,4.331343173980712891e+00,-3.236499428749084473e-02,-1.409639324992895126e-02
1.344779491424560547e+00,4.474702835083007812e+00,-5.565256625413894653e-02,4.539921134710311890e-02
8.523713350296020508e-01,3.846344470977783203e+00,-8.753051981329917908e-03,-3.223797678947448730e-02
1.081828713417053223e+00,3.763510465621948242e+00,-5.407315865159034729e-02,-4.668982699513435364e-03
1.345649480819702148e+00,4.671251296997070312e+00,-7.913836091756820679e-02,-4.831269755959510803e-02
8.410387635231018066e-01,3.644788265228271484e+00,-9.362798929214477539e-02,2.673064358532428741e-02
1.029695153236389160e+00,3.734542369842529297e+00,-2.033559605479240417e-02,8.985869586467742920e-03
1.430192351341247559e+00,4.558068752288818359e+00,-3.575424104928970337e-02,1.955448463559150696e-02
8.209017515182495117e-01,3.848573923110961914e+00,-1.436708867549896240e-02,-2.312196046113967896e-02
1.146016001701354980e+00,4.186491012573242188e+00,-1.511842664331197739e-02,-2.663117088377475739e-02
9.058054089546203613e-01,4.079958915710449219e+00,-1.019771546125411987e-01,-1.615185663104057312e-02
1.135738492012023926e+00,3.994393587112426758e+00,-1.136397477239370346e-02,2.001407090574502945e-03
8.931404948234558105e-01,3.567925930023193359e+00,-4.574286192655563354e-02,4.371637478470802307e-02
1.171863079071044922e+00,4.206467628479003906e+00,-9.201877564191818237e-02,-1.696681790053844452e-02
1.824630379676818848e+00,5.321290016174316406e+00,-4.027389734983444214e-02,5.498712882399559021e-03
8.749895095825195312e-01,3.773488759994506836e+00,-6.192977726459503174e-02,-5.103662237524986267e-02
8.769653439521789551e-01,4.173935413360595703e+00,-6.541216373443603516e-02,-9.133581072092056274e-03
1.449613213539123535e+00,4.527410507202148438e+00,-5.979619547724723816e-02,1.582152023911476135e-02
1.023917555809020996e+00,3.968070983886718750e+00,-7.397299166768789291e-03,2.999485470354557037e-02
1.118656635284423828e+00,4.643793106079101562e+00,-7.898886688053607941e-03,9.991102851927280426e-03
1.191649317741394043e+00,4.111737251281738281e+00,-3.172972798347473145e-02,2.267456613481044769e-02
9.701864123344421387e-01,3.934623479843139648e+00,-6.247999519109725952e-02,5.826091393828392029e-02
9.048017859458923340e-01,3.903994321823120117e+00,-3.090462088584899902e-02,-5.424867197871208191e-02
7.489853501319885254e-01,3.506261825561523438e+00,-3.118677623569965363e-02,2.758764475584030151e-02
9.979428648948669434e-01,4.133873462677001953e+00,-6.928080692887306213e-03,-4.947006818838417530e-04
1.257917881011962891e+00,4.252313613891601562e+00,-4.306145384907722473e-02,1.786409877240657806e-02
1.005427718162536621e+00,3.813639163970947266e+00,-4.380729421973228455e-02,4.570340737700462341e-02
9.447982311248779297e-01,4.185993671417236328e+00,-7.090604864060878754e-03,-2.347748167812824249e-02
1.035327553749084473e+00,3.847898721694946289e+00,-6.778882443904876709e-02,3.093296289443969727e-02
1.128469347953796387e+00,4.118319988250732422e+00,-9.272809326648712158e-02,1.601264066994190216e-02
7.881081104278564453e-01,3.687740802764892578e+00,-7.899884879589080811e-02,-3.857752308249473572e-02
9.667840003967285156e-01,3.877080440521240234e+00,-9.472530335187911987e-02,-2.395224012434482574e-02
8.207395672798156738e-01,3.744767189025878906e+00,-9.521125257015228271e-02,-2.301708050072193146e-02
9.500558972358703613e-01,4.212121486663818359e+00,-4.182759299874305725e-02,2.651982009410858154e-02
1.471973657608032227e+00,4.526277542114257812e+00,-6.314789503812789917e-02,-3.080580849200487137e-03
8.448155522346496582e-01,3.708090305328369141e+00,-6.624905019998550415e-02,-4.815902188420295715e-02
1.147936701774597168e+00,4.193842887878417969e+00,-4.419004078954458237e-03,3.162283822894096375e-02
7.637922763824462891e-01,3.710799455642700195e+00,-6.289495527744293213e-02,1.239438913762569427e-02
1.324163317680358887e+00,4.650021076202392578e+00,-4.280035197734832764e-02,-3.991005197167396545e-02
1.321101665496826172e+00,4.636914253234863281e+00,-8.913314901292324066e-03,-1.004994194954633713e-02
8.527960777282714844e-01,3.946118593215942383e+00,-3.445849195122718811e-02,2.334204502403736115e-02
1.266931414604187012e+00,4.626168727874755859e+00,-8.160310238599777222e-02,-2.869006432592868805e-02
1.024543285369873047e+00,4.359439373016357422e+00,-4.193755239248275757e-02,-3.607844561338424683e-02
7.619299888610839844e-01,3.330667018890380859e+00,-5.521867424249649048e-02,-4.057464003562927246e-02
8.644927740097045898e-01,3.886229515075683594e+00,-1.039261296391487122e-01,-6.146826781332492828e-03
1.098181366920471191e+00,4.405716419219970703e+00,-8.608327060937881470e-02,3.819374367594718933e-02
1.409335851669311523e+00,4.469669342041015625e+00,-3.182496875524520874e-02,2.146289125084877014e-02
1.196895599365234375e+00,4.032123088836669922e+00,-5.019219219684600830e-02,-1.371060125529766083e-02
1.369750261306762695e+00,4.392200469970703125e+00,-4.390981793403625488e-02,2.820553816854953766e-02
9.344931244850158691e-01,4.099677562713623047e+00,-3.080710954964160919e-02,-5.129513144493103027e-02
1.470675230026245117e+00,5.089825153350830078e+00,-7.017385959625244141e-02,-4.320574179291725159e-02
9.721592664718627930e-01,4.259654998779296875e+00,-3.729164972901344299e-02,-4.043844342231750488e-02
1.133912682533264160e+00,4.632568359375000000e+00,-2.184296213090419769e-02,1.681192661635577679e-03
9.456459283828735352e-01,4.010385036468505859e+00,3.304389771074056625e-03,-6.335187237709760666e-03
1.065692186355590820e+00,4.135767936706542969e+00,-4.916007444262504578e-02,-6.058871001005172729e-02
1.292917132377624512e+00,4.377938270568847656e+00,-3.090169094502925873e-02,-3.149098157882690430e-02
1.201346874237060547e+00,4.301925659179687500e+00,-2.662347629666328430e-02,4.661374539136886597e-02
1.249232053756713867e+00,4.267714500427246094e+00,-5.027446523308753967e-02,-3.076065517961978912e-02
1.334905743598937988e+00,4.360603809356689453e+00,-1.772234402596950531e-02,1.905889366753399372e-03
1.084931373596191406e+00,3.865530967712402344e+00,-7.721607387065887451e-02,1.339771505445241928e-02
8.616455197334289551e-01,3.709347009658813477e+00,1.477070385590195656e-03,-2.060535736382007599e-02
9.792224764823913574e-01,3.662172555923461914e+00,-3.073461167514324188e-02,1.012246031314134598e-02
1.013134956359863281e+00,4.269679069519042969e+00,-9.262819588184356689e-02,-3.366265073418617249e-02
8.157914280891418457e-01,3.616723060607910156e+00,-1.661385409533977509e-02,2.546785213053226471e-02
1.460595369338989258e+00,4.522745609283447266e+00,-5.679274350404739380e-02,-1.041150651872158051e-02
1.238049030303955078e+00,4.423404693603515625e+00,-1.039306521415710449e-01,-6.407792679965496063e-03
8.192599415779113770e-01,3.589639663696289062e+00,-1.066544950008392334e-01,7.279718294739723206e-03
9.133741259574890137e-01,4.194391727447509766e+00,-4.027163982391357422e-02,-3.130929172039031982e-02
1.083552837371826172e+00,4.463443756103515625e+00,1.028263592161238194e-03,-1.740838959813117981e-02
1.221655130386352539e+00,4.156416893005371094e+00,-9.130509942770004272e-02,1.008891500532627106e-02
1.284232616424560547e+00,4.935400009155273438e+00,-2.226145192980766296e-02,1.073343958705663681e-02
7.888361811637878418e-01,3.289309740066528320e+00,-4.973616823554039001e-02,-3.929301351308822632e-02
1.415106654167175293e+00,4.716964244842529297e+00,-7.857280969619750977e-02,-2.101336792111396790e-02
1.121174812316894531e+00,4.016056060791015625e+00,-2.289120852947235107e-02,-3.188167512416839600e-02
1.158285498619079590e+00,4.108727931976318359e+00,-3.488104045391082764e-02,-3.800028562545776367e-02
7.422836422920227051e-01,3.306415319442749023e+00,-2.765057422220706940e-02,-1.774520054459571838e-02
8.553007841110229492e-01,3.663894176483154297e+00,-8.041979372501373291e-02,5.475604534149169922e-02
8.183857202529907227e-01,3.888825416564941406e+00,-3.895284608006477356e-02,2.899350039660930634e-02
1.087874889373779297e+00,3.849693775177001953e+00,-3.030665777623653412e-02,-2.007339708507061005e-02
9.191679358482360840e-01,4.234598636627197266e+00,-8.127544075250625610e-02,-1.357150916010141373e-02
1.448024034500122070e+00,4.450982093811035156e+00,-4.857119545340538025e-02,-1.297131646424531937e-02
1.429402232170104980e+00,4.508191108703613281e+00,-4.875035956501960754e-02,-1.840604282915592194e-02
1.493858218193054199e+00,4.755098342895507812e+00,-3.352972865104675293e-02,-1.158656645566225052e-02
1.563496589660644531e+00,4.779044151306152344e+00,-6.011986732482910156e-02,7.688757032155990601e-03
9.033332467079162598e-01,4.133516788482666016e+00,-8.770374208688735962e-02,-2.117263153195381165e-02
1.014832854270935059e+00,4.039446830749511719e+00,-2.331736125051975250e-02,-3.735355660319328308e-02
1.561481118202209473e+00,4.977849960327148438e+00,-9.215681999921798706e-02,-3.733898047357797623e-04
8.382741212844848633e-01,3.819709777832031250e+00,-9.033363312482833862e-02,2.319022454321384430e-02
8.700450658798217773e-01,3.960356712341308594e+00,-1.132651959778741002e-04,-9.955111891031265259e-03
1.112990617752075195e+00,4.148310184478759766e+00,-8.191528916358947754e-02,3.094521723687648773e-02
1.160901546478271484e+00,4.462553024291992188e+00,-1.024491041898727417e-01,-8.874257095158100128e-03
8.696517348289489746e-01,3.478004217147827148e+00,-9.597582370042800903e-02,-2.165994420647621155e-02
9.877220988273620605e-01,3.947156667709350586e+00,-5.435870587825775146e-02,-4.514071345329284668e-02
6.747429370880126953e-01,3.425341129302978516e+00,-5.665796995162963867e-02,-1.167100667953491211e-02
8.831207752227783203e-01,3.822801351547241211e+00,-1.036826521158218384e-01,1.872695423662662506e-02
1.209141135215759277e+00,4.188142776489257812e+00,-5.165228620171546936e-02,4.344091936945915222e-02
9.763019084930419922e-01,3.813699245452880859e+00,-2.486113831400871277e-02,3.023248165845870972e-02
1.106090784072875977e+00,3.896715641021728516e+00,-3.581680729985237122e-02,-3.233555331826210022e-02
1.305124163627624512e+00,4.485356807708740234e+00,-8.190814405679702759e-02,-2.083325944840908051e-02
1.366179347038269043e+00,4.454608917236328125e+00,-6.633302569389343262e-02,1.336563657969236374e-02
1.029137611389160156e+00,4.290965557098388672e+00,-2.188936434686183929e-02,-3.807962685823440552e-02
9.898872971534729004e-01,3.657928466796875000e+00,-7.696120440959930420e-02,-1.139025948941707611e-02
1.023734092712402344e+00,3.823143482208251953e+00,-6.931068003177642822e-02,-3.797313198447227478e-02
7.983114123344421387e-01,3.534881591796875000e+00,-6.375021487474441528e-02,-3.593944013118743896e-02
9.138410687446594238e-01,3.867601394653320312e+00,-6.799296010285615921e-03,-1.746841706335544586e-02
1.270509719848632812e+00,4.428761959075927734e+00,-4.255470260977745056e-02,4.258679598569869995e-02
8.454132676124572754e-01,3.475725889205932617e+00,-6.716822087764739990e-02,4.324743151664733887e-02
1.215537309646606445e+00,4.292160034179687500e+00,-1.431440934538841248e-03,-8.042120374739170074e-03
1.101516246795654297e+00,4.224510669708251953e+00,-3.002305142581462860e-02,-4.348444938659667969e-02
1.217975974082946777e+00,4.188446521759033203e+00,-3.280225023627281189e-02,-4.982192185707390308e-04
1.393535852432250977e+00,4.683693408966064453e+00,4.395695868879556656e-04,5.101617425680160522e-03
9.247211813926696777e-01,4.033813953399658203e+00,-8.958616852760314941e-02,3.602029755711555481e-02
1.263867378234863281e+00,4.213008403778076172e+00,-2.485497668385505676e-02,-6.477552000433206558e-03
9.833952784538269043e-01,3.828891277313232422e+00,-9.631118178367614746e-02,3.010715730488300323e-02
1.578056216239929199e+00,4.822159290313720703e+00,-5.736998468637466431e-02,-2.340941317379474640e-02
9.380564093589782715e-01,4.187116146087646484e+00,-2.374459430575370789e-02,2.807489410042762756e-02
1.238685965538024902e+00,4.312534332275390625e+00,-8.200085721909999847e-03,-2.817511558532714844e-04
1.059656143188476562e+00,3.951045513153076172e+00,-8.846759051084518433e-02,6.497053895145654678e-03
1.042581081390380859e+00,4.000796794891357422e+00,-4.432274028658866882e-02,-5.979054793715476990e-02
9.042954444885253906e-01,3.650540590286254883e+00,-3.073201887309551239e-02,-3.603760898113250732e-02
1.609158754348754883e+00,5.255640029907226562e+00,-3.173858299851417542e-02,2.072311379015445709e-02
1.179376363754272461e+00,3.995718717575073242e+00,-4.435079544782638550e-02,-1.297669857740402222e-02
1.324859976768493652e+00,4.687827110290527344e+00,-6.784549355506896973e-02,-3.673436492681503296e-02
9.326009750366210938e-01,3.931609630584716797e+00,-4.320298135280609131e-02,5.594867840409278870e-02
7.911089062690734863e-01,3.496302843093872070e+00,-5.717030167579650879e-02,4.203038662672042847e-02
8.469727039337158203e-01,3.949131488800048828e+00,-3.904903680086135864e-02,-2.683562785387039185e-02
8.267462253570556641e-01,3.647429704666137695e+00,-2.910128049552440643e-02,5.221749842166900635e-02
1.595680832862854004e+00,4.672531127929687500e+00,-6.973275542259216309e-02,1.280339155346155167e-02
1.138727664947509766e+00,4.754064083099365234e+00,-4.793222621083259583e-02,2.180923707783222198e-03
1.120922565460205078e+00,4.669780254364013672e+00,-7.566859573125839233e-02,-1.489823218435049057e-02
9.224266409873962402e-01,4.324956893920898438e+00,-3.565059974789619446e-02,-7.833550334908068180e-04
1.054623126983642578e+00,3.992069721221923828e+00,-2.684300951659679413e-02,-4.342377558350563049e-02
8.146829009056091309e-01,3.905652284622192383e+00,-4.143010824918746948e-02,-1.481157634407281876e-02
1.245019435882568359e+00,4.198694229125976562e+00,-7.102404534816741943e-02,1.648724079132080078e-02
9.839129447937011719e-01,3.746789455413818359e+00,-7.606427371501922607e-02,1.351939514279365540e-02
1.016731023788452148e+00,4.352960586547851562e+00,-8.204968273639678955e-02,-1.650223322212696075e-02
7.638822197914123535e-01,3.383199930191040039e+00,-9.842128306627273560e-02,-9.031451307237148285e-03
1.280095696449279785e+00,4.568300724029541016e+00,-3.106198040768504143e-03,-3.932234831154346466e-03
1.572411537170410156e+00,4.912717342376708984e+00,-7.877390086650848389e-02,2.636150456964969635e-03
1.628726363182067871e+00,4.737356662750244141e+00,-5.831529572606086731e-02,2.080079726874828339e-02
1.562269926071166992e+00,5.210807800292968750e+00,-2.595233730971813202e-02,4.150966997258365154e-04
8.717977404594421387e-01,3.811595916748046875e+00,-9.311766922473907471e-02,-2.224171906709671021e-02
1.215623259544372559e+00,4.694342613220214844e+00,-8.486136794090270996e-02,-3.612783551216125488e-02
7.578396797180175781e-01,3.688013792037963867e+00,-4.920868203043937683e-02,2.730709873139858246e-02
1.375045895576477051e+00,4.468445777893066406e+00,-8.667179942131042480e-02,-1.384567935019731522e-02
1.000177860260009766e+00,4.503957271575927734e+00,-4.910860583186149597e-02,-5.595500115305185318e-03
9.345631599426269531e-01,4.278895854949951172e+00,-2.794294618070125580e-02,8.678077720105648041e-03
1.086034297943115234e+00,4.403358459472656250e+00,-9.011083096265792847e-02,-1.759898476302623749e-02
1.032762408256530762e+00,3.935529947280883789e+00,-9.416114538908004761e-02,1.420680154114961624e-02
9.586576819419860840e-01,3.690795421600341797e+00,-9.224476292729377747e-03,1.480569504201412201e-02
1.009810328483581543e+00,4.159092903137207031e+00,-7.957501709461212158e-02,3.577051311731338501e-02
9.298416376113891602e-01,4.147554397583007812e+00,-3.043210878968238831e-02,3.949078172445297241e-02
1.043449282646179199e+00,3.853789329528808594e+00,-3.307190537452697754e-02,-3.583633154630661011e-02
8.539189696311950684e-01,3.870311260223388672e+00,-8.037323504686355591e-02,2.446332573890686035e-02
8.787660002708435059e-01,3.915088653564453125e+00,-9.338469803333282471e-02,-2.980922162532806396e-02
1.219995737075805664e+00,4.515263080596923828e+00,-6.720126420259475708e-02,5.254175886511802673e-02
1.339792490005493164e+00,4.509979248046875000e+00,-9.800123982131481171e-03,9.829745627939701080e-03
1.007710814476013184e+00,4.093844413757324219e+00,-4.263926297426223755e-03,7.583435159176588058e-03
8.223836421966552734e-01,3.651720762252807617e+00,-4.588878899812698364e-02,3.744032979011535645e-02
1.038143754005432129e+00,3.808575868606567383e+00,-3.497713804244995117e-02,5.128155462443828583e-03
9.306287169456481934e-01,4.181460857391357422e+00,-2.364592626690864563e-02,-1.103434804826974869e-02
8.877769708633422852e-01,3.684263706207275391e+00,-3.568463400006294250e-02,-5.044730007648468018e-02
1.318533897399902344e+00,4.365618705749511719e+00,-3.538252413272857666e-02,-1.613549515604972839e-02
1.103791117668151855e+00,3.912345409393310547e+00,-8.046841621398925781e-02,6.049677729606628418e-03
1.173454403877258301e+00,4.072224617004394531e+00,-1.258332096040248871e-02,8.741438388824462891e-03
1.589609861373901367e+00,4.997597217559814453e+00,-1.469056773930788040e-02,-1.868327846750617027e-03
8.302843570709228516e-01,3.373924970626831055e+00,-7.436876744031906128e-02,1.586559787392616272e-02
1.266711950302124023e+00,4.319961071014404297e+00,-7.590816169977188110e-02,-3.493968024849891663e-02
8.443452119827270508e-01,3.891242980957031250e+00,-4.779168218374252319e-02,-4.915896058082580566e-02
9.897772073745727539e-01,3.672617197036743164e+00,-6.030674278736114502e-02,-3.122138977050781250e-02
9.098876714706420898e-01,4.188996315002441406e+00,-9.457438439130783081e-02,1.092454977333545685e-02
1.581289529800415039e+00,4.705510616302490234e+00,-4.254551231861114502e-02,2.198670804500579834e-02
1.430536985397338867e+00,4.922796726226806641e+00,-3.924622014164924622e-02,4.734042659401893616e-02
1.740762829780578613e+00,5.342144012451171875e+00,-5.671622231602668762e-02,-3.540999069809913635e-02
1.103223919868469238e+00,4.303141117095947266e+00,-9.140561521053314209e-02,2.475758455693721771e-02
1.043515324592590332e+00,4.017467975616455078e+00,-5.899164453148841858e-02,-4.990508407354354858e-02
1.354241728782653809e+00,4.381772518157958984e+00,-4.457528889179229736e-02,1.627500541508197784e-02
9.661009311676025391e-01,3.966882228851318359e+00,-1.088734194636344910e-01,-1.238816417753696442e-03
9.308243989944458008e-01,4.065887451171875000e+00,4.869586788117885590e-03,6.354397628456354141e-03
1.038980484008789062e+00,4.050588607788085938e+00,-4.660444706678390503e-02,-5.246163532137870789e-02
1.437058687210083008e+00,4.629606246948242188e+00,-6.925903260707855225e-02,-2.921163570135831833e-03
1.088178277015686035e+00,4.422092914581298828e+00,-1.442118268460035324e-02,-2.713418193161487579e-02
1.396262884140014648e+00,4.646486282348632812e+00,-9.048600494861602783e-02,2.271897904574871063e-02
9.192740321159362793e-01,3.958074808120727539e+00,-1.008266061544418335e-01,-2.565172035247087479e-03
1.295889019966125488e+00,4.458872318267822266e+00,-6.104097515344619751e-02,4.309884086251258850e-02
9.330818653106689453e-01,4.123996734619140625e+00,-4.019190382678061724e-04,1.760286651551723480e-02
1.046675682067871094e+00,4.366935729980468750e+00,-8.541554957628250122e-02,3.048995882272720337e-02
9.392657876014709473e-01,3.949023962020874023e+00,-1.509764790534973145e-02,2.741367928683757782e-02
8.263257741928100586e-01,3.583165168762207031e+00,-8.137410879135131836e-02,2.705376036465167999e-02
8.660534620285034180e-01,3.654437303543090820e+00,-1.041113361716270447e-01,3.024908946827054024e-03
8.634575009346008301e-01,3.873132705688476562e+00,-1.115506887435913086e-02,2.313690632581710815e-02
1.189965486526489258e+00,4.368962287902832031e+00,-6.139590218663215637e-02,-5.293437093496322632e-02
1.256435394287109375e+00,4.411540031433105469e+00,-1.611915603280067444e-02,2.647577039897441864e-02
8.180623054504394531e-01,3.836762905120849609e+00,-5.385712161660194397e-02,3.454760462045669556e-02
1.336749076843261719e+00,4.386976718902587891e+00,-4.235855489969253540e-02,-1.161085627973079681e-02
8.238443732261657715e-01,3.598899602890014648e+00,-3.312397003173828125e-02,-4.363071173429489136e-02
1.019349455833435059e+00,3.893005371093750000e+00,2.100555691868066788e-03,7.825930370017886162e-04
9.451511502265930176e-01,4.167134761810302734e+00,-2.073538117110729218e-02,4.396101459860801697e-02
7.303979992866516113e-01,3.496080875396728516e+00,-2.396134287118911743e-02,-1.783098094165325165e-02
9.851469993591308594e-01,3.927504777908325195e+00,-5.989504978060722351e-02,5.485152825713157654e-02
1.271099925041198730e+00,4.661724090576171875e+00,-7.890819758176803589e-02,-3.814060613512992859e-02
8.908734917640686035e-01,3.907125234603881836e+00,-3.313018474727869034e-03,1.428093202412128448e-02
9.417510032653808594e-01,4.250219821929931641e+00,-8.234625309705734253e-02,1.627886667847633362e-02
1.077200174331665039e+00,4.075810432434082031e+00,-9.297066181898117065e-02,2.676583267748355865e-02
8.325126767158508301e-01,3.582190036773681641e+00,-2.967819198966026306e-02,-4.548658058047294617e-02
1.090896248817443848e+00,4.005180358886718750e+00,-8.058755658566951752e-03,2.391759119927883148e-02
1.402839422225952148e+00,4.644682884216308594e+00,-8.397237956523895264e-02,-2.417542971670627594e-02
1.267019510269165039e+00,4.715134620666503906e+00,-5.494432896375656128e-02,-5.402352660894393921e-02
9.703474640846252441e-01,4.054752826690673828e+00,-3.835488483309745789e-02,5.714320018887519836e-02
1.091411352157592773e+00,4.507886409759521484e+00,-1.847383193671703339e-02,3.966259583830833435e-02
1.511665701866149902e+00,4.774577140808105469e+00,-3.338991478085517883e-02,1.283075753599405289e-02
1.467192769050598145e+00,5.003621101379394531e+00,-9.598200023174285889e-02,8.036291226744651794e-03
8.140144348144531250e-01,3.319610595703125000e+00,-4.113574698567390442e-02,-2.133623696863651276e-02
9.850794672966003418e-01,3.649817943572998047e+00,-4.593545570969581604e-02,1.863354444503784180e-02
1.145116448402404785e+00,4.679211139678955078e+00,-4.103598371148109436e-02,4.833026975393295288e-02
9.525966048240661621e-01,3.966245412826538086e+00,-7.516303658485412598e-02,4.843103140592575073e-02
1.111552596092224121e+00,4.202751159667968750e+00,-9.600684046745300293e-02,4.241711273789405823e-02
9.936538934707641602e-01,3.750351190567016602e+00,-4.056572914123535156e-02,3.401437774300575256e-02
1.159363985061645508e+00,3.980711936950683594e+00,-4.216199368238449097e-02,2.125793695449829102e-02
9.036708474159240723e-01,4.146801948547363281e+00,-8.559113740921020508e-02,2.803969010710716248e-02
7.599410414695739746e-01,3.588723897933959961e+00,-6.745339184999465942e-02,9.429457597434520721e-03
9.869439601898193359e-01,3.979807615280151367e+00,-4.770598188042640686e-02,4.958394169807434082e-02
1.153812050819396973e+00,4.766326904296875000e+00,-6.735379993915557861e-02,-7.468655239790678024e-03
1.263587236404418945e+00,4.572228431701660156e+00,-6.495716422796249390e-02,5.213358625769615173e-02
8.599429726600646973e-01,4.067955493927001953e+00,-5.664508789777755737e-02,-1.070682052522897720e-02
1.081788420677185059e+00,4.522863864898681641e+00,-8.167517185211181641e-02,3.516306728124618530e-02
8.276441097259521484e-01,3.798762798309326172e+00,-7.677435409277677536e-03,1.615259796380996704e-02
1.285504102706909180e+00,5.015718460083007812e+00,-2.713298983871936798e-02,4.807162040378898382e-04
1.227452278137207031e+00,4.437645912170410156e+00,-9.843379259109497070e-02,-2.281063422560691833e-02
7.616978287696838379e-01,3.662169933319091797e+00,-7.805256545543670654e-02,-3.073373250663280487e-02
8.704271316528320312e-01,3.848651170730590820e+00,-4.863797873258590698e-02,4.097838699817657471e-02
9.382671713829040527e-01,3.772811889648437500e+00,-8.809357881546020508e-02,2.486147545278072357e-02
8.336693644523620605e-01,3.705333948135375977e+00,-3.852512221783399582e-03,1.736032590270042419e-02
1.042727470397949219e+00,4.491374969482421875e+00,-4.342615604400634766e-02,2.250573597848415375e-02
1.344826817512512207e+00,4.478538513183593750e+00,-3.038423880934715271e-02,-4.181833192706108093e-02
9.510694146156311035e-01,3.873464584350585938e+00,-1.079171448945999146e-01,-2.575515396893024445e-02
9.125700592994689941e-01,3.717682123184204102e+00,-7.474035024642944336e-02,-3.647507354617118835e-02
9.983402490615844727e-01,4.037214279174804688e+00,-1.147812008857727051e-01,1.100824400782585144e-02
1.083503603935241699e+00,4.388212680816650391e+00,-2.292897179722785950e-02,4.970358684659004211e-02
9.748555421829223633e-01,3.664400339126586914e+00,-8.582833409309387207e-02,-1.436378993093967438e-02
1.082464933395385742e+00,4.030564308166503906e+00,-9.552986174821853638e-02,2.169989421963691711e-02
1.118246674537658691e+00,4.552527427673339844e+00,-2.915971353650093079e-02,-4.588992521166801453e-02
1.212149858474731445e+00,4.730371475219726562e+00,-8.357498049736022949e-02,-3.044681809842586517e-02
1.045368552207946777e+00,4.160009384155273438e+00,-1.155018582940101624e-01,-1.673229970037937164e-02
9.826785326004028320e-01,3.848340511322021484e+00,-3.280137106776237488e-02,-4.153778776526451111e-02
1.151839971542358398e+00,3.961856126785278320e+00,-6.826741248369216919e-02,-2.601773291826248169e-02
1.365219235420227051e+00,4.734092235565185547e+00,-9.025243669748306274e-02,3.682886436581611633e-02
1.303091883659362793e+00,4.630719661712646484e+00,-6.588884443044662476e-02,5.006451532244682312e-02
1.269211292266845703e+00,4.249466419219970703e+00,-7.344575226306915283e-02,2.422834979370236397e-03
8.750789761543273926e-01,4.085963726043701172e+00,-9.421779215335845947e-02,-3.485728753730654716e-03
1.001591563224792480e+00,3.747310400009155273e+00,-2.621538378298282623e-02,3.838272392749786377e-02
1.098768949508666992e+00,3.910514116287231445e+00,-8.324681222438812256e-02,2.902763197198510170e-03
1.211739301681518555e+00,4.836699962615966797e+00,-7.289575785398483276e-02,-4.530982114374637604e-03
9.119268655776977539e-01,4.115838050842285156e+00,-5.492221936583518982e-02,4.275056719779968262e-02
1.062464833259582520e+00,4.472308158874511719e+00,-9.978744387626647949e-02,-2.232806291431188583e-03
9.843915700912475586e-01,4.218319416046142578e+00,-8.746231347322463989e-02,3.297806531190872192e-02
1.322469234466552734e+00,4.394157409667968750e+00,-8.181346952915191650e-02,2.008089795708656311e-02
1.013373255729675293e+00,4.299024581909179688e+00,-6.277400255203247070e-02,-4.180527478456497192e-02
1.031240224838256836e+00,4.088297843933105469e+00,-1.070195958018302917e-01,1.962630636990070343e-02
1.183158516883850098e+00,4.872464179992675781e+00,-3.561766818165779114e-02,4.134904220700263977e-02
8.439142704010009766e-01,3.734100818634033203e+00,-1.022672355175018311e-01,1.047178637236356735e-03
7.297199964523315430e-01,3.282819271087646484e+00,-5.904093384742736816e-02,2.737470343708992004e-02
1.275960564613342285e+00,4.621441364288330078e+00,-1.512971427291631699e-02,-2.640782669186592102e-02
8.821452260017395020e-01,3.892538309097290039e+00,-1.383995916694402695e-02,2.470720931887626648e-02
9.071638584136962891e-01,4.133581638336181641e+00,-8.798739314079284668e-02,-1.037903688848018646e-02
9.849290251731872559e-01,4.041388034820556641e+00,-9.165574610233306885e-02,-5.021387338638305664e-02
1.170567750930786133e+00,4.128047943115234375e+00,-1.718873344361782074e-02,-2.715081162750720978e-02
1.001188278198242188e+00,4.267901420593261719e+00,-1.301263645291328430e-02,-3.357083722949028015e-02
1.152345299720764160e+00,4.222486495971679688e+00,-1.020999252796173096e-01,-1.500144973397254944e-02
1.140996098518371582e+00,4.286824226379394531e+00,-1.101777628064155579e-01,2.127865329384803772e-02
1.343365311622619629e+00,4.891815662384033203e+00,-1.407456398010253906e-02,1.722325757145881653e-02
1.116701960563659668e+00,4.166886806488037109e+00,-6.857661902904510498e-02,5.460506305098533630e-02
1.365212202072143555e+00,4.781304359436035156e+00,-5.436589941382408142e-02,4.240013286471366882e-02
1.259348630905151367e+00,4.370721817016601562e+00,-3.335320204496383667e-02,-4.734122008085250854e-02
1.305155634880065918e+00,4.535083770751953125e+00,5.364748649299144745e-04,5.470022093504667282e-03
9.458597302436828613e-01,4.066648960113525391e+00,-1.625746837817132473e-03,2.954725921154022217e-02
9.379986524581909180e-01,4.306707859039306641e+00,-2.578882500529289246e-02,1.536093465983867645e-02
1.156698465347290039e+00,4.251255512237548828e+00,-4.051314294338226318e-02,-5.315892025828361511e-02
1.107758283615112305e+00,4.032754421234130859e+00,-4.199424386024475098e-02,-2.109017781913280487e-02
1.067813038825988770e+00,4.150131225585937500e+00,-2.111974544823169708e-02,9.899481199681758881e-03
1.322510480880737305e+00,4.472616672515869141e+00,-2.770085446536540985e-02,3.317277005407959223e-04
1.087618112564086914e+00,4.222548007965087891e+00,-9.075183421373367310e-02,-9.290944435633718967e-04
9.694152474403381348e-01,4.155768871307373047e+00,-4.328010976314544678e-02,2.879104390740394592e-02
8.517411351203918457e-01,3.693642377853393555e+00,-3.722328692674636841e-02,-2.664950676262378693e-02
1.257786273956298828e+00,4.470213413238525391e+00,-2.141480892896652222e-02,9.060217067599296570e-03
1.098621368408203125e+00,4.072043895721435547e+00,-2.452900446951389313e-02,9.753372520208358765e-03
9.559063315391540527e-01,4.157754421234130859e+00,-5.217672511935234070e-02,-3.494196012616157532e-02
1.158971071243286133e+00,4.313934803009033203e+00,-9.487885236740112305e-02,1.146415248513221741e-03
1.037804841995239258e+00,4.339634895324707031e+00,-8.474003523588180542e-02,2.001311257481575012e-02
8.260843157768249512e-01,3.879160404205322266e+00,-5.057900026440620422e-02,-1.685469783842563629e-02
1.035243272781372070e+00,3.957911968231201172e+00,-9.072288870811462402e-02,4.087310750037431717e-03
8.658165931701660156e-01,3.799847841262817383e+00,-8.235453814268112183e-02,-2.352662384510040283e-02
9.285001754760742188e-01,3.768610000610351562e+00,-3.299438953399658203e-02,-2.958025038242340088e-02
9.622440338134765625e-01,4.265910148620605469e+00,-3.756672516465187073e-02,-1.649323734454810619e-03
7.792229652404785156e-01,3.650873661041259766e+00,-5.601882562041282654e-02,1.622612215578556061e-02
9.933051466941833496e-01,3.868636608123779297e+00,-3.508122265338897705e-02,-2.504979632794857025e-02
1.148124575614929199e+00,4.363480567932128906e+00,-8.127694576978683472e-02,2.456860430538654327e-02
8.846759200096130371e-01,3.689517498016357422e+00,-8.799214661121368408e-02,5.080503877252340317e-03
9.630419611930847168e-01,4.198266506195068359e+00,-3.112907521426677704e-02,1.913899614010006189e-04
1.180522680282592773e+00,4.125808238983154297e+00,-6.634159386157989502e-02,-5.730057135224342346e-03
1.006755590438842773e+00,4.004959106445312500e+00,-7.145904004573822021e-02,-3.115023113787174225e-02
1.154320478439331055e+00,4.244699954986572266e+00,-6.959658861160278320e-02,1.945086196064949036e-02
9.908690452575683594e-01,3.811541557312011719e+00,-6.323258578777313232e-02,-2.253302000463008881e-02
1.278259515762329102e+00,4.453955650329589844e+00,-3.514208272099494934e-02,-1.984120160341262817e-02
1.026746630668640137e+00,4.292675495147705078e+00,-2.522948943078517914e-02,-9.067953214980661869e-04
1.325718760490417480e+00,4.734576225280761719e+00,-3.271533921360969543e-02,-3.102761507034301758e-02
1.314985632896423340e+00,4.443972110748291016e+00,-3.719557076692581177e-02,-1.971084158867597580e-03
1.031501293182373047e+00,4.145938396453857422e+00,-8.724295347929000854e-02,-5.978127010166645050e-03
1.173899054527282715e+00,4.421255111694335938e+00,-7.684403657913208008e-02,2.076638117432594299e-02
9.604899287223815918e-01,3.697567224502563477e+00,-6.413707137107849121e-02,4.081930965185165405e-03
1.081996202468872070e+00,3.987310647964477539e+00,-2.257527224719524384e-02,7.806208450347185135e-04
1.320135712623596191e+00,4.560923099517822266e+00,-5.541596934199333191e-02,1.442856341600418091e-02
9.245283007621765137e-01,3.870686054229736328e+00,-8.718793280422687531e-03,9.144656360149383545e-03
1.154721140861511230e+00,4.594042301177978516e+00,-6.002499908208847046e-02,-2.510955184698104858e-02
1.173143982887268066e+00,4.161979198455810547e+00,-4.524441435933113098e-02,2.072338387370109558e-02
8.983793854713439941e-01,3.504857063293457031e+00,-5.547788366675376892e-02,-1.310424879193305969e-02
1.238763213157653809e+00,4.669829845428466797e+00,-3.203696385025978088e-02,-3.158896416425704956e-02
9.508925080299377441e-01,3.891378164291381836e+00,-7.420253008604049683e-02,-3.217094019055366516e-02
8.981103301048278809e-01,3.812158584594726562e+00,-9.314669668674468994e-02,2.539286622777581215e-03
1.012398123741149902e+00,4.301151275634765625e+00,-4.108070582151412964e-02,-1.931818015873432159e-02
1.370316267013549805e+00,4.533701419830322266e+00,-4.222659021615982056e-02,7.458611857146024704e-03
8.101372122764587402e-01,3.831360101699829102e+00,-4.955670237541198730e-02,-5.150749813765287399e-03
1.156744360923767090e+00,4.227179527282714844e+00,-8.585041761398315430e-02,-1.393030397593975067e-02
8.535953760147094727e-01,3.933319091796875000e+00,-4.851340875029563904e-02,-6.820120848715305328e-03
1.195881247520446777e+00,4.483257293701171875e+00,-6.894319504499435425e-02,2.637983672320842743e-02
1.212817668914794922e+00,4.605939865112304688e+00,-2.295270562171936035e-02,-2.667731791734695435e-02
9.223858714103698730e-01,4.002620697021484375e+00,-1.462244428694248199e-02,-1.330834161490201950e-02
9.311491250991821289e-01,3.787739992141723633e+00,-3.442433476448059082e-02,3.784727677702903748e-02
9.023251533508300781e-01,3.670336723327636719e+00,-2.849152497947216034e-02,-2.196380868554115295e-02
1.043991565704345703e+00,4.231142997741699219e+00,-9.189300239086151123e-02,1.469844207167625427e-02
7.871329784393310547e-01,3.354325532913208008e+00,-5.712838098406791687e-02,1.806993037462234497e-02
9.810796380043029785e-01,3.793674468994140625e+00,-3.345894068479537964e-02,9.384389035403728485e-03
1.085272908210754395e+00,4.005103588104248047e+00,-7.083499431610107422e-02,-2.115971222519874573e-02
9.567770957946777344e-01,3.671367645263671875e+00,-4.339669272303581238e-02,-1.030263677239418030e-02
8.723854422569274902e-01,3.840477228164672852e+00,-5.142946541309356689e-02,3.823364153504371643e-02
1.046977758407592773e+00,4.017881393432617188e+00,-1.964694634079933167e-02,-1.052627619355916977e-02
1.154755830764770508e+00,4.292040348052978516e+00,-7.635542750358581543e-02,1.540437992662191391e-02
1.031837344169616699e+00,4.044073104858398438e+00,-6.581426411867141724e-02,-3.872033953666687012e-02
1.102192044258117676e+00,4.020832538604736328e+00,-2.863952331244945526e-02,-1.260465290397405624e-02
1.407005667686462402e+00,5.031366348266601562e+00,-2.674780786037445068e-02,7.044604048132896423e-03
1.230168342590332031e+00,4.417690753936767578e+00,-5.124969035387039185e-02,3.302514553070068359e-02
1.061361551284790039e+00,4.084218502044677734e+00,-6.745949387550354004e-02,2.536655031144618988e-02
8.498911857604980469e-01,3.530732870101928711e+00,-8.669754117727279663e-02,1.572355977259576321e-04
9.519337415695190430e-01,4.068019866943359375e+00,-6.155508384108543396e-02,-3.901224210858345032e-02
1.357468962669372559e+00,4.930938720703125000e+00,-4.557646811008453369e-02,2.873561158776283264e-02
1.084915995597839355e+00,4.459143638610839844e+00,-7.587623596191406250e-02,-2.621954679489135742e-02
7.811118960380554199e-01,3.347010612487792969e+00,-4.728151857852935791e-02,-1.834885403513908386e-02
8.935824036598205566e-01,4.003671169281005859e+00,-6.257675588130950928e-02,2.810181677341461182e-02
1.059747338294982910e+00,4.388988971710205078e+00,-8.051432669162750244e-02,-2.114816382527351379e-02
1.074492216110229492e+00,4.135989665985107422e+00,-2.845685556530952454e-02,3.361580893397331238e-02
1.059158444404602051e+00,3.890470743179321289e+00,-5.656318366527557373e-02,1.612615771591663361e-02
8.570970892906188965e-01,3.728873729705810547e+00,-2.945870906114578247e-02,1.908525452017784119e-02
1.043446660041809082e+00,4.260699748992919922e+00,-4.253882914781570435e-02,-4.082081466913223267e-02
1.072793841361999512e+00,4.332798004150390625e+00,-3.768007084727287292e-02,2.513539232313632965e-02
1.067926764488220215e+00,4.305187702178955078e+00,-4.406514763832092285e-02,3.209960088133811951e-02
1.055816173553466797e+00,4.393316268920898438e+00,-1.627825945615768433e-02,-1.152029260993003845e-02
9.682693481445312500e-01,4.253827571868896484e+00,-6.336429715156555176e-02,-2.506394311785697937e-02
1.270569801330566406e+00,4.328652381896972656e+00,-5.917476862668991089e-02,6.531530525535345078e-03
9.791238903999328613e-01,3.955320358276367188e+00,-8.640430867671966553e-02,2.259248867630958557e-02
1.115475296974182129e+00,4.007821559906005859e+00,-5.376147106289863586e-02,-1.807150244712829590e-02
1.264822363853454590e+00,4.427558422088623047e+00,-2.196659520268440247e-02,1.713930442929267883e-02
9.063771367073059082e-01,3.802616119384765625e+00,-8.245759457349777222e-02,2.148019149899482727e-02
1.159428358078002930e+00,4.224184513092041016e+00,-6.516054272651672363e-02,2.536349184811115265e-02
1.248815178871154785e+00,4.554278373718261719e+00,-3.289834037423133850e-02,3.076196089386940002e-02
1.160513758659362793e+00,4.686562538146972656e+00,-5.513169616460800171e-02,2.779434807598590851e-02
1.097284078598022461e+00,4.132205009460449219e+00,-8.673108369112014771e-02,2.884116489440202713e-03
1.142857670783996582e+00,4.372543811798095703e+00,-6.935996562242507935e-02,-3.234383091330528259e-02
9.520124793052673340e-01,4.027956962585449219e+00,-1.746606081724166870e-02,8.491855114698410034e-03
9.311470389366149902e-01,3.771080017089843750e+00,-1.180396229028701782e-02,1.117047667503356934e-02
7.889786958694458008e-01,3.412577390670776367e+00,-2.483671903610229492e-02,8.309627883136272430e-03
1.093488812446594238e+00,4.134193420410156250e+00,-6.499855220317840576e-02,-3.750799968838691711e-02
8.242228031158447266e-01,3.473472356796264648e+00,-5.980801582336425781e-02,2.413082122802734375e-02
8.628138899803161621e-01,3.621294021606445312e+00,-3.003478795289993286e-02,2.704831399023532867e-02
1.030689597129821777e+00,4.064993381500244141e+00,-7.976947724819183350e-02,1.747661270201206207e-02
8.026784658432006836e-01,3.683866500854492188e+00,-6.877044588327407837e-02,-2.634795755147933960e-02
1.283376693725585938e+00,4.853949546813964844e+00,-4.285550490021705627e-02,-2.660594880580902100e-02
1.033570289611816406e+00,4.153442382812500000e+00,-8.080779016017913818e-02,2.428074739873409271e-02
1.376200675964355469e+00,4.625769615173339844e+00,-4.056301712989807129e-02,1.058000698685646057e-02
1.006939172744750977e+00,4.353212356567382812e+00,-3.779864311218261719e-02,-2.169562317430973053e-02
9.230398535728454590e-01,3.858342647552490234e+00,-2.164987660944461823e-02,2.087394334375858307e-02
9.410138726234436035e-01,3.936556100845336914e+00,-1.163193769752979279e-02,-2.682587830349802971e-03
9.968221187591552734e-01,4.259295463562011719e+00,-3.632911667227745056e-02,-2.647547796368598938e-02
1.122750282287597656e+00,4.278744697570800781e+00,-2.933012880384922028e-02,2.294486016035079956e-02
1.252351880073547363e+00,4.351931095123291016e+00,-5.378216877579689026e-02,1.864382997155189514e-02
1.217683672904968262e+00,4.384141921997070312e+00,-1.453785598278045654e-02,-1.404906040988862514e-03
1.015131473541259766e+00,3.837847709655761719e+00,-7.652660459280014038e-02,-9.462261572480201721e-03
1.152864217758178711e+00,4.110323905944824219e+00,-4.680134356021881104e-02,1.574508287012577057e-02
1.137497067451477051e+00,4.355125427246093750e+00,-9.200060367584228516e-02,-3.119040280580520630e-03
9.697350859642028809e-01,4.082996845245361328e+00,-5.250143259763717651e-02,-4.335710406303405762e-02
1.099995017051696777e+00,4.051300525665283203e+00,-2.524901181459426880e-02,3.307886188849806786e-03
1.294419765472412109e+00,4.558384895324707031e+00,-6.970636546611785889e-02,-3.228587657213211060e-02
1.013669133186340332e+00,4.249012470245361328e+00,-1.738986931741237640e-02,-7.605316117405891418e-03
1.307426571846008301e+00,4.781332015991210938e+00,-7.255924493074417114e-02,2.497670613229274750e-02
1.204156279563903809e+00,4.348739147186279297e+00,-4.121322929859161377e-02,-2.980708517134189606e-02
8.501096963882446289e-01,3.752943992614746094e+00,-5.398088321089744568e-02,-3.367438167333602905e-02
1.059096217155456543e+00,3.983721733093261719e+00,-3.436700999736785889e-02,1.017865445464849472e-02
1.000804543495178223e+00,4.218091487884521484e+00,-7.428354024887084961e-02,2.806890755891799927e-02
1.155480384826660156e+00,4.176988124847412109e+00,-4.360319301486015320e-02,3.076673671603202820e-02
8.479458093643188477e-01,3.734119892120361328e+00,-3.762577101588249207e-02,-2.430210635066032410e-02
1.144663453102111816e+00,4.049312591552734375e+00,-6.498843431472778320e-02,9.443270042538642883e-03
1.046578168869018555e+00,4.239831447601318359e+00,-2.739569917321205139e-02,2.485976740717887878e-02
1.000930190086364746e+00,4.291851043701171875e+00,-8.788326382637023926e-02,1.489127520471811295e-03
1.062139511108398438e+00,4.142841339111328125e+00,-2.526513673365116119e-02,2.796576917171478271e-02
8.084264397621154785e-01,3.457479715347290039e+00,-7.750169187784194946e-02,1.255108881741762161e-02
1.118721127510070801e+00,4.072300910949707031e+00,-5.788582935929298401e-02,-2.191740646958351135e-02
1.369274020195007324e+00,4.571421623229980469e+00,-5.536857619881629944e-02,1.268078293651342392e-02
1.344209671020507812e+00,4.989714622497558594e+00,-6.223970279097557068e-02,2.375738695263862610e-02
8.004961609840393066e-01,3.605883836746215820e+00,-5.491568520665168762e-02,2.220315672457218170e-02
1.471987605094909668e+00,4.790074348449707031e+00,-5.920445173978805542e-02,-9.335531853139400482e-03
1.087922453880310059e+00,4.331685543060302734e+00,-3.631900250911712646e-02,3.119558840990066528e-02
7.938591837882995605e-01,3.447665214538574219e+00,-3.504498675465583801e-02,-2.413145080208778381e-02
1.012786149978637695e+00,3.823350191116333008e+00,-4.429009556770324707e-02,-1.192377414554357529e-02
7.474698424339294434e-01,3.502389192581176758e+00,-4.630121588706970215e-02,-1.955791935324668884e-02
1.084062933921813965e+00,3.905019044876098633e+00,-5.848746374249458313e-02,-6.472037639468908310e-03
1.137316346168518066e+00,4.151690483093261719e+00,-1.956245675683021545e-02,-1.430305466055870056e-02
1.250781059265136719e+00,4.655114650726318359e+00,-3.603031858801841736e-02,-3.222702071070671082e-02
9.152193665504455566e-01,3.716974258422851562e+00,-4.720248281955718994e-02,-3.269090130925178528e-02
8.814624547958374023e-01,3.869041442871093750e+00,-5.685439705848693848e-02,3.920031338930130005e-02
9.940899014472961426e-01,4.018034458160400391e+00,-5.802961811423301697e-02,4.221099615097045898e-02
1.203521728515625000e+00,4.351757526397705078e+00,-4.769397154450416565e-02,-3.612216934561729431e-02
8.397004604339599609e-01,3.506922006607055664e+00,-7.583414763212203979e-02,1.165840215981006622e-02
9.647558927536010742e-01,3.956293821334838867e+00,-9.032047539949417114e-02,1.303982269018888474e-02
1.358661651611328125e+00,4.723164081573486328e+00,-8.185105770826339722e-02,-2.500155474990606308e-03
9.814334511756896973e-01,3.954504013061523438e+00,-8.520051091909408569e-02,-7.468879688531160355e-03
1.356062173843383789e+00,4.982196331024169922e+00,-7.260791212320327759e-02,-2.076669409871101379e-02
1.009895324707031250e+00,4.416696548461914062e+00,-4.213825240731239319e-02,7.112362072803080082e-04
1.368615508079528809e+00,4.736200332641601562e+00,-3.361826762557029724e-02,1.413473673164844513e-02
1.154823780059814453e+00,4.591047286987304688e+00,-4.911835119128227234e-02,-1.949240826070308685e-02
8.782311081886291504e-01,3.628966331481933594e+00,-8.093487471342086792e-02,2.025201357901096344e-02
1.149695038795471191e+00,4.199493885040283203e+00,-4.824881255626678467e-02,-2.454620599746704102e-02
1.272917866706848145e+00,4.318912982940673828e+00,-4.958716779947280884e-02,1.552663650363683701e-02
9.896508455276489258e-01,4.078813076019287109e+00,-8.888220041990280151e-02,2.043917216360569000e-02
1.123318314552307129e+00,4.334578990936279297e+00,-3.695219755172729492e-02,2.855514362454414368e-02
1.209086894989013672e+00,4.301238059997558594e+00,-2.961207181215286255e-02,1.170379761606454849e-02
1.188873171806335449e+00,4.315883159637451172e+00,-2.674855105578899384e-02,5.296353250741958618e-03
7.580379247665405273e-01,3.273463487625122070e+00,-4.312118887901306152e-02,1.497250515967607498e-02
1.331897616386413574e+00,4.521053791046142578e+00,-5.548733845353126526e-02,2.402231656014919281e-02
9.648395180702209473e-01,3.940289735794067383e+00,-3.809638693928718567e-02,2.990431152284145355e-02
1.141624689102172852e+00,4.553141117095947266e+00,-6.248750537633895874e-02,2.406354993581771851e-02
8.258624672889709473e-01,3.726732969284057617e+00,-3.367112949490547180e-02,-3.096864931285381317e-02
1.235573649406433105e+00,4.453350067138671875e+00,-4.267757758498191833e-02,3.280053660273551941e-02
9.445356130599975586e-01,3.785534620285034180e+00,-6.250397115945816040e-02,-2.777400240302085876e-02
1.178351998329162598e+00,4.557848453521728516e+00,-2.513928338885307312e-02,1.634687185287475586e-02
1.181280493736267090e+00,4.456219673156738281e+00,-2.025219425559043884e-02,2.543627470731735229e-02
1.144690871238708496e+00,4.366005897521972656e+00,-6.459671258926391602e-02,-4.315155744552612305e-02
1.322624683380126953e+00,4.539247035980224609e+00,-6.813121587038040161e-02,-2.066147327423095703e-02
8.492929339408874512e-01,3.700703859329223633e+00,-6.216381862759590149e-02,-3.004958480596542358e-02
1.166358351707458496e+00,4.360214233398437500e+00,-2.421205677092075348e-02,2.361269854009151459e-02
1.296341061592102051e+00,4.508759021759033203e+00,-5.405602604150772095e-02,-2.238595299422740936e-02
1.424120783805847168e+00,4.867851734161376953e+00,-2.794663794338703156e-02,-2.132459916174411774e-02
9.564628601074218750e-01,4.133071422576904297e+00,-5.879180878400802612e-02,-2.639853395521640778e-02
1.191456913948059082e+00,4.479513645172119141e+00,-2.837830968201160431e-02,2.135194279253482819e-02
1.225031852722167969e+00,4.425852298736572266e+00,-6.535761058330535889e-02,-3.799671679735183716e-02
1.229006767272949219e+00,4.268037319183349609e+00,-2.551753632724285126e-02,-2.525570569559931755e-03
1.077172040939331055e+00,3.967845678329467773e+00,-3.605352342128753662e-02,6.623353110626339912e-04
1.124123334884643555e+00,4.141478061676025391e+00,-7.817787677049636841e-02,1.099797338247299194e-02
1.337018847465515137e+00,4.581807613372802734e+00,-8.051692694425582886e-02,1.847440260462462902e-03
1.199615001678466797e+00,4.214497089385986328e+00,-3.462067246437072754e-02,8.548016194254159927e-04
1.122692465782165527e+00,4.105809688568115234e+00,-3.307567536830902100e-02,7.364411838352680206e-03
1.313589811325073242e+00,4.587614536285400391e+00,-3.983855992555618286e-02,2.314733713865280151e-02
1.255276799201965332e+00,4.374592304229736328e+00,-2.966332808136940002e-02,2.511630300432443619e-03
1.147482275962829590e+00,4.347411155700683594e+00,-6.480783224105834961e-02,3.696511685848236084e-02
1.148084878921508789e+00,4.175535202026367188e+00,-1.496357377618551254e-02,5.752271041274070740e-03
9.432090520858764648e-01,4.104818344116210938e+00,-1.438203081488609314e-02,3.818938042968511581e-03
1.017758488655090332e+00,3.873829364776611328e+00,-5.331650748848915100e-02,-2.958324737846851349e-02
8.075564503669738770e-01,3.710216283798217773e+00,-6.917404383420944214e-02,-2.245737425982952118e-02
1.095761895179748535e+00,4.370763778686523438e+00,-7.094050198793411255e-02,-3.021577000617980957e-02
1.221146345138549805e+00,4.708197593688964844e+00,-5.190587788820266724e-02,3.452440723776817322e-02
1.266938805580139160e+00,4.811181545257568359e+00,-6.843432039022445679e-02,-1.211561076343059540e-02
1.083378434181213379e+00,4.376248359680175781e+00,-2.010354027152061462e-02,-2.118359506130218506e-02
1.086199045181274414e+00,4.192321300506591797e+00,-5.011003836989402771e-02,3.974561393260955811e-02
1.056800842285156250e+00,4.211592197418212891e+00,-5.982964485883712769e-02,-4.119103774428367615e-02
8.088177442550659180e-01,3.815873622894287109e+00,-6.364469230175018311e-02,7.377638481557369232e-03
1.207486748695373535e+00,4.364208698272705078e+00,-4.697053879499435425e-02,-2.911335229873657227e-02
8.884272575378417969e-01,3.786449432373046875e+00,-2.195553854107856750e-02,-1.800800859928131104e-02
1.189957499504089355e+00,4.698446750640869141e+00,-4.790467396378517151e-02,-9.132660925388336182e-03
7.644131779670715332e-01,3.472342014312744141e+00,-6.234441325068473816e-02,2.922709798440337181e-03
7.891354560852050781e-01,3.492244720458984375e+00,-3.238480910658836365e-02,-2.292652055621147156e-02
1.015519261360168457e+00,4.227667331695556641e+00,-2.109096199274063110e-02,-1.514228177256882191e-03
1.192538738250732422e+00,4.551218509674072266e+00,-8.781273663043975830e-02,7.604374084621667862e-03
1.167568087577819824e+00,4.374485969543457031e+00,-8.344193547964096069e-02,-7.831069640815258026e-03
1.094500303268432617e+00,4.069649696350097656e+00,-5.262828245759010315e-02,-2.695457078516483307e-02
7.459419965744018555e-01,3.554446697235107422e+00,-5.185644328594207764e-02,1.040276139974594116e-02
1.006844162940979004e+00,3.897163867950439453e+00,-7.293737679719924927e-02,2.168802917003631592e-02
8.622866868972778320e-01,3.512335777282714844e+00,-3.695039078593254089e-02,2.267977967858314514e-02
1.046852707862854004e+00,4.363987922668457031e+00,-2.272149547934532166e-02,1.714787818491458893e-02
1.042825698852539062e+00,4.187479972839355469e+00,-8.613285422325134277e-02,-2.354040183126926422e-02
8.845223784446716309e-01,3.638457059860229492e+00,-4.978051781654357910e-02,3.313810750842094421e-02
1.122741937637329102e+00,4.097764968872070312e+00,-7.849203050136566162e-02,-9.692673571407794952e-03
1.130013108253479004e+00,4.145963191986083984e+00,-5.082651972770690918e-02,-2.222419157624244690e-02
1.035826802253723145e+00,3.874115467071533203e+00,-3.564940392971038818e-02,-1.286669448018074036e-02
1.065391421318054199e+00,4.127187728881835938e+00,-5.667124688625335693e-02,3.372361138463020325e-02
8.199778199195861816e-01,3.716823577880859375e+00,-3.110226057469844818e-02,-2.520036511123180389e-02
1.207357168197631836e+00,4.481819629669189453e+00,-8.388794213533401489e-02,-1.831014826893806458e-02
1.445606827735900879e+00,4.904753208160400391e+00,-3.933776542544364929e-02,-2.503450028598308563e-03
1.383608579635620117e+00,4.720460891723632812e+00,-3.598097339272499084e-02,9.586188942193984985e-03
1.117435336112976074e+00,4.390192031860351562e+00,-4.417880624532699585e-02,-4.449240490794181824e-02
1.118785142898559570e+00,4.181274414062500000e+00,-9.005377441644668579e-02,2.518039895221590996e-03
8.596549630165100098e-01,3.915678262710571289e+00,-3.815851733088493347e-02,-2.464053966104984283e-02
1.025476813316345215e+00,4.148379325866699219e+00,-6.952913850545883179e-02,3.998495638370513916e-02
9.502240419387817383e-01,4.134150505065917969e+00,-2.167769521474838257e-02,-5.186432972550392151e-03
1.106172919273376465e+00,4.257759571075439453e+00,-5.830593407154083252e-02,-4.422783851623535156e-02
9.332878589630126953e-01,3.774147033691406250e+00,-1.205511949956417084e-02,-1.475110463798046112e-02
1.014322996139526367e+00,3.979948997497558594e+00,-4.309286177158355713e-02,2.912436239421367645e-02
1.420963406562805176e+00,4.664336681365966797e+00,-6.735009700059890747e-02,2.745341276749968529e-03
1.197477817535400391e+00,4.325656414031982422e+00,-7.784442603588104248e-02,-1.181185618042945862e-02
1.023970603942871094e+00,3.980977773666381836e+00,-5.012214928865432739e-02,4.086673259735107422e-02
1.012101531028747559e+00,4.165017127990722656e+00,-7.425064593553543091e-02,-2.676524780690670013e-02
9.091509580612182617e-01,4.148122787475585938e+00,-5.416898429393768311e-02,5.085120443254709244e-03
1.017463326454162598e+00,3.926361560821533203e+00,-3.802933543920516968e-02,2.347966283559799194e-02
1.172555088996887207e+00,4.268002510070800781e+00,-5.579462274909019470e-02,3.870160877704620361e-02
9.957495331764221191e-01,3.969437837600708008e+00,-3.308372199535369873e-02,-3.203896805644035339e-02
1.311771988868713379e+00,4.429135322570800781e+00,-6.356666237115859985e-02,9.235822595655918121e-03
9.844239950180053711e-01,4.213873863220214844e+00,-5.488780885934829712e-02,-3.487652540206909180e-02
9.515682458877563477e-01,4.214802742004394531e+00,-6.719490885734558105e-02,-9.289432317018508911e-03
1.062877655029296875e+00,4.257222175598144531e+00,-8.201633580029010773e-03,6.261638482101261616e-04
9.381793141365051270e-01,3.940342903137207031e+00,-4.198383167386054993e-02,-3.532658517360687256e-02
1.279580950736999512e+00,4.686848640441894531e+00,-7.896740734577178955e-02,2.497175894677639008e-02
8.275846242904663086e-01,3.765876531600952148e+00,-6.481031328439712524e-02,-6.623729132115840912e-03
8.458919525146484375e-01,3.924158573150634766e+00,-5.162891000509262085e-02,2.185318432748317719e-02
1.131023883819580078e+00,4.408759117126464844e+00,-7.904134690761566162e-02,1.564369164407253265e-02
9.380095005035400391e-01,4.128273963928222656e+00,-7.866186648607254028e-02,1.062149181962013245e-03
9.025112390518188477e-01,3.894071817398071289e+00,-6.966144591569900513e-02,-3.531552851200103760e-02
9.252887964248657227e-01,4.012270450592041016e+00,-7.533697783946990967e-02,-2.133641764521598816e-02
8.074831366539001465e-01,3.729838848114013672e+00,-7.508047670125961304e-02,-5.746509879827499390e-03
9.076531529426574707e-01,3.900595426559448242e+00,-7.215178012847900391e-02,3.261693194508552551e-02
1.178727149963378906e+00,4.183453559875488281e+00,-4.018753767013549805e-02,-1.228262018412351608e-02
8.834421038627624512e-01,3.909413337707519531e+00,-4.820170626044273376e-02,2.767726592719554901e-02
1.231230616569519043e+00,4.522770881652832031e+00,-2.807173877954483032e-02,2.540685236454010010e-02
1.053165674209594727e+00,4.379006385803222656e+00,-4.597670212388038635e-02,-2.255371958017349243e-02
7.447684407234191895e-01,3.234101533889770508e+00,-4.476979002356529236e-02,7.653605192899703979e-03
1.027955651283264160e+00,3.875778913497924805e+00,-4.642255976796150208e-02,1.185065787285566330e-02
9.032246470451354980e-01,3.726334810256958008e+00,-2.110500633716583252e-02,-2.550849504768848419e-02
9.449366927146911621e-01,4.158802032470703125e+00,-7.266283780336380005e-02,-7.698486093431711197e-03
1.009268760681152344e+00,3.805218219757080078e+00,-6.732869893312454224e-02,9.231113828718662262e-03
1.262001276016235352e+00,4.469227790832519531e+00,-3.315659612417221069e-02,-2.434678375720977783e-02
1.114997863769531250e+00,4.390952110290527344e+00,-6.570510566234588623e-02,-3.295342251658439636e-02
8.922031521797180176e-01,3.825912475585937500e+00,-2.595071867108345032e-02,2.890465036034584045e-02
9.910007119178771973e-01,3.973384618759155273e+00,-9.256809018552303314e-03,5.113810766488313675e-03
9.617358446121215820e-01,4.086763858795166016e+00,-1.445851754397153854e-02,-1.268437132239341736e-02
7.731449604034423828e-01,3.077240943908691406e+00,-5.236829072237014771e-02,4.524011630564928055e-03
1.030574679374694824e+00,4.033262729644775391e+00,-7.924464344978332520e-02,-1.745595782995223999e-02
1.147218585014343262e+00,4.585299491882324219e+00,-6.422942876815795898e-02,2.864262834191322327e-02
1.082183957099914551e+00,4.427814483642578125e+00,-7.573460787534713745e-02,2.266103588044643402e-02
9.052475690841674805e-01,3.998156309127807617e+00,-6.148371845483779907e-02,2.210400998592376709e-02
1.029422640800476074e+00,4.098182201385498047e+00,-6.635688990354537964e-02,-4.385264590382575989e-02
9.066047668457031250e-01,3.931431055068969727e+00,-8.034799247980117798e-02,1.577398739755153656e-02
1.209823489189147949e+00,4.737903594970703125e+00,-7.637798041105270386e-02,-1.701528020203113556e-02
8.960723280906677246e-01,4.119050502777099609e+00,-5.802208185195922852e-02,1.055246870964765549e-02
9.764778614044189453e-01,3.726048707962036133e+00,-6.021227315068244934e-02,-9.516075253486633301e-03
9.022514820098876953e-01,3.889825820922851562e+00,-6.391472369432449341e-02,-4.163420200347900391e-02
1.080099225044250488e+00,3.927515029907226562e+00,-3.257725387811660767e-02,-5.303256679326295853e-03
9.071458578109741211e-01,3.928511857986450195e+00,-8.049862086772918701e-02,-1.130321901291608810e-02
9.289688467979431152e-01,4.153792381286621094e+00,-6.663431972265243530e-02,-2.336706407368183136e-02
8.421490788459777832e-01,3.860702276229858398e+00,-7.560361176729202271e-02,-1.388561353087425232e-02
8.110514283180236816e-01,3.589851140975952148e+00,-1.905637606978416443e-02,1.256216876208782196e-02
1.151381850242614746e+00,4.349338054656982422e+00,-8.572363853454589844e-02,4.890566226094961166e-03
1.317931175231933594e+00,4.656673908233642578e+00,-3.320054337382316589e-02,3.040859103202819824e-02
1.168102383613586426e+00,4.361570835113525391e+00,-6.112531200051307678e-02,-3.531521186232566833e-02
8.753520846366882324e-01,3.699967384338378906e+00,-3.220578655600547791e-02,-2.885390259325504303e-02
9.173985123634338379e-01,3.820777177810668945e+00,-9.344724938273429871e-03,-1.295767724514007568e-02
1.122540831565856934e+00,4.353792667388916016e+00,-1.008945237845182419e-02,7.075764704495668411e-03
7.765601277351379395e-01,3.470180988311767578e+00,-3.382776305079460144e-02,-2.367906272411346436e-02
1.089637875556945801e+00,4.199622631072998047e+00,-9.625407308340072632e-02,3.577911527827382088e-03
1.150349736213684082e+00,4.599093914031982422e+00,-6.262084841728210449e-02,2.051424421370029449e-02
1.061157584190368652e+00,4.080375194549560547e+00,-6.971619278192520142e-02,-3.588068485260009766e-02
8.171026706695556641e-01,3.564844608306884766e+00,-6.038332730531692505e-02,2.529430761933326721e-02
1.163348913192749023e+00,4.327738761901855469e+00,-6.046524643898010254e-02,-3.637654706835746765e-02
1.026821374893188477e+00,3.956209897994995117e+00,-4.598105326294898987e-02,-4.016054049134254456e-02
1.061096310615539551e+00,4.144287586212158203e+00,-8.290734142065048218e-02,2.151029743254184723e-02
1.276883959770202637e+00,4.439425945281982422e+00,-7.218801975250244141e-02,-2.474064938724040985e-02
9.127564430236816406e-01,3.851182460784912109e+00,-6.870015710592269897e-02,2.738950960338115692e-02
1.033945441246032715e+00,4.137144565582275391e+00,-2.031254954636096954e-02,-1.450781244784593582e-02
1.080587267875671387e+00,4.130072116851806641e+00,-5.059896036982536316e-02,-4.020449891686439514e-02
1.150540351867675781e+00,4.264818191528320312e+00,-5.683605000376701355e-02,-4.152205958962440491e-02
1.177265644073486328e+00,4.461744785308837891e+00,-2.777326107025146484e-02,-3.390764817595481873e-02
1.058867096900939941e+00,3.853368520736694336e+00,-5.981777608394622803e-02,-2.565575530752539635e-03
1.280355095863342285e+00,4.526537895202636719e+00,-8.984705805778503418e-02,3.517666598781943321e-03
1.018041968345642090e+00,4.158025741577148438e+00,-7.875214517116546631e-02,-2.115369215607643127e-02
8.404234647750854492e-01,3.501797437667846680e+00,-8.109550923109054565e-02,1.730259135365486145e-02
9.925730228424072266e-01,4.233987331390380859e+00,-8.546608686447143555e-02,-1.975778490304946899e-02
1.352463603019714355e+00,4.926382064819335938e+00,-3.723202645778656006e-02,2.487141825258731842e-02
1.088343501091003418e+00,4.243879318237304688e+00,-1.783495768904685974e-02,-2.126811631023883820e-02
1.116289138793945312e+00,4.069166660308837891e+00,-5.060166120529174805e-02,-3.096319735050201416e-02
9.682635068893432617e-01,4.130424976348876953e+00,-2.311411313712596893e-02,-2.765023708343505859e-02
8.564246892929077148e-01,3.939568042755126953e+00,-6.950996071100234985e-02,-1.965184323489665985e-02
9.123627543449401855e-01,3.706073284149169922e+00,-7.872887700796127319e-02,1.312560308724641800e-02
1.020718097686767578e+00,4.450294017791748047e+00,-5.241887643933296204e-02,1.005832850933074951e-02
1.059484243392944336e+00,4.005392551422119141e+00,-2.435456216335296631e-02,-1.507583633065223694e-02
8.633351325988769531e-01,3.858870506286621094e+00,-8.301330357789993286e-02,-1.407784037292003632e-02
8.496974706649780273e-01,3.931924343109130859e+00,-5.588578060269355774e-02,1.000034157186746597e-02
8.814874291419982910e-01,3.939996719360351562e+00,-2.423690073192119598e-02,-4.544810857623815536e-03
9.932561516761779785e-01,4.095917701721191406e+00,-5.534983798861503601e-02,3.287786617875099182e-02
9.187197089195251465e-01,3.832074642181396484e+00,-1.527516823261976242e-02,-1.846761070191860199e-02
8.084662556648254395e-01,3.525073528289794922e+00,-8.312312513589859009e-02,1.736917160451412201e-02
1.018281579017639160e+00,4.443045139312744141e+00,-4.498722031712532043e-02,-1.555601414293050766e-02
8.528973460197448730e-01,3.758357286453247070e+00,-8.551989495754241943e-02,-2.931136637926101685e-03
1.144869685173034668e+00,4.610166549682617188e+00,-7.064167410135269165e-02,-2.254367433488368988e-02
1.029661297798156738e+00,3.938100576400756836e+00,-6.830284744501113892e-02,1.860907115042209625e-02
1.283183693885803223e+00,4.831669330596923828e+00,-4.600745067000389099e-02,-3.448905795812606812e-02
1.055235147476196289e+00,4.061575412750244141e+00,-2.316426299512386322e-02,9.220980107784271240e-03
1.250268578529357910e+00,4.342988491058349609e+00,-5.470698699355125427e-02,2.560370415449142456e-02
1.173949599266052246e+00,4.313750267028808594e+00,-2.504694089293479919e-02,-2.405327558517456055e-02
9.094849824905395508e-01,3.798676013946533203e+00,-3.847018629312515259e-02,4.092129319906234741e-02
1.140626668930053711e+00,4.034357547760009766e+00,-5.436594411730766296e-02,7.862590253353118896e-03
1.309774756431579590e+00,4.536255359649658203e+00,-5.880882591009140015e-02,-1.749621145427227020e-02
1.231706023216247559e+00,4.583835124969482422e+00,-8.415164053440093994e-02,-1.297737099230289459e-02
1.008918285369873047e+00,3.977967500686645508e+00,-1.588330417871475220e-02,-1.903917058371007442e-03
1.228755235671997070e+00,4.385242462158203125e+00,-3.592149540781974792e-02,-3.090281970798969269e-02
1.044028878211975098e+00,4.001897335052490234e+00,-2.978467382490634918e-02,3.235309198498725891e-02
1.086438179016113281e+00,4.007081985473632812e+00,-6.424278020858764648e-02,1.652907580137252808e-02
1.370820283889770508e+00,4.650807380676269531e+00,-3.835090622305870056e-02,-2.487067505717277527e-02
8.442077040672302246e-01,3.747788906097412109e+00,-2.801832742989063263e-02,2.350083738565444946e-02
8.068787455558776855e-01,3.733412027359008789e+00,-6.131265312433242798e-02,-1.235968992114067078e-02
1.000951766967773438e+00,4.204986572265625000e+00,-2.243622392416000366e-02,1.141802500933408737e-02
1.160379052162170410e+00,4.235525608062744141e+00,-7.526687532663345337e-02,1.028480939567089081e-02
1.159877538681030273e+00,4.158865451812744141e+00,-3.496928513050079346e-02,-7.533331867307424545e-03
1.224298954010009766e+00,4.709176540374755859e+00,-4.330207407474517822e-02,1.887300238013267517e-02
7.654212713241577148e-01,3.410853862762451172e+00,-3.410219028592109680e-02,4.272084683179855347e-03
1.074332714080810547e+00,4.435598373413085938e+00,-2.753768675029277802e-02,5.223372019827365875e-03
9.097025394439697266e-01,4.099462509155273438e+00,-7.442855834960937500e-02,-1.611114479601383209e-02
1.482557296752929688e+00,4.793336868286132812e+00,-3.384330123662948608e-02,2.319830702617764473e-03
1.240569949150085449e+00,4.616326332092285156e+00,-4.512296617031097412e-02,-2.637119777500629425e-02
1.073775410652160645e+00,4.494793415069580078e+00,-3.523523733019828796e-02,-1.238934136927127838e-02
1.111028194427490234e+00,4.013617038726806641e+00,-6.852932274341583252e-02,-1.363098155707120895e-02
1.243924736976623535e+00,4.582750797271728516e+00,-8.286123722791671753e-02,9.220531210303306580e-03
7.900819778442382812e-01,3.613311529159545898e+00,-3.325689584016799927e-02,-1.388088054955005646e-02
8.778976202011108398e-01,3.769785165786743164e+00,-1.616927236318588257e-02,1.374638266861438751e-02
9.773021340370178223e-01,3.723309755325317383e+00,-5.022275820374488831e-02,7.225154433399438858e-03
1.139861822128295898e+00,4.244313240051269531e+00,-1.662287674844264984e-02,-1.958004198968410492e-02
1.151163458824157715e+00,4.357142448425292969e+00,-1.998335123062133789e-02,9.708078578114509583e-03
1.299952745437622070e+00,4.500754833221435547e+00,-6.513059139251708984e-02,-1.105419546365737915e-02
1.355513691902160645e+00,4.559419631958007812e+00,-6.665010750293731689e-02,-4.838364664465188980e-03
1.077036023139953613e+00,3.942760705947875977e+00,-3.188408538699150085e-02,-3.185358131304383278e-03
1.314539909362792969e+00,4.444204330444335938e+00,-4.452772811055183411e-02,-2.292802743613719940e-02
1.181321263313293457e+00,4.509784221649169922e+00,-2.590201981365680695e-02,-3.491508588194847107e-02
8.957961201667785645e-01,4.031256198883056641e+00,-5.810318514704704285e-02,-1.368596777319908142e-02
9.361379742622375488e-01,4.165941715240478516e+00,-4.982948675751686096e-02,-6.362960673868656158e-03
8.418310880661010742e-01,3.774938821792602539e+00,-6.573552638292312622e-02,3.133804351091384888e-02
1.171224355697631836e+00,4.565947055816650391e+00,-4.563480243086814880e-02,2.572579868137836456e-02
1.204420924186706543e+00,4.278213977813720703e+00,-4.708527028560638428e-02,2.910373732447624207e-02
1.272317290306091309e+00,4.341955661773681641e+00,-3.952885046601295471e-02,1.913717575371265411e-02
1.072748184204101562e+00,4.332725048065185547e+00,-8.214863389730453491e-02,1.475076749920845032e-02
8.913814425468444824e-01,3.563772916793823242e+00,-2.163405902683734894e-02,3.089142264798283577e-03
8.875452280044555664e-01,3.921741485595703125e+00,-7.865410298109054565e-02,-1.186294853687286377e-02
9.849001765251159668e-01,3.866348743438720703e+00,-4.335572570562362671e-02,-3.986804187297821045e-02
1.335848093032836914e+00,4.717171669006347656e+00,-6.929314136505126953e-02,-3.002762608230113983e-02
1.314503788948059082e+00,4.724293231964111328e+00,-6.851906329393386841e-02,2.898057177662849426e-02
1.203305482864379883e+00,4.249443054199218750e+00,-4.233037307858467102e-02,-1.834665541537106037e-03
8.144673109054565430e-01,3.737915039062500000e+00,-3.546413406729698181e-02,-2.106535248458385468e-02
1.448789715766906738e+00,4.976081848144531250e+00,-4.828112199902534485e-02,-8.458606898784637451e-03
9.589104652404785156e-01,4.270537376403808594e+00,-3.269342705607414246e-02,2.599753672257065773e-03
1.040944576263427734e+00,4.124495506286621094e+00,-7.989891618490219116e-02,1.963811926543712616e-02
9.957152605056762695e-01,4.288630485534667969e+00,-6.834229826927185059e-02,-3.031925112009048462e-02
1.041400909423828125e+00,4.235745906829833984e+00,-6.313872337341308594e-02,-3.177689760923385620e-02
8.987915515899658203e-01,3.959046363830566406e+00,-1.268394477665424347e-02,-4.121266305446624756e-03
9.387103915214538574e-01,4.056013107299804688e+00,-8.200014382600784302e-02,4.654459189623594284e-03
1.026702404022216797e+00,4.301049232482910156e+00,-2.704329416155815125e-02,-1.837182603776454926e-02
9.708412289619445801e-01,3.759238243103027344e+00,-2.389400824904441833e-02,3.374898806214332581e-03
1.025704622268676758e+00,3.936330795288085938e+00,-7.834732532501220703e-02,2.478560060262680054e-02
9.860443472862243652e-01,4.003036022186279297e+00,-6.263758987188339233e-02,-3.836279362440109253e-02
7.510612607002258301e-01,3.551119565963745117e+00,-5.297381803393363953e-02,1.034445874392986298e-02
1.059524893760681152e+00,4.210735321044921875e+00,-9.964598342776298523e-03,-8.164754137396812439e-03
9.575266242027282715e-01,4.193691730499267578e+00,-2.824957109987735748e-02,2.003777399659156799e-02
9.856872558593750000e-01,4.191084861755371094e+00,-1.908164098858833313e-02,-6.376141216605901718e-03
9.183536171913146973e-01,3.975565195083618164e+00,-1.530097518116235733e-02,1.607566140592098236e-02
1.042911052703857422e+00,4.163254737854003906e+00,-3.910933807492256165e-02,3.675290197134017944e-02
1.043452620506286621e+00,4.409647941589355469e+00,-4.207870364189147949e-02,-8.907845243811607361e-03
9.551549553871154785e-01,3.687508821487426758e+00,-6.991460919380187988e-02,1.227663084864616394e-02
9.019467830657958984e-01,4.074985980987548828e+00,-4.826840758323669434e-02,2.225043624639511108e-02
9.556345343589782715e-01,4.292453289031982422e+00,-4.615609347820281982e-02,-8.668189868330955505e-03
1.164765954017639160e+00,4.687499523162841797e+00,-5.055497586727142334e-02,-2.543903421610593796e-03
1.290137648582458496e+00,4.779634475708007812e+00,-7.304986566305160522e-02,-1.933769090101122856e-03
1.355291962623596191e+00,4.693661689758300781e+00,-6.777030974626541138e-02,-1.635578088462352753e-02
1.286345601081848145e+00,4.353453159332275391e+00,-5.324389785528182983e-02,6.895441561937332153e-03
1.396754026412963867e+00,4.647157192230224609e+00,-7.534192502498626709e-02,-3.665791591629385948e-03
8.455276489257812500e-01,3.759794473648071289e+00,-6.174604594707489014e-02,-2.562437765300273895e-02
9.948032498359680176e-01,4.002559185028076172e+00,-1.431007683277130127e-02,5.867619067430496216e-03
9.644359350204467773e-01,3.785841226577758789e+00,-4.149054735898971558e-02,2.284893207252025604e-02
8.921605348587036133e-01,3.859775543212890625e+00,-7.679073512554168701e-02,2.450789138674736023e-02
1.149955630302429199e+00,4.444652557373046875e+00,-8.315596729516983032e-02,-3.151265904307365417e-02
7.720947265625000000e-01,3.470776557922363281e+00,-2.825107984244823456e-02,2.426645020022988319e-03
7.689431905746459961e-01,3.511109113693237305e+00,-2.996485494077205658e-02,1.424023229628801346e-02
9.199265241622924805e-01,3.997732639312744141e+00,-5.539273843169212341e-02,-1.573736406862735748e-02
1.046918034553527832e+00,3.993573904037475586e+00,-4.469550773501396179e-02,2.170420810580253601e-02
9.248806238174438477e-01,3.680577278137207031e+00,-6.475502997636795044e-02,-1.328009832650423050e-02
8.582118749618530273e-01,3.771922588348388672e+00,-5.917655304074287415e-02,-2.562169916927814484e-02
1.121136784553527832e+00,4.291199684143066406e+00,-6.933945417404174805e-02,-2.244388870894908905e-02
9.032821059226989746e-01,3.757138490676879883e+00,-7.875427603721618652e-02,2.727815182879567146e-03
1.326747417449951172e+00,4.729255676269531250e+00,-3.984707966446876526e-02,1.105112303048372269e-02
9.998520016670227051e-01,4.238496780395507812e+00,-3.716804459691047668e-02,1.423700153827667236e-02
1.051983714103698730e+00,4.361964702606201172e+00,-5.489286780357360840e-02,-6.819694768637418747e-03
9.911798238754272461e-01,4.143112659454345703e+00,-2.978255599737167358e-02,1.309711486101150513e-02
8.764533996582031250e-01,3.853376626968383789e+00,-3.258859366178512573e-02,-1.284098625183105469e-02
8.485743403434753418e-01,3.759049654006958008e+00,-6.514886021614074707e-02,-1.435452606528997421e-03
1.080299854278564453e+00,4.194332122802734375e+00,-3.584502264857292175e-02,2.256632782518863678e-02
1.357171058654785156e+00,4.616308212280273438e+00,-5.101650580763816833e-02,2.326330170035362244e-03
1.124963641166687012e+00,4.535951137542724609e+00,-6.655251979827880859e-02,-6.033314391970634460e-03
1.080657720565795898e+00,4.209630489349365234e+00,-8.169573545455932617e-02,4.881152417510747910e-03
1.144923567771911621e+00,4.558124542236328125e+00,-6.600644439458847046e-02,-5.088706500828266144e-03
9.887433052062988281e-01,3.851787090301513672e+00,-4.199329018592834473e-02,1.558606233447790146e-02
8.506955504417419434e-01,3.610924482345581055e+00,-4.640214517712593079e-02,-1.887417025864124298e-02
1.058453559875488281e+00,4.254620075225830078e+00,-6.068420410156250000e-02,-3.086444735527038574e-02
1.134103775024414062e+00,4.456271171569824219e+00,-3.005059994757175446e-02,5.132504273205995560e-03
8.740476965904235840e-01,3.637060165405273438e+00,-4.720479995012283325e-02,-2.304578199982643127e-02
9.023085236549377441e-01,3.670117616653442383e+00,-4.653394594788551331e-02,-2.116665244102478027e-02
1.036230087280273438e+00,3.993067502975463867e+00,-2.813611924648284912e-02,8.129106834530830383e-03
1.030739545822143555e+00,4.171911239624023438e+00,-7.782312482595443726e-02,-5.022898782044649124e-03
9.844517111778259277e-01,4.061399459838867188e+00,-4.568815231323242188e-02,2.875159494578838348e-02
1.080193758010864258e+00,4.424551010131835938e+00,-4.756660386919975281e-02,-1.171263400465250015e-02
8.050086498260498047e-01,3.454604387283325195e+00,-5.928747355937957764e-02,-7.434423547238111496e-03
9.866129159927368164e-01,4.217355251312255859e+00,-5.842913314700126648e-02,-6.770871579647064209e-03
1.086266875267028809e+00,4.339900016784667969e+00,-4.861195385456085205e-02,2.863362431526184082e-02
1.023137927055358887e+00,4.265743732452392578e+00,-7.649090141057968140e-02,-6.863161455839872360e-03
1.150262475013732910e+00,4.580257892608642578e+00,-6.953949481248855591e-02,2.695676404982805252e-03
1.158143401145935059e+00,4.210212707519531250e+00,-6.835162639617919922e-02,1.038105506449937820e-02
9.268612861633300781e-01,4.111878395080566406e+00,-5.247303470969200134e-02,-6.072563584893941879e-03
8.741782307624816895e-01,3.805565357208251953e+00,-4.633244872093200684e-02,-2.750617638230323792e-02
1.255340576171875000e+00,4.625108242034912109e+00,-6.318184733390808105e-02,1.659677177667617798e-02
1.001804232597351074e+00,4.199907302856445312e+00,-5.081870034337043762e-02,2.419908158481121063e-02
1.276989698410034180e+00,4.624464988708496094e+00,-5.008694902062416077e-02,1.394641306251287460e-02
9.876594543457031250e-01,4.151567459106445312e+00,-7.138855755329132080e-02,-2.150598540902137756e-02
9.968701004981994629e-01,4.219487190246582031e+00,-3.113535791635513306e-02,5.411788355559110641e-03
1.141626834869384766e+00,4.439794540405273438e+00,-7.642012834548950195e-02,1.610070839524269104e-02
9.227242469787597656e-01,4.037115097045898438e+00,-4.817267134785652161e-02,4.950546193867921829e-03
9.706562161445617676e-01,3.743249654769897461e+00,-5.042315647006034851e-02,2.359454752877354622e-03
9.838981032371520996e-01,3.959084272384643555e+00,-2.564610727131366730e-02,-1.860978826880455017e-02
9.777635931968688965e-01,4.090877532958984375e+00,-8.376638591289520264e-02,3.003707155585289001e-03
1.140837192535400391e+00,4.355957508087158203e+00,-5.194855481386184692e-02,-2.350191771984100342e-02
1.068713188171386719e+00,4.110875606536865234e+00,-7.234391570091247559e-02,5.269590299576520920e-03
1.262285351753234863e+00,4.724448204040527344e+00,-6.592925637960433960e-02,-2.634290372952818871e-03
8.978995680809020996e-01,3.841249465942382812e+00,-6.223672255873680115e-02,-2.419465221464633942e-02
1.177042961120605469e+00,4.435329914093017578e+00,-7.015891373157501221e-02,-2.084599621593952179e-02
1.113998293876647949e+00,4.416810512542724609e+00,-5.454153940081596375e-02,-2.478108368813991547e-02
1.031261563301086426e+00,4.143175125122070312e+00,-6.210469454526901245e-02,2.326880767941474915e-02
1.251864314079284668e+00,4.516046524047851562e+00,-4.701997712254524231e-02,-2.409511804580688477e-02
9.581133723258972168e-01,3.945379734039306641e+00,-2.685171738266944885e-02,-1.033728197216987610e-02
1.004409193992614746e+00,4.163691997528076172e+00,-2.373692952096462250e-02,5.067009944468736649e-03
1.125257611274719238e+00,4.349559307098388672e+00,-3.204987943172454834e-02,-1.893623732030391693e-02
8.954160213470458984e-01,3.911723852157592773e+00,-5.992372334003448486e-02,1.945378072559833527e-02
1.049537181854248047e+00,4.369290351867675781e+00,-4.008211940526962280e-02,-7.987260818481445312e-03
1.218846917152404785e+00,4.440704345703125000e+00,-3.327847272157669067e-02,5.376194138079881668e-03
1.183020472526550293e+00,4.333822727203369141e+00,-3.138488903641700745e-02,-2.928245812654495239e-03
9.823683500289916992e-01,4.139686584472656250e+00,-6.261925399303436279e-02,-2.130179479718208313e-02
1.105679750442504883e+00,4.497651100158691406e+00,-6.476530432701110840e-02,-1.299475692212581635e-02
9.758992791175842285e-01,3.842702388763427734e+00,-7.362016290426254272e-02,3.027374390512704849e-03
8.001840114593505859e-01,3.577952146530151367e+00,-4.037464410066604614e-02,6.963050924241542816e-03
1.177918434143066406e+00,4.470686435699462891e+00,-7.152905315160751343e-02,-1.504123490303754807e-02
1.088660120964050293e+00,4.471370697021484375e+00,-5.187830328941345215e-02,7.099840790033340454e-03
1.294066548347473145e+00,4.808806419372558594e+00,-4.056059569120407104e-02,-1.084796711802482605e-02
9.616325497627258301e-01,4.157171249389648438e+00,-7.213623821735382080e-02,-1.687333337031304836e-03
1.168799519538879395e+00,4.594923496246337891e+00,-6.473650038242340088e-02,1.162211503833532333e-02
1.220967411994934082e+00,4.419954299926757812e+00,-4.473819956183433533e-02,1.272461283951997757e-02
9.284969568252563477e-01,3.960176229476928711e+00,-2.617963775992393494e-02,1.846185070462524891e-03
1.052350044250488281e+00,4.355824947357177734e+00,-4.773486778140068054e-02,-1.578538864850997925e-02
9.183542728424072266e-01,3.917787790298461914e+00,-3.137880563735961914e-02,1.811303757131099701e-02
9.466953277587890625e-01,4.070935249328613281e+00,-3.511870279908180237e-02,7.709384226473048329e-05
1.236189723014831543e+00,4.572714805603027344e+00,-5.582209303975105286e-02,1.741267740726470947e-02
1.290630817413330078e+00,4.707175731658935547e+00,-6.113613024353981018e-02,-1.625226996839046478e-02
1.070009589195251465e+00,4.245914459228515625e+00,-6.561014801263809204e-02,2.499721758067607880e-02
9.272614121437072754e-01,3.705537080764770508e+00,-6.350125372409820557e-02,1.830909214913845062e-02
9.694862961769104004e-01,4.032559871673583984e+00,-5.101013928651809692e-02,2.339657768607139587e-02
9.212859272956848145e-01,3.710213184356689453e+00,-4.666571691632270813e-02,2.259518578648567200e-02
8.928341865539550781e-01,3.837343692779541016e+00,-6.946299970149993896e-02,-2.093967795372009277e-02
1.057851433753967285e+00,4.117159843444824219e+00,-3.758260235190391541e-02,2.194284275174140930e-02
9.314606189727783203e-01,3.876350879669189453e+00,-2.591443434357643127e-02,3.913878463208675385e-03
8.282979726791381836e-01,3.617415904998779297e+00,-4.430049285292625427e-02,-2.211650274693965912e-02
9.428693652153015137e-01,4.074557304382324219e+00,-5.538309738039970398e-02,-1.647134870290756226e-02
8.885380625724792480e-01,3.655529499053955078e+00,-5.468180775642395020e-02,-1.678132079541683197e-02
1.165346741676330566e+00,4.269236087799072266e+00,-5.775161087512969971e-02,-1.370716840028762817e-02
9.618002772331237793e-01,3.857336997985839844e+00,-4.194085299968719482e-02,1.851485297083854675e-02
9.776336550712585449e-01,4.135284900665283203e+00,-3.064692765474319458e-02,1.114217378199100494e-02
8.466379046440124512e-01,3.498819828033447266e+00,-5.475201085209846497e-02,-1.186696253716945648e-02
8.907725214958190918e-01,3.751078128814697266e+00,-3.170351684093475342e-02,1.826180703938007355e-02
9.545036554336547852e-01,3.938848257064819336e+00,-5.476682633161544800e-02,-3.162279352545738220e-02
8.867608904838562012e-01,3.888806104660034180e+00,-6.357880681753158569e-02,8.622565306723117828e-03
9.543617367744445801e-01,3.784332513809204102e+00,-7.557846605777740479e-02,-3.841888625174760818e-03
1.076771020889282227e+00,4.127727508544921875e+00,-5.986235290765762329e-02,-2.075130864977836609e-02
1.343134164810180664e+00,4.577432155609130859e+00,-4.762297868728637695e-02,2.042958047240972519e-03
8.884344696998596191e-01,3.931747198104858398e+00,-6.359799206256866455e-02,9.660855866968631744e-03
1.163583636283874512e+00,4.264318943023681641e+00,-6.965766847133636475e-02,1.604810170829296112e-02
8.915964365005493164e-01,3.913356065750122070e+00,-6.319066882133483887e-02,-2.056503482162952423e-02
9.615744352340698242e-01,4.086907863616943359e+00,-7.418730109930038452e-02,-5.819987040013074875e-03
9.939035177230834961e-01,3.974403142929077148e+00,-5.926443636417388916e-02,2.988359145820140839e-02
1.417076587677001953e+00,4.844622611999511719e+00,-4.331228882074356079e-02,-9.369164705276489258e-03
9.382418990135192871e-01,3.701943159103393555e+00,-4.467798769474029541e-02,-1.583112403750419617e-02
9.659503698348999023e-01,4.009775161743164062e+00,-7.645373046398162842e-02,2.059129439294338226e-02
9.242042899131774902e-01,4.009077548980712891e+00,-7.329196482896804810e-02,-2.986472332850098610e-03
1.084049701690673828e+00,4.183850288391113281e+00,-7.231140136718750000e-02,-2.382051572203636169e-02
9.647799730300903320e-01,4.041534900665283203e+00,-7.823435217142105103e-02,1.265121903270483017e-02
9.971722960472106934e-01,4.054840564727783203e+00,-6.673911958932876587e-02,-2.839733287692070007e-02
1.292447447776794434e+00,4.553626060485839844e+00,-4.122582823038101196e-02,1.734672300517559052e-02
9.211688041687011719e-01,3.945973157882690430e+00,-2.542446553707122803e-02,-8.906364440917968750e-03
1.078861594200134277e+00,4.337572574615478516e+00,-4.977124929428100586e-02,2.335660904645919800e-02
1.166243553161621094e+00,4.351232051849365234e+00,-2.691897377371788025e-02,-9.759942069649696350e-03
1.098297715187072754e+00,4.236271381378173828e+00,-8.186334371566772461e-02,-5.856299772858619690e-03
9.333902001380920410e-01,3.968383073806762695e+00,-3.294591233134269714e-02,-1.960061304271221161e-02
8.189768195152282715e-01,3.432662487030029297e+00,-5.612696334719657898e-02,-4.318377468734979630e-04
1.268744468688964844e+00,4.728050708770751953e+00,-4.400065541267395020e-02,-4.980177618563175201e-03
1.023178696632385254e+00,4.321208953857421875e+00,-4.744106531143188477e-02,1.840492477640509605e-03
8.904209136962890625e-01,3.981620073318481445e+00,-4.965271428227424622e-02,1.209598500281572342e-02
1.038133382797241211e+00,4.241727828979492188e+00,-7.936238497495651245e-02,6.341082509607076645e-03
1.076268196105957031e+00,4.047683238983154297e+00,-3.955191001296043396e-02,1.618460193276405334e-02
8.729552030563354492e-01,3.843974113464355469e+00,-4.334859177470207214e-02,1.833482086658477783e-02
1.026738405227661133e+00,3.956330776214599609e+00,-7.101421058177947998e-02,-1.530443038791418076e-02
9.710555076599121094e-01,3.991712808609008789e+00,-2.811599709093570709e-02,1.316198986023664474e-02
1.163401603698730469e+00,4.395443916320800781e+00,-8.081650733947753906e-02,-1.171043515205383301e-02
8.640560507774353027e-01,3.837343692779541016e+00,-7.032509893178939819e-02,7.727091666311025620e-03
1.005031347274780273e+00,3.839554548263549805e+00,-4.932466894388198853e-02,-4.380229394882917404e-03
8.125758767127990723e-01,3.501186370849609375e+00,-7.161158323287963867e-02,5.480870138853788376e-03
9.226939082145690918e-01,3.750199794769287109e+00,-4.127395153045654297e-02,-2.315212413668632507e-02
1.083206534385681152e+00,4.036255836486816406e+00,-4.070722311735153198e-02,-3.840566379949450493e-03
9.267817735671997070e-01,3.989133834838867188e+00,-7.356126606464385986e-02,9.307662025094032288e-03
9.877386689186096191e-01,3.990880489349365234e+00,-3.649013116955757141e-02,2.293551154434680939e-02
1.035791873931884766e+00,4.140410423278808594e+00,-4.402672871947288513e-02,-2.765714749693870544e-02
1.179324984550476074e+00,4.347078323364257812e+00,-6.859690696001052856e-02,7.308592554181814194e-03
9.516097307205200195e-01,3.791609525680541992e+00,-4.415651410818099976e-02,-1.712222211062908173e-02
1.037220835685729980e+00,4.065082550048828125e+00,-7.640846818685531616e-02,-1.186797209084033966e-02
1.174144387245178223e+00,4.389349937438964844e+00,-3.657303750514984131e-02,2.059421502053737640e-02
8.708665966987609863e-01,3.838319540023803711e+00,-2.775138244032859802e-02,-7.860443438403308392e-04
9.294583201408386230e-01,3.914940595626831055e+00,-2.333356998860836029e-02,6.308803800493478775e-03
8.215589523315429688e-01,3.570300579071044922e+00,-6.210963800549507141e-02,-1.432740828022360802e-03
1.228250861167907715e+00,4.427251815795898438e+00,-4.213680326938629150e-02,-1.622643694281578064e-02
8.936367034912109375e-01,3.859176635742187500e+00,-3.771384060382843018e-02,1.985790953040122986e-02
9.921501874923706055e-01,3.854748487472534180e+00,-4.138528555631637573e-02,-2.025165408849716187e-02
1.023711562156677246e+00,4.056931018829345703e+00,-5.778641998767852783e-02,2.362407185137271881e-02
1.023120284080505371e+00,4.068058013916015625e+00,-5.838461965322494507e-02,3.015936724841594696e-02
1.191063404083251953e+00,4.374206066131591797e+00,-7.349742949008941650e-02,-9.548967704176902771e-03
1.029303193092346191e+00,3.954936981201171875e+00,-4.043003171682357788e-02,-1.610367186367511749e-02
1.041221976280212402e+00,4.175294399261474609e+00,-7.616097480058670044e-02,-1.252814009785652161e-02
9.301636219024658203e-01,3.860431432723999023e+00,-2.118660509586334229e-02,-8.738860487937927246e-03
9.103820919990539551e-01,3.819645404815673828e+00,-4.808107018470764160e-02,-2.748486213386058807e-02
9.868932366371154785e-01,4.053583621978759766e+00,-8.519661426544189453e-02,3.804044390562921762e-04
1.090699791908264160e+00,4.435993194580078125e+00,-3.643885627388954163e-02,-1.584847457706928253e-02
1.258224248886108398e+00,4.411304473876953125e+00,-5.911556258797645569e-02,-7.106722798198461533e-03
1.080982923507690430e+00,4.373161315917968750e+00,-2.658403292298316956e-02,-3.908704093191772699e-04
1.123648762702941895e+00,4.162708282470703125e+00,-4.020438715815544128e-02,-1.125410571694374084e-02
8.907914161682128906e-01,3.765840768814086914e+00,-2.806651964783668518e-02,-1.944565027952194214e-02
1.164453983306884766e+00,4.235415458679199219e+00,-6.709345430135726929e-02,-6.072272080928087234e-03
1.073415517807006836e+00,4.065982818603515625e+00,-7.716011255979537964e-02,-1.248968648724257946e-03
1.190315842628479004e+00,4.511392593383789062e+00,-6.444509327411651611e-02,1.421034615486860275e-02
8.862887620925903320e-01,3.609565496444702148e+00,-5.179550498723983765e-02,2.014558948576450348e-02
8.467770814895629883e-01,3.577803134918212891e+00,-3.447906300425529480e-02,1.426504645496606827e-02
7.774794697761535645e-01,3.458121776580810547e+00,-5.497351661324501038e-02,3.029973944649100304e-03
1.276425123214721680e+00,4.637051105499267578e+00,-5.997058749198913574e-02,-1.434797234833240509e-02
8.953057527542114258e-01,3.715314865112304688e+00,-4.693741351366043091e-02,-2.639491111040115356e-02
1.038746833801269531e+00,3.936422586441040039e+00,-5.211393162608146667e-02,-1.325281988829374313e-02
9.679247140884399414e-01,4.134935855865478516e+00,-3.791326284408569336e-02,1.687290146946907043e-02
8.639752268791198730e-01,3.633001327514648438e+00,-5.124269053339958191e-02,1.913753338158130646e-02
1.017062187194824219e+00,4.310267925262451172e+00,-5.905473232269287109e-02,-5.741802509874105453e-03
1.139185786247253418e+00,4.274230003356933594e+00,-6.500754505395889282e-02,1.791609451174736023e-02
1.057595968246459961e+00,4.323148250579833984e+00,-5.676423758268356323e-02,-2.251029945909976959e-02
1.086624741554260254e+00,4.155444145202636719e+00,-4.187470301985740662e-02,-2.020228095352649689e-02
9.813164472579956055e-01,3.896353244781494141e+00,-2.447773702442646027e-02,-1.485564163886010647e-03
1.308962821960449219e+00,4.838217258453369141e+00,-6.134239584207534790e-02,2.568108262494206429e-03
8.957598209381103516e-01,3.918463230133056641e+00,-5.995215848088264465e-02,-1.783686503767967224e-02
8.152465820312500000e-01,3.524688243865966797e+00,-5.792496725916862488e-02,-7.073904387652873993e-03
9.189959764480590820e-01,3.877360582351684570e+00,-3.118488565087318420e-02,2.300491929054260254e-02
1.354129314422607422e+00,4.967468261718750000e+00,-3.602975606918334961e-02,-2.121824072673916817e-03
9.636974334716796875e-01,3.776397228240966797e+00,-5.378829687833786011e-02,-8.429237641394138336e-03
1.145518302917480469e+00,4.277287483215332031e+00,-7.109899818897247314e-02,-5.269881803542375565e-03
1.161378502845764160e+00,4.217587471008300781e+00,-5.573984980583190918e-02,-1.480811927467584610e-02
8.340961337089538574e-01,3.605731725692749023e+00,-3.436694666743278503e-02,8.483111858367919922e-03
1.010399580001831055e+00,3.859731912612915039e+00,-4.199969768524169922e-02,-1.066564233042299747e-03
9.649536013603210449e-01,4.034202575683593750e+00,-6.851098686456680298e-02,-2.708269655704498291e-02
9.965263009071350098e-01,3.903267383575439453e+00,-3.987527638673782349e-02,-2.343724295496940613e-02
1.100683093070983887e+00,4.260043621063232422e+00,-7.854135334491729736e-02,-1.200036890804767609e-02
1.215844750404357910e+00,4.622632980346679688e+00,-6.985029578208923340e-02,-1.669207587838172913e-02
1.245570063591003418e+00,4.417942523956298828e+00,-6.625965237617492676e-02,1.190403662621974945e-02
1.171563625335693359e+00,4.399660110473632812e+00,-7.847604900598526001e-02,8.394642733037471771e-03
8.879539370536804199e-01,3.745634555816650391e+00,-6.490439176559448242e-02,-2.478949353098869324e-02
9.302297830581665039e-01,3.739009857177734375e+00,-7.263636589050292969e-02,1.022166293114423752e-02
9.941713213920593262e-01,4.285928726196289062e+00,-5.360921099781990051e-02,-9.866496548056602478e-03
9.963377118110656738e-01,4.160807132720947266e+00,-8.064801990985870361e-02,1.354167005047202110e-03
8.483481407165527344e-01,3.571077823638916016e+00,-6.148074194788932800e-02,-1.046404801309108734e-02
9.775145649909973145e-01,3.881290435791015625e+00,-2.231729589402675629e-02,1.960125053301453590e-03
9.042301774024963379e-01,3.764595270156860352e+00,-7.279267907142639160e-02,1.950121298432350159e-02
9.615153670310974121e-01,3.845364809036254883e+00,-5.302979424595832825e-02,2.632507868111133575e-02
1.253005504608154297e+00,4.447154998779296875e+00,-4.956865310668945312e-02,-1.792801078408956528e-03
1.030099511146545410e+00,4.186408519744873047e+00,-5.460305884480476379e-02,-3.010790050029754639e-02
1.189578533172607422e+00,4.467002868652343750e+00,-6.216015294194221497e-02,-2.435694634914398193e-02
9.374191761016845703e-01,3.968328237533569336e+00,-6.800583004951477051e-02,-2.344547025859355927e-02
1.067512989044189453e+00,4.446962356567382812e+00,-4.388068616390228271e-02,1.229381305165588856e-03
1.174439907073974609e+00,4.428941249847412109e+00,-5.067256465554237366e-02,-2.487865649163722992e-02
8.037093281745910645e-01,3.651073217391967773e+00,-5.171206966042518616e-02,-1.037609064951539040e-03
1.230392575263977051e+00,4.411011219024658203e+00,-3.485290333628654480e-02,1.734531600959599018e-03
1.044710397720336914e+00,4.213375568389892578e+00,-4.278454929590225220e-02,2.801925130188465118e-02
9.365801811218261719e-01,3.746234893798828125e+00,-5.463299900293350220e-02,-1.426865812391042709e-02
1.145243644714355469e+00,4.449542522430419922e+00,-6.200180202722549438e-02,-2.108193188905715942e-02
9.191092252731323242e-01,3.909909963607788086e+00,-3.589303046464920044e-02,1.822381839156150818e-02
8.907662630081176758e-01,3.902634143829345703e+00,-7.272630184888839722e-02,-6.249669939279556274e-03
8.218191862106323242e-01,3.517818450927734375e+00,-5.088961124420166016e-02,-6.197621114552021027e-03
1.200559973716735840e+00,4.265179157257080078e+00,-6.070888787508010864e-02,3.202324267476797104e-03
1.241442441940307617e+00,4.495386123657226562e+00,-3.155595064163208008e-02,-3.565988037735223770e-03
9.530360698699951172e-01,4.141094207763671875e+00,-3.958654403686523438e-02,-9.588274173438549042e-03
1.047551512718200684e+00,4.133622646331787109e+00,-8.174806833267211914e-02,-9.441229514777660370e-03
9.359057545661926270e-01,4.128992557525634766e+00,-6.038273125886917114e-02,-6.865559611469507217e-03
9.342731833457946777e-01,3.846053838729858398e+00,-7.401654869318008423e-02,-1.616413332521915436e-02
9.151977896690368652e-01,3.801748752593994141e+00,-1.974556595087051392e-02,-5.887142848223447800e-03
1.067720532417297363e+00,4.398595809936523438e+00,-5.807624384760856628e-02,-8.415695279836654663e-03
1.300034523010253906e+00,4.475432395935058594e+00,-5.293115973472595215e-02,-7.160322275012731552e-04
9.915000200271606445e-01,3.802701473236083984e+00,-5.008417367935180664e-02,5.076155066490173340e-03
9.307512640953063965e-01,3.935841560363769531e+00,-3.313485905528068542e-02,-1.993959769606590271e-02
8.821158409118652344e-01,3.831458568572998047e+00,-5.190997198224067688e-02,-1.957559399306774139e-02
8.969100117683410645e-01,3.937978744506835938e+00,-7.551833987236022949e-02,2.282134257256984711e-03
8.761209249496459961e-01,3.810731410980224609e+00,-6.969139724969863892e-02,2.101399563252925873e-02
1.265191793441772461e+00,4.517954349517822266e+00,-4.159415140748023987e-02,-5.403519608080387115e-04
1.018620610237121582e+00,4.147268295288085938e+00,-2.870350517332553864e-02,1.511333230882883072e-02
8.687462806701660156e-01,3.677314996719360352e+00,-2.835852280259132385e-02,-1.557982247322797775e-02
8.401568531990051270e-01,3.600984096527099609e+00,-6.573515385389328003e-02,8.424730040132999420e-03
1.104914546012878418e+00,4.442705154418945312e+00,-5.360203608870506287e-02,1.532821636646986008e-02
1.040017604827880859e+00,4.254333019256591797e+00,-6.077703833580017090e-02,-2.586539648473262787e-02
9.032611846923828125e-01,3.790466785430908203e+00,-7.830142974853515625e-02,7.574961520731449127e-03
1.213612675666809082e+00,4.511435508728027344e+00,-6.190138310194015503e-02,2.245013602077960968e-02
1.224388718605041504e+00,4.382226467132568359e+00,-3.250185027718544006e-02,-9.596369229257106781e-03
8.613585829734802246e-01,3.814337015151977539e+00,-7.416999340057373047e-02,6.833750288933515549e-03
8.737136721611022949e-01,3.775469541549682617e+00,-4.553384706377983093e-02,1.897602900862693787e-02
9.171893596649169922e-01,3.881803750991821289e+00,-2.546924725174903870e-02,-4.591947421431541443e-03
9.989885091781616211e-01,4.038838863372802734e+00,-4.585019871592521667e-02,3.226676210761070251e-02
1.011787176132202148e+00,3.874733686447143555e+00,-5.654926225543022156e-02,-5.182958673685789108e-03
1.288083553314208984e+00,4.537879467010498047e+00,-6.500646471977233887e-02,-8.436408825218677521e-04
1.143081188201904297e+00,4.482383251190185547e+00,-3.337714821100234985e-02,-4.538333509117364883e-03
9.909776449203491211e-01,4.188817501068115234e+00,-3.648100793361663818e-02,-9.442440234124660492e-03
8.037833571434020996e-01,3.447220325469970703e+00,-4.319474101066589355e-02,-6.916356272995471954e-03
9.003756046295166016e-01,3.913005590438842773e+00,-2.820166945457458496e-02,-1.200290303677320480e-02
9.215311408042907715e-01,3.969447851181030273e+00,-2.626838535070419312e-02,1.495262328535318375e-02
1.125368595123291016e+00,4.419933795928955078e+00,-5.911421030759811401e-02,2.155114710330963135e-02
8.749579191207885742e-01,3.675047397613525391e+00,-5.546468868851661682e-02,-2.622982673346996307e-02
1.017848610877990723e+00,4.046827316284179688e+00,-2.125885896384716034e-02,6.877238862216472626e-03
8.936575055122375488e-01,3.707586050033569336e+00,-4.078482836484909058e-02,1.493727508932352066e-02
1.017940163612365723e+00,4.026591777801513672e+00,-7.297823578119277954e-02,-1.265377458184957504e-02
1.057858943939208984e+00,4.017450809478759766e+00,-3.255617618560791016e-02,6.745608057826757431e-03
9.034332036972045898e-01,3.631905317306518555e+00,-5.969925224781036377e-02,1.890335814096033573e-03
8.895507454872131348e-01,3.886230230331420898e+00,-7.999275624752044678e-02,5.889406893402338028e-03
1.188268184661865234e+00,4.436311721801757812e+00,-2.552543021738529205e-02,-1.214313134551048279e-02
1.004838109016418457e+00,3.842963695526123047e+00,-6.060558557510375977e-02,2.632788615301251411e-03
1.257141709327697754e+00,4.525228023529052734e+00,-5.572545900940895081e-02,-1.358902826905250549e-02
1.244844436645507812e+00,4.580248355865478516e+00,-4.928053170442581177e-02,-2.467017434537410736e-02
1.082888722419738770e+00,4.161469936370849609e+00,-7.994560897350311279e-02,-9.632469154894351959e-03
1.127787709236145020e+00,4.129673480987548828e+00,-5.312048643827438354e-02,3.140690503641963005e-03
8.638963103294372559e-01,3.640629291534423828e+00,-7.321297377347946167e-02,5.923388525843620300e-03
1.220661759376525879e+00,4.475244522094726562e+00,-6.917753815650939941e-02,1.584189757704734802e-02
1.203228831291198730e+00,4.275757789611816406e+00,-6.437190622091293335e-02,-9.354679845273494720e-03
8.496952652931213379e-01,3.556164741516113281e+00,-5.318832769989967346e-02,-1.932211033999919891e-02
1.064932584762573242e+00,4.354282379150390625e+00,-7.096354663372039795e-02,-1.505823922343552113e-03
1.072473287582397461e+00,4.336473941802978516e+00,-4.999841004610061646e-02,2.570915408432483673e-02
9.817322492599487305e-01,3.945093154907226562e+00,-2.515486814081668854e-02,1.004653237760066986e-02
9.629980921745300293e-01,3.973682403564453125e+00,-8.647964894771575928e-02,-6.781568663427606225e-05
9.819956421852111816e-01,3.893836021423339844e+00,-5.486067011952400208e-02,2.411625161767005920e-02
9.910861253738403320e-01,4.002131462097167969e+00,-7.718952745199203491e-02,7.873530499637126923e-03
1.205142259597778320e+00,4.386954784393310547e+00,-3.439864143729209900e-02,-1.468147989362478256e-02
9.636085033416748047e-01,3.941798925399780273e+00,-4.708703979849815369e-02,2.600248157978057861e-02
8.330616950988769531e-01,3.670103549957275391e+00,-5.271281301975250244e-02,-2.401984296739101410e-02
1.220520734786987305e+00,4.622104167938232422e+00,-4.161087423563003540e-02,-1.050791051238775253e-02
9.868535995483398438e-01,4.039184570312500000e+00,-5.271037667989730835e-02,2.488864026963710785e-02
1.070707678794860840e+00,4.015287399291992188e+00,-5.072358250617980957e-02,-2.012961730360984802e-02
1.019302368164062500e+00,3.972233057022094727e+00,-2.545923739671707153e-02,1.183015760034322739e-02
1.190737366676330566e+00,4.309079647064208984e+00,-5.576588958501815796e-02,1.212146505713462830e-02
1.252489447593688965e+00,4.474800109863281250e+00,-4.185655340552330017e-02,1.038930565118789673e-02
1.155771255493164062e+00,4.252170085906982422e+00,-5.595520138740539551e-02,2.158435806632041931e-02
1.062462806701660156e+00,4.364062309265136719e+00,-3.258931264281272888e-02,-1.282622665166854858e-02
1.330786824226379395e+00,4.644639968872070312e+00,-4.797022789716720581e-02,-1.271106395870447159e-02
9.006214141845703125e-01,3.952521800994873047e+00,-6.321768462657928467e-02,-1.572156324982643127e-02
1.176427006721496582e+00,4.226438045501708984e+00,-5.201734974980354309e-02,1.535855606198310852e-02
1.137860059738159180e+00,4.598511219024658203e+00,-5.332226678729057312e-02,-1.609655562788248062e-03
1.079198479652404785e+00,4.470184326171875000e+00,-5.649766325950622559e-02,-1.166528835892677307e-02
9.985461831092834473e-01,3.934302091598510742e+00,-7.760691642761230469e-02,1.403126399964094162e-02
1.117660164833068848e+00,4.214437007904052734e+00,-2.753561548888683319e-02,-4.393543116748332977e-03
1.060454487800598145e+00,4.073145389556884766e+00,-5.543491244316101074e-02,2.725736796855926514e-02
1.048434972763061523e+00,3.992593526840209961e+00,-7.183042913675308228e-02,-6.349242292344570160e-03
9.054120182991027832e-01,3.744868755340576172e+00,-7.327903807163238525e-02,-1.248680148273706436e-02
1.061491012573242188e+00,4.126422405242919922e+00,-7.942274212837219238e-02,2.520057139918208122e-03
1.179922819137573242e+00,4.343743801116943359e+00,-6.223315373063087463e-02,1.697427034378051758e-02
1.315547704696655273e+00,4.545741081237792969e+00,-4.687675088644027710e-02,-5.971021484583616257e-03
9.133364558219909668e-01,3.929874181747436523e+00,-6.435369700193405151e-02,-2.277006395161151886e-02
1.033934831619262695e+00,3.998209714889526367e+00,-7.064758986234664917e-02,1.352509204298257828e-02
1.138590335845947266e+00,4.557687282562255859e+00,-5.325478687882423401e-02,-8.206273429095745087e-03
8.493439555168151855e-01,3.583947658538818359e+00,-4.258586838841438293e-02,-2.443195693194866180e-02
9.370554685592651367e-01,4.101444721221923828e+00,-6.900829076766967773e-02,-8.189795538783073425e-03
1.082956910133361816e+00,4.035016536712646484e+00,-7.098191231489181519e-02,-9.188131429255008698e-03
1.092568159103393555e+00,4.101496219635009766e+00,-6.121584773063659668e-02,-1.526284869760274887e-02
1.064216732978820801e+00,4.028369903564453125e+00,-6.544821709394454956e-02,9.759067557752132416e-03
1.025592446327209473e+00,4.194767475128173828e+00,-5.543277040123939514e-02,3.085960075259208679e-02
1.099578142166137695e+00,4.466425895690917969e+00,-3.957828879356384277e-02,7.915094494819641113e-03
1.038689732551574707e+00,4.060056686401367188e+00,-2.910060435533523560e-02,8.014366030693054199e-03
1.173217535018920898e+00,4.284732818603515625e+00,-7.102070003747940063e-02,-1.075418293476104736e-02
1.022093653678894043e+00,4.311721801757812500e+00,-5.306227877736091614e-02,1.649325527250766754e-02
1.289795517921447754e+00,4.715106010437011719e+00,-4.134142026305198669e-02,1.044577173888683319e-02
9.063096642494201660e-01,3.715764045715332031e+00,-3.908887878060340881e-02,1.324848923832178116e-02
1.183534860610961914e+00,4.400062084197998047e+00,-5.469914898276329041e-02,2.590930648148059845e-02
1.361771345138549805e+00,4.773662567138671875e+00,-3.734043240547180176e-02,6.179732736200094223e-03
1.267894148826599121e+00,4.429263114929199219e+00,-6.182350963354110718e-02,-1.263634674251079559e-02
1.182833552360534668e+00,4.274336338043212891e+00,-5.726459994912147522e-02,-6.833391729742288589e-03
1.088796615600585938e+00,4.485875606536865234e+00,-5.811284482479095459e-02,-4.605238209478557110e-04
1.182085275650024414e+00,4.539364337921142578e+00,-3.689854592084884644e-02,-1.340518612414598465e-02
8.355642557144165039e-01,3.569456100463867188e+00,-3.360750898718833923e-02,1.160421688109636307e-02
9.261028170585632324e-01,3.692877054214477539e+00,-6.631522625684738159e-02,-1.352482382208108902e-02
1.049523949623107910e+00,4.133334636688232422e+00,-3.367239609360694885e-02,2.285926975309848785e-02
1.119845986366271973e+00,4.521525382995605469e+00,-7.084988802671432495e-02,9.637537412345409393e-03
1.090120911598205566e+00,4.373016357421875000e+00,-5.717751383781433105e-02,-2.851477824151515961e-02
8.870362639427185059e-01,3.662245988845825195e+00,-7.009481638669967651e-02,6.563226692378520966e-03
9.030975103378295898e-01,3.839102268218994141e+00,-7.428684830665588379e-02,-9.331316687166690826e-03
8.666572570800781250e-01,3.808993339538574219e+00,-3.794348984956741333e-02,1.635198853909969330e-02
1.023255467414855957e+00,4.304785728454589844e+00,-4.183100536465644836e-02,-9.198445826768875122e-03
1.067957878112792969e+00,4.209617614746093750e+00,-3.862655907869338989e-02,-2.072547376155853271e-02
1.036510825157165527e+00,3.993733644485473633e+00,-3.323700278997421265e-02,-7.886216044425964355e-04
1.152175545692443848e+00,4.194901466369628906e+00,-3.791803121566772461e-02,1.298105064779520035e-02
1.015243649482727051e+00,4.220978260040283203e+00,-3.927361965179443359e-02,-2.318345755338668823e-02
1.141606807708740234e+00,4.251748561859130859e+00,-7.533184438943862915e-02,-5.155568476766347885e-03
8.031458258628845215e-01,3.540987014770507812e+00,-6.303013861179351807e-02,-4.889186238870024681e-04
1.052073359489440918e+00,4.040045738220214844e+00,-2.620127610862255096e-02,1.064898539334535599e-02
1.214326143264770508e+00,4.465958595275878906e+00,-7.870791107416152954e-02,-2.296051941812038422e-03
9.018272161483764648e-01,3.748849868774414062e+00,-3.517597541213035583e-02,-1.779952831566333771e-02
8.658456802368164062e-01,3.750633478164672852e+00,-6.868865340948104858e-02,1.017977483570575714e-02
1.257264733314514160e+00,4.376058578491210938e+00,-4.708120971918106079e-02,-9.089925326406955719e-03
9.172194004058837891e-01,3.886643409729003906e+00,-2.976629137992858887e-02,-2.244274131953716278e-02
1.102823853492736816e+00,4.181414127349853516e+00,-2.672465331852436066e-02,1.614990457892417908e-02
8.882816433906555176e-01,3.930018186569213867e+00,-6.270600855350494385e-02,1.054260227829217911e-02
1.273485898971557617e+00,4.546498298645019531e+00,-3.480373695492744446e-02,-1.854634261690080166e-03
8.806794285774230957e-01,3.957580089569091797e+00,-4.160625860095024109e-02,1.070536207407712936e-02
1.156799793243408203e+00,4.171561717987060547e+00,-4.779935255646705627e-02,1.178444828838109970e-02
1.132930755615234375e+00,4.312659263610839844e+00,-7.660776376724243164e-02,1.438301801681518555e-02
8.781829476356506348e-01,3.845222473144531250e+00,-3.745770081877708435e-02,-1.558473799377679825e-02
1.012475609779357910e+00,4.222611427307128906e+00,-4.996584728360176086e-02,-2.593141794204711914e-02
9.748327136039733887e-01,4.032839298248291016e+00,-6.006350740790367126e-02,2.315191924571990967e-02
1.431920289993286133e+00,4.951859474182128906e+00,-4.412772133946418762e-02,-8.151929825544357300e-03
1.195362925529479980e+00,4.329928398132324219e+00,-5.141218006610870361e-02,-1.248094718903303146e-02
9.909296631813049316e-01,3.887241840362548828e+00,-2.606384642422199249e-02,-9.396901354193687439e-03
1.085017561912536621e+00,4.308104991912841797e+00,-5.794429033994674683e-02,-2.532348036766052246e-02
9.858413338661193848e-01,3.952035427093505859e+00,-4.431753233075141907e-02,-3.151547908782958984e-02
8.302776813507080078e-01,3.761519670486450195e+00,-6.135122850537300110e-02,-3.989656921476125717e-03
1.040373444557189941e+00,4.093990802764892578e+00,-3.963899239897727966e-02,2.036261744797229767e-02
1.001512050628662109e+00,4.164237022399902344e+00,-4.814106598496437073e-02,-3.046569414436817169e-02
1.392180562019348145e+00,4.722376346588134766e+00,-4.438249021768569946e-02,2.836109604686498642e-03
1.051669120788574219e+00,4.136847019195556641e+00,-4.050011932849884033e-02,-2.311714924871921539e-02
1.133841395378112793e+00,4.306739330291748047e+00,-7.065089046955108643e-02,-1.388202328234910965e-02
9.598181843757629395e-01,4.144531250000000000e+00,-4.780280217528343201e-02,-8.633595891296863556e-03
1.220408201217651367e+00,4.434906482696533203e+00,-4.017046466469764709e-02,2.295281738042831421e-02
9.695456027984619141e-01,3.849825143814086914e+00,-2.599811740219593048e-02,-1.109700649976730347e-02
1.329973816871643066e+00,4.828838348388671875e+00,-4.885121434926986694e-02,-2.276105573400855064e-03
9.426863193511962891e-01,3.924096584320068359e+00,-7.696449011564254761e-02,8.561761118471622467e-03
9.957435131072998047e-01,3.994140148162841797e+00,-7.092773169279098511e-02,2.451661415398120880e-02
1.088839054107666016e+00,4.377978324890136719e+00,-5.634864047169685364e-02,2.426995337009429932e-02
1.019047498703002930e+00,4.299966812133789062e+00,-5.494790524244308472e-02,4.623751621693372726e-03
1.072626471519470215e+00,4.120917797088623047e+00,-5.695296451449394226e-02,-2.282928861677646637e-02
1.005952835083007812e+00,4.163301467895507812e+00,-6.485860049724578857e-02,2.765633724629878998e-02
1.246232748031616211e+00,4.781009197235107422e+00,-5.646885558962821960e-02,-2.676245057955384254e-03
1.154449582099914551e+00,4.423024654388427734e+00,-7.636705785989761353e-02,-1.874947920441627502e-02
1.346270799636840820e+00,4.783300399780273438e+00,-5.215035751461982727e-02,-1.925040408968925476e-02
1.065664172172546387e+00,4.263316631317138672e+00,-8.206248283386230469e-02,1.097447052597999573e-02
1.376829862594604492e+00,4.954385280609130859e+00,-4.431315883994102478e-02,3.602117300033569336e-03
8.667775988578796387e-01,3.888464689254760742e+00,-5.148991569876670837e-02,-1.113836094737052917e-02
1.202654242515563965e+00,4.341670036315917969e+00,-7.326769083738327026e-02,-3.039835486561059952e-03
1.210282206535339355e+00,4.349153995513916016e+00,-7.397998124361038208e-02,-2.972980262711644173e-03
1.171842575073242188e+00,4.333149909973144531e+00,-5.530952662229537964e-02,-1.790343225002288818e-02
1.033798456192016602e+00,4.124638080596923828e+00,-6.231686845421791077e-02,2.588082663714885712e-02
1.067152976989746094e+00,4.146138191223144531e+00,-6.732469797134399414e-02,-2.742436900734901428e-02
9.484022855758666992e-01,4.014013290405273438e+00,-7.879526913166046143e-02,1.238146889954805374e-02
1.156677484512329102e+00,4.328779697418212891e+00,-6.776417791843414307e-02,-1.463552657514810562e-02
1.033290505409240723e+00,4.169961452484130859e+00,-2.314884215593338013e-02,8.932597003877162933e-03
1.053695559501647949e+00,4.209727287292480469e+00,-2.546202763915061951e-02,-1.099465321749448776e-02
1.198882460594177246e+00,4.292218685150146484e+00,-3.421019017696380615e-02,4.212465602904558182e-03
1.112830877304077148e+00,4.167049407958984375e+00,-2.966031245887279510e-02,1.084399688988924026e-02
9.559742808341979980e-01,3.936363935470581055e+00,-7.330044358968734741e-02,1.870378106832504272e-02
8.247636556625366211e-01,3.481624364852905273e+00,-6.370130181312561035e-02,3.193672979250550270e-03
9.747951030731201172e-01,4.083070755004882812e+00,-6.724568456411361694e-02,-2.185923047363758087e-02
1.203221559524536133e+00,4.299379348754882812e+00,-6.166546419262886047e-02,-1.070164050906896591e-02
8.835622668266296387e-01,3.838855743408203125e+00,-3.633155301213264465e-02,-1.186169311404228210e-02
1.175686955451965332e+00,4.561422348022460938e+00,-5.844740197062492371e-02,1.052928157150745392e-02
1.169378519058227539e+00,4.309859752655029297e+00,-3.704069554805755615e-02,1.594629883766174316e-02
1.030538558959960938e+00,4.123946189880371094e+00,-3.076479956507682800e-02,-2.002027817070484161e-02
9.281609058380126953e-01,3.719153642654418945e+00,-4.833685606718063354e-02,1.438274793326854706e-02
8.888109326362609863e-01,3.700843095779418945e+00,-4.706580191850662231e-02,-2.503447979688644409e-02
8.613230586051940918e-01,3.709117174148559570e+00,-5.123541131615638733e-02,2.486727945506572723e-02
9.830997586250305176e-01,4.070710182189941406e+00,-6.664337217807769775e-02,2.237498573958873749e-02
9.843608736991882324e-01,3.840758323669433594e+00,-3.843986243009567261e-02,-1.337362173944711685e-02
9.851166605949401855e-01,3.909906148910522461e+00,-7.635734230279922485e-02,-9.325957857072353363e-03
1.169739842414855957e+00,4.609346389770507812e+00,-4.184709489345550537e-02,4.937594057992100716e-04
1.063492536544799805e+00,4.302045822143554688e+00,-8.283627033233642578e-02,3.326039994135499001e-03
8.079975843429565430e-01,3.623828172683715820e+00,-4.811664298176765442e-02,1.437345985323190689e-02
1.011435866355895996e+00,4.086287021636962891e+00,-7.693302631378173828e-02,9.891274385154247284e-03
9.304484724998474121e-01,3.682825326919555664e+00,-3.819046542048454285e-02,4.123350605368614197e-03
1.165495753288269043e+00,4.471803665161132812e+00,-6.740899384021759033e-02,-1.677831448614597321e-02
9.722658395767211914e-01,3.901603937149047852e+00,-3.577832132577896118e-02,-2.375145256519317627e-02
9.705480337142944336e-01,4.185402870178222656e+00,-6.532099097967147827e-02,1.359472796320915222e-02
1.157332539558410645e+00,4.216385364532470703e+00,-3.127830475568771362e-02,-2.656321041285991669e-03
9.139552712440490723e-01,4.030031204223632812e+00,-6.161944195628166199e-02,3.858115524053573608e-03
8.514068126678466797e-01,3.701343059539794922e+00,-4.952830448746681213e-02,2.318815700709819794e-02
8.820277452468872070e-01,3.604433059692382812e+00,-4.544430226087570190e-02,-6.919517181813716888e-03
9.245384335517883301e-01,4.086102962493896484e+00,-6.599779427051544189e-02,-3.745289519429206848e-03
1.182904481887817383e+00,4.545164108276367188e+00,-5.394624546170234680e-02,5.351089872419834137e-03
1.047561764717102051e+00,4.051812648773193359e+00,-6.210329756140708923e-02,-1.635953038930892944e-02
9.633886218070983887e-01,4.101056575775146484e+00,-4.193363711237907410e-02,-3.243495477363467216e-03
9.733809828758239746e-01,3.904520034790039062e+00,-4.675495252013206482e-02,1.968313008546829224e-02
1.005998849868774414e+00,3.892812728881835938e+00,-5.909069254994392395e-02,5.983730312436819077e-03
1.123219728469848633e+00,4.352786064147949219e+00,-3.521289676427841187e-02,5.766354152001440525e-04
9.408444762229919434e-01,3.779325485229492188e+00,-4.215328022837638855e-02,-9.008740074932575226e-03
1.084072232246398926e+00,4.288199901580810547e+00,-3.178361430764198303e-02,8.581132628023624420e-03
1.167740464210510254e+00,4.300859451293945312e+00,-5.585265159606933594e-02,-5.135372746735811234e-03
1.030909299850463867e+00,4.010081768035888672e+00,-4.101417586207389832e-02,-8.194726891815662384e-03
9.509527087211608887e-01,3.835738182067871094e+00,-7.086145132780075073e-02,-1.820793026126921177e-03
1.073798775672912598e+00,4.218692302703857422e+00,-6.343158334493637085e-02,-1.772387139499187469e-02
1.130932450294494629e+00,4.220065116882324219e+00,-5.083161219954490662e-02,-1.049562171101570129e-02
1.238466501235961914e+00,4.519183635711669922e+00,-5.433498695492744446e-02,1.201317645609378815e-02
1.062687277793884277e+00,4.335892677307128906e+00,-3.616302832961082458e-02,-3.188383765518665314e-03
9.925560951232910156e-01,4.022993564605712891e+00,-6.922422349452972412e-02,1.622567512094974518e-02
1.116369843482971191e+00,4.278528690338134766e+00,-5.852688848972320557e-02,2.058572322130203247e-02
1.027877807617187500e+00,4.120677471160888672e+00,-3.107695840299129486e-02,-1.389070600271224976e-02
1.101749658584594727e+00,4.130658149719238281e+00,-4.541680216789245605e-02,-7.938454858958721161e-03
1.170218348503112793e+00,4.446028232574462891e+00,-6.834627687931060791e-02,8.738062460906803608e-04
9.856262207031250000e-01,4.070727825164794922e+00,-4.229508340358734131e-02,-1.618983224034309387e-02
1.210278630256652832e+00,4.502397060394287109e+00,-5.178765580058097839e-02,1.581716537475585938e-02
9.384698867797851562e-01,3.973035573959350586e+00,-7.179682701826095581e-02,6.018698681145906448e-03
1.028378844261169434e+00,4.059831619262695312e+00,-2.943758852779865265e-02,-3.861006814986467361e-03
9.154273271560668945e-01,3.975937366485595703e+00,-6.078172102570533752e-02,1.840223674662411213e-03
1.007964968681335449e+00,3.967405557632446289e+00,-4.300272092223167419e-02,1.655852422118186951e-02
1.227706313133239746e+00,4.570693969726562500e+00,-6.661721318960189819e-02,7.250351365655660629e-03
1.057905435562133789e+00,4.191504955291748047e+00,-4.552720859646797180e-02,-2.079819142818450928e-02
8.812836408615112305e-01,3.890452623367309570e+00,-5.065326765179634094e-02,-6.136940792202949524e-03
9.086673855781555176e-01,3.851746320724487305e+00,-6.575985997915267944e-02,1.305597368627786636e-02
1.065618872642517090e+00,4.077767848968505859e+00,-3.770064935088157654e-02,1.002962607890367508e-02
1.046299934387207031e+00,4.139146804809570312e+00,-4.006100073456764221e-02,1.598525978624820709e-02
9.095305800437927246e-01,3.933296680450439453e+00,-3.894217684864997864e-02,-8.397637866437435150e-04
1.117065668106079102e+00,4.354390621185302734e+00,-5.880288407206535339e-02,-1.852814480662345886e-02
1.018692016601562500e+00,4.208662509918212891e+00,-3.577766939997673035e-02,5.577254109084606171e-03
1.021706938743591309e+00,4.028224945068359375e+00,-6.809387356042861938e-02,-1.436980254948139191e-02
9.656057953834533691e-01,4.101165771484375000e+00,-3.625138849020004272e-02,-4.911597352474927902e-04
8.744025826454162598e-01,3.734785556793212891e+00,-4.129709675908088684e-02,1.038607768714427948e-02
1.056854486465454102e+00,4.054501056671142578e+00,-5.104915797710418701e-02,1.357678137719631195e-02
1.223754644393920898e+00,4.577892303466796875e+00,-4.614759609103202820e-02,-3.373509738594293594e-03
9.150019884109497070e-01,3.959732294082641602e+00,-4.324881359934806824e-02,9.940425865352153778e-03
1.187977790832519531e+00,4.348171234130859375e+00,-5.880996212363243103e-02,5.677269771695137024e-03
1.133576512336730957e+00,4.408463954925537109e+00,-4.808999225497245789e-02,1.367674674838781357e-02
9.748961925506591797e-01,3.849715232849121094e+00,-4.470602050423622131e-02,4.008864983916282654e-03
1.167984247207641602e+00,4.359260559082031250e+00,-5.674436688423156738e-02,1.797788031399250031e-02
1.103094100952148438e+00,4.312105655670166016e+00,-2.963553741574287415e-02,-4.277105443179607391e-03
1.055837512016296387e+00,4.159738540649414062e+00,-7.681155204772949219e-02,2.159766852855682373e-03
1.052265882492065430e+00,4.193517684936523438e+00,-3.752504661679267883e-02,1.390042155981063843e-02
1.011297106742858887e+00,4.061468601226806641e+00,-2.832151204347610474e-02,6.483962759375572205e-03
1.055866599082946777e+00,4.115492343902587891e+00,-6.691450625658035278e-02,-1.431790646165609360e-02
1.194686412811279297e+00,4.460277080535888672e+00,-5.132637917995452881e-02,-1.766417548060417175e-02
9.358844161033630371e-01,3.770407199859619141e+00,-6.841842830181121826e-02,-4.110821522772312164e-03
8.842445611953735352e-01,3.653426885604858398e+00,-6.126475706696510315e-02,3.151896409690380096e-03
1.074530839920043945e+00,4.109471321105957031e+00,-6.650041043758392334e-02,1.482135150581598282e-03
1.183877110481262207e+00,4.450039386749267578e+00,-4.054431244730949402e-02,9.378605522215366364e-03
9.923125505447387695e-01,4.127331733703613281e+00,-4.061677679419517517e-02,-1.531118527054786682e-02
1.010477662086486816e+00,4.039999485015869141e+00,-5.511124804615974426e-02,-2.380527369678020477e-02
9.448657631874084473e-01,3.925411701202392578e+00,-6.515675783157348633e-02,1.951356418430805206e-02
9.772737026214599609e-01,4.118251800537109375e+00,-3.769583255052566528e-02,-8.464422426186501980e-04
1.105070471763610840e+00,4.160604953765869141e+00,-5.479161441326141357e-02,-9.061607532203197479e-03
9.841932654380798340e-01,4.058117866516113281e+00,-6.707379966974258423e-02,-1.832936704158782959e-02
1.196112871170043945e+00,4.589614868164062500e+00,-5.085916817188262939e-02,6.804518867284059525e-03
1.120824694633483887e+00,4.227270126342773438e+00,-6.302791833877563477e-02,-1.236785389482975006e-02
8.776230216026306152e-01,3.723080635070800781e+00,-4.600482061505317688e-02,1.335352193564176559e-02
1.151235699653625488e+00,4.260149478912353516e+00,-4.353373497724533081e-02,-6.643164437264204025e-03
8.820252418518066406e-01,3.741081476211547852e+00,-5.789615213871002197e-02,-1.941400952637195587e-02
9.982380867004394531e-01,3.911615610122680664e+00,-6.437168270349502563e-02,1.125488989055156708e-02
9.047358036041259766e-01,3.823011875152587891e+00,-3.478645533323287964e-02,7.036489900201559067e-03
1.179067373275756836e+00,4.324070453643798828e+00,-5.455753579735755920e-02,1.351338252425193787e-02
1.263841152191162109e+00,4.645889282226562500e+00,-4.129010438919067383e-02,2.821497153490781784e-03
1.186526417732238770e+00,4.462452888488769531e+00,-4.027365148067474365e-02,-6.770737003535032272e-03
9.550768733024597168e-01,3.928329944610595703e+00,-7.000419497489929199e-02,1.487565878778696060e-02
1.007636785507202148e+00,4.023404121398925781e+00,-6.478567421436309814e-02,1.530348788946866989e-02
1.148002982139587402e+00,4.229407787322998047e+00,-6.198985502123832703e-02,-2.762575866654515266e-03
1.246704936027526855e+00,4.579016208648681641e+00,-4.587583988904953003e-02,-1.403186935931444168e-02
9.696910381317138672e-01,4.070284366607666016e+00,-6.360097229480743408e-02,-1.260983292013406754e-02
9.611716270446777344e-01,3.943429946899414062e+00,-7.375927269458770752e-02,3.426671959459781647e-03
9.052914977073669434e-01,3.855822324752807617e+00,-6.633537262678146362e-02,-9.333244524896144867e-03
1.014372825622558594e+00,3.994323492050170898e+00,-3.859257325530052185e-02,-1.309157442301511765e-02
9.361975193023681641e-01,3.820056676864624023e+00,-7.099980115890502930e-02,-6.133825518190860748e-03
9.453351497650146484e-01,4.031222343444824219e+00,-4.378668218851089478e-02,1.002473756670951843e-02
8.762111663818359375e-01,3.792966365814208984e+00,-3.617260232567787170e-02,5.092427600175142288e-03
1.064761281013488770e+00,4.135008811950683594e+00,-2.999149821698665619e-02,2.074782270938158035e-03
1.076948761940002441e+00,4.141633987426757812e+00,-6.939161568880081177e-02,-1.316510792821645737e-02
9.510821700096130371e-01,4.024930000305175781e+00,-4.070398584008216858e-02,-1.208952441811561584e-02
1.000512003898620605e+00,3.906397104263305664e+00,-6.513603031635284424e-02,2.256450708955526352e-03
1.019197940826416016e+00,4.036747455596923828e+00,-5.280501395463943481e-02,-2.288195118308067322e-02
1.117751598358154297e+00,4.410430431365966797e+00,-6.163894012570381165e-02,-9.362034499645233154e-03
9.807391166687011719e-01,3.989588499069213867e+00,-7.652144134044647217e-02,5.462908884510397911e-04
9.629723429679870605e-01,4.014462471008300781e+00,-4.490402340888977051e-02,1.640037819743156433e-02
9.747149348258972168e-01,3.898241996765136719e+00,-3.466863930225372314e-02,1.198675483465194702e-02
1.021118402481079102e+00,3.969807386398315430e+00,-3.650997951626777649e-02,-1.856516813859343529e-03
1.090637207031250000e+00,4.402134895324707031e+00,-6.599338352680206299e-02,-1.056902838172391057e-04
1.184493541717529297e+00,4.462749004364013672e+00,-4.822250083088874817e-02,1.330762449651956558e-02
1.158722162246704102e+00,4.327910423278808594e+00,-4.736983403563499451e-02,1.320743840187788010e-02
1.257558584213256836e+00,4.538055896759033203e+00,-5.390001088380813599e-02,5.826912820339202881e-03
8.757216930389404297e-01,3.738821983337402344e+00,-6.818725913763046265e-02,-2.093339106068015099e-03
9.303542375564575195e-01,4.044246196746826172e+00,-5.426470935344696045e-02,-2.400243887677788734e-03
9.499788284301757812e-01,4.046186923980712891e+00,-3.765831887722015381e-02,6.772104185074567795e-03
9.306044578552246094e-01,3.973801612854003906e+00,-6.104397401213645935e-02,1.201945636421442032e-02
1.198201179504394531e+00,4.483910560607910156e+00,-4.496040940284729004e-02,8.948919363319873810e-03
9.165929555892944336e-01,3.781352996826171875e+00,-6.851439177989959717e-02,-1.235408242791891098e-02
9.592131972312927246e-01,3.997032403945922852e+00,-3.907844051718711853e-02,1.330219488590955734e-02
9.526358842849731445e-01,3.802718162536621094e+00,-6.200439110398292542e-02,-1.200857758522033691e-02
1.152739644050598145e+00,4.243709087371826172e+00,-5.211752653121948242e-02,-6.457467097789049149e-03
1.145516276359558105e+00,4.314009666442871094e+00,-3.626138716936111450e-02,-7.710659876465797424e-03
8.728332519531250000e-01,3.753556489944458008e+00,-6.923797726631164551e-02,1.839013304561376572e-03
9.391659498214721680e-01,3.915984630584716797e+00,-5.204228311777114868e-02,-2.399284206330776215e-02
9.406786561012268066e-01,3.948903560638427734e+00,-3.358285874128341675e-02,-1.062185131013393402e-02
1.096027255058288574e+00,4.358788967132568359e+00,-6.930857151746749878e-02,2.246723975986242294e-03
1.111887931823730469e+00,4.246986865997314453e+00,-6.984058022499084473e-02,1.556092407554388046e-03
9.458647370338439941e-01,3.888614892959594727e+00,-5.961028113961219788e-02,2.080628089606761932e-02
1.160175561904907227e+00,4.260038375854492188e+00,-5.166846141219139099e-02,-1.086068153381347656e-02
9.738464951515197754e-01,4.075225830078125000e+00,-3.425045683979988098e-02,-1.198516227304935455e-02
9.483895897865295410e-01,3.883154392242431641e+00,-5.303894728422164917e-02,2.255059592425823212e-02
1.093829035758972168e+00,4.129615783691406250e+00,-3.950561210513114929e-02,-7.944979704916477203e-03
1.160454750061035156e+00,4.262491703033447266e+00,-4.243542253971099854e-02,-2.612752374261617661e-03
1.113487005233764648e+00,4.296364784240722656e+00,-7.150454819202423096e-02,9.912710636854171753e-03
1.169525146484375000e+00,4.480517387390136719e+00,-4.764338210225105286e-02,-1.463855430483818054e-02
1.101351022720336914e+00,4.276305198669433594e+00,-7.504588365554809570e-02,4.657007812056690454e-04
1.076969742774963379e+00,4.334377288818359375e+00,-6.264425814151763916e-02,-1.329535339027643204e-02
8.912596702575683594e-01,3.646516799926757812e+00,-5.945716425776481628e-02,-6.298693828284740448e-03
9.639372825622558594e-01,4.147786140441894531e+00,-5.739784985780715942e-02,9.509452502243220806e-04
1.175753235816955566e+00,4.540438652038574219e+00,-4.537284746766090393e-02,-4.000078886747360229e-03
1.194364905357360840e+00,4.365430831909179688e+00,-5.154750496149063110e-02,-1.090806722640991211e-02
9.295032620429992676e-01,3.707520484924316406e+00,-5.503264069557189941e-02,1.548383035697042942e-03
1.051363229751586914e+00,4.326274871826171875e+00,-6.561526656150817871e-02,4.582018125802278519e-03
1.089949369430541992e+00,4.269062995910644531e+00,-2.942731790244579315e-02,2.558440319262444973e-04
1.027916312217712402e+00,4.296847343444824219e+00,-5.586236342787742615e-02,5.804228596389293671e-03
1.046120762825012207e+00,4.167803287506103516e+00,-7.141484320163726807e-02,-1.379342935979366302e-02
9.912402629852294922e-01,3.986339807510375977e+00,-7.555580139160156250e-02,8.561910944990813732e-04
9.680868983268737793e-01,3.845564842224121094e+00,-4.038032516837120056e-02,9.434929117560386658e-03
9.694557785987854004e-01,3.978636980056762695e+00,-3.595490381121635437e-02,-1.851341687142848969e-02
9.910958409309387207e-01,3.965759038925170898e+00,-4.494452103972434998e-02,-1.718210987746715546e-02
8.514398932456970215e-01,3.636017799377441406e+00,-5.307481810450553894e-02,1.453900057822465897e-02
9.975287318229675293e-01,4.233254432678222656e+00,-5.832082405686378479e-02,-4.715053073596209288e-04
1.191469311714172363e+00,4.382206916809082031e+00,-4.726338759064674377e-02,-1.028476376086473465e-02
9.878288507461547852e-01,4.119570255279541016e+00,-6.794716417789459229e-02,-3.977733198553323746e-03
1.024806976318359375e+00,4.294438362121582031e+00,-4.919682815670967102e-02,-2.194639528170228004e-03
1.110410094261169434e+00,4.332843303680419922e+00,-4.104500636458396912e-02,1.236379425972700119e-02
9.037541151046752930e-01,3.685610294342041016e+00,-5.425247177481651306e-02,-7.881285855546593666e-04
1.031133532524108887e+00,4.134362697601318359e+00,-5.372298136353492737e-02,-2.377321384847164154e-02
9.594781994819641113e-01,4.046973228454589844e+00,-3.425916284322738647e-02,-4.420371726155281067e-03
1.181580901145935059e+00,4.388830184936523438e+00,-6.431271880865097046e-02,-1.091836113482713699e-02
1.019155859947204590e+00,4.147717475891113281e+00,-4.121988266706466675e-02,1.660682819783687592e-02
9.488493204116821289e-01,3.892439603805541992e+00,-6.911410391330718994e-02,7.857613265514373779e-03
1.182076454162597656e+00,4.384701251983642578e+00,-6.302228569984436035e-02,-1.124060433357954025e-02
9.431813955307006836e-01,3.962150573730468750e+00,-7.135699689388275146e-02,-1.158495154231786728e-02
9.412665367126464844e-01,4.037341117858886719e+00,-6.355541199445724487e-02,6.041561719030141830e-04
1.128571748733520508e+00,4.412092208862304688e+00,-3.820813819766044617e-02,3.938354086130857468e-03
1.033029437065124512e+00,4.189630508422851562e+00,-3.449093177914619446e-02,-5.012924782931804657e-03
8.595814108848571777e-01,3.744777917861938477e+00,-4.419516399502754211e-02,3.798138815909624100e-03
1.133888125419616699e+00,4.276817321777343750e+00,-3.800123184919357300e-02,-1.056623738259077072e-02
9.497718214988708496e-01,3.786612510681152344e+00,-6.278512626886367798e-02,2.274514408782124519e-03
1.073457002639770508e+00,4.330334663391113281e+00,-4.709993302822113037e-02,-1.209223922342061996e-02
1.136705636978149414e+00,4.454874515533447266e+00,-5.932737886905670166e-02,-1.060406863689422607e-02
1.106802225112915039e+00,4.152132987976074219e+00,-5.711715295910835266e-02,2.902225125581026077e-03
1.126994729042053223e+00,4.187426090240478516e+00,-4.713573306798934937e-02,-1.452709198929369450e-03
1.023263454437255859e+00,4.086794376373291016e+00,-5.101266130805015564e-02,-2.130768261849880219e-02
9.033706784248352051e-01,3.829309701919555664e+00,-5.097441747784614563e-02,1.597291789948940277e-02
1.027598500251770020e+00,4.148743152618408203e+00,-3.387223556637763977e-02,-1.203082781285047531e-02
1.061658143997192383e+00,4.111716270446777344e+00,-4.346751049160957336e-02,-1.568065397441387177e-02
8.958053588867187500e-01,3.843147516250610352e+00,-4.378201439976692200e-02,-1.472765579819679260e-02
9.464283585548400879e-01,3.820011377334594727e+00,-6.704027950763702393e-02,8.815784938633441925e-03
1.037569642066955566e+00,4.108515739440917969e+00,-7.190091162919998169e-02,-4.953123629093170166e-03
1.137492299079895020e+00,4.257596969604492188e+00,-6.609863787889480591e-02,9.417305700480937958e-03
1.203662157058715820e+00,4.560863494873046875e+00,-4.346431419253349304e-02,4.899979569017887115e-03
9.756190776824951172e-01,4.110292434692382812e+00,-3.635832667350769043e-02,-4.697918891906738281e-03
1.075140595436096191e+00,4.208402633666992188e+00,-7.122281193733215332e-02,1.618485664948821068e-03
1.145512104034423828e+00,4.258953094482421875e+00,-4.156790301203727722e-02,9.454973973333835602e-03
1.259687066078186035e+00,4.559231758117675781e+00,-4.622758179903030396e-02,2.990394365042448044e-03
9.829897880554199219e-01,3.876737833023071289e+00,-4.880831390619277954e-02,-1.013461314141750336e-02
1.138051748275756836e+00,4.427886962890625000e+00,-4.532390832901000977e-02,-1.258363388478755951e-02
1.211110830307006836e+00,4.463473796844482422e+00,-5.241735279560089111e-02,-1.595738716423511505e-02
9.807989597320556641e-01,3.842536926269531250e+00,-5.449309945106506348e-02,-5.128805525600910187e-03
9.800837635993957520e-01,4.095279216766357422e+00,-4.626406729221343994e-02,1.684982515871524811e-02
1.052620291709899902e+00,4.111153602600097656e+00,-3.686840087175369263e-02,1.006823871284723282e-02
9.026244282722473145e-01,3.917921781539916992e+00,-5.903645604848861694e-02,-5.474728532135486603e-03
9.898184537887573242e-01,4.054985523223876953e+00,-3.209547698497772217e-02,4.285084549337625504e-03
1.025416374206542969e+00,4.209205627441406250e+00,-4.386285692453384399e-02,-1.397706009447574615e-02
8.982431292533874512e-01,3.771823406219482422e+00,-3.230100125074386597e-02,2.467255108058452606e-03
9.157477021217346191e-01,3.703733921051025391e+00,-4.559936746954917908e-02,7.750451564788818359e-03
9.329555630683898926e-01,3.893792152404785156e+00,-6.540536880493164062e-02,-1.813398674130439758e-02
1.045509696006774902e+00,4.332055568695068359e+00,-6.025027856230735779e-02,6.633973680436611176e-03
8.333181738853454590e-01,3.640217781066894531e+00,-4.471227154135704041e-02,4.254378378391265869e-03
1.047517299652099609e+00,4.230336666107177734e+00,-6.622311472892761230e-02,1.051178947091102600e-02
1.220759034156799316e+00,4.466063499450683594e+00,-4.616729915142059326e-02,2.074468648061156273e-03
9.643965959548950195e-01,3.976745605468750000e+00,-3.999952226877212524e-02,-2.043530903756618500e-02
9.520442485809326172e-01,4.070776939392089844e+00,-6.574844568967819214e-02,-9.628725238144397736e-03
9.101098775863647461e-01,3.688461780548095703e+00,-5.295538157224655151e-02,1.134352106600999832e-02
1.179712057113647461e+00,4.435924530029296875e+00,-5.449973046779632568e-02,1.278961915522813797e-02
9.573501348495483398e-01,4.099851131439208984e+00,-5.218794196844100952e-02,4.722282756119966507e-03
9.765584468841552734e-01,4.002515792846679688e+00,-7.222034037113189697e-02,1.207902841269969940e-02
9.759007096290588379e-01,3.965875864028930664e+00,-3.070782311260700226e-02,1.050618384033441544e-02
1.180123448371887207e+00,4.342481136322021484e+00,-5.242374166846275330e-02,-6.189236883074045181e-03
8.656456470489501953e-01,3.762705802917480469e+00,-5.943879112601280212e-02,-7.292966824024915695e-03
1.151293873786926270e+00,4.482183456420898438e+00,-4.445658251643180847e-02,-5.791295319795608521e-03
9.575763344764709473e-01,3.819832801818847656e+00,-6.581132113933563232e-02,-5.592586472630500793e-03
1.003880977630615234e+00,3.940898180007934570e+00,-3.929730877280235291e-02,-9.563474915921688080e-03
9.423992037773132324e-01,3.834143161773681641e+00,-6.409274786710739136e-02,1.683680899441242218e-02
1.204803943634033203e+00,4.459029197692871094e+00,-4.822461307048797607e-02,-3.744796384125947952e-03
1.024428486824035645e+00,4.068910121917724609e+00,-6.440882384777069092e-02,-8.203336969017982483e-03
1.145701766014099121e+00,4.368205547332763672e+00,-4.237774759531021118e-02,5.294336471706628799e-03
9.363687634468078613e-01,3.823864459991455078e+00,-4.634605720639228821e-02,1.069953199476003647e-02
9.817194342613220215e-01,3.968712806701660156e+00,-4.164488613605499268e-02,1.378084346652030945e-02
9.625552296638488770e-01,4.091816425323486328e+00,-4.653816297650337219e-02,-6.911514326930046082e-03
1.124179005622863770e+00,4.372051715850830078e+00,-3.878709673881530762e-02,5.811176379211246967e-04
9.068454504013061523e-01,3.903913974761962891e+00,-6.250827759504318237e-02,-2.708593965508043766e-04
1.099380731582641602e+00,4.356719970703125000e+00,-3.965332359075546265e-02,5.003980826586484909e-03
9.510735869407653809e-01,4.036604404449462891e+00,-4.762806370854377747e-02,-7.167562842369079590e-03
9.759951829910278320e-01,3.920618295669555664e+00,-3.743558377027511597e-02,-7.073367014527320862e-04
9.188831448554992676e-01,3.823397636413574219e+00,-6.516446173191070557e-02,-2.916905097663402557e-03
1.005257129669189453e+00,4.074477195739746094e+00,-4.774894565343856812e-02,1.722132973372936249e-02
9.340401887893676758e-01,3.987066745758056641e+00,-5.003672465682029724e-02,6.557016749866306782e-04
1.077231764793395996e+00,4.247840404510498047e+00,-4.499193653464317322e-02,-1.379547175019979477e-02
1.188173651695251465e+00,4.393944263458251953e+00,-5.090598389506340027e-02,-2.936874283477663994e-03
1.010681033134460449e+00,4.101579189300537109e+00,-3.356716409325599670e-02,2.576848957687616348e-03
8.954614996910095215e-01,3.752219200134277344e+00,-4.913106933236122131e-02,-1.160659454762935638e-02
1.095029950141906738e+00,4.370647430419921875e+00,-5.459480732679367065e-02,-7.499345112591981888e-03
1.044196248054504395e+00,4.120543003082275391e+00,-5.943109095096588135e-02,1.416363473981618881e-02
9.617680907249450684e-01,4.046059608459472656e+00,-3.768876567482948303e-02,-4.509644582867622375e-03
1.030875802040100098e+00,4.176678180694580078e+00,-6.993031501770019531e-02,-2.468308433890342712e-03
8.877384662628173828e-01,3.827790260314941406e+00,-6.162850558757781982e-02,-1.809452893212437630e-03
9.992001056671142578e-01,4.107043743133544922e+00,-3.646371886134147644e-02,-9.741183021105825901e-04
9.386172890663146973e-01,3.890746831893920898e+00,-4.881937429308891296e-02,1.455807220190763474e-02
9.153075814247131348e-01,3.842957735061645508e+00,-6.616725027561187744e-02,-6.787414662539958954e-03
8.750476837158203125e-01,3.821194648742675781e+00,-4.648175463080406189e-02,-3.410266013815999031e-03
1.101868867874145508e+00,4.186921119689941406e+00,-4.338353872299194336e-02,1.903142401715740561e-04
1.087051153182983398e+00,4.237426757812500000e+00,-5.447418987751007080e-02,-1.536816079169511795e-02
9.999164938926696777e-01,3.987416505813598633e+00,-3.623303398489952087e-02,7.548059802502393723e-03
8.495585918426513672e-01,3.632105350494384766e+00,-4.995768889784812927e-02,2.869413932785391808e-03
9.751788377761840820e-01,3.952145814895629883e+00,-5.931818485260009766e-02,-1.287194248288869858e-02
8.773959279060363770e-01,3.682221651077270508e+00,-5.652296543121337891e-02,-8.188585750758647919e-03
9.564586877822875977e-01,4.042552947998046875e+00,-4.308745265007019043e-02,-5.360728129744529724e-03
1.168123245239257812e+00,4.431544303894042969e+00,-4.009629413485527039e-02,-5.806358065456151962e-03
1.016799092292785645e+00,4.212519168853759766e+00,-5.810752511024475098e-02,5.722010042518377304e-03
1.005706548690795898e+00,4.040001392364501953e+00,-6.555650383234024048e-02,-8.635613135993480682e-03
1.031231880187988281e+00,4.113538742065429688e+00,-4.741505905985832214e-02,-1.797920465469360352e-02
1.177145838737487793e+00,4.480308532714843750e+00,-5.130144953727722168e-02,2.436864655464887619e-03
1.016377925872802734e+00,4.196798324584960938e+00,-6.197371333837509155e-02,1.084560411982238293e-03
1.135372877120971680e+00,4.396850585937500000e+00,-3.827419877052307129e-02,-4.587150644510984421e-03
1.015376925468444824e+00,3.976835489273071289e+00,-4.880039021372795105e-02,7.257435470819473267e-03
1.103086113929748535e+00,4.382041931152343750e+00,-4.836319014430046082e-02,1.140048634260892868e-02
1.148761868476867676e+00,4.415257453918457031e+00,-4.806384071707725525e-02,5.814763717353343964e-03
1.056212544441223145e+00,4.219872951507568359e+00,-3.601968660950660706e-02,-1.288591767661273479e-03
9.476206302642822266e-01,3.938721179962158203e+00,-4.253436625003814697e-02,-1.003047823905944824e-02
9.983184933662414551e-01,3.971610307693481445e+00,-6.681858748197555542e-02,-5.062146112322807312e-03
1.175929665565490723e+00,4.397341251373291016e+00,-6.424901634454727173e-02,-3.527684835717082024e-03
1.158788681030273438e+00,4.424489021301269531e+00,-5.988974124193191528e-02,6.651861593127250671e-03
1.040983796119689941e+00,4.213923454284667969e+00,-3.630818799138069153e-02,-6.718236487358808517e-03
1.074504494667053223e+00,4.131056785583496094e+00,-3.955498337745666504e-02,-7.409383077174425125e-03
1.063385486602783203e+00,4.146426200866699219e+00,-5.228790268301963806e-02,-1.537830475717782974e-02
8.972240686416625977e-01,3.827593564987182617e+00,-5.688877403736114502e-02,-9.834005497395992279e-03
1.004750132560729980e+00,4.096499919891357422e+00,-6.090871244668960571e-02,-1.497883163392543793e-02
9.781880378723144531e-01,3.903073549270629883e+00,-6.210883706808090210e-02,1.015914510935544968e-02
9.882285594940185547e-01,4.063529014587402344e+00,-5.422379449009895325e-02,-1.605781912803649902e-02
1.006762623786926270e+00,4.092464447021484375e+00,-5.916937068104743958e-02,-1.495199650526046753e-02
9.557353258132934570e-01,3.858725786209106445e+00,-4.525700956583023071e-02,-1.423922274261713028e-02
1.048555970191955566e+00,4.137381076812744141e+00,-4.491451382637023926e-02,1.724117062985897064e-02
1.131319403648376465e+00,4.318187236785888672e+00,-3.940718621015548706e-02,4.677769262343645096e-03
1.018521904945373535e+00,4.001254081726074219e+00,-4.152878373861312866e-02,1.499078236520290375e-03
1.106099367141723633e+00,4.365417480468750000e+00,-6.548769026994705200e-02,-3.732895245775580406e-03
1.135614991188049316e+00,4.304838180541992188e+00,-5.112064629793167114e-02,-1.246645674109458923e-02
1.031359076499938965e+00,4.001164913177490234e+00,-6.069893389940261841e-02,7.389251142740249634e-03
8.600102066993713379e-01,3.687050819396972656e+00,-4.774882644414901733e-02,-4.902087152004241943e-03
9.743978381156921387e-01,4.027749538421630859e+00,-4.310595244169235229e-02,-1.480989158153533936e-02
1.159988880157470703e+00,4.333505630493164062e+00,-4.275543615221977234e-02,5.400312598794698715e-03
1.142401337623596191e+00,4.375359535217285156e+00,-5.913858860731124878e-02,-1.312427967786788940e-02
9.670435786247253418e-01,3.967240095138549805e+00,-3.932664543390274048e-02,-1.402457710355520248e-02
1.086829304695129395e+00,4.345429420471191406e+00,-5.913834273815155029e-02,-2.898258389905095100e-03
1.039850831031799316e+00,4.131728649139404297e+00,-5.153749138116836548e-02,1.799161918461322784e-02
1.034309983253479004e+00,4.092190742492675781e+00,-6.215467676520347595e-02,1.374611351639032364e-02
9.243686199188232422e-01,3.799115896224975586e+00,-4.347652196884155273e-02,-1.184060890227556229e-02
1.014608860015869141e+00,4.195707321166992188e+00,-5.274795368313789368e-02,1.012528594583272934e-02
9.719460606575012207e-01,4.033255577087402344e+00,-4.058771207928657532e-02,-1.417714171111583710e-02
1.032270789146423340e+00,4.063983917236328125e+00,-6.802003830671310425e-02,-7.671285857213661075e-05
1.034175515174865723e+00,4.209263324737548828e+00,-6.254891306161880493e-02,8.280751295387744904e-03
9.730703830718994141e-01,3.975647926330566406e+00,-4.130958765745162964e-02,-1.179940905421972275e-02
9.945706129074096680e-01,4.041025638580322266e+00,-3.532211109995841980e-02,-1.991994213312864304e-03
9.129387736320495605e-01,3.726800680160522461e+00,-4.694886878132820129e-02,-3.919593989849090576e-03
8.994178771972656250e-01,3.740849494934082031e+00,-5.347276851534843445e-02,-1.060373242944478989e-02
1.004742860794067383e+00,4.111214160919189453e+00,-6.432463973760604858e-02,-1.306465640664100647e-02
1.136861801147460938e+00,4.329083442687988281e+00,-4.240887239575386047e-02,4.451840184628963470e-03
9.245356917381286621e-01,3.941620826721191406e+00,-5.891316384077072144e-02,-1.154794543981552124e-02
9.637867808341979980e-01,3.975075960159301758e+00,-6.734742969274520874e-02,8.651577867567539215e-03
1.011685013771057129e+00,4.021519660949707031e+00,-6.534097343683242798e-02,1.199980732053518295e-02
1.149589300155639648e+00,4.315861225128173828e+00,-5.543632060289382935e-02,7.277431897819042206e-03
1.040557265281677246e+00,4.260928153991699219e+00,-4.458895698189735413e-02,3.536456788424402475e-04
9.004552960395812988e-01,3.717282772064208984e+00,-4.672019928693771362e-02,-2.919796388596296310e-03
9.182208776473999023e-01,3.778682947158813477e+00,-5.944441258907318115e-02,-1.234120782464742661e-02
1.172120213508605957e+00,4.460725784301757812e+00,-4.789811372756958008e-02,2.902314998209476471e-03
1.047954440116882324e+00,4.280347824096679688e+00,-4.393890500068664551e-02,-7.631589658558368683e-03
9.192619323730468750e-01,3.960398197174072266e+00,-4.825503379106521606e-02,-7.700010202825069427e-03
1.006064295768737793e+00,4.086701393127441406e+00,-3.623016551136970520e-02,8.542749099433422089e-03
9.697032570838928223e-01,4.050509452819824219e+00,-6.165237724781036377e-02,-1.029649190604686737e-02
1.015217661857604980e+00,4.103554248809814453e+00,-5.433544889092445374e-02,1.591981947422027588e-02
9.391422867774963379e-01,3.821523189544677734e+00,-5.738329142332077026e-02,9.358558803796768188e-03
1.014958262443542480e+00,4.157890796661376953e+00,-3.466845676302909851e-02,6.960863247513771057e-04
1.141500949859619141e+00,4.391901969909667969e+00,-6.386231631040573120e-02,8.511405438184738159e-03
9.548025727272033691e-01,3.825985908508300781e+00,-5.404734611511230469e-02,8.013064973056316376e-03
1.026995658874511719e+00,4.050723075866699219e+00,-6.454107165336608887e-02,-4.153384827077388763e-03
9.945065379142761230e-01,3.943711519241333008e+00,-4.928673058748245239e-02,-1.019307225942611694e-02
8.731238245964050293e-01,3.815867662429809570e+00,-5.475545302033424377e-02,-5.458164494484663010e-03
1.061421513557434082e+00,4.086713314056396484e+00,-5.869882926344871521e-02,-7.458499632775783539e-03
1.134410262107849121e+00,4.442562580108642578e+00,-5.808605998754501343e-02,2.050622599199414253e-03
1.082649350166320801e+00,4.117237091064453125e+00,-4.912368580698966980e-02,-4.365772474557161331e-03
1.048417448997497559e+00,4.094962120056152344e+00,-5.077937245368957520e-02,1.385294832289218903e-02
1.112478256225585938e+00,4.408798694610595703e+00,-4.399632662534713745e-02,2.117453841492533684e-03
1.102421522140502930e+00,4.301000595092773438e+00,-5.234603583812713623e-02,1.294408272951841354e-02
1.092091560363769531e+00,4.271012306213378906e+00,-5.611262097954750061e-02,-1.796571165323257446e-02
9.660736918449401855e-01,4.046150207519531250e+00,-6.209466233849525452e-02,1.243660319596529007e-02
1.018583774566650391e+00,4.143948554992675781e+00,-3.499902412295341492e-02,-2.365259220823645592e-03
1.027873158454895020e+00,4.025387763977050781e+00,-4.029705747961997986e-02,9.463807567954063416e-03
8.497554063796997070e-01,3.697163343429565430e+00,-5.434624478220939636e-02,1.379670808091759682e-03
1.020737409591674805e+00,3.991292238235473633e+00,-5.606942996382713318e-02,-8.187486790120601654e-03
1.059935212135314941e+00,4.123068332672119141e+00,-5.634152144193649292e-02,-1.406532060354948044e-02
9.340771436691284180e-01,3.966265678405761719e+00,-3.913765773177146912e-02,6.359418854117393494e-03
9.790152311325073242e-01,3.890937328338623047e+00,-5.774944275617599487e-02,5.556229036301374435e-03
1.185479879379272461e+00,4.387703418731689453e+00,-5.764785036444664001e-02,4.300818778574466705e-03
1.145276308059692383e+00,4.323624134063720703e+00,-4.211580008268356323e-02,2.898952923715114594e-03
1.041492819786071777e+00,4.265528678894042969e+00,-5.010065063834190369e-02,9.182817302644252777e-03
9.415900707244873047e-01,3.881715536117553711e+00,-5.845071375370025635e-02,-1.280274149030447006e-02
9.724630117416381836e-01,4.117248535156250000e+00,-5.854303389787673950e-02,-4.725510254502296448e-03
1.144958257675170898e+00,4.403068065643310547e+00,-4.277107864618301392e-02,3.002990037202835083e-03
1.065079569816589355e+00,4.169824123382568359e+00,-3.891930356621742249e-02,1.194333191961050034e-02
9.028664827346801758e-01,3.730405807495117188e+00,-5.244201794266700745e-02,-9.056585840880870819e-03
9.252531528472900391e-01,3.805436611175537109e+00,-5.160884559154510498e-02,-1.306369155645370483e-02
9.126192331314086914e-01,3.869275331497192383e+00,-3.802789002656936646e-02,-1.805620617233216763e-03
1.128043174743652344e+00,4.250874996185302734e+00,-5.542654171586036682e-02,9.676191839389503002e-04
1.082973122596740723e+00,4.365316390991210938e+00,-4.711102321743965149e-02,-3.824137384071946144e-03
1.034829139709472656e+00,4.072656631469726562e+00,-3.743097558617591858e-02,6.252897903323173523e-03
1.104683995246887207e+00,4.382642745971679688e+00,-5.497242510318756104e-02,5.008464213460683823e-03
9.932193756103515625e-01,4.088535308837890625e+00,-3.781851753592491150e-02,-3.233460010960698128e-04
9.776558279991149902e-01,3.905861139297485352e+00,-4.995571076869964600e-02,-1.281160209327936172e-02
1.113799452781677246e+00,4.251283168792724609e+00,-6.121787428855895996e-02,-4.694982897490262985e-03
9.998228549957275391e-01,4.150921821594238281e+00,-5.905439332127571106e-02,-1.400072872638702393e-02
9.885724782943725586e-01,4.031503677368164062e+00,-6.307160854339599609e-02,1.545684598386287689e-02
1.090440988540649414e+00,4.249123573303222656e+00,-6.737533211708068848e-02,-3.392313374206423759e-03
1.112224698066711426e+00,4.257162570953369141e+00,-6.567577272653579712e-02,4.677500110119581223e-03
1.143103599548339844e+00,4.337731361389160156e+00,-4.712931066751480103e-02,-9.007685817778110504e-03
9.617732167243957520e-01,4.062788963317871094e+00,-4.492206126451492310e-02,2.181013114750385284e-03
1.037008762359619141e+00,4.239413738250732422e+00,-4.282340407371520996e-02,5.619394592940807343e-03
9.744029641151428223e-01,4.044394493103027344e+00,-3.414071723818778992e-02,-3.892541863024234772e-03
8.844062685966491699e-01,3.719404697418212891e+00,-4.646379128098487854e-02,8.116506040096282959e-03
1.157549381256103516e+00,4.426462650299072266e+00,-5.778070166707038879e-02,1.206000801175832748e-02
1.033817291259765625e+00,4.260847568511962891e+00,-5.525648966431617737e-02,1.783746993169188499e-03
1.011660575866699219e+00,3.994196891784667969e+00,-4.392116516828536987e-02,6.263388786464929581e-03
1.129457354545593262e+00,4.347553253173828125e+00,-6.460297107696533203e-02,-7.989032194018363953e-03
1.120340228080749512e+00,4.263482570648193359e+00,-6.350337713956832886e-02,6.335164885967969894e-03
9.532902836799621582e-01,3.958641529083251953e+00,-6.672628223896026611e-02,-1.235342700965702534e-03
1.018177032470703125e+00,4.118720531463623047e+00,-5.520016700029373169e-02,1.687658391892910004e-02
9.242770075798034668e-01,3.963422536849975586e+00,-5.688403546810150146e-02,-5.339703056961297989e-03
1.101589441299438477e+00,4.384293079376220703e+00,-6.263770163059234619e-02,-3.232939401641488075e-03
1.119203209877014160e+00,4.302073955535888672e+00,-5.995611473917961121e-02,7.693285122513771057e-03
9.254150390625000000e-01,3.823119640350341797e+00,-5.657463520765304565e-02,1.063059829175472260e-02
1.197896003723144531e+00,4.420019149780273438e+00,-5.220710113644599915e-02,-3.611758002080023289e-04
9.320681691169738770e-01,3.895780324935913086e+00,-6.572918593883514404e-02,1.130351144820451736e-02
1.138960719108581543e+00,4.271182060241699219e+00,-4.802974313497543335e-02,-6.068506743758916855e-03
1.156686067581176758e+00,4.385532855987548828e+00,-4.385099187493324280e-02,-2.754440298303961754e-03
1.022572994232177734e+00,3.976547241210937500e+00,-5.523875355720520020e-02,-8.433249779045581818e-03
1.081433773040771484e+00,4.214762210845947266e+00,-4.786415398120880127e-02,-1.336769945919513702e-02
1.071330189704895020e+00,4.312910556793212891e+00,-6.208241730928421021e-02,7.242057006806135178e-03
9.711712598800659180e-01,3.875123977661132812e+00,-4.088758677244186401e-02,3.624350763857364655e-03
9.231351613998413086e-01,3.849707841873168945e+00,-3.587783873081207275e-02,-7.713875384069979191e-04
9.879617094993591309e-01,4.000795841217041016e+00,-4.487199708819389343e-02,-1.383228600025177002e-02
1.128895759582519531e+00,4.287600040435791016e+00,-5.266201496124267578e-02,-1.053782552480697632e-02
9.681506752967834473e-01,4.047505378723144531e+00,-5.838696286082267761e-02,-1.013932283967733383e-02
8.875863552093505859e-01,3.746878147125244141e+00,-4.745794832706451416e-02,-1.232342142611742020e-02
1.005725383758544922e+00,4.011563777923583984e+00,-3.916260972619056702e-02,1.020879112184047699e-02
1.014261722564697266e+00,4.046145439147949219e+00,-3.794466704130172729e-02,5.263090599328279495e-03
9.773422479629516602e-01,4.065099239349365234e+00,-5.278637260198593140e-02,-1.472541131079196930e-02
9.823569059371948242e-01,4.120195388793945312e+00,-6.132877990603446960e-02,5.046523641794919968e-03
9.187780022621154785e-01,3.786083936691284180e+00,-4.210396111011505127e-02,-7.063613738864660263e-03
1.000097155570983887e+00,3.946232557296752930e+00,-3.926710411906242371e-02,2.827951917424798012e-03
1.001386880874633789e+00,3.980307817459106445e+00,-4.783950373530387878e-02,1.072747353464365005e-02
1.055142164230346680e+00,4.245134830474853516e+00,-6.936127692461013794e-02,4.344076383858919144e-03
1.175969958305358887e+00,4.411924362182617188e+00,-4.708488658070564270e-02,-3.513430710881948471e-03
9.085544347763061523e-01,3.762083292007446289e+00,-5.157627537846565247e-02,-1.034530904144048691e-02
1.004893898963928223e+00,4.087815761566162109e+00,-3.557296097278594971e-02,-8.359152823686599731e-03
1.107062697410583496e+00,4.216966152191162109e+00,-5.643721297383308411e-02,1.377963181585073471e-02
8.909333944320678711e-01,3.767887115478515625e+00,-6.244664639234542847e-02,7.659344002604484558e-03
1.002247095108032227e+00,3.940862655639648438e+00,-4.883738234639167786e-02,-2.995930146425962448e-03
9.372333288192749023e-01,3.920028924942016602e+00,-7.028350234031677246e-02,-1.646813470870256424e-03
9.697417020797729492e-01,3.890228986740112305e+00,-5.434970930218696594e-02,1.351634413003921509e-02
1.070656418800354004e+00,4.291912078857421875e+00,-5.756610631942749023e-02,-1.437552366405725479e-02
1.187084555625915527e+00,4.493925571441650391e+00,-5.874054133892059326e-02,-4.232816863805055618e-03
1.014945030212402344e+00,4.039349079132080078e+00,-3.528783842921257019e-02,-3.077330999076366425e-03
1.104809045791625977e+00,4.184364318847656250e+00,-4.834852740168571472e-02,-1.518508652225136757e-03
1.163511633872985840e+00,4.327620983123779297e+00,-4.584339261054992676e-02,2.765422221273183823e-03
9.360270500183105469e-01,3.829488277435302734e+00,-5.269959196448326111e-02,-1.550644077360630035e-02
9.900343418121337891e-01,3.971789598464965820e+00,-3.638257458806037903e-02,-1.958937151357531548e-03
9.926463961601257324e-01,3.925961494445800781e+00,-6.027108430862426758e-02,-1.074357610195875168e-02
8.959705233573913574e-01,3.792038202285766602e+00,-4.024240002036094666e-02,6.476834416389465332e-03
1.120768427848815918e+00,4.443213939666748047e+00,-5.107155442237854004e-02,-4.766598285641521215e-04
9.962609410285949707e-01,4.099095344543457031e+00,-6.931325793266296387e-02,-5.940200295299291611e-03
9.971271753311157227e-01,4.079535484313964844e+00,-5.961246788501739502e-02,1.588386483490467072e-02
1.112284183502197266e+00,4.242826461791992188e+00,-4.419552534818649292e-02,8.017549291253089905e-03
1.097443222999572754e+00,4.280946731567382812e+00,-6.814897060394287109e-02,-3.019440453499555588e-03
1.106965065002441406e+00,4.183397769927978516e+00,-5.370747298002243042e-02,-4.132814065087586641e-04
8.752624392509460449e-01,3.807763099670410156e+00,-5.669213086366653442e-02,-6.478986237198114395e-03
1.004368543624877930e+00,4.008934974670410156e+00,-3.512129932641983032e-02,-7.812752388417720795e-03
1.003105640411376953e+00,4.061895847320556641e+00,-3.499459847807884216e-02,5.743943620473146439e-04
1.005406379699707031e+00,3.946772813796997070e+00,-5.154268071055412292e-02,1.124277990311384201e-02
9.629641175270080566e-01,3.948328256607055664e+00,-6.760081648826599121e-02,-7.973833999130874872e-05
9.542888998985290527e-01,3.984631538391113281e+00,-5.575617030262947083e-02,1.313107647001743317e-02
1.094935059547424316e+00,4.317832469940185547e+00,-4.166418313980102539e-02,9.035733528435230255e-03
1.139125823974609375e+00,4.292719364166259766e+00,-5.551766604185104370e-02,1.045694015920162201e-02
1.186747193336486816e+00,4.399922847747802734e+00,-4.804375022649765015e-02,3.409145399928092957e-03
1.021007537841796875e+00,4.117873191833496094e+00,-4.774381592869758606e-02,1.540594920516014099e-02
9.178670644760131836e-01,3.845084667205810547e+00,-3.943422064185142517e-02,-5.466547794640064240e-03
1.116812825202941895e+00,4.261540412902832031e+00,-6.273586302995681763e-02,2.939384430646896362e-03
9.970507621765136719e-01,4.145562171936035156e+00,-4.119232669472694397e-02,3.336260328069329262e-03
1.081010103225708008e+00,4.291059017181396484e+00,-3.980948030948638916e-02,9.805279551073908806e-04
1.005576014518737793e+00,4.128413200378417969e+00,-6.710015982389450073e-02,1.181507977889850736e-04
1.070391654968261719e+00,4.249358654022216797e+00,-4.097214341163635254e-02,-1.359858643263578415e-02
9.464567899703979492e-01,3.929493427276611328e+00,-6.673057377338409424e-02,2.531038830056786537e-03
1.007794857025146484e+00,3.981273651123046875e+00,-4.536691308021545410e-02,1.201268285512924194e-02
1.018699049949645996e+00,4.154226779937744141e+00,-3.893105685710906982e-02,4.924595705233514309e-04
9.288142323493957520e-01,3.824434757232666016e+00,-6.114662811160087585e-02,5.130666308104991913e-03
9.794811010360717773e-01,3.932363986968994141e+00,-5.979308485984802246e-02,1.037549320608377457e-02
1.011789441108703613e+00,4.051832199096679688e+00,-4.705282300710678101e-02,1.857507415115833282e-02
9.492139220237731934e-01,3.862629890441894531e+00,-3.936826065182685852e-02,-2.916119992733001709e-04
9.605491757392883301e-01,3.874019622802734375e+00,-3.910142555832862854e-02,2.628888934850692749e-03
1.100872159004211426e+00,4.208875656127929688e+00,-3.948757052421569824e-02,8.522213436663150787e-03
1.009119987487792969e+00,4.170343875885009766e+00,-5.678073689341545105e-02,-1.313796453177928925e-02
1.086153745651245117e+00,4.297593116760253906e+00,-6.396453827619552612e-02,1.008268073201179504e-02
1.056156635284423828e+00,4.154502868652343750e+00,-4.622036591172218323e-02,1.404028199613094330e-02
9.001309275627136230e-01,3.737210512161254883e+00,-5.570932105183601379e-02,-1.306986063718795776e-02
9.714406728744506836e-01,3.953673124313354492e+00,-4.558905214071273804e-02,-1.573736406862735748e-02
1.124813079833984375e+00,4.416215896606445312e+00,-6.121148169040679932e-02,7.483137305825948715e-03
9.613658189773559570e-01,3.883454084396362305e+00,-4.470878466963768005e-02,-1.113051269203424454e-02
9.837281703948974609e-01,3.881959915161132812e+00,-5.302663147449493408e-02,3.056644694879651070e-03
1.111073017120361328e+00,4.283397674560546875e+00,-6.603377312421798706e-02,3.605837933719158173e-03
1.032771229743957520e+00,4.063554286956787109e+00,-4.933584481477737427e-02,-1.739429123699665070e-02
1.017834186553955078e+00,4.029973506927490234e+00,-5.210337042808532715e-02,-1.627855189144611359e-02
9.690499305725097656e-01,4.062627315521240234e+00,-6.454769521951675415e-02,6.855091080069541931e-03
1.132102847099304199e+00,4.424600124359130859e+00,-5.477874353528022766e-02,-1.483384257880970836e-04
1.103531956672668457e+00,4.323740482330322266e+00,-4.360939934849739075e-02,-9.982626885175704956e-03
9.769731760025024414e-01,4.039801120758056641e+00,-6.658118963241577148e-02,-1.162662263959646225e-02
1.063349246978759766e+00,4.304311752319335938e+00,-5.179955065250396729e-02,4.618552047759294510e-03
1.010984539985656738e+00,4.001346588134765625e+00,-5.873423069715499878e-02,9.323939681053161621e-03
1.079281687736511230e+00,4.303027153015136719e+00,-4.140191897749900818e-02,-2.154590096324682236e-03
1.062266111373901367e+00,4.175050735473632812e+00,-6.734110414981842041e-02,-1.924894168041646481e-03
9.625275135040283203e-01,3.965510129928588867e+00,-6.602642685174942017e-02,-7.812909781932830811e-03
8.801522850990295410e-01,3.682975769042968750e+00,-4.710194841027259827e-02,-8.010756224393844604e-03
1.111186027526855469e+00,4.231745719909667969e+00,-6.234535574913024902e-02,9.458785876631736755e-03
9.394651651382446289e-01,3.789249420166015625e+00,-5.129888281226158142e-02,-5.495148710906505585e-03
9.117212295532226562e-01,3.775862693786621094e+00,-6.455636769533157349e-02,5.420933943241834641e-03
1.007295846939086914e+00,3.974525451660156250e+00,-4.737836495041847229e-02,-1.151526905596256256e-02
1.071270704269409180e+00,4.078808307647705078e+00,-4.480963200330734253e-02,1.670031691901385784e-03
1.147894620895385742e+00,4.261472225189208984e+00,-5.019321665167808533e-02,1.209211302921175957e-03
9.723228812217712402e-01,3.984929800033569336e+00,-5.237013101577758789e-02,1.811263337731361389e-02
9.711793065071105957e-01,3.924889087677001953e+00,-6.858789175748825073e-02,-6.707117892801761627e-03
1.000854372978210449e+00,4.140089511871337891e+00,-5.838977545499801636e-02,1.410382054746150970e-02
9.892997741699218750e-01,4.022713661193847656e+00,-4.397306218743324280e-02,-1.495924405753612518e-02
9.113348126411437988e-01,3.881660223007202148e+00,-5.455509573221206665e-02,-1.276104059070348740e-02
9.509998559951782227e-01,3.986713171005249023e+00,-5.850658193230628967e-02,1.036836300045251846e-02
9.366123676300048828e-01,3.994958400726318359e+00,-5.575503408908843994e-02,-7.049469277262687683e-03
9.699077606201171875e-01,3.914353132247924805e+00,-6.489589810371398926e-02,4.414520517457276583e-04
1.083010673522949219e+00,4.243603706359863281e+00,-3.496908023953437805e-02,-6.593264639377593994e-03
9.462842941284179688e-01,3.881849050521850586e+00,-3.983007743954658508e-02,-8.488358929753303528e-03
1.181231737136840820e+00,4.480432033538818359e+00,-5.584256723523139954e-02,8.736415766179561615e-03
1.106397747993469238e+00,4.187280654907226562e+00,-4.373313486576080322e-02,-4.682946950197219849e-03
1.092778801918029785e+00,4.147226810455322266e+00,-5.281594023108482361e-02,-3.735674545168876648e-03
1.029651165008544922e+00,4.169393062591552734e+00,-6.093554198741912842e-02,1.362043805420398712e-02
1.031910896301269531e+00,4.091331481933593750e+00,-4.319174587726593018e-02,1.526323147118091583e-02
1.012773871421813965e+00,4.144526481628417969e+00,-6.885695457458496094e-02,7.318141870200634003e-03
1.102376580238342285e+00,4.332568645477294922e+00,-4.646891728043556213e-02,8.262591436505317688e-03
1.083505988121032715e+00,4.283371448516845703e+00,-6.246020272374153137e-02,-9.216428734362125397e-03
1.106484651565551758e+00,4.208966255187988281e+00,-4.647540301084518433e-02,-1.100656203925609589e-02
1.133325576782226562e+00,4.250432968139648438e+00,-4.595443233847618103e-02,-5.548361223191022873e-03
1.009360432624816895e+00,3.959492921829223633e+00,-5.540388450026512146e-02,7.683825213462114334e-03
1.145561933517456055e+00,4.309998989105224609e+00,-5.226298421621322632e-02,-1.340437773615121841e-02
1.169947147369384766e+00,4.454582691192626953e+00,-5.104126781225204468e-02,-5.188046954572200775e-03
9.667938351631164551e-01,3.974358797073364258e+00,-3.964545950293540955e-02,7.524745073169469833e-03
8.790864348411560059e-01,3.814353942871093750e+00,-5.696392059326171875e-02,6.817610468715429306e-03
1.028105735778808594e+00,4.259674072265625000e+00,-5.387408658862113953e-02,-8.194077759981155396e-03
1.106026411056518555e+00,4.175144672393798828e+00,-5.352682247757911682e-02,2.729660081968177110e-05
9.737953543663024902e-01,3.940740346908569336e+00,-5.573367327451705933e-02,-1.682760380208492279e-02
1.023559570312500000e+00,4.109127044677734375e+00,-6.739792972803115845e-02,-3.750108182430267334e-03
1.014726519584655762e+00,4.005365848541259766e+00,-3.534274548292160034e-02,3.927864599972963333e-03
1.035645246505737305e+00,4.135135650634765625e+00,-6.808784604072570801e-02,-9.182840585708618164e-03
1.034940719604492188e+00,4.137916088104248047e+00,-5.793172866106033325e-02,1.689552888274192810e-02
8.867087364196777344e-01,3.817015409469604492e+00,-5.915006250143051147e-02,-1.278932555578649044e-03
1.068484306335449219e+00,4.094080924987792969e+00,-5.620424076914787292e-02,5.049571394920349121e-03
9.088013172149658203e-01,3.731854677200317383e+00,-4.803718999028205872e-02,6.508160149678587914e-04
1.079755067825317383e+00,4.296610355377197266e+00,-6.501509994268417358e-02,-3.672986058518290520e-03
1.015668749809265137e+00,4.165569305419921875e+00,-6.523426622152328491e-02,-1.242357422597706318e-03
9.114117622375488281e-01,3.792506217956542969e+00,-3.971873223781585693e-02,3.394352970644831657e-03
1.203829765319824219e+00,4.505538940429687500e+00,-5.251629278063774109e-02,8.806502446532249451e-03
8.904906511306762695e-01,3.741410017013549805e+00,-3.970817476511001587e-02,-7.518535014241933823e-03
8.873952627182006836e-01,3.778261423110961914e+00,-4.613761603832244873e-02,5.648847669363021851e-03
1.158154606819152832e+00,4.384891033172607422e+00,-6.549072265625000000e-02,-4.163783974945545197e-03
8.986732959747314453e-01,3.703251123428344727e+00,-5.361784249544143677e-02,1.444573979824781418e-03
9.243045449256896973e-01,3.965858459472656250e+00,-5.864025652408599854e-02,-6.216046400368213654e-03
1.104931354522705078e+00,4.192135334014892578e+00,-5.193149298429489136e-02,7.791343145072460175e-03
1.105573892593383789e+00,4.273172855377197266e+00,-5.153156071901321411e-02,-1.626777835190296173e-02
1.007459282875061035e+00,4.082335948944091797e+00,-5.800883844494819641e-02,1.761871576309204102e-02
1.059153676033020020e+00,4.332063674926757812e+00,-5.549874529242515564e-02,-2.354008378461003304e-03
1.040173172950744629e+00,4.196866035461425781e+00,-5.377071350812911987e-02,1.796827092766761780e-02
9.354397654533386230e-01,3.920956134796142578e+00,-5.911521613597869873e-02,-1.432331278920173645e-02
9.209378957748413086e-01,3.896673917770385742e+00,-6.313033401966094971e-02,-7.159313652664422989e-03
1.006029129028320312e+00,4.000082969665527344e+00,-3.898315504193305969e-02,-2.151990076526999474e-03
1.077590227127075195e+00,4.133852481842041016e+00,-6.099459901452064514e-02,2.490025246515870094e-03
1.064446210861206055e+00,4.142060279846191406e+00,-4.959075525403022766e-02,-1.320162788033485413e-02
8.710936903953552246e-01,3.776907682418823242e+00,-5.989198014140129089e-02,-3.780903527513146400e-03
9.672792553901672363e-01,4.065859794616699219e+00,-3.835725784301757812e-02,-1.670928206294775009e-03
1.150862812995910645e+00,4.357614517211914062e+00,-4.058291763067245483e-02,5.752853117883205414e-03
9.880173206329345703e-01,3.906606435775756836e+00,-4.662150144577026367e-02,4.449464380741119385e-03
8.802266716957092285e-01,3.806941986083984375e+00,-6.245679408311843872e-02,2.416962990537285805e-03
1.194749474525451660e+00,4.522773742675781250e+00,-4.510156810283660889e-02,-3.379224799573421478e-03
1.034823656082153320e+00,4.128847599029541016e+00,-3.827819600701332092e-02,-1.396947726607322693e-02
9.513546824455261230e-01,3.910945415496826172e+00,-3.733826428651809692e-02,9.361967444419860840e-03
1.061585903167724609e+00,4.149332523345947266e+00,-5.895520746707916260e-02,1.326998136937618256e-02
1.043310880661010742e+00,4.249030113220214844e+00,-5.473189055919647217e-02,-9.353985078632831573e-03
1.119868636131286621e+00,4.265251636505126953e+00,-4.978849738836288452e-02,-9.992380626499652863e-03
1.013085484504699707e+00,4.152935028076171875e+00,-4.966066777706146240e-02,1.452912669628858566e-02
9.242485165596008301e-01,3.773830652236938477e+00,-5.074865370988845825e-02,-5.665994714945554733e-03
1.073032975196838379e+00,4.198880195617675781e+00,-3.627192974090576172e-02,-7.377683650702238083e-03
8.688734769821166992e-01,3.757022619247436523e+00,-5.763670802116394043e-02,2.109295921400189400e-03
1.130873799324035645e+00,4.420181274414062500e+00,-5.974771082401275635e-02,-6.490172352641820908e-03
9.941975474357604980e-01,4.010448932647705078e+00,-5.683566257357597351e-02,-1.652158237993717194e-02
9.970084428787231445e-01,4.040929794311523438e+00,-3.593262284994125366e-02,7.398352492600679398e-03
9.328228831291198730e-01,3.836211681365966797e+00,-5.651634559035301208e-02,1.377806160598993301e-02
1.030056357383728027e+00,4.076390743255615234e+00,-4.350347444415092468e-02,-1.225404534488916397e-02
1.084094285964965820e+00,4.278985977172851562e+00,-4.669572785496711731e-02,1.610223390161991119e-02
1.097874522209167480e+00,4.328423023223876953e+00,-4.899154603481292725e-02,-1.403050031512975693e-02
1.053494811058044434e+00,4.146250724792480469e+00,-7.018426805734634399e-02,-1.092471531592309475e-03
1.134405851364135742e+00,4.314687728881835938e+00,-6.083589419722557068e-02,4.504197742789983749e-03
1.106233477592468262e+00,4.273622989654541016e+00,-6.536944955587387085e-02,9.340398013591766357e-03
1.083429098129272461e+00,4.260399341583251953e+00,-3.969401866197586060e-02,-1.309226918965578079e-02
1.052477717399597168e+00,4.192541599273681641e+00,-5.268450081348419189e-02,-1.842975430190563202e-02
9.279941916465759277e-01,3.845746040344238281e+00,-3.790634870529174805e-02,2.299301559105515480e-03
9.846487641334533691e-01,4.127568721771240234e+00,-4.685551673173904419e-02,-8.163407444953918457e-03
1.012499690055847168e+00,4.208043575286865234e+00,-5.308032780885696411e-02,-8.356082253158092499e-03
8.727738261222839355e-01,3.687565326690673828e+00,-5.313432589173316956e-02,8.663055486977100372e-03
1.009859442710876465e+00,4.182152748107910156e+00,-5.869601666927337646e-02,-1.712008146569132805e-03
1.088724970817565918e+00,4.252699375152587891e+00,-3.937309980392456055e-02,7.027200772427022457e-04
9.506620168685913086e-01,3.925356626510620117e+00,-5.618147924542427063e-02,-1.420781109482049942e-02
1.118841290473937988e+00,4.269734859466552734e+00,-5.145625397562980652e-02,1.507814880460500717e-02
9.043023586273193359e-01,3.840655803680419922e+00,-6.460143625736236572e-02,2.782589988783001900e-03
1.023655056953430176e+00,3.993844270706176758e+00,-5.507940426468849182e-02,2.357885940000414848e-03
1.198347568511962891e+00,4.406116485595703125e+00,-5.143476650118827820e-02,-2.373417140915989876e-03
9.275567531585693359e-01,3.834837436676025391e+00,-4.943029582500457764e-02,-1.580078527331352234e-02
1.107376098632812500e+00,4.400271892547607422e+00,-4.352365434169769287e-02,3.066012868657708168e-03
1.132494330406188965e+00,4.254323959350585938e+00,-4.800350219011306763e-02,-8.611646480858325958e-03
1.159804940223693848e+00,4.333570957183837891e+00,-5.386076495051383972e-02,-1.190699753351509571e-03
1.012131690979003906e+00,4.019370555877685547e+00,-5.013146623969078064e-02,-1.363113801926374435e-02
1.158642649650573730e+00,4.341983795166015625e+00,-5.781197547912597656e-02,3.703063819557428360e-03
1.113096594810485840e+00,4.328470230102539062e+00,-6.492614001035690308e-02,-6.213804706931114197e-03
1.009586453437805176e+00,4.136780261993408203e+00,-3.957019746303558350e-02,-1.250266004353761673e-02
1.046671509742736816e+00,4.134802341461181641e+00,-3.501285240054130554e-02,4.109813366085290909e-03
1.083835244178771973e+00,4.272480964660644531e+00,-5.497661605477333069e-02,-1.325124967843294144e-02
1.020892620086669922e+00,4.081030368804931641e+00,-3.856773674488067627e-02,1.158143114298582077e-02
9.283584952354431152e-01,3.905902147293090820e+00,-4.230089858174324036e-02,9.754225611686706543e-03
1.175195336341857910e+00,4.362583160400390625e+00,-5.074222385883331299e-02,-4.340788291301578283e-04
9.321324229240417480e-01,3.879383802413940430e+00,-6.476972997188568115e-02,3.815934527665376663e-03
9.597838521003723145e-01,4.017594814300537109e+00,-4.178696870803833008e-02,-8.346911519765853882e-03
9.746237993240356445e-01,4.086795806884765625e+00,-4.619624093174934387e-02,4.180280026048421860e-03
1.070266366004943848e+00,4.211374282836914062e+00,-3.923589363694190979e-02,-7.635221350938081741e-03
8.979045748710632324e-01,3.872928142547607422e+00,-4.670340940356254578e-02,1.222344231791794300e-03
1.000724792480468750e+00,3.937749385833740234e+00,-4.569112136960029602e-02,5.324416328221559525e-03
9.863576292991638184e-01,3.933107614517211914e+00,-5.865161120891571045e-02,-1.014414429664611816e-02
1.135743379592895508e+00,4.252278327941894531e+00,-5.118904262781143188e-02,-2.890033181756734848e-03
1.091182231903076172e+00,4.184648990631103516e+00,-6.135974451899528503e-02,1.026225090026855469e-02
1.059763669967651367e+00,4.057641983032226562e+00,-5.473683401942253113e-02,-8.200422860682010651e-03
1.055531740188598633e+00,4.074611186981201172e+00,-5.433195829391479492e-02,-8.229701779782772064e-03
1.042478680610656738e+00,4.124460220336914062e+00,-6.796919554471969604e-02,-9.685924276709556580e-03
9.139147400856018066e-01,3.778738975524902344e+00,-3.755696862936019897e-02,1.177252968773245811e-03
1.084587574005126953e+00,4.279161930084228516e+00,-3.796555846929550171e-02,-3.607518738135695457e-03
9.382906556129455566e-01,3.958880662918090820e+00,-6.060929596424102783e-02,1.167338527739048004e-02
1.056654214859008789e+00,4.195003032684326172e+00,-7.028844952583312988e-02,4.568076692521572113e-03
9.707414507865905762e-01,4.003730773925781250e+00,-4.883377254009246826e-02,-1.712985150516033173e-02
1.061499714851379395e+00,4.298948287963867188e+00,-5.289034917950630188e-02,-3.570246510207653046e-03
9.406308531761169434e-01,4.018798828125000000e+00,-4.790930077433586121e-02,-2.345312852412462234e-03
1.116333842277526855e+00,4.327283859252929688e+00,-4.971997067332267761e-02,-1.227185502648353577e-02
1.008727788925170898e+00,3.972788333892822266e+00,-6.342665851116180420e-02,8.854079060256481171e-03
1.065550446510314941e+00,4.228746891021728516e+00,-3.757117316126823425e-02,9.907015599310398102e-03
9.609050154685974121e-01,4.059407234191894531e+00,-6.192031875252723694e-02,-8.855424821376800537e-03
1.157412409782409668e+00,4.325873374938964844e+00,-5.048675835132598877e-02,1.411539735272526741e-03
9.996570348739624023e-01,4.114242076873779297e+00,-5.822362750768661499e-02,-1.192002836614847183e-02
1.111290335655212402e+00,4.193061828613281250e+00,-5.526440218091011047e-02,-7.056777365505695343e-03
1.142095804214477539e+00,4.329235553741455078e+00,-4.799848794937133789e-02,9.005285799503326416e-03
1.105472326278686523e+00,4.208061695098876953e+00,-5.605706945061683655e-02,-1.286471914499998093e-02
1.016268730163574219e+00,4.161070346832275391e+00,-6.912094354629516602e-02,-1.478661550208926201e-03
1.092905998229980469e+00,4.137041568756103516e+00,-5.753567069768905640e-02,-5.247826222330331802e-03
1.092292904853820801e+00,4.191157341003417969e+00,-6.541638821363449097e-02,-4.763412289321422577e-03
9.714829921722412109e-01,4.014475822448730469e+00,-3.703651949763298035e-02,1.534936251118779182e-03
9.112042784690856934e-01,3.797865390777587891e+00,-5.987259745597839355e-02,-1.184989511966705322e-02
9.083891510963439941e-01,3.716831445693969727e+00,-5.303607508540153503e-02,8.198561146855354309e-03
1.000203609466552734e+00,4.161014080047607422e+00,-4.847310483455657959e-02,6.992955692112445831e-03
9.486168622970581055e-01,3.866171121597290039e+00,-6.253843754529953003e-02,-6.406963337212800980e-03
9.851720929145812988e-01,4.060921192169189453e+00,-5.978824198246002197e-02,-1.575120911002159119e-02
1.100303769111633301e+00,4.199230194091796875e+00,-4.818442836403846741e-02,-9.530514478683471680e-03
1.077585458755493164e+00,4.275097370147705078e+00,-3.611928224563598633e-02,5.324147641658782959e-03
1.087221860885620117e+00,4.293624877929687500e+00,-5.772384628653526306e-02,9.993525221943855286e-03
1.102426886558532715e+00,4.286283493041992188e+00,-6.858305633068084717e-02,3.195555647835135460e-03
9.849187135696411133e-01,4.061498641967773438e+00,-4.607606679201126099e-02,-1.608017273247241974e-02
9.301485419273376465e-01,3.827912330627441406e+00,-4.656867310404777527e-02,1.506266463547945023e-02
9.690865278244018555e-01,4.066816806793212891e+00,-4.086304828524589539e-02,-2.870310563594102859e-03
1.131688475608825684e+00,4.315429687500000000e+00,-6.425978988409042358e-02,3.161744680255651474e-04
1.020787477493286133e+00,4.182990074157714844e+00,-4.914565011858940125e-02,3.466117894276976585e-03
1.008674979209899902e+00,4.073060512542724609e+00,-6.459147483110427856e-02,-3.685492556542158127e-03
1.031162500381469727e+00,4.226766586303710938e+00,-5.065331235527992249e-02,3.481762018054723740e-03
1.092782497406005859e+00,4.184607505798339844e+00,-4.674399271607398987e-02,-1.112955389544367790e-03
1.016744375228881836e+00,4.086208343505859375e+00,-4.883988201618194580e-02,-1.424898207187652588e-02
1.070984840393066406e+00,4.243691444396972656e+00,-6.469226628541946411e-02,1.714809564873576164e-03
9.110160470008850098e-01,3.797114372253417969e+00,-5.403983592987060547e-02,-9.022482670843601227e-03
1.090912103652954102e+00,4.185641765594482422e+00,-4.578405991196632385e-02,-3.080289578065276146e-03
1.062360882759094238e+00,4.246930599212646484e+00,-5.746603384613990784e-02,8.383747190237045288e-03
9.908502697944641113e-01,4.029572010040283203e+00,-3.855508193373680115e-02,1.308761886321008205e-03
9.346177577972412109e-01,3.930515527725219727e+00,-4.771178588271141052e-02,5.551163107156753540e-03
9.340205192565917969e-01,3.894582271575927734e+00,-5.874278023838996887e-02,8.943358436226844788e-03
1.013343811035156250e+00,4.106700897216796875e+00,-4.870583117008209229e-02,-1.161735970526933670e-02
1.032384753227233887e+00,4.214540004730224609e+00,-4.782688245177268982e-02,-6.884210277348756790e-03
9.467803835868835449e-01,3.960218191146850586e+00,-5.029201135039329529e-02,8.858787827193737030e-03
1.017739057540893555e+00,4.059911727905273438e+00,-5.352086201310157776e-02,1.099869143217802048e-02
9.372904896736145020e-01,3.952489376068115234e+00,-4.593930765986442566e-02,1.018985407426953316e-03
9.879320859909057617e-01,4.057199001312255859e+00,-6.149033457040786743e-02,-1.023780927062034607e-02
9.456126689910888672e-01,3.923836946487426758e+00,-5.432724207639694214e-02,-1.358544081449508667e-02
9.062292575836181641e-01,3.871853351593017578e+00,-5.635897070169448853e-02,9.207798866555094719e-04
1.129059195518493652e+00,4.402591228485107422e+00,-5.128871649503707886e-02,1.207504756166599691e-04
9.896412491798400879e-01,4.126094818115234375e+00,-4.695515707135200500e-02,-5.104419309645891190e-03
9.649611115455627441e-01,3.969549179077148438e+00,-4.158951342105865479e-02,6.543365772813558578e-03
8.910121321678161621e-01,3.772325992584228516e+00,-4.869567975401878357e-02,-5.138129927217960358e-03
1.033878684043884277e+00,4.141521453857421875e+00,-4.399786889553070068e-02,-1.236448995769023895e-02
1.067451715469360352e+00,4.274554729461669922e+00,-5.725458636879920959e-02,-8.890311233699321747e-03
1.071061253547668457e+00,4.127077102661132812e+00,-5.382337048649787903e-02,-3.113661194220185280e-03
1.060591459274291992e+00,4.255853176116943359e+00,-4.640450328588485718e-02,-1.389106037095189095e-03
1.030871152877807617e+00,4.104625225067138672e+00,-6.252224743366241455e-02,4.380655009299516678e-03
1.066975235939025879e+00,4.285984516143798828e+00,-5.448398366570472717e-02,-6.771543994545936584e-03
8.967611193656921387e-01,3.827939987182617188e+00,-4.563133418560028076e-02,-1.773684285581111908e-03
1.017276406288146973e+00,4.186709403991699219e+00,-5.830646678805351257e-02,-6.024235859513282776e-03
9.581134319305419922e-01,3.876768112182617188e+00,-5.161678791046142578e-02,5.915946327149868011e-03
1.094837784767150879e+00,4.268757820129394531e+00,-6.201567500829696655e-02,5.097609246149659157e-04
9.992913007736206055e-01,4.137343406677246094e+00,-5.261843279004096985e-02,-3.188406117260456085e-03
9.731678962707519531e-01,4.079622268676757812e+00,-5.652832612395286560e-02,-3.744438057765364647e-03
1.057180285453796387e+00,4.112998485565185547e+00,-6.061458215117454529e-02,-3.266513114795088768e-03
9.800363779067993164e-01,4.040237426757812500e+00,-4.067913070321083069e-02,3.688988741487264633e-03
1.048341870307922363e+00,4.192205429077148438e+00,-6.146968528628349304e-02,8.554138243198394775e-03
1.130292057991027832e+00,4.372740745544433594e+00,-5.660691484808921814e-02,1.894177985377609730e-04
9.425995945930480957e-01,3.966708898544311523e+00,-4.594252631068229675e-02,6.860829889774322510e-03
1.035515666007995605e+00,4.144416809082031250e+00,-5.605280026793479919e-02,-1.445719506591558456e-02
9.362679123878479004e-01,3.852473258972167969e+00,-4.308577626943588257e-02,-2.136817434802651405e-03
1.098672032356262207e+00,4.211613178253173828e+00,-4.353631287813186646e-02,-4.706144798547029495e-03
9.475774765014648438e-01,3.974611520767211914e+00,-6.189633160829544067e-02,-5.406363867223262787e-03
9.287471175193786621e-01,3.814643621444702148e+00,-5.307780578732490540e-02,-9.245777502655982971e-03
1.049367308616638184e+00,4.178864479064941406e+00,-6.267701834440231323e-02,-6.410482339560985565e-03
1.049432754516601562e+00,4.067658901214599609e+00,-5.659617483615875244e-02,-4.691306967288255692e-03
9.363625645637512207e-01,3.915630102157592773e+00,-4.241688549518585205e-02,5.066023673862218857e-03
9.762933254241943359e-01,4.087522983551025391e+00,-5.576559156179428101e-02,-7.893079891800880432e-03
9.111444354057312012e-01,3.838981628417968750e+00,-4.338015988469123840e-02,-3.802150720730423927e-03
1.067396163940429688e+00,4.176883220672607422e+00,-4.253429919481277466e-02,2.977036638185381889e-03
1.113304495811462402e+00,4.247756958007812500e+00,-5.058977380394935608e-02,-5.515838041901588440e-03
1.006758093833923340e+00,4.003450870513916016e+00,-4.636349529027938843e-02,-9.876182302832603455e-03
9.633411169052124023e-01,3.877512454986572266e+00,-4.997137188911437988e-02,-4.722448356915265322e-04
9.141082763671875000e-01,3.868813514709472656e+00,-4.933052510023117065e-02,3.433843841776251793e-03
1.013758540153503418e+00,4.149583816528320312e+00,-4.857885092496871948e-02,6.581204943358898163e-03
1.113709330558776855e+00,4.247501850128173828e+00,-5.913724377751350403e-02,1.895355875603854656e-03
1.078517675399780273e+00,4.203696250915527344e+00,-4.670048877596855164e-02,8.299808017909526825e-03
1.003552913665771484e+00,4.105933666229248047e+00,-6.122156977653503418e-02,-1.027409080415964127e-02
1.069486141204833984e+00,4.166667461395263672e+00,-6.442128121852874756e-02,7.412670529447495937e-04
1.049651622772216797e+00,4.112114429473876953e+00,-4.713518545031547546e-02,-8.856701664626598358e-03
1.109307646751403809e+00,4.231268405914306641e+00,-4.859063401818275452e-02,1.293432549573481083e-03
8.925706148147583008e-01,3.812854766845703125e+00,-5.320725217461585999e-02,-3.900901414453983307e-03
1.091631174087524414e+00,4.234810829162597656e+00,-5.476229265332221985e-02,-1.217502541840076447e-02
1.097246646881103516e+00,4.333801746368408203e+00,-4.757298529148101807e-02,-4.458967596292495728e-03
1.093045115470886230e+00,4.236707210540771484e+00,-6.364138424396514893e-02,-4.282462410628795624e-03
1.116062760353088379e+00,4.313851356506347656e+00,-4.888430237770080566e-02,-8.379643782973289490e-03
1.121179342269897461e+00,4.303882122039794922e+00,-5.265805125236511230e-02,6.163907703012228012e-03
9.603772759437561035e-01,3.978409290313720703e+00,-6.120105087757110596e-02,6.628951989114284515e-03
9.471646547317504883e-01,3.910631179809570312e+00,-5.122056230902671814e-02,1.008904911577701569e-02
1.020201683044433594e+00,4.000837802886962891e+00,-4.973148927092552185e-02,-2.334241522476077080e-03
9.922404885292053223e-01,3.979527473449707031e+00,-4.195047169923782349e-02,-7.811363320797681808e-04
1.130678415298461914e+00,4.290729999542236328e+00,-5.818416550755500793e-02,2.109340857714414597e-03
9.917603135108947754e-01,3.977674961090087891e+00,-5.888639017939567566e-02,8.383433334529399872e-03
1.073251605033874512e+00,4.130897045135498047e+00,-4.649597778916358948e-02,-5.525027867406606674e-03
8.868736624717712402e-01,3.746648550033569336e+00,-5.647455528378486633e-02,-8.674638229422271252e-04
1.039280652999877930e+00,4.117046833038330078e+00,-5.534607544541358948e-02,-1.300920359790325165e-02
1.016591072082519531e+00,4.072139739990234375e+00,-4.963126778602600098e-02,1.332583930343389511e-02
1.070457816123962402e+00,4.269022941589355469e+00,-5.979561805725097656e-02,-8.192284032702445984e-03
1.040569663047790527e+00,4.150674343109130859e+00,-6.062043458223342896e-02,-1.118438038975000381e-02
9.189897775650024414e-01,3.873065710067749023e+00,-4.555889964103698730e-02,-7.210784126073122025e-03
9.847097992897033691e-01,4.027598381042480469e+00,-5.406397953629493713e-02,-1.423473563045263290e-02
9.776797294616699219e-01,4.016957283020019531e+00,-6.465545296669006348e-02,-4.594233352690935135e-03
1.059825420379638672e+00,4.186153888702392578e+00,-6.340440362691879272e-02,6.018743850290775299e-03
9.931730628013610840e-01,4.059583187103271484e+00,-5.358388647437095642e-02,-1.284711156040430069e-02
1.131039023399353027e+00,4.309768676757812500e+00,-5.696978047490119934e-02,5.512565374374389648e-03
9.924781918525695801e-01,4.118322372436523438e+00,-5.380676314234733582e-02,-4.854748956859111786e-03
1.062854528427124023e+00,4.184347152709960938e+00,-6.398952752351760864e-02,-5.135126411914825439e-03
9.033235311508178711e-01,3.853398799896240234e+00,-4.939070343971252441e-02,-1.791008166037499905e-03
9.239516258239746094e-01,3.937432050704956055e+00,-4.709253087639808655e-02,4.446236882358789444e-03
1.010570168495178223e+00,4.046095848083496094e+00,-6.173416599631309509e-02,6.707140710204839706e-03
9.965454339981079102e-01,3.974839448928833008e+00,-5.235242843627929688e-02,1.006478536874055862e-02
9.947530031204223633e-01,4.073646068572998047e+00,-5.771556496620178223e-02,1.269823405891656876e-02
1.008054494857788086e+00,3.984770774841308594e+00,-5.691499263048171997e-02,-7.035256363451480865e-03
9.712791442871093750e-01,3.928868055343627930e+00,-4.467848688364028931e-02,6.438906304538249969e-03
9.543316364288330078e-01,4.039686203002929688e+00,-4.838852956891059875e-02,-1.186934649012982845e-03
1.130206823348999023e+00,4.349020957946777344e+00,-5.819576606154441833e-02,5.463701207190752029e-03
1.048787236213684082e+00,4.065291404724121094e+00,-5.638600513339042664e-02,1.010245061479508877e-03
1.161672353744506836e+00,4.410211563110351562e+00,-4.946523904800415039e-02,4.397958051413297653e-03
9.180811047554016113e-01,3.847516059875488281e+00,-5.943410098552703857e-02,3.959914669394493103e-03
1.004370331764221191e+00,4.081492900848388672e+00,-4.105805978178977966e-02,-5.944458767771720886e-03
1.068794131278991699e+00,4.140354156494140625e+00,-4.907326400279998779e-02,-9.278513491153717041e-03
9.826798439025878906e-01,4.021389007568359375e+00,-4.509188979864120483e-02,1.089571043848991394e-02
1.003353595733642578e+00,4.004785537719726562e+00,-5.119207128882408142e-02,-1.148651633411645889e-02
1.001426577568054199e+00,4.002777576446533203e+00,-6.067522242665290833e-02,-7.738705258816480637e-03
9.309900403022766113e-01,3.808667421340942383e+00,-4.673532769083976746e-02,2.346007619053125381e-03
9.635063409805297852e-01,3.914524316787719727e+00,-4.217107221484184265e-02,-6.780667696148157120e-03
1.000302195549011230e+00,4.106246948242187500e+00,-4.422903433442115784e-02,-7.446371484547853470e-03
1.014393687248229980e+00,4.150480270385742188e+00,-4.336213320493698120e-02,-5.911172367632389069e-03
1.040042877197265625e+00,4.048308372497558594e+00,-4.827056080102920532e-02,-4.938442725688219070e-03
9.578623175621032715e-01,3.886384487152099609e+00,-4.393942281603813171e-02,6.599765270948410034e-03
9.773810505867004395e-01,4.104083538055419922e+00,-5.104497447609901428e-02,-5.443186964839696884e-04
1.111488103866577148e+00,4.342625617980957031e+00,-4.767895117402076721e-02,-1.821465324610471725e-03
9.196503162384033203e-01,3.804574251174926758e+00,-5.318366363644599915e-02,4.812879022210836411e-03
9.638845324516296387e-01,3.908499240875244141e+00,-4.347960278391838074e-02,-4.672569222748279572e-03
1.052854299545288086e+00,4.177196025848388672e+00,-4.977820441126823425e-02,1.205081120133399963e-02
9.498102664947509766e-01,3.964924335479736328e+00,-4.133182391524314880e-02,1.308313570916652679e-03
1.089619517326354980e+00,4.161749362945556641e+00,-5.094077065587043762e-02,-4.981455393135547638e-03
1.131723999977111816e+00,4.346681594848632812e+00,-5.056897550821304321e-02,-6.084063090384006500e-03
1.087775707244873047e+00,4.278414249420166016e+00,-4.984107613563537598e-02,-9.720320813357830048e-03
9.458888173103332520e-01,3.826936483383178711e+00,-5.106279999017715454e-02,-1.732021570205688477e-03
1.128909587860107422e+00,4.341135978698730469e+00,-5.356756225228309631e-02,2.737810602411627769e-03
1.019656538963317871e+00,4.034753799438476562e+00,-6.234651803970336914e-02,9.198385523632168770e-04
1.105744957923889160e+00,4.208925724029541016e+00,-4.834605008363723755e-02,-5.129725206643342972e-03
1.005932450294494629e+00,4.004000186920166016e+00,-4.300405830144882202e-02,3.317837137728929520e-03
1.087504863739013672e+00,4.280053615570068359e+00,-6.125543639063835144e-02,-4.578297026455402374e-03
1.024298429489135742e+00,4.100849151611328125e+00,-6.533027440309524536e-02,-3.451751545071601868e-03
9.644380211830139160e-01,3.900915861129760742e+00,-4.233981296420097351e-02,1.591995358467102051e-03
1.045109748840332031e+00,4.209978580474853516e+00,-5.915243551135063171e-02,-8.388142101466655731e-03
1.046471476554870605e+00,4.180829048156738281e+00,-6.442343443632125854e-02,3.740448504686355591e-03
9.500251412391662598e-01,3.877545595169067383e+00,-6.065058335661888123e-02,-7.320495788007974625e-03
1.131943702697753906e+00,4.313868522644042969e+00,-5.907109007239341736e-02,1.665325369685888290e-03
1.028700709342956543e+00,4.045531749725341797e+00,-5.836371704936027527e-02,2.665330655872821808e-03
9.305792450904846191e-01,3.848439693450927734e+00,-4.346784949302673340e-02,7.694854866713285446e-03
1.041303873062133789e+00,4.124448299407958984e+00,-6.252034753561019897e-02,-6.227277219295501709e-03
1.047657132148742676e+00,4.078282356262207031e+00,-4.665972292423248291e-02,-6.339737214148044586e-03
9.244043827056884766e-01,3.944478988647460938e+00,-5.311137810349464417e-02,1.895759254693984985e-03
1.106403827667236328e+00,4.249547004699707031e+00,-6.147911772131919861e-02,-3.041897667571902275e-03
9.522523880004882812e-01,3.851504802703857422e+00,-5.110418424010276794e-02,4.467573948204517365e-03
1.095326662063598633e+00,4.247216224670410156e+00,-6.334081292152404785e-02,6.801296840421855450e-04
1.092263340950012207e+00,4.210243225097656250e+00,-5.641476809978485107e-02,-9.494032710790634155e-03
1.009297966957092285e+00,4.165756225585937500e+00,-4.539621993899345398e-02,-6.546863354742527008e-03
9.166451096534729004e-01,3.846892118453979492e+00,-5.304757505655288696e-02,-1.052993163466453552e-02
9.189924597740173340e-01,3.901520729064941406e+00,-4.711462929844856262e-02,-7.957600988447666168e-03
1.091039299964904785e+00,4.269979476928710938e+00,-4.341852292418479919e-02,-5.176413804292678833e-03
1.054695844650268555e+00,4.164108276367187500e+00,-5.803539603948593140e-02,1.128745451569557190e-02
9.367264509201049805e-01,3.942204713821411133e+00,-4.275165498256683350e-02,4.182163160294294357e-03
1.029433846473693848e+00,4.217226028442382812e+00,-5.709454044699668884e-02,4.305301234126091003e-03
1.037830710411071777e+00,4.109150886535644531e+00,-4.200014844536781311e-02,-3.970113117247819901e-03
1.149224400520324707e+00,4.382937431335449219e+00,-5.523825064301490784e-02,-6.254130974411964417e-03
9.555699825286865234e-01,3.986701250076293945e+00,-4.861372709274291992e-02,9.914100170135498047e-03
1.070757508277893066e+00,4.190020561218261719e+00,-6.340914219617843628e-02,1.250358182005584240e-03
9.769902229309082031e-01,3.984560012817382812e+00,-6.529332697391510010e-02,1.622556555957999080e-05
9.669650793075561523e-01,3.919851779937744141e+00,-4.812375083565711975e-02,9.366989135742187500e-03
1.073043346405029297e+00,4.135056018829345703e+00,-5.062048137187957764e-02,9.518416482023894787e-04
9.783071875572204590e-01,3.894378662109375000e+00,-5.319391191005706787e-02,1.964069437235593796e-03
9.481803774833679199e-01,3.953452110290527344e+00,-4.395788535475730896e-02,-8.194726891815662384e-03
1.014609456062316895e+00,4.162996768951416016e+00,-5.958157405257225037e-02,2.254657912999391556e-03
9.278120398521423340e-01,3.874946117401123047e+00,-4.567180946469306946e-02,-6.623818539083003998e-03
1.011285066604614258e+00,4.065474510192871094e+00,-6.322850286960601807e-02,6.996855605393648148e-03
9.089864492416381836e-01,3.853504657745361328e+00,-5.963279306888580322e-02,-3.348541911691427231e-03
1.092313408851623535e+00,4.299739360809326172e+00,-4.713933914899826050e-02,-4.990129265934228897e-03
1.034104108810424805e+00,4.096908092498779297e+00,-4.939006641507148743e-02,-1.233450043946504593e-02
1.042963624000549316e+00,4.096914768218994141e+00,-6.259013712406158447e-02,-7.073455490171909332e-03
9.741778373718261719e-01,4.080049037933349609e+00,-5.021689832210540771e-02,-2.409118926152586937e-03
9.259070158004760742e-01,3.819549798965454102e+00,-6.108867377042770386e-02,-5.591667257249355316e-03
1.034475684165954590e+00,4.117202281951904297e+00,-4.105846583843231201e-02,-2.331283176317811012e-03
1.028493762016296387e+00,4.039522647857666016e+00,-6.382583826780319214e-02,5.908440216444432735e-04
1.001992821693420410e+00,4.082697391510009766e+00,-6.019413471221923828e-02,-8.647496812045574188e-03
9.079808592796325684e-01,3.850125074386596680e+00,-5.058568343520164490e-02,7.295589428395032883e-03
1.020399451255798340e+00,3.992052316665649414e+00,-5.736240372061729431e-02,1.131085911765694618e-03
9.157484173774719238e-01,3.830539703369140625e+00,-5.662975087761878967e-02,9.603095240890979767e-03
1.022722125053405762e+00,4.099030017852783203e+00,-6.345789134502410889e-02,-9.422932751476764679e-03
1.044795393943786621e+00,4.163867950439453125e+00,-6.508240848779678345e-02,-4.976277705281972885e-03
1.113022804260253906e+00,4.317537307739257812e+00,-5.636043101549148560e-02,-9.302056394517421722e-03
1.000680804252624512e+00,4.124609470367431641e+00,-5.764410644769668579e-02,9.764449670910835266e-03
9.694775938987731934e-01,4.062453746795654297e+00,-4.612006247043609619e-02,3.297083545476198196e-03
1.128017187118530273e+00,4.277284145355224609e+00,-4.982886835932731628e-02,1.914584892801940441e-03
1.086677670478820801e+00,4.335119247436523438e+00,-4.786778241395950317e-02,-1.606159494258463383e-03
1.037357449531555176e+00,4.143975257873535156e+00,-6.557659059762954712e-02,4.140160512179136276e-03
1.041316151618957520e+00,4.170345306396484375e+00,-4.106597974896430969e-02,3.389243269339203835e-03
9.959675669670104980e-01,4.001370906829833984e+00,-5.304438993334770203e-02,1.038576383143663406e-02
1.049340367317199707e+00,4.194619655609130859e+00,-6.477604061365127563e-02,-3.496016375720500946e-03
1.039431452751159668e+00,4.114407062530517578e+00,-4.857798293232917786e-02,-1.059960573911666870e-02
9.688200950622558594e-01,4.022285938262939453e+00,-4.198494553565979004e-02,-6.816870532929897308e-03
9.848811030387878418e-01,4.017908096313476562e+00,-3.893855959177017212e-02,-6.883986759930849075e-03
1.123019218444824219e+00,4.328178882598876953e+00,-5.048150941729545593e-02,-5.361781455576419830e-03
1.021066069602966309e+00,4.146749973297119141e+00,-6.361548602581024170e-02,-9.181002154946327209e-03
9.279506206512451172e-01,3.869803428649902344e+00,-5.114094913005828857e-02,9.567264467477798462e-03
1.063302993774414062e+00,4.102478504180908203e+00,-4.973500967025756836e-02,-1.713039004243910313e-03
1.132140398025512695e+00,4.272322177886962891e+00,-5.015105754137039185e-02,-1.546388491988182068e-03
9.779833555221557617e-01,3.908788204193115234e+00,-5.571282655000686646e-02,3.361854935064911842e-03
9.419431090354919434e-01,3.880489349365234375e+00,-4.309850186109542847e-02,-2.538322936743497849e-03
1.135643720626831055e+00,4.366392612457275391e+00,-4.861379414796829224e-02,6.562957540154457092e-03
1.082686185836791992e+00,4.262929916381835938e+00,-6.313175708055496216e-02,-5.291016423143446445e-04
9.002724289894104004e-01,3.806957006454467773e+00,-5.019516870379447937e-02,-8.381258696317672729e-03
9.595561027526855469e-01,3.902483463287353516e+00,-4.651319235563278198e-02,8.879145607352256775e-03
1.019861936569213867e+00,4.172600746154785156e+00,-4.798153042793273926e-02,-1.002917718142271042e-02
9.733230471611022949e-01,4.029008865356445312e+00,-4.485103487968444824e-02,6.435768213123083115e-03
1.151383876800537109e+00,4.380990982055664062e+00,-5.047034844756126404e-02,-2.500648610293865204e-03
1.031951189041137695e+00,4.123809337615966797e+00,-4.722785204648971558e-02,-1.387717854231595993e-02
1.005415320396423340e+00,3.994871139526367188e+00,-4.939327389001846313e-02,-1.096395216882228851e-02
1.068796038627624512e+00,4.256206512451171875e+00,-4.481294006109237671e-02,3.210975322872400284e-03
1.012478709220886230e+00,4.050408840179443359e+00,-6.627789139747619629e-02,2.693973015993833542e-03
9.135402441024780273e-01,3.757695198059082031e+00,-4.820479452610015869e-02,1.594550209119915962e-03
9.830982089042663574e-01,4.073505878448486328e+00,-4.149710386991500854e-02,1.168153947219252586e-03
9.901962876319885254e-01,3.973642349243164062e+00,-5.592944473028182983e-02,-9.420892223715782166e-03
1.100349783897399902e+00,4.323405742645263672e+00,-5.588906630873680115e-02,3.701898269355297089e-03
1.107891917228698730e+00,4.285231590270996094e+00,-4.174745827913284302e-02,-3.820461919531226158e-03
1.002230644226074219e+00,4.129942417144775391e+00,-5.717224255204200745e-02,9.088603779673576355e-03
9.481337666511535645e-01,3.844299316406250000e+00,-4.789002984762191772e-02,1.317547052167356014e-03
1.074722409248352051e+00,4.140177249908447266e+00,-4.495954886078834534e-02,2.025208203122019768e-03
1.083590388298034668e+00,4.266841888427734375e+00,-6.245390325784683228e-02,-7.226588670164346695e-03
1.007300972938537598e+00,3.992198705673217773e+00,-6.223797425627708435e-02,4.996629431843757629e-03
1.155975341796875000e+00,4.381654739379882812e+00,-5.549165233969688416e-02,2.832389436662197113e-03
1.049205541610717773e+00,4.217724800109863281e+00,-5.125262215733528137e-02,8.261201903223991394e-03
1.030490398406982422e+00,4.054228782653808594e+00,-4.520116373896598816e-02,7.167002651840448380e-03
1.145184755325317383e+00,4.356691360473632812e+00,-5.729192495346069336e-02,-1.121695735491812229e-03
1.010533094406127930e+00,3.995141506195068359e+00,-5.772875994443893433e-02,5.867439787834882736e-03
9.942212104797363281e-01,3.993280649185180664e+00,-4.555801302194595337e-02,7.994323037564754486e-03
9.808024764060974121e-01,3.948616266250610352e+00,-4.078245162963867188e-02,3.394801402464509010e-03
1.095017433166503906e+00,4.291489601135253906e+00,-5.799029394984245300e-02,-5.980659741908311844e-03
1.045487284660339355e+00,4.191299915313720703e+00,-6.581396609544754028e-02,-2.270390745252370834e-03
9.690944552421569824e-01,4.041911125183105469e+00,-5.273682251572608948e-02,-8.583128452301025391e-03
1.026854515075683594e+00,4.207630157470703125e+00,-5.572461709380149841e-02,-3.480820450931787491e-03
1.066919565200805664e+00,4.293343067169189453e+00,-4.572884738445281982e-02,-4.198030219413340092e-04
1.013635039329528809e+00,4.141381740570068359e+00,-4.327233880758285522e-02,-8.302430622279644012e-03
9.778432250022888184e-01,3.946955919265747070e+00,-6.361928582191467285e-02,9.167459211312234402e-04
9.265601038932800293e-01,3.832841396331787109e+00,-6.221975758671760559e-02,2.932391827926039696e-03
1.118084311485290527e+00,4.320096969604492188e+00,-5.427062883973121643e-02,-9.965876117348670959e-03
9.515377283096313477e-01,3.930201530456542969e+00,-6.317721307277679443e-02,-1.134444828494451940e-04
9.818906188011169434e-01,3.944936275482177734e+00,-5.300876125693321228e-02,-1.225274428725242615e-02
9.296699762344360352e-01,3.922849893569946289e+00,-5.296536907553672791e-02,8.512168191373348236e-03
1.025883436203002930e+00,4.194451808929443359e+00,-5.709796026349067688e-02,7.191841956228017807e-03
1.062238097190856934e+00,4.187267780303955078e+00,-4.504630714654922485e-02,9.035779163241386414e-03
9.247978329658508301e-01,3.835109949111938477e+00,-4.165135324001312256e-02,-1.771376002579927444e-03
1.002398014068603516e+00,3.996958494186401367e+00,-5.944898724555969238e-02,1.032396219670772552e-02
1.138191580772399902e+00,4.408054351806640625e+00,-5.075072497129440308e-02,1.119611435569822788e-03
1.001410722732543945e+00,4.137347698211669922e+00,-6.264879554510116577e-02,-4.120078869163990021e-03
9.121059775352478027e-01,3.850364208221435547e+00,-4.610720276832580566e-02,-6.275313440710306168e-03
1.017101764678955078e+00,4.134146213531494141e+00,-4.988431558012962341e-02,-1.350523997098207474e-02
1.073121786117553711e+00,4.282429695129394531e+00,-4.950935766100883484e-02,-8.169999346137046814e-03
9.737923145294189453e-01,3.928760528564453125e+00,-6.209471076726913452e-02,-3.575468435883522034e-03
1.027346134185791016e+00,4.195582389831542969e+00,-4.497682303190231323e-02,-7.285166066139936447e-03
9.429838657379150391e-01,3.905340671539306641e+00,-4.615972563624382019e-02,8.531718514859676361e-03
9.604151248931884766e-01,4.016235351562500000e+00,-5.421259254217147827e-02,-9.997448883950710297e-03
1.018060684204101562e+00,4.133033752441406250e+00,-6.232038885354995728e-02,4.697224125266075134e-03
1.054657220840454102e+00,4.220909118652343750e+00,-4.625724256038665771e-02,7.890389300882816315e-03
9.328163862228393555e-01,3.939825057983398438e+00,-4.911010712385177612e-02,3.654338419437408447e-03
1.068537831306457520e+00,4.144356250762939453e+00,-4.282813519239425659e-02,1.231846516020596027e-03
9.146744012832641602e-01,3.864453315734863281e+00,-5.113954469561576843e-02,7.617062889039516449e-03
9.642526507377624512e-01,3.940908908843994141e+00,-4.199652746319770813e-02,2.597332932054996490e-03
9.790905117988586426e-01,4.048550128936767578e+00,-4.732269793748855591e-02,-1.132154278457164764e-02
9.803122282028198242e-01,4.043620586395263672e+00,-4.354944825172424316e-02,-7.843063212931156158e-03
1.042971134185791016e+00,4.107442855834960938e+00,-6.189670041203498840e-02,4.409075248986482620e-03
9.859541058540344238e-01,3.906395435333251953e+00,-5.590894818305969238e-02,-9.326802100986242294e-04
1.007651686668395996e+00,3.993833780288696289e+00,-5.608658120036125183e-02,9.739380329847335815e-03
1.019688367843627930e+00,4.169301509857177734e+00,-5.939285457134246826e-02,2.138610463589429855e-03
1.112800240516662598e+00,4.217587471008300781e+00,-5.598374456167221069e-02,-1.297376933507621288e-03
1.074418425559997559e+00,4.300813674926757812e+00,-5.371887981891632080e-02,-2.973226830363273621e-03
9.653389453887939453e-01,3.973786830902099609e+00,-6.388083100318908691e-02,7.656877394765615463e-03
1.086643099784851074e+00,4.222802162170410156e+00,-4.700527712702751160e-02,9.803196415305137634e-03
9.754093885421752930e-01,4.044341087341308594e+00,-5.301101133227348328e-02,1.093235518783330917e-02
1.076588749885559082e+00,4.210670948028564453e+00,-6.385149061679840088e-02,5.470828618854284286e-03
1.040588736534118652e+00,4.075330257415771484e+00,-5.097483098506927490e-02,-1.117552164942026138e-02
9.366297125816345215e-01,3.980149507522583008e+00,-5.621445551514625549e-02,1.766311004757881165e-03
9.674334526062011719e-01,4.023156166076660156e+00,-5.157591030001640320e-02,-9.172862395644187927e-03
1.116217613220214844e+00,4.322871685028076172e+00,-5.982973054051399231e-02,-4.905516281723976135e-03
1.049629330635070801e+00,4.219313144683837891e+00,-6.455019116401672363e-02,-5.405960604548454285e-03
1.025460720062255859e+00,4.134893894195556641e+00,-4.408934339880943298e-02,7.134498097002506256e-03
1.123013138771057129e+00,4.279623508453369141e+00,-5.181872844696044922e-02,-4.353176336735486984e-03
1.145525097846984863e+00,4.412450790405273438e+00,-5.492910370230674744e-02,-4.209235485177487135e-04
1.016521096229553223e+00,4.016156673431396484e+00,-4.704761132597923279e-02,8.085165172815322876e-03
9.861848950386047363e-01,4.086383342742919922e+00,-5.400507152080535889e-02,7.469506934285163879e-03
8.954116702079772949e-01,3.790082931518554688e+00,-4.657711461186408997e-02,2.684784354642033577e-03
9.382881522178649902e-01,3.976451158523559570e+00,-5.676700547337532043e-02,-5.181187763810157776e-03
9.724529385566711426e-01,3.999153852462768555e+00,-5.675728246569633484e-02,-1.353514287620782852e-02
1.149340152740478516e+00,4.381681442260742188e+00,-5.226382240653038025e-02,3.542992984876036644e-03
9.040423631668090820e-01,3.773631095886230469e+00,-4.597507044672966003e-02,3.276419127359986305e-03
1.067381620407104492e+00,4.205356597900390625e+00,-4.642267152667045593e-02,9.484794922173023224e-03
1.104096651077270508e+00,4.330831050872802734e+00,-5.262328311800956726e-02,4.561531823128461838e-03
1.079408168792724609e+00,4.278027534484863281e+00,-5.994500964879989624e-02,-2.824186813086271286e-03
9.375320076942443848e-01,3.869575262069702148e+00,-4.675159603357315063e-02,9.000667370855808258e-03
1.003199696540832520e+00,4.039290428161621094e+00,-3.923091664910316467e-02,-6.111477036029100418e-03
9.701073169708251953e-01,3.978237390518188477e+00,-5.112200975418090820e-02,-1.389404945075511932e-02
1.110009312629699707e+00,4.298273086547851562e+00,-5.306740105152130127e-02,-1.098153553903102875e-02
1.072862505912780762e+00,4.153312206268310547e+00,-5.151975154876708984e-02,-9.380173869431018829e-03
1.007084250450134277e+00,4.019142627716064453e+00,-4.337830096483230591e-02,-7.592245936393737793e-03
1.066202282905578613e+00,4.171395778656005859e+00,-5.231470242142677307e-02,-1.247825566679239273e-02
1.139576911926269531e+00,4.357904911041259766e+00,-5.125321447849273682e-02,-5.301665514707565308e-03
1.018227815628051758e+00,4.157588958740234375e+00,-5.648635327816009521e-02,7.756056729704141617e-03
1.095112442970275879e+00,4.320930957794189453e+00,-5.455601215362548828e-02,-6.525141652673482895e-03
9.332540631294250488e-01,3.893715620040893555e+00,-6.090859323740005493e-02,3.348004305735230446e-03
9.843453168869018555e-01,3.938305854797363281e+00,-4.553631693124771118e-02,5.115783307701349258e-03
1.105333209037780762e+00,4.334666252136230469e+00,-5.099754408001899719e-02,-7.692119572311639786e-03
1.047487974166870117e+00,4.234526634216308594e+00,-4.238802194595336914e-02,-3.767290327232331038e-04
9.821700453758239746e-01,4.095232486724853516e+00,-5.221512913703918457e-02,5.519648082554340363e-03
9.731570482254028320e-01,3.948595762252807617e+00,-6.532938778400421143e-02,-1.261496567167341709e-03
1.084417819976806641e+00,4.195514202117919922e+00,-6.236949190497398376e-02,-1.482717925682663918e-03
1.100762248039245605e+00,4.213733196258544922e+00,-6.058509275317192078e-02,5.828657303936779499e-04
1.120733737945556641e+00,4.332190513610839844e+00,-5.041381716728210449e-02,8.060997352004051208e-03
1.036815762519836426e+00,4.136050701141357422e+00,-5.313184857368469238e-02,1.127287559211254120e-02
9.978583455085754395e-01,3.963112354278564453e+00,-5.789177119731903076e-02,5.654630716890096664e-03
1.143322944641113281e+00,4.374349117279052734e+00,-5.796945095062255859e-02,4.685434512794017792e-03
9.292145371437072754e-01,3.870708227157592773e+00,-4.539733380079269409e-02,-8.693906478583812714e-03
1.014780402183532715e+00,4.032032012939453125e+00,-4.880309104919433594e-02,-9.337415918707847595e-03
9.759582281112670898e-01,4.055974006652832031e+00,-6.080592423677444458e-02,7.801207713782787323e-03
9.635130763053894043e-01,3.962732553482055664e+00,-4.617675766348838806e-02,-1.225079316645860672e-02
9.941509366035461426e-01,4.129039764404296875e+00,-5.196900665760040283e-02,2.549327211454510689e-03
9.988247156143188477e-01,3.972272157669067383e+00,-5.730760470032691956e-02,7.597154937684535980e-03
9.133751988410949707e-01,3.861715078353881836e+00,-5.287802964448928833e-02,-6.849531549960374832e-03
1.038326263427734375e+00,4.194374084472656250e+00,-6.146531552076339722e-02,-9.763440117239952087e-03
9.624493122100830078e-01,3.925231218338012695e+00,-3.878160566091537476e-02,-6.539535825140774250e-04
1.000748276710510254e+00,4.102241992950439453e+00,-4.070100560784339905e-02,-1.732424949295818806e-03
1.015856742858886719e+00,4.160577297210693359e+00,-5.435143783688545227e-02,-1.070197578519582748e-02
9.903191328048706055e-01,3.956031799316406250e+00,-6.290961802005767822e-02,4.048939328640699387e-03
1.114218831062316895e+00,4.276386260986328125e+00,-5.443516001105308533e-02,4.432564601302146912e-03
1.089394688606262207e+00,4.226842880249023438e+00,-5.006403848528862000e-02,9.851585142314434052e-03
1.057392954826354980e+00,4.154086112976074219e+00,-5.851037427783012390e-02,8.303349837660789490e-03
9.207636713981628418e-01,3.870373487472534180e+00,-4.232344776391983032e-02,-2.757264301180839539e-03
1.057873129844665527e+00,4.140954971313476562e+00,-5.728571861982345581e-02,-8.010890334844589233e-03
1.061113953590393066e+00,4.128078937530517578e+00,-5.696469545364379883e-02,6.100246682763099670e-03
9.239833950996398926e-01,3.818938732147216797e+00,-4.739962890744209290e-02,5.275418516248464584e-03
1.098343729972839355e+00,4.295475482940673828e+00,-6.003566086292266846e-02,-4.738936200737953186e-03
9.149308204650878906e-01,3.853169441223144531e+00,-4.311009496450424194e-02,5.770202726125717163e-03
1.053443551063537598e+00,4.210156440734863281e+00,-6.542076915502548218e-02,1.785002066753804684e-03
9.420707225799560547e-01,3.987068414688110352e+00,-4.761564731597900391e-02,3.485930617898702621e-03
1.062224507331848145e+00,4.157422065734863281e+00,-5.270188674330711365e-02,1.176668610423803329e-02
1.054775953292846680e+00,4.091917037963867188e+00,-4.965746402740478516e-02,-2.596750389784574509e-03
1.034721851348876953e+00,4.078443527221679688e+00,-6.363157927989959717e-02,-7.004769053310155869e-03
1.116468787193298340e+00,4.305148601531982422e+00,-5.833036825060844421e-02,-1.055515487678349018e-03
9.532777667045593262e-01,3.922751188278198242e+00,-4.130096361041069031e-02,1.567387720569968224e-03
9.995877742767333984e-01,3.998811483383178711e+00,-6.593858450651168823e-02,-3.078429261222481728e-03
9.264637827873229980e-01,3.798223733901977539e+00,-5.144126713275909424e-02,-4.870136617682874203e-04
9.301835298538208008e-01,3.862671852111816406e+00,-4.752112925052642822e-02,6.818147841840982437e-03
9.785174131393432617e-01,4.001002311706542969e+00,-3.986200317740440369e-02,-4.315163008868694305e-03
1.004922509193420410e+00,3.993598461151123047e+00,-6.398897618055343628e-02,1.375323161482810974e-03
1.139596343040466309e+00,4.365995407104492188e+00,-5.403496325016021729e-02,-3.194659017026424408e-03
1.026613593101501465e+00,4.036721229553222656e+00,-5.294129252433776855e-02,-9.715837426483631134e-03
8.799736499786376953e-01,3.734220027923583984e+00,-5.077389255166053772e-02,2.212299732491374016e-03
1.027883410453796387e+00,4.078515052795410156e+00,-5.822415277361869812e-02,8.130497299134731293e-03
1.022052764892578125e+00,4.014244556427001953e+00,-4.715594649314880371e-02,2.775776898488402367e-03
1.123169064521789551e+00,4.295136451721191406e+00,-5.775633454322814941e-02,-5.753525532782077789e-03
1.036614537239074707e+00,4.130416393280029297e+00,-4.077664017677307129e-02,-9.039612486958503723e-03
9.673211574554443359e-01,3.915677309036254883e+00,-5.362423881888389587e-02,8.246718905866146088e-03
9.820293784141540527e-01,3.954214811325073242e+00,-6.323549151420593262e-02,-7.054535206407308578e-03
1.047104597091674805e+00,4.088416576385498047e+00,-5.621888116002082825e-02,8.255058899521827698e-03
1.032352566719055176e+00,4.103315353393554688e+00,-6.476746499538421631e-02,3.844802500680088997e-03
1.067882657051086426e+00,4.168776512145996094e+00,-5.885399132966995239e-02,6.542603485286235809e-03
1.011551737785339355e+00,4.066625595092773438e+00,-5.931944400072097778e-02,1.190650463104248047e-02
1.006343007087707520e+00,4.077950477600097656e+00,-6.559266149997711182e-02,-2.552554244175553322e-03
8.972314596176147461e-01,3.819320678710937500e+00,-5.515726655721664429e-02,2.046453999355435371e-03
1.108895540237426758e+00,4.366835117340087891e+00,-5.261051282286643982e-02,2.012971322983503342e-03
1.068414449691772461e+00,4.275030136108398438e+00,-6.199885159730911255e-02,1.308354258071631193e-04
9.451717734336853027e-01,3.838748693466186523e+00,-5.295813456177711487e-02,-7.718797307461500168e-03
9.420740008354187012e-01,3.953806638717651367e+00,-6.005090847611427307e-02,-2.215885557234287262e-03
1.053565144538879395e+00,4.155587673187255859e+00,-6.259340792894363403e-02,-6.459977477788925171e-03
1.010535001754760742e+00,4.095772266387939453e+00,-6.210577115416526794e-02,-1.128321420401334763e-02
1.147675752639770508e+00,4.337689876556396484e+00,-5.108842253684997559e-02,4.140250384807586670e-03
1.044878005981445312e+00,4.174354076385498047e+00,-6.349878013134002686e-02,-4.355282988399267197e-03
9.732693433761596680e-01,3.952586174011230469e+00,-6.198028475046157837e-02,3.368578851222991943e-03
1.058586239814758301e+00,4.239323139190673828e+00,-6.144988909363746643e-02,2.187826205044984818e-03
9.741461873054504395e-01,3.927093267440795898e+00,-4.720289632678031921e-02,-9.723415598273277283e-03
1.016071796417236328e+00,4.169788360595703125e+00,-5.376465618610382080e-02,8.799731731414794922e-03
1.150740027427673340e+00,4.390876293182373047e+00,-4.940792173147201538e-02,6.036900449544191360e-03
9.888161420822143555e-01,4.000573158264160156e+00,-6.052232906222343445e-02,-1.188802346587181091e-02
9.712231159210205078e-01,4.031773090362548828e+00,-6.260399520397186279e-02,5.746532231569290161e-03
9.601005911827087402e-01,3.931287765502929688e+00,-6.323055922985076904e-02,-5.620380397886037827e-03
1.103428602218627930e+00,4.266591072082519531e+00,-4.243368282914161682e-02,4.163290839642286301e-03
9.271236062049865723e-01,3.831625699996948242e+00,-6.010793149471282959e-02,-4.041139967739582062e-03
1.095369696617126465e+00,4.347628593444824219e+00,-5.043279379606246948e-02,-5.683523602783679962e-03
1.011781692504882812e+00,4.112411975860595703e+00,-5.848591029644012451e-02,-1.231438107788562775e-02
9.787288904190063477e-01,4.040423870086669922e+00,-4.249780997633934021e-02,8.642115630209445953e-03
1.068572163581848145e+00,4.216098308563232422e+00,-6.152001395821571350e-02,-1.027243211865425110e-02
1.057446122169494629e+00,4.130644321441650391e+00,-5.714613944292068481e-02,-7.673623971641063690e-03
1.036652565002441406e+00,4.172826290130615234e+00,-6.323234736919403076e-02,-3.004088066518306732e-03
9.560163617134094238e-01,3.960826396942138672e+00,-5.243007093667984009e-02,-1.352020259946584702e-02
1.084480285644531250e+00,4.314087867736816406e+00,-5.025410279631614685e-02,5.689776968210935593e-03
9.922245144844055176e-01,4.100553035736083984e+00,-4.532664641737937927e-02,5.160432774573564529e-03
1.058892488479614258e+00,4.235135555267333984e+00,-4.319922253489494324e-02,4.624693188816308975e-03
1.035764217376708984e+00,4.189907073974609375e+00,-4.540086537599563599e-02,-1.054309587925672531e-02
9.749901890754699707e-01,4.017999649047851562e+00,-6.394587457180023193e-02,-4.607479553669691086e-03
1.108751893043518066e+00,4.371694564819335938e+00,-5.598349124193191528e-02,-2.186952158808708191e-03
1.020133256912231445e+00,4.139427185058593750e+00,-6.350116431713104248e-02,-6.220574490725994110e-03
1.101516723632812500e+00,4.223655223846435547e+00,-4.863738641142845154e-02,6.999412085860967636e-03
1.040464043617248535e+00,4.043803691864013672e+00,-5.699111521244049072e-02,-3.277651965618133545e-03
9.541317820549011230e-01,3.856500625610351562e+00,-5.352402850985527039e-02,2.328616334125399590e-03
1.085991978645324707e+00,4.274784088134765625e+00,-4.187615588307380676e-02,-4.901123233139514923e-03
1.031129360198974609e+00,4.059265613555908203e+00,-4.300378635525703430e-02,-6.484725046902894974e-03
1.105552673339843750e+00,4.240417480468750000e+00,-4.487832263112068176e-02,3.328034363221377134e-04
1.112128853797912598e+00,4.308514595031738281e+00,-6.356436759233474731e-02,-1.665302785113453865e-03
9.996328353881835938e-01,4.141530513763427734e+00,-4.879069328308105469e-02,3.682444104924798012e-03
9.330258369445800781e-01,3.842075824737548828e+00,-5.465496331453323364e-02,-8.462755009531974792e-03
9.292584657669067383e-01,3.949279785156250000e+00,-4.772018641233444214e-02,3.523010236676782370e-04
1.008841514587402344e+00,3.992714881896972656e+00,-5.880480632185935974e-02,7.255910895764827728e-03
8.809601664543151855e-01,3.736992120742797852e+00,-5.512937530875205994e-02,2.189843449741601944e-03
1.043108105659484863e+00,4.150981426239013672e+00,-6.581554561853408813e-02,6.362512242048978806e-03
1.049744606018066406e+00,4.089091777801513672e+00,-5.297778174281120300e-02,-7.888729684054851532e-03
1.039428234100341797e+00,4.188450336456298828e+00,-6.262336671352386475e-02,4.659345373511314392e-03
9.720235466957092285e-01,3.957553625106811523e+00,-5.846612900495529175e-02,1.114235259592533112e-02
1.111931681632995605e+00,4.263004302978515625e+00,-5.059057474136352539e-02,3.833774942904710770e-03
9.716043472290039062e-01,3.984732389450073242e+00,-5.148172751069068909e-02,-1.498367916792631149e-02
1.038822174072265625e+00,4.128606319427490234e+00,-5.528819561004638672e-02,-8.834663778543472290e-03
1.015148758888244629e+00,4.140146255493164062e+00,-4.445048794150352478e-02,1.601632335223257542e-03
9.298449158668518066e-01,3.872977972030639648e+00,-5.089286342263221741e-02,3.206268651410937309e-03
9.232162833213806152e-01,3.907319068908691406e+00,-5.531024187803268433e-02,2.174020744860172272e-03
1.127391457557678223e+00,4.320907115936279297e+00,-5.006649717688560486e-02,1.820546458475291729e-03
1.015905976295471191e+00,4.067131519317626953e+00,-4.129401966929435730e-02,1.390204182825982571e-03
1.095801234245300293e+00,4.301891803741455078e+00,-5.007237941026687622e-02,1.111677964217960835e-03
9.859094023704528809e-01,4.053241729736328125e+00,-4.936382919549942017e-02,6.201566196978092194e-03
1.007366657257080078e+00,4.030977249145507812e+00,-4.763775318861007690e-02,-7.104839663952589035e-03
9.489281177520751953e-01,3.897444248199462891e+00,-5.884187668561935425e-02,3.831623587757349014e-03
1.072227835655212402e+00,4.195986270904541016e+00,-5.677428469061851501e-02,4.290104843676090240e-03
9.673084020614624023e-01,3.967043638229370117e+00,-4.439953342080116272e-02,6.627835100516676903e-04
1.077257394790649414e+00,4.232855319976806641e+00,-4.569227993488311768e-02,-2.353291260078549385e-03
1.080513477325439453e+00,4.191320419311523438e+00,-5.372059345245361328e-02,-3.220366081222891808e-03
1.022663712501525879e+00,4.157415866851806641e+00,-5.664948746562004089e-02,-5.092539824545383453e-03
9.530230760574340820e-01,4.001678943634033203e+00,-5.186718329787254333e-02,-1.540756493341177702e-04
9.177936911582946777e-01,3.865695476531982422e+00,-5.678030848503112793e-02,-1.931774429976940155e-03
1.085511565208435059e+00,4.209317207336425781e+00,-4.771605506539344788e-02,5.601955577731132507e-03
1.018027901649475098e+00,4.091906547546386719e+00,-6.038133427500724792e-02,5.769754759967327118e-03
1.009663105010986328e+00,4.033209800720214844e+00,-6.033312901854515076e-02,2.168731763958930969e-03
1.089734673500061035e+00,4.268454074859619141e+00,-5.249713361263275146e-02,7.150324527174234390e-03
9.673505425453186035e-01,3.952399730682373047e+00,-4.724825173616409302e-02,6.686068605631589890e-03
1.060840010643005371e+00,4.219799518585205078e+00,-4.887306317687034607e-02,-6.049161776900291443e-03
1.052590727806091309e+00,4.205808162689208984e+00,-4.862628132104873657e-02,-6.750830914825201035e-03
9.936515688896179199e-01,4.042980670928955078e+00,-4.216045513749122620e-02,1.703245448879897594e-03
1.041391730308532715e+00,4.193665504455566406e+00,-5.799109861254692078e-02,1.637624925933778286e-03
9.953558444976806641e-01,3.963264226913452148e+00,-5.165804550051689148e-02,-5.263404455035924911e-03
1.010854125022888184e+00,4.004416942596435547e+00,-5.808188766241073608e-02,-1.329868973698467016e-04
9.847787618637084961e-01,4.044580936431884766e+00,-5.328682065010070801e-02,-1.108805928379297256e-02
9.644116163253784180e-01,3.991003036499023438e+00,-6.216864660382270813e-02,-3.133159829303622246e-03
9.432809352874755859e-01,3.906615018844604492e+00,-4.752429947257041931e-02,5.994938779622316360e-03
1.095936655998229980e+00,4.279911518096923828e+00,-5.792097374796867371e-02,3.747119262698106468e-05
9.622845649719238281e-01,4.021758079528808594e+00,-5.047705397009849548e-02,-3.237443976104259491e-03
1.024871349334716797e+00,4.131088256835937500e+00,-5.807204544544219971e-02,5.498667713254690170e-03
1.065551757812500000e+00,4.257283210754394531e+00,-5.161287263035774231e-02,-4.455583170056343079e-03
9.687991738319396973e-01,4.042946815490722656e+00,-5.221569910645484924e-02,-3.871720284223556519e-03
9.768139123916625977e-01,4.068543434143066406e+00,-5.095216259360313416e-02,3.433395875617861748e-03
9.485076665878295898e-01,3.977592945098876953e+00,-5.695340037345886230e-02,4.297949839383363724e-03
9.757654666900634766e-01,4.007919788360595703e+00,-5.746877193450927734e-02,-8.305098861455917358e-03
9.055007696151733398e-01,3.812665224075317383e+00,-5.114909261465072632e-02,-3.191610798239707947e-03
1.015837192535400391e+00,4.143133640289306641e+00,-5.480166524648666382e-02,3.997792955487966537e-03
1.018561244010925293e+00,4.159890651702880859e+00,-5.161405354738235474e-02,-7.389161270111799240e-03
9.921420216560363770e-01,4.058327198028564453e+00,-4.212288558483123779e-02,-3.951957332901656628e-04
1.044728755950927734e+00,4.125590801239013672e+00,-4.657021537423133850e-02,4.480932839214801788e-03
9.574406147003173828e-01,4.008146762847900391e+00,-4.591085389256477356e-02,-2.704394515603780746e-03
9.568810462951660156e-01,4.017689228057861328e+00,-4.926178976893424988e-02,-2.530568279325962067e-03
9.660501480102539062e-01,3.893707275390625000e+00,-4.931208118796348572e-02,7.039750926196575165e-04
1.004076004028320312e+00,4.080107688903808594e+00,-5.012192577123641968e-02,1.015147566795349121e-02
1.019042611122131348e+00,4.175805568695068359e+00,-5.461716279387474060e-02,1.925656106323003769e-03
9.325194954872131348e-01,3.889826297760009766e+00,-5.513871088624000549e-02,7.209506351500749588e-03
1.092488884925842285e+00,4.255422115325927734e+00,-5.843243747949600220e-02,3.768419381231069565e-03
1.091177940368652344e+00,4.258801460266113281e+00,-5.395357683300971985e-02,2.834540791809558868e-03
1.023175120353698730e+00,4.083955287933349609e+00,-6.292217224836349487e-02,-8.607630152255296707e-04
9.737863540649414062e-01,3.949374198913574219e+00,-5.621924251317977905e-02,4.500029142946004868e-03
1.094071865081787109e+00,4.295181274414062500e+00,-4.772304370999336243e-02,-1.294911722652614117e-03
1.115087985992431641e+00,4.336284637451171875e+00,-5.086403712630271912e-02,2.081371145322918892e-03
9.539454579353332520e-01,3.983518600463867188e+00,-5.007494986057281494e-02,7.544204127043485641e-03
1.078113198280334473e+00,4.218914985656738281e+00,-4.818905889987945557e-02,3.244548803195357323e-03
1.091472506523132324e+00,4.246111869812011719e+00,-4.574567079544067383e-02,-1.005068072117865086e-03
9.673550128936767578e-01,4.037043094635009766e+00,-5.300448089838027954e-02,2.645339583978056908e-03
9.544840455055236816e-01,3.928667306900024414e+00,-5.020078644156455994e-02,-8.420963771641254425e-03
1.089972734451293945e+00,4.308207988739013672e+00,-5.112573504447937012e-02,-1.587871694937348366e-03
1.098506331443786621e+00,4.220025539398193359e+00,-5.355697125196456909e-02,1.538297976367175579e-03
9.669771790504455566e-01,3.957821369171142578e+00,-4.452161490917205811e-02,-7.635871879756450653e-03
1.048701882362365723e+00,4.176054954528808594e+00,-4.512437060475349426e-02,-1.834116410464048386e-04
1.045321822166442871e+00,4.134033679962158203e+00,-5.663722753524780273e-02,6.136918906122446060e-03
1.098374843597412109e+00,4.271201610565185547e+00,-5.579247325658798218e-02,-4.843675997108221054e-03
9.349844455718994141e-01,3.878827095031738281e+00,-4.612278193235397339e-02,-2.124849706888198853e-03
1.043979763984680176e+00,4.213534355163574219e+00,-4.847399145364761353e-02,4.690320696681737900e-03
9.415656328201293945e-01,3.965708732604980469e+00,-5.483459681272506714e-02,-2.015683101490139961e-03
1.014492392539978027e+00,4.105930328369140625e+00,-4.324854165315628052e-02,5.549998022615909576e-03
1.060814619064331055e+00,4.150829315185546875e+00,-5.524094402790069580e-02,-6.457623559981584549e-03
9.977160096168518066e-01,3.966513872146606445e+00,-5.069204792380332947e-02,2.114181872457265854e-03
1.000545024871826172e+00,4.005162239074707031e+00,-5.633725970983505249e-02,5.327150691300630569e-03
9.590426087379455566e-01,3.989572048187255859e+00,-6.019642204046249390e-02,2.879365929402410984e-04
9.790421724319458008e-01,3.994157075881958008e+00,-4.510573670268058777e-02,4.525087308138608932e-03
1.004327535629272461e+00,4.028706550598144531e+00,-5.787745118141174316e-02,-9.128849022090435028e-03
1.085591435432434082e+00,4.269027233123779297e+00,-5.182057246565818787e-02,-2.072227420285344124e-03
9.872131943702697754e-01,4.085761547088623047e+00,-5.712728574872016907e-02,2.668871777132153511e-03
9.705742001533508301e-01,3.966015577316284180e+00,-4.598645120859146118e-02,3.930957522243261337e-03
9.400416612625122070e-01,3.953781366348266602e+00,-5.475543439388275146e-02,1.351343235000967979e-03
1.077519536018371582e+00,4.281316280364990234e+00,-4.998009651899337769e-02,7.270128844538703561e-05
1.006685614585876465e+00,4.112636089324951172e+00,-5.730107799172401428e-02,4.359586164355278015e-03
1.102082252502441406e+00,4.246707439422607422e+00,-5.370628461241722107e-02,-3.037549555301666260e-03
1.022346138954162598e+00,4.048701286315917969e+00,-5.458639934659004211e-02,5.666062235832214355e-03
1.036034464836120605e+00,4.101323127746582031e+00,-5.874681845307350159e-02,5.989648401737213135e-03
1.024303197860717773e+00,4.131639003753662109e+00,-4.245360195636749268e-02,8.251741528511047363e-04
1.022114992141723633e+00,4.106999397277832031e+00,-4.468884319067001343e-02,-5.677090492099523544e-03
9.934773445129394531e-01,4.098958969116210938e+00,-5.790131166577339172e-02,-1.740873907692730427e-03
9.611811041831970215e-01,3.993253469467163086e+00,-4.668800905346870422e-02,5.178319290280342102e-03
9.884095788002014160e-01,4.086666584014892578e+00,-4.574460536241531372e-02,3.763802349567413330e-03
9.796532392501831055e-01,4.002880573272705078e+00,-4.528646171092987061e-02,-7.224974688142538071e-03
1.016284227371215820e+00,4.076732635498046875e+00,-5.820494517683982849e-02,8.233042433857917786e-03
1.081161618232727051e+00,4.209327220916748047e+00,-5.485323444008827209e-02,6.670467555522918701e-03
1.015957951545715332e+00,4.039725303649902344e+00,-5.955791845917701721e-02,2.939653117209672928e-03
9.830766916275024414e-01,3.980828046798706055e+00,-4.496979340910911560e-02,-3.575042821466922760e-03
9.443381428718566895e-01,3.881060838699340820e+00,-5.633358657360076904e-02,4.120526835322380066e-03
1.034105181694030762e+00,4.061301708221435547e+00,-4.800284281373023987e-02,-2.407056977972388268e-03
9.811083674430847168e-01,3.980457067489624023e+00,-4.718045517802238464e-02,7.232372183352708817e-03
9.726760983467102051e-01,3.987383365631103516e+00,-4.430088028311729431e-02,3.131008241325616837e-03
1.072645425796508789e+00,4.173919677734375000e+00,-5.540044233202934265e-02,5.052754189819097519e-03
9.543833732604980469e-01,3.866582632064819336e+00,-5.016810446977615356e-02,1.237314892932772636e-03
9.349883198738098145e-01,3.890911579132080078e+00,-5.257569253444671631e-02,-5.819112528115510941e-03
1.010761260986328125e+00,4.028378963470458984e+00,-5.803287774324417114e-02,1.366358599625527859e-03
1.055705189704895020e+00,4.242137908935546875e+00,-5.034401640295982361e-02,-4.788627382367849350e-03
1.043277025222778320e+00,4.143697738647460938e+00,-4.728217422962188721e-02,8.544407784938812256e-03
9.301740527153015137e-01,3.915695190429687500e+00,-4.575839266180992126e-02,5.355784669518470764e-04
9.826215505599975586e-01,4.023908615112304688e+00,-4.265926405787467957e-02,4.325786605477333069e-03
9.391127824783325195e-01,3.918577194213867188e+00,-4.592561349272727966e-02,2.706165192648768425e-03
9.869421720504760742e-01,4.001031875610351562e+00,-4.388906806707382202e-02,-8.579615387134253979e-04
9.465270042419433594e-01,3.946860074996948242e+00,-5.908797681331634521e-02,2.635612618178129196e-03
9.991284012794494629e-01,4.073458671569824219e+00,-4.473661258816719055e-02,3.847581567242741585e-03
9.236178398132324219e-01,3.839485645294189453e+00,-5.240617319941520691e-02,-5.832875613123178482e-03
1.042079091072082520e+00,4.147285938262939453e+00,-4.868321493268013000e-02,-8.097226731479167938e-03
9.663833379745483398e-01,3.953548908233642578e+00,-4.855650663375854492e-02,-8.512145839631557465e-03
9.537841081619262695e-01,3.944961547851562500e+00,-4.268525540828704834e-02,1.016833935864269733e-03
9.864177703857421875e-01,4.008790493011474609e+00,-6.106264144182205200e-02,5.682425573468208313e-03
1.083695888519287109e+00,4.209046840667724609e+00,-5.482609570026397705e-02,-6.129118148237466812e-03
9.279021024703979492e-01,3.868197202682495117e+00,-4.536568373441696167e-02,3.553213318809866905e-03
9.898151755332946777e-01,3.960860967636108398e+00,-4.646579176187515259e-02,-3.612430009525269270e-04
1.067311763763427734e+00,4.240383625030517578e+00,-5.672197043895721436e-02,6.451279856264591217e-03
9.997177124023437500e-01,4.024364471435546875e+00,-4.419980570673942566e-02,-6.252696271985769272e-03
9.912753701210021973e-01,4.025247097015380859e+00,-6.205679848790168762e-02,5.979875102639198303e-03
9.282249808311462402e-01,3.865452051162719727e+00,-5.079976096749305725e-02,1.709296368062496185e-03
1.085536241531372070e+00,4.218371868133544922e+00,-5.768805742263793945e-02,-1.566267106682062149e-03
9.918619394302368164e-01,4.088659763336181641e+00,-5.692302808165550232e-02,6.547580473124980927e-03
9.299082159996032715e-01,3.878101825714111328e+00,-4.879107698798179626e-02,-2.365640131756663322e-03
1.025117993354797363e+00,4.169322490692138672e+00,-5.422089993953704834e-02,6.689476314932107925e-03
1.065185427665710449e+00,4.190381526947021484e+00,-5.239302664995193481e-02,-1.003769878298044205e-02
1.087895274162292480e+00,4.269515991210937500e+00,-5.064933747053146362e-02,-4.572402220219373703e-03
1.021860122680664062e+00,4.174606800079345703e+00,-5.342814326286315918e-02,-5.707821343094110489e-03
9.324669241905212402e-01,3.883781194686889648e+00,-4.754481837153434753e-02,-3.801803395617753267e-04
9.656014442443847656e-01,4.031957626342773438e+00,-4.668115824460983276e-02,1.235028961673378944e-03
1.057272791862487793e+00,4.215332508087158203e+00,-5.648639798164367676e-02,5.438148044049739838e-03
1.098325014114379883e+00,4.292927742004394531e+00,-5.267683416604995728e-02,-3.761987201869487762e-03
9.794430136680603027e-01,4.045375823974609375e+00,-5.943815037608146667e-02,-2.854599617421627045e-03
1.060721397399902344e+00,4.205367088317871094e+00,-5.389771237969398499e-02,8.785964921116828918e-03
1.023055076599121094e+00,4.178174495697021484e+00,-5.501978844404220581e-02,3.562895115464925766e-03
1.060226678848266602e+00,4.128583908081054688e+00,-5.541355535387992859e-02,6.315425271168351173e-04
1.041822791099548340e+00,4.124171733856201172e+00,-5.638974159955978394e-02,-9.197840467095375061e-03
9.896155595779418945e-01,4.091036319732666016e+00,-5.794636160135269165e-02,-4.305144771933555603e-03
9.968051910400390625e-01,4.111456394195556641e+00,-5.180341750383377075e-02,-1.859744079411029816e-03
9.492769837379455566e-01,3.955557823181152344e+00,-5.978104099631309509e-02,-3.970874939113855362e-03
1.086380720138549805e+00,4.195406913757324219e+00,-5.442855134606361389e-02,-4.181423224508762360e-03
9.767071008682250977e-01,3.955791234970092773e+00,-5.792003870010375977e-02,4.787955433130264282e-03
9.927352666854858398e-01,3.963470458984375000e+00,-5.755245685577392578e-02,-2.002415480092167854e-03
1.026802778244018555e+00,4.133696556091308594e+00,-4.190896824002265930e-02,-9.234467870555818081e-04
9.693310260772705078e-01,3.934356927871704102e+00,-5.546187981963157654e-02,-5.479346029460430145e-03
1.067343354225158691e+00,4.200715541839599609e+00,-4.996907338500022888e-02,6.662263069301843643e-03
1.050647735595703125e+00,4.233650207519531250e+00,-5.330380052328109741e-02,-5.969922523945569992e-03
9.241516590118408203e-01,3.846745252609252930e+00,-5.464929342269897461e-02,5.900031886994838715e-03
9.273527860641479492e-01,3.856056928634643555e+00,-5.429983511567115784e-02,2.101586433127522469e-03
9.807380437850952148e-01,3.992837905883789062e+00,-4.428574070334434509e-02,-7.647798396646976471e-03
9.644227623939514160e-01,3.916373968124389648e+00,-5.017369613051414490e-02,-7.460047025233507156e-03
1.019847869873046875e+00,4.044028282165527344e+00,-5.815438926219940186e-02,-1.219341065734624863e-03
9.174917936325073242e-01,3.882891178131103516e+00,-4.861519858241081238e-02,1.946857315488159657e-03
1.097526788711547852e+00,4.255342960357666016e+00,-4.740207642316818237e-02,2.462414326146245003e-03
9.729873538017272949e-01,3.945719242095947266e+00,-4.678818583488464355e-02,-4.573657643049955368e-03
1.018255591392517090e+00,4.029070854187011719e+00,-5.741433054208755493e-02,-9.536345605738461018e-04
9.186480045318603516e-01,3.865150451660156250e+00,-5.256590619683265686e-02,-3.282224060967564583e-03
1.042082309722900391e+00,4.112626075744628906e+00,-4.714011400938034058e-02,4.173646215349435806e-03
1.076828718185424805e+00,4.260564327239990234e+00,-5.565042421221733093e-02,4.471115767955780029e-03
9.942899346351623535e-01,3.989507913589477539e+00,-5.596563965082168579e-02,7.686336059123277664e-03
9.680468440055847168e-01,4.043526172637939453e+00,-5.537016689777374268e-02,3.549089422449469566e-03
1.041188478469848633e+00,4.187699794769287109e+00,-5.932901427149772644e-02,-2.287333831191062927e-03
9.612609148025512695e-01,3.974431514739990234e+00,-5.882241949439048767e-02,-5.550468340516090393e-03
1.056495189666748047e+00,4.138544082641601562e+00,-5.977724120020866394e-02,-8.527174359187483788e-04
1.034240484237670898e+00,4.160477638244628906e+00,-5.033285543322563171e-02,7.514342665672302246e-03
1.030052065849304199e+00,4.110382556915283203e+00,-6.166276708245277405e-02,-4.070724826306104660e-03
9.485985636711120605e-01,3.929442405700683594e+00,-4.982825741171836853e-02,-7.766750641167163849e-03
9.943700432777404785e-01,3.996174097061157227e+00,-5.073110386729240417e-02,7.677592337131500244e-03
1.076142549514770508e+00,4.251151561737060547e+00,-4.695826396346092224e-02,-6.267961580306291580e-03
1.052016973495483398e+00,4.244761466979980469e+00,-5.466510355472564697e-02,-3.152882447466254234e-03
1.120079517364501953e+00,4.329374313354492188e+00,-5.194400623440742493e-02,-2.912086667492985725e-03
1.038655519485473633e+00,4.153533935546875000e+00,-6.211726367473602295e-02,1.688678050413727760e-03
9.933148622512817383e-01,3.975904226303100586e+00,-5.800281092524528503e-02,-1.221918384544551373e-03
1.085515379905700684e+00,4.302883148193359375e+00,-4.941605776548385620e-02,1.744527136906981468e-03
1.031541705131530762e+00,4.108272552490234375e+00,-6.211857125163078308e-02,4.827672149986028671e-03
9.183399081230163574e-01,3.863498687744140625e+00,-5.415239930152893066e-02,-3.285854822024703026e-03
1.023545980453491211e+00,4.116036891937255859e+00,-5.388007685542106628e-02,1.001487206667661667e-02
1.080976366996765137e+00,4.262751579284667969e+00,-5.280824378132820129e-02,5.606618244200944901e-03
9.713933467864990234e-01,3.961741209030151367e+00,-4.282920062541961670e-02,-4.136260598897933960e-03
1.073665857315063477e+00,4.189039230346679688e+00,-4.544228315353393555e-02,-4.734924063086509705e-03
1.036299824714660645e+00,4.054233074188232422e+00,-4.957314953207969666e-02,-3.931563405785709620e-04
1.090196609497070312e+00,4.217486381530761719e+00,-5.068416148424148560e-02,2.360351150855422020e-03
9.861715435981750488e-01,3.981949806213378906e+00,-5.175278335809707642e-02,-7.537075318396091461e-03
1.018487811088562012e+00,4.026155471801757812e+00,-5.574249103665351868e-02,8.032102778088301420e-05
9.316662549972534180e-01,3.880879163742065430e+00,-4.767386615276336670e-02,2.287557814270257950e-03
1.015198707580566406e+00,4.013212680816650391e+00,-5.318316444754600525e-02,3.743631066754460335e-03
9.452326893806457520e-01,3.912883520126342773e+00,-5.932721495628356934e-02,-3.665545023977756500e-03
9.780395030975341797e-01,4.064440250396728516e+00,-4.888271540403366089e-02,-5.984806921333074570e-03
1.043238878250122070e+00,4.186778068542480469e+00,-5.444571003317832947e-02,6.364215631037950516e-03
1.074676752090454102e+00,4.230520248413085938e+00,-4.898741096258163452e-02,-5.425035487860441208e-03
1.115439891815185547e+00,4.288786888122558594e+00,-5.123327299952507019e-02,-2.606992609798908234e-03
1.015486478805541992e+00,4.127452373504638672e+00,-6.303188204765319824e-02,-3.636858309619128704e-04
1.019199728965759277e+00,4.050886154174804688e+00,-5.746160075068473816e-02,-8.307542651891708374e-03
9.213631749153137207e-01,3.857591390609741211e+00,-5.575366318225860596e-02,-6.453275214880704880e-03
1.044231534004211426e+00,4.093076229095458984e+00,-5.223757028579711914e-02,-7.977128028869628906e-03
1.070103049278259277e+00,4.246912479400634766e+00,-5.619114637374877930e-02,5.805035587400197983e-03
9.273774027824401855e-01,3.867123365402221680e+00,-4.889061674475669861e-02,1.344216405414044857e-03
1.056384086608886719e+00,4.203048229217529297e+00,-4.413757473230361938e-02,-5.254258867353200912e-03
9.600114822387695312e-01,3.943215131759643555e+00,-5.963096767663955688e-02,2.076754346489906311e-03
1.006713867187500000e+00,4.092119216918945312e+00,-5.870058014988899231e-02,-7.165747694671154022e-03
1.014020681381225586e+00,4.037031173706054688e+00,-5.648133531212806702e-02,5.241213832050561905e-03
1.035626769065856934e+00,4.141401290893554688e+00,-6.222857534885406494e-02,1.906471909023821354e-03
9.920241832733154297e-01,3.984273910522460938e+00,-5.115689337253570557e-02,-9.529235772788524628e-03
9.377411603927612305e-01,3.896127462387084961e+00,-5.138880014419555664e-02,4.745054990053176880e-03
1.031818866729736328e+00,4.085359096527099609e+00,-4.759758710861206055e-02,4.287594463676214218e-03
1.095103621482849121e+00,4.235373020172119141e+00,-5.665564537048339844e-02,3.209406509995460510e-03
1.006113052368164062e+00,4.039909839630126953e+00,-6.246173754334449768e-02,2.433503046631813049e-03
1.113418102264404297e+00,4.311706066131591797e+00,-5.116380378603935242e-02,-1.125438371673226357e-03
1.074535846710205078e+00,4.217520713806152344e+00,-6.026609614491462708e-02,-3.689571516588330269e-03
1.086492419242858887e+00,4.232849597930908203e+00,-5.560742691159248352e-02,-5.096641369163990021e-03
1.032521843910217285e+00,4.125502586364746094e+00,-4.246915131807327271e-02,4.971794318407773972e-03
1.023515701293945312e+00,4.147435665130615234e+00,-4.514159262180328369e-02,5.365479737520217896e-03
1.098343849182128906e+00,4.310665130615234375e+00,-5.547454953193664551e-02,-1.528011169284582138e-03
9.230878949165344238e-01,3.862072467803955078e+00,-5.489099770784378052e-02,-5.084179341793060303e-03
1.003975629806518555e+00,4.071809291839599609e+00,-5.883114784955978394e-02,5.645933561027050018e-03
1.089759349822998047e+00,4.213159084320068359e+00,-5.110279470682144165e-02,-1.979667693376541138e-03
1.022849440574645996e+00,4.156000137329101562e+00,-4.733511433005332947e-02,-7.776704616844654083e-03
1.005614519119262695e+00,4.009349346160888672e+00,-5.762315541505813599e-02,5.884744692593812943e-03
9.715644717216491699e-01,3.975153446197509766e+00,-4.973779991269111633e-02,-9.187637828290462494e-03
1.047126889228820801e+00,4.096776962280273438e+00,-5.062862485647201538e-02,-5.649026483297348022e-03
9.563599228858947754e-01,3.961153745651245117e+00,-5.979683995246887207e-02,2.811635844409465790e-03
1.114711999893188477e+00,4.299164772033691406e+00,-5.561262369155883789e-02,4.532931838184595108e-03
9.679598808288574219e-01,3.947695970535278320e+00,-4.311530292034149170e-02,3.143335226923227310e-03
9.533827304840087891e-01,3.894750356674194336e+00,-4.809307679533958435e-02,-8.371281437575817108e-03
9.491147398948669434e-01,3.966440439224243164e+00,-5.710761249065399170e-02,-5.502679850906133652e-03
1.017116427421569824e+00,4.050693035125732422e+00,-5.575742945075035095e-02,5.422771442681550980e-03
1.036427378654479980e+00,4.188724994659423828e+00,-4.822270944714546204e-02,4.293332807719707489e-03
1.050133228302001953e+00,4.158624649047851562e+00,-5.033317580819129944e-02,-9.384344331920146942e-03
1.062198996543884277e+00,4.247273921966552734e+00,-4.752287641167640686e-02,-4.670305177569389343e-03
1.024383902549743652e+00,4.115964889526367188e+00,-5.300832912325859070e-02,9.173042140901088715e-03
1.016431689262390137e+00,4.018137931823730469e+00,-5.269947648048400879e-02,-3.245938569307327271e-03
9.750043153762817383e-01,3.972419977188110352e+00,-4.970476776361465454e-02,-8.508894592523574829e-03
9.268474578857421875e-01,3.895921945571899414e+00,-4.857330769300460815e-02,3.346749348565936089e-03
1.022745370864868164e+00,4.053897380828857422e+00,-4.921722039580345154e-02,-9.223558008670806885e-03
1.056104540824890137e+00,4.111068248748779297e+00,-5.119040980935096741e-02,-2.281551714986562729e-03
1.048209071159362793e+00,4.212327480316162109e+00,-5.519699305295944214e-02,4.673151765018701553e-03
1.028837203979492188e+00,4.086600303649902344e+00,-5.172068625688552856e-02,-9.320285171270370483e-03
9.864844083786010742e-01,4.004436969757080078e+00,-6.212791055440902710e-02,3.871294204145669937e-03
1.041635513305664062e+00,4.105506896972656250e+00,-4.452247172594070435e-02,-5.481923930346965790e-03
1.004853606224060059e+00,3.992315769195556641e+00,-5.212935432791709900e-02,1.494819996878504753e-03
9.501208662986755371e-01,3.899648189544677734e+00,-5.540821328759193420e-02,5.705781746655702591e-03
1.063176393508911133e+00,4.186526775360107422e+00,-4.868026077747344971e-02,4.735641647130250931e-03
1.033401846885681152e+00,4.173725128173828125e+00,-4.735456034541130066e-02,-2.977126510813832283e-03
1.100244641304016113e+00,4.228157520294189453e+00,-5.104704201221466064e-02,-3.461052430793642998e-03
1.002228975296020508e+00,4.025135993957519531e+00,-5.191586539149284363e-02,-8.346283808350563049e-03
1.079640030860900879e+00,4.268740177154541016e+00,-5.104129388928413391e-02,4.260609392076730728e-03
9.811866283416748047e-01,4.008246421813964844e+00,-5.943689495325088501e-02,-7.661743089556694031e-03
1.054140686988830566e+00,4.197790622711181641e+00,-5.222564563155174255e-02,6.285625044256448746e-03
9.588056802749633789e-01,3.995272159576416016e+00,-4.718355834484100342e-02,-5.459621548652648926e-03
1.095403552055358887e+00,4.312183856964111328e+00,-4.844442754983901978e-02,1.526644104160368443e-03
9.559742808341979980e-01,3.922562599182128906e+00,-5.879989266395568848e-02,3.063861280679702759e-03
1.051508188247680664e+00,4.132435798645019531e+00,-4.805880412459373474e-02,-5.696278065443038940e-03
9.650226235389709473e-01,3.952983379364013672e+00,-4.524459317326545715e-02,4.500880371779203415e-03
1.025809407234191895e+00,4.081591606140136719e+00,-4.304121434688568115e-02,-3.719268133863806725e-03
1.085658192634582520e+00,4.243028163909912109e+00,-5.498156696557998657e-02,3.968790639191865921e-03
1.047469615936279297e+00,4.197990417480468750e+00,-6.060201674699783325e-02,2.495090477168560028e-03
1.020388364791870117e+00,4.103254795074462891e+00,-5.046077445149421692e-02,-9.251741692423820496e-03
9.394768476486206055e-01,3.914139986038208008e+00,-5.812182277441024780e-02,-2.204590011388063431e-03
1.057364583015441895e+00,4.226900577545166016e+00,-5.310862511396408081e-02,-6.261707749217748642e-03
1.031761527061462402e+00,4.157061100006103516e+00,-5.127108842134475708e-02,-7.118805777281522751e-03
1.085004329681396484e+00,4.219882965087890625e+00,-4.989819973707199097e-02,-5.124793387949466705e-03
9.728047847747802734e-01,3.953685760498046875e+00,-4.861833527684211731e-02,5.420350935310125351e-03
1.106612324714660645e+00,4.295178890228271484e+00,-4.737723246216773987e-02,-7.468922412954270840e-04
9.913661479949951172e-01,3.945026636123657227e+00,-5.212309956550598145e-02,2.291749260621145368e-04
1.052833914756774902e+00,4.099436759948730469e+00,-4.961095750331878662e-02,-2.311829943209886551e-03
1.019633531570434570e+00,4.106472969055175781e+00,-4.454128071665763855e-02,6.592367775738239288e-03
9.391829371452331543e-01,3.925160646438598633e+00,-5.054642632603645325e-02,5.520185921341180801e-03
9.384630322456359863e-01,3.895450353622436523e+00,-4.725224524736404419e-02,-6.614560261368751526e-03
1.049199938774108887e+00,4.203908443450927734e+00,-5.768264085054397583e-02,-4.826283082365989685e-03
1.056940078735351562e+00,4.211911678314208984e+00,-4.981412738561630249e-02,-5.805461667478084564e-03
1.094316244125366211e+00,4.295139789581298828e+00,-5.436822026968002319e-02,4.311128519475460052e-03
1.091450333595275879e+00,4.250980854034423828e+00,-4.483580589294433594e-02,-3.307101549580693245e-03
9.424727559089660645e-01,3.935004949569702148e+00,-4.584114998579025269e-02,-3.312771907076239586e-03
9.530103802680969238e-01,3.914994716644287109e+00,-5.939829349517822266e-02,2.050622599199414253e-03
1.086123824119567871e+00,4.243316650390625000e+00,-5.672048404812812805e-02,1.995983300730586052e-03
1.040707468986511230e+00,4.185640811920166016e+00,-4.446195438504219055e-02,-3.041807794943451881e-03
9.722824096679687500e-01,4.030741691589355469e+00,-4.736536368727684021e-02,-6.304163485765457153e-03
9.511496424674987793e-01,3.948251724243164062e+00,-5.453105643391609192e-02,6.980177946388721466e-03
1.077018976211547852e+00,4.200895309448242188e+00,-5.179102346301078796e-02,5.273445509374141693e-03
9.624804854393005371e-01,4.011412143707275391e+00,-5.475887283682823181e-02,-3.927819896489381790e-03
1.002652049064636230e+00,3.990933895111083984e+00,-5.463172495365142822e-02,6.570669356733560562e-03
1.067227959632873535e+00,4.178325176239013672e+00,-5.338310450315475464e-02,-6.622271612286567688e-03
1.074232459068298340e+00,4.192010402679443359e+00,-4.524848982691764832e-02,2.636822871863842010e-03
1.123420596122741699e+00,4.306693077087402344e+00,-5.272840335965156555e-02,-1.130615361034870148e-03
1.019549012184143066e+00,4.021635532379150391e+00,-4.989826679229736328e-02,-5.700760520994663239e-03
1.006289839744567871e+00,4.099634170532226562e+00,-4.501591250300407410e-02,3.570649772882461548e-03
1.058704972267150879e+00,4.195116519927978516e+00,-5.445769056677818298e-02,9.397752583026885986e-03
9.698545336723327637e-01,4.042882442474365234e+00,-5.758516117930412292e-02,3.520221682265400887e-03
1.027968645095825195e+00,4.128200531005859375e+00,-5.494441837072372437e-02,9.104746393859386444e-03
9.227194190025329590e-01,3.845345020294189453e+00,-4.661386087536811829e-02,-6.781127303838729858e-04
1.100682020187377930e+00,4.267495632171630859e+00,-5.085721239447593689e-02,3.277898533269762993e-03
1.124775409698486328e+00,4.343960285186767578e+00,-5.062280222773551941e-02,-1.791859860531985760e-03
9.465565681457519531e-01,3.923741102218627930e+00,-4.712339118123054504e-02,3.590193577110767365e-03
1.040657520294189453e+00,4.086306571960449219e+00,-4.840975627303123474e-02,1.686302362941205502e-03
9.261448383331298828e-01,3.860288143157958984e+00,-5.370011553168296814e-02,6.199459079653024673e-03
9.744845628738403320e-01,4.033457756042480469e+00,-4.519558697938919067e-02,1.517673081252723932e-04
9.400818347930908203e-01,3.916989803314208984e+00,-5.851784348487854004e-02,-4.325629677623510361e-03
1.080338478088378906e+00,4.187462329864501953e+00,-5.301046371459960938e-02,1.368415832985192537e-04
1.025419950485229492e+00,4.173830509185791016e+00,-5.581787601113319397e-02,5.005415529012680054e-03
9.664568305015563965e-01,3.981773853302001953e+00,-4.633510112762451172e-02,4.261909518390893936e-03
9.491139054298400879e-01,3.979882955551147461e+00,-5.054926499724388123e-02,6.965345237404108047e-04
9.382297992706298828e-01,3.911909341812133789e+00,-4.849610850214958191e-02,-3.252684371545910835e-03
9.150022864341735840e-01,3.852752208709716797e+00,-5.614343285560607910e-02,3.592484281398355961e-04
1.057343721389770508e+00,4.136819839477539062e+00,-4.925819858908653259e-02,-6.849240045994520187e-03
9.304665923118591309e-01,3.858126401901245117e+00,-4.700373113155364990e-02,4.822337999939918518e-03
9.359104037284851074e-01,3.880583286285400391e+00,-4.781017825007438660e-02,-3.728524781763553619e-03
1.032153964042663574e+00,4.098659038543701172e+00,-5.130709335207939148e-02,8.921611122786998749e-03
1.064658164978027344e+00,4.248757839202880859e+00,-5.290382355451583862e-02,5.503644235432147980e-03
9.395608305931091309e-01,3.942186355590820312e+00,-4.747523739933967590e-02,-3.110647230641916394e-05
1.060045242309570312e+00,4.198030471801757812e+00,-6.228389963507652283e-02,-2.486417302861809731e-03
1.015590786933898926e+00,4.113064289093017578e+00,-5.243632942438125610e-02,-1.048432011157274246e-02
9.764358401298522949e-01,4.006215572357177734e+00,-5.216687172651290894e-02,-8.796704933047294617e-03
1.004095792770385742e+00,4.027947425842285156e+00,-4.883198067545890808e-02,-1.024680025875568390e-02
1.040823340415954590e+00,4.211910724639892578e+00,-4.971999302506446838e-02,-2.998081501573324203e-03
9.380477070808410645e-01,3.918691873550415039e+00,-4.924337193369865417e-02,6.957850418984889984e-03
1.082212209701538086e+00,4.210481643676757812e+00,-4.801221936941146851e-02,-6.975896656513214111e-03
1.016731142997741699e+00,4.139233589172363281e+00,-5.621344968676567078e-02,4.124740138649940491e-03
9.824689626693725586e-01,4.025492668151855469e+00,-5.873110145330429077e-02,-6.197038106620311737e-03
1.064444780349731445e+00,4.178261756896972656e+00,-4.682396352291107178e-02,3.897069254890084267e-03
9.808154106140136719e-01,3.973024129867553711e+00,-4.399909451603889465e-02,3.308513667434453964e-03
1.044761896133422852e+00,4.141745567321777344e+00,-5.330625921487808228e-02,-1.087245531380176544e-02
1.075352072715759277e+00,4.278119087219238281e+00,-5.285304039716720581e-02,3.431378630921244621e-03
1.022919774055480957e+00,4.066144943237304688e+00,-5.509488657116889954e-02,9.226629510521888733e-03
1.023475646972656250e+00,4.115179061889648438e+00,-6.065339222550392151e-02,-1.118558109737932682e-03
1.030786991119384766e+00,4.175404071807861328e+00,-5.052094534039497375e-02,-5.848073400557041168e-03
1.077014327049255371e+00,4.283295631408691406e+00,-5.310255289077758789e-02,2.069000154733657837e-03
9.581134319305419922e-01,4.008515834808349609e+00,-5.180578306317329407e-02,-1.091866404749453068e-03
1.008863210678100586e+00,4.006341934204101562e+00,-5.712847411632537842e-02,1.621399074792861938e-03
1.103963136672973633e+00,4.266231060028076172e+00,-5.225888639688491821e-02,5.051890620961785316e-04
1.007524609565734863e+00,4.114368915557861328e+00,-5.021480843424797058e-02,-6.738523952662944794e-03
1.028675556182861328e+00,4.151790142059326172e+00,-6.034010276198387146e-02,-3.246319247409701347e-03
9.622507691383361816e-01,4.021827697753906250e+00,-5.650370568037033081e-02,3.858519019559025764e-03
1.050459623336791992e+00,4.138070106506347656e+00,-5.845334008336067200e-02,-6.571475882083177567e-03
9.995467662811279297e-01,4.013421535491943359e+00,-4.581808671355247498e-02,-8.844281546771526337e-03
9.832813143730163574e-01,4.069074630737304688e+00,-5.652536079287528992e-02,-1.061073504388332367e-03
1.072775483131408691e+00,4.190287113189697266e+00,-4.501242563128471375e-02,-3.343768417835235596e-03
1.013520717620849609e+00,4.020090579986572266e+00,-4.617233574390411377e-02,2.969282213598489761e-03
1.039200425148010254e+00,4.082284927368164062e+00,-4.563448950648307800e-02,-1.206992543302476406e-03
1.008647441864013672e+00,4.088721275329589844e+00,-4.616659507155418396e-02,8.956586942076683044e-03
9.702367186546325684e-01,3.918819189071655273e+00,-5.404051393270492554e-02,1.336417277343571186e-03
9.932972192764282227e-01,4.071881294250488281e+00,-4.372518509626388550e-02,-4.374289885163307190e-03
1.014212131500244141e+00,4.044701576232910156e+00,-4.562122374773025513e-02,6.394566968083381653e-03
1.029068231582641602e+00,4.073367118835449219e+00,-4.362258315086364746e-02,-3.975469619035720825e-03
9.430392980575561523e-01,3.871984243392944336e+00,-5.306439101696014404e-02,-5.866834428161382675e-03
9.549384713172912598e-01,3.938071489334106445e+00,-6.109853833913803101e-02,3.029615385457873344e-03
9.298784732818603516e-01,3.900156497955322266e+00,-4.833612963557243347e-02,3.506101900711655617e-03
1.004002928733825684e+00,4.047571182250976562e+00,-5.339011549949645996e-02,-1.115924026817083359e-02
9.542599320411682129e-01,3.902562618255615234e+00,-4.379769042134284973e-02,1.674998347880318761e-04
1.071940541267395020e+00,4.232487678527832031e+00,-5.107623711228370667e-02,-6.870984565466642380e-03
9.805698394775390625e-01,4.049437999725341797e+00,-5.931082740426063538e-02,4.443592391908168793e-03
9.749330878257751465e-01,4.044773101806640625e+00,-5.845715105533599854e-02,-2.282425761222839355e-03
1.069800734519958496e+00,4.240085124969482422e+00,-4.728133603930473328e-02,-2.791621955111622810e-03
9.772011637687683105e-01,3.991034269332885742e+00,-4.531044140458106995e-02,-4.664253443479537964e-03
9.803571701049804688e-01,4.049494266510009766e+00,-5.435031652450561523e-02,6.459708791226148605e-03
9.304488897323608398e-01,3.866312026977539062e+00,-5.389741435647010803e-02,-5.240675993263721466e-03
9.249140620231628418e-01,3.832104444503784180e+00,-5.013296380639076233e-02,2.411449793726205826e-03
9.642233252525329590e-01,3.949576854705810547e+00,-5.404589325189590454e-02,8.729913271963596344e-03
9.844523668289184570e-01,4.016432285308837891e+00,-4.924929887056350708e-02,-1.040525082498788834e-02
1.039322018623352051e+00,4.184327125549316406e+00,-4.860443994402885437e-02,-4.850310739129781723e-03
1.073870897293090820e+00,4.187873363494873047e+00,-4.996048659086227417e-02,-6.030377466231584549e-03
1.003506422042846680e+00,4.003842353820800781e+00,-5.851347371935844421e-02,-3.283456666395068169e-03
1.100845932960510254e+00,4.242928981781005859e+00,-5.629743263125419617e-02,2.960631158202886581e-03
1.028070688247680664e+00,4.123232841491699219e+00,-5.290263891220092773e-02,-8.923763409256935120e-03
9.474155306816101074e-01,3.886646032333374023e+00,-4.594522714614868164e-02,4.411809612065553665e-03
1.006604075431823730e+00,4.076573371887207031e+00,-5.829038098454475403e-02,-9.809005074203014374e-03
9.413235783576965332e-01,3.849096298217773438e+00,-4.892924800515174866e-02,8.679793099872767925e-04
1.004331231117248535e+00,4.068335533142089844e+00,-5.572151392698287964e-02,7.376921828836202621e-03
1.029169082641601562e+00,4.124437332153320312e+00,-6.138144060969352722e-02,-3.249479457736015320e-03
9.757936000823974609e-01,4.006108760833740234e+00,-4.454456642270088196e-02,1.959407934918999672e-03
9.379628896713256836e-01,3.913468599319458008e+00,-4.591345787048339844e-02,4.292929079383611679e-03
9.452620744705200195e-01,3.905717372894287109e+00,-4.694392532110214233e-02,6.803935859352350235e-03
1.037263154983520508e+00,4.095661163330078125e+00,-5.795755237340927124e-02,-3.479901468381285667e-03
9.868004322052001953e-01,3.958214759826660156e+00,-5.231729522347450256e-02,-5.033770110458135605e-03
9.700984358787536621e-01,3.979406595230102539e+00,-6.140679866075515747e-02,-1.540695899166166782e-03
1.046260118484497070e+00,4.167068481445312500e+00,-5.732577294111251831e-02,-5.950914695858955383e-03
1.032837629318237305e+00,4.106917381286621094e+00,-5.664585903286933899e-02,5.897252820432186127e-03
1.013644814491271973e+00,4.131255626678466797e+00,-5.308337509632110596e-02,7.660734001547098160e-03
1.046150803565979004e+00,4.084612369537353516e+00,-5.011367425322532654e-02,-4.044815432280302048e-03
9.199559688568115234e-01,3.886621475219726562e+00,-4.921293258666992188e-02,9.777040686458349228e-04
1.046054363250732422e+00,4.178623676300048828e+00,-6.040834262967109680e-02,4.200631752610206604e-03
1.041427493095397949e+00,4.190750122070312500e+00,-5.757564678788185120e-02,-1.420526648871600628e-03
1.031836390495300293e+00,4.093328952789306641e+00,-5.971149727702140808e-02,2.413467038422822952e-03
9.663879275321960449e-01,3.934570074081420898e+00,-4.920656979084014893e-02,-7.109435740858316422e-03
1.037400007247924805e+00,4.189443111419677734e+00,-5.213629454374313354e-02,-9.139387868344783783e-03
1.060273289680480957e+00,4.173029422760009766e+00,-5.979726836085319519e-02,-1.709968666546046734e-03
1.039854407310485840e+00,4.119391441345214844e+00,-4.511693492531776428e-02,-6.232657004147768021e-03
9.498481154441833496e-01,3.961194276809692383e+00,-4.753871262073516846e-02,-2.274312544614076614e-03
1.078094720840454102e+00,4.181875228881835938e+00,-5.280487611889839172e-02,3.126705298200249672e-03
9.746882319450378418e-01,3.969333171844482422e+00,-5.865105986595153809e-02,-6.136448122560977936e-03
1.030294775962829590e+00,4.194035530090332031e+00,-5.241377651691436768e-02,4.549786914139986038e-03
1.009930849075317383e+00,4.033822536468505859e+00,-5.360294505953788757e-02,-1.027788128703832626e-02
9.726293087005615234e-01,4.040396690368652344e+00,-5.559709668159484863e-02,9.046887280419468880e-04
1.018310308456420898e+00,4.076685905456542969e+00,-4.624494910240173340e-02,-3.408495336771011353e-03
1.038291692733764648e+00,4.101310253143310547e+00,-5.309510231018066406e-02,2.568197902292013168e-03
1.056149840354919434e+00,4.209175586700439453e+00,-5.029339715838432312e-02,1.937655324582010508e-04
9.795392751693725586e-01,4.049609661102294922e+00,-5.397644639015197754e-02,-5.218239501118659973e-03
9.626399278640747070e-01,3.968240261077880859e+00,-4.791874438524246216e-02,7.193041965365409851e-04
1.020997405052185059e+00,4.092409133911132812e+00,-5.758607760071754456e-02,-6.216158159077167511e-03
9.310821890830993652e-01,3.906207799911499023e+00,-5.196652561426162720e-02,-5.392762250266969204e-04
1.058605074882507324e+00,4.160145759582519531e+00,-4.733277857303619385e-02,-3.493438940495252609e-03
1.029207825660705566e+00,4.117434024810791016e+00,-4.550900310277938843e-02,2.014495199546217918e-03
1.005182623863220215e+00,4.112170696258544922e+00,-5.206808447837829590e-02,1.972944242879748344e-03
1.011511087417602539e+00,4.069722652435302734e+00,-5.502152070403099060e-02,6.502748001366853714e-03
9.622846245765686035e-01,3.968339681625366211e+00,-5.347549915313720703e-02,5.530541762709617615e-03
9.936881661415100098e-01,4.008722782135009766e+00,-4.674068093299865723e-02,-4.431914538145065308e-03
9.853438735008239746e-01,4.072811603546142578e+00,-5.254958570003509521e-02,3.272006142651662230e-05
9.716265797615051270e-01,3.940632820129394531e+00,-5.664065480232238770e-02,1.526061329059302807e-03
9.418013095855712891e-01,3.916216373443603516e+00,-5.517324432730674744e-02,-4.335514269769191742e-03
1.008316278457641602e+00,4.049560070037841797e+00,-5.926409363746643066e-02,-3.027620958164334297e-03
1.019885778427124023e+00,4.131596565246582031e+00,-5.428245663642883301e-02,5.690494552254676819e-03
9.500858187675476074e-01,3.967469453811645508e+00,-5.539170652627944946e-02,2.998591844516340643e-05
9.415743947029113770e-01,3.879338979721069336e+00,-5.169607326388359070e-02,1.575500704348087311e-03
9.501513838768005371e-01,3.925974845886230469e+00,-4.915823414921760559e-02,-3.423729212954640388e-04
9.628015160560607910e-01,3.963809728622436523e+00,-4.593168944120407104e-02,-2.896465361118316650e-03
9.377339482307434082e-01,3.865875482559204102e+00,-5.376568064093589783e-02,-5.118451081216335297e-04
9.802343845367431641e-01,4.026488304138183594e+00,-4.747784882783889771e-02,-5.123045295476913452e-03
9.471592307090759277e-01,3.937549114227294922e+00,-5.030544474720954895e-02,-5.265645217150449753e-03
1.045916914939880371e+00,4.180825233459472656e+00,-4.929781705141067505e-02,2.553271362558007240e-03
1.045964837074279785e+00,4.177619457244873047e+00,-4.967484250664710999e-02,-3.385163843631744385e-03
9.649383425712585449e-01,4.012143611907958984e+00,-4.944540560245513916e-02,-2.577005652710795403e-03
1.016762495040893555e+00,4.081872463226318359e+00,-5.553323775529861450e-02,4.931269679218530655e-03
1.038345813751220703e+00,4.144411563873291016e+00,-4.524042457342147827e-02,2.771608065813779831e-03
1.050085783004760742e+00,4.181432247161865234e+00,-5.070089548826217651e-02,-4.839821252971887589e-03
1.052407741546630859e+00,4.148262500762939453e+00,-5.238685756921768188e-02,5.443527363240718842e-03
9.624838232994079590e-01,3.979748249053955078e+00,-5.306917801499366760e-02,-5.839353427290916443e-03
1.030630230903625488e+00,4.109114646911621094e+00,-5.657418072223663330e-02,-5.244553554803133011e-03
1.043080687522888184e+00,4.181876659393310547e+00,-5.286077782511711121e-02,3.756765276193618774e-03
1.023914694786071777e+00,4.060529232025146484e+00,-5.431471019983291626e-02,1.373530249111354351e-03
1.075019836425781250e+00,4.222601890563964844e+00,-5.117838084697723389e-02,2.034038305282592773e-03
9.970235228538513184e-01,4.017459869384765625e+00,-5.683103203773498535e-02,-3.572263522073626518e-03
1.022274255752563477e+00,4.058208465576171875e+00,-5.652159079909324646e-02,4.082603845745325089e-03
9.792664647102355957e-01,3.981337308883666992e+00,-4.477199167013168335e-02,-1.636862871237099171e-03
9.695141911506652832e-01,3.960453510284423828e+00,-5.674277618527412415e-02,5.108251702040433884e-03
9.691653847694396973e-01,3.964089870452880859e+00,-4.654088616371154785e-02,3.322857664898037910e-03
1.059921860694885254e+00,4.181814670562744141e+00,-4.776503518223762512e-02,-4.572070320136845112e-04
9.721186161041259766e-01,3.944303274154663086e+00,-4.621931910514831543e-02,-6.615733145736157894e-04
9.766333699226379395e-01,4.033648490905761719e+00,-5.450198426842689514e-02,-5.227630492299795151e-03
1.028249382972717285e+00,4.105613708496093750e+00,-4.886018112301826477e-02,5.526641849428415298e-03
1.073598861694335938e+00,4.226648330688476562e+00,-5.095286667346954346e-02,1.699202111922204494e-04
1.063838481903076172e+00,4.192201614379882812e+00,-5.218350514769554138e-02,5.559591576457023621e-03
9.563440680503845215e-01,3.903244972229003906e+00,-5.080617219209671021e-02,-1.217772369273006916e-03
1.033182621002197266e+00,4.109754562377929688e+00,-5.087888240814208984e-02,6.830970291048288345e-03
9.970147013664245605e-01,4.033838748931884766e+00,-4.740371182560920715e-02,3.958121873438358307e-03
9.627928137779235840e-01,3.916283369064331055e+00,-4.959457367658615112e-02,2.269786637043580413e-04
9.657469987869262695e-01,3.939195156097412109e+00,-5.723045766353607178e-02,-3.892339766025543213e-03
1.034728050231933594e+00,4.082105159759521484e+00,-5.347010865807533264e-02,-4.212734755128622055e-03
1.039324760437011719e+00,4.097384452819824219e+00,-5.458706617355346680e-02,1.978995511308312416e-03
1.084176778793334961e+00,4.260893344879150391e+00,-5.230432748794555664e-02,-5.150048309587873518e-05
9.671398997306823730e-01,3.957604646682739258e+00,-5.327695608139038086e-02,4.332555457949638367e-03
1.030466794967651367e+00,4.096726417541503906e+00,-4.527211189270019531e-02,-3.114199265837669373e-03
9.852229356765747070e-01,3.973411083221435547e+00,-5.382502824068069458e-02,-3.311113454401493073e-03
1.059954404830932617e+00,4.178730010986328125e+00,-5.593829602003097534e-02,-2.970088971778750420e-03
1.001700162887573242e+00,4.113592147827148438e+00,-5.125198513269424438e-02,1.705620903521776199e-03
9.625594019889831543e-01,4.009877681732177734e+00,-5.241289362311363220e-02,-2.815625164657831192e-03
1.040695309638977051e+00,4.138043880462646484e+00,-5.173797532916069031e-02,6.753632798790931702e-03
1.021957874298095703e+00,4.148469448089599609e+00,-5.618118122220039368e-02,2.317230915650725365e-03
1.039023876190185547e+00,4.102419853210449219e+00,-5.590559914708137512e-02,-2.804934512823820114e-03
1.065929174423217773e+00,4.232237339019775391e+00,-5.046625435352325439e-02,1.497240504249930382e-03
9.575703740119934082e-01,3.961871147155761719e+00,-5.244053900241851807e-02,3.546578809618949890e-03
9.941412806510925293e-01,4.053019523620605469e+00,-5.014378577470779419e-02,-7.507191505283117294e-03
9.507573246955871582e-01,3.949536085128784180e+00,-4.847644641995429993e-02,-4.494268912822008133e-03
9.905512928962707520e-01,4.049787998199462891e+00,-4.650314524769783020e-02,-2.855610218830406666e-04
1.068538188934326172e+00,4.183780193328857422e+00,-4.988151788711547852e-02,-4.317695740610361099e-03
9.529863595962524414e-01,3.908576965332031250e+00,-5.730119347572326660e-02,1.291321823373436928e-04
1.056699872016906738e+00,4.157225131988525391e+00,-5.845242738723754883e-02,-1.694271668384317309e-05
1.012210130691528320e+00,4.081704616546630859e+00,-4.491700977087020874e-02,1.235746196471154690e-03
9.643653631210327148e-01,3.974841594696044922e+00,-5.264364928007125854e-02,-7.464418653398752213e-03
9.493923187255859375e-01,3.964192628860473633e+00,-5.309765040874481201e-02,-2.480898110661655664e-04
1.010024428367614746e+00,4.051410675048828125e+00,-4.749875143170356750e-02,5.716182291507720947e-03
1.065561890602111816e+00,4.213583946228027344e+00,-5.483037978410720825e-02,4.161049611866474152e-03
1.048430323600769043e+00,4.125528812408447266e+00,-4.775295779109001160e-02,-2.130295848473906517e-03
9.695098996162414551e-01,4.019710063934326172e+00,-5.248577892780303955e-02,-3.224086482077836990e-03
1.029484033584594727e+00,4.153607845306396484e+00,-4.874145984649658203e-02,2.728532301262021065e-03
9.784297943115234375e-01,4.033235549926757812e+00,-5.859799310564994812e-02,2.218798967078328133e-03
1.062390446662902832e+00,4.219193458557128906e+00,-5.022935196757316589e-02,-6.314304773695766926e-04
1.006191968917846680e+00,4.093114852905273438e+00,-5.210193991661071777e-02,5.205754656344652176e-03
1.020699977874755859e+00,4.098838329315185547e+00,-4.597359523177146912e-02,4.860500048380345106e-04
9.766749143600463867e-01,4.014589309692382812e+00,-5.307812243700027466e-02,6.916692946106195450e-03
1.056107878684997559e+00,4.171217441558837891e+00,-5.769111216068267822e-02,-1.980228116735816002e-03
9.843493103981018066e-01,4.073231220245361328e+00,-5.391517281532287598e-02,-1.569942687638103962e-03
1.074316263198852539e+00,4.236165046691894531e+00,-5.199844390153884888e-02,-2.689768734853714705e-04
1.002888202667236328e+00,4.016935825347900391e+00,-5.222868919372558594e-02,5.636609159409999847e-03
9.801163077354431152e-01,3.950303316116333008e+00,-5.211398005485534668e-02,-1.858287258073687553e-03
9.750973582267761230e-01,3.937294006347656250e+00,-4.872081801295280457e-02,-2.034508856013417244e-03
1.004899501800537109e+00,4.093035697937011719e+00,-5.676575005054473877e-02,5.012588109821081161e-03
1.020711779594421387e+00,4.043293952941894531e+00,-5.327786877751350403e-02,-1.427855109795928001e-03
1.073231577873229980e+00,4.235694885253906250e+00,-5.477571487426757812e-02,-4.683901788666844368e-04
9.972054362297058105e-01,4.097385883331298828e+00,-5.614915490150451660e-02,5.535520613193511963e-04
9.933564662933349609e-01,4.032543659210205078e+00,-5.592448264360427856e-02,6.368385162204504013e-03
1.042314887046813965e+00,4.192266464233398438e+00,-5.236776918172836304e-02,3.727717790752649307e-03
1.011357069015502930e+00,4.077275276184082031e+00,-4.815965890884399414e-02,6.011660676449537277e-03
1.001635551452636719e+00,4.046292781829833984e+00,-4.426748305559158325e-02,-1.842420082539319992e-03
1.031781673431396484e+00,4.146693706512451172e+00,-4.845215007662773132e-02,-6.649418268352746964e-03
9.480172395706176758e-01,3.934051036834716797e+00,-5.288324505090713501e-02,-2.920491155236959457e-03
9.762704968452453613e-01,3.975251913070678711e+00,-4.645050317049026489e-02,4.392175469547510147e-03
1.045082211494445801e+00,4.173904895782470703e+00,-5.687677487730979919e-02,6.537743029184639454e-04
1.039347410202026367e+00,4.101309299468994141e+00,-5.694643780589103699e-02,1.107464544475078583e-03
1.050904750823974609e+00,4.128062248229980469e+00,-5.343909189105033875e-02,-3.587257815524935722e-03
1.042247176170349121e+00,4.128529548645019531e+00,-5.043397843837738037e-02,-7.200225722044706345e-03
9.896267056465148926e-01,3.966393709182739258e+00,-5.305505916476249695e-02,1.483793603256344795e-03
9.574492573738098145e-01,3.952260017395019531e+00,-5.166368186473846436e-02,5.771547555923461914e-03
9.787868857383728027e-01,4.046842575073242188e+00,-5.055097118020057678e-02,1.493833959102630615e-03
1.028944253921508789e+00,4.067713737487792969e+00,-4.773538932204246521e-02,1.137540326453745365e-03
1.003237009048461914e+00,4.071992874145507812e+00,-5.904595926403999329e-02,1.846991945058107376e-03
9.858678579330444336e-01,4.011231899261474609e+00,-5.213299393653869629e-02,-6.672081071883440018e-03
1.046619296073913574e+00,4.148859024047851562e+00,-5.078973621129989624e-02,4.643252119421958923e-03
9.350004792213439941e-01,3.882606267929077148e+00,-4.923480376601219177e-02,1.484062522649765015e-03
1.019330978393554688e+00,4.066758632659912109e+00,-4.633966088294982910e-02,-7.945157703943550587e-04
9.415585994720458984e-01,3.902469396591186523e+00,-4.894057661294937134e-02,2.393072005361318588e-03
1.003590822219848633e+00,4.040126323699951172e+00,-4.604529589414596558e-02,5.885128848603926599e-05
1.006389021873474121e+00,4.015746116638183594e+00,-5.766819417476654053e-02,-1.598651520907878876e-03
9.468561410903930664e-01,3.937521934509277344e+00,-4.971676319837570190e-02,-8.162545273080468178e-04
9.953812956809997559e-01,4.021424770355224609e+00,-5.102251097559928894e-02,-6.601021159440279007e-03
9.690361022949218750e-01,4.017524719238281250e+00,-5.403375625610351562e-02,-2.983065554872155190e-03
9.549199938774108887e-01,3.922953367233276367e+00,-5.155432969331741333e-02,-3.617178881540894508e-03
1.061207532882690430e+00,4.170253753662109375e+00,-4.893158376216888428e-02,-3.361182520166039467e-03
1.009108185768127441e+00,4.077283859252929688e+00,-5.380425974726676941e-02,5.727703683078289032e-03
9.670985937118530273e-01,3.948636770248413086e+00,-5.595448613166809082e-02,4.260833375155925751e-03
1.069519400596618652e+00,4.220249176025390625e+00,-4.736568033695220947e-02,-1.535048242658376694e-03
1.015546560287475586e+00,4.092733860015869141e+00,-5.450257658958435059e-02,-7.181462831795215607e-03
1.015071392059326172e+00,4.054008960723876953e+00,-5.709299072623252869e-02,-1.110131503082811832e-03
1.045024037361145020e+00,4.099166393280029297e+00,-5.429223179817199707e-02,5.245073698461055756e-04
1.009750127792358398e+00,4.038984775543212891e+00,-5.234050750732421875e-02,6.002245936542749405e-03
9.595437049865722656e-01,3.941260099411010742e+00,-5.873165279626846313e-02,-2.370212227106094360e-03
1.045141458511352539e+00,4.192562103271484375e+00,-5.117512866854667664e-02,-2.940751612186431885e-03
9.932463169097900391e-01,4.065629482269287109e+00,-5.090200528502464294e-02,6.363318767398595810e-03
1.072267413139343262e+00,4.192977428436279297e+00,-5.578579008579254150e-02,1.466581830754876137e-03
1.060324311256408691e+00,4.205320358276367188e+00,-5.552717670798301697e-02,3.279467346146702766e-03
9.593202471733093262e-01,3.918874263763427734e+00,-5.322222784161567688e-02,-2.723579294979572296e-03
9.533556103706359863e-01,3.960663557052612305e+00,-5.532318353652954102e-02,6.352627533487975597e-04
1.074196696281433105e+00,4.251027584075927734e+00,-5.139235034584999084e-02,-1.866938197053968906e-03
9.667675495147705078e-01,3.951507568359375000e+00,-4.775702208280563354e-02,4.942524246871471405e-04
1.023591279983520508e+00,4.125080585479736328e+00,-4.589545726776123047e-02,-3.396387910470366478e-04
9.894604086875915527e-01,4.004774570465087891e+00,-5.910891294479370117e-02,1.159413717687129974e-03
9.705209136009216309e-01,3.957185745239257812e+00,-5.352136120200157166e-02,-5.793962627649307251e-03
1.035248756408691406e+00,4.097707271575927734e+00,-4.986386373639106750e-02,3.992144949734210968e-03
1.012191534042358398e+00,4.061353683471679688e+00,-5.807257071137428284e-02,3.731617704033851624e-03
1.020367622375488281e+00,4.068713665008544922e+00,-4.793647676706314087e-02,-4.121961072087287903e-03
1.000981450080871582e+00,4.094509601593017578e+00,-5.599152296781539917e-02,1.922877272590994835e-03
1.032806396484375000e+00,4.129492282867431641e+00,-4.876846075057983398e-02,-6.537806242704391479e-03
9.758378863334655762e-01,3.964153051376342773e+00,-5.005706474184989929e-02,4.433460999280214310e-03
1.044883728027343750e+00,4.197623252868652344e+00,-5.458307638764381409e-02,5.763664958067238331e-04
9.641413688659667969e-01,3.929242134094238281e+00,-5.459056794643402100e-02,-3.777451580390334129e-03
1.002777814865112305e+00,4.115156650543212891e+00,-5.047502741217613220e-02,-2.690633758902549744e-03
1.061361789703369141e+00,4.148890495300292969e+00,-5.250054597854614258e-02,-3.971230762545019388e-04
1.077301263809204102e+00,4.237169742584228516e+00,-5.125232785940170288e-02,-6.305340211838483810e-04
9.768150448799133301e-01,3.985783100128173828e+00,-5.654931440949440002e-02,-6.946641951799392700e-03
1.002493739128112793e+00,4.101216793060302734e+00,-5.039942637085914612e-02,1.387559692375361919e-03
1.003466963768005371e+00,4.073858737945556641e+00,-4.591042175889015198e-02,1.265687518753111362e-03
9.881678819656372070e-01,3.979327201843261719e+00,-5.043704435229301453e-02,-2.919325837865471840e-03
9.428222179412841797e-01,3.906681776046752930e+00,-4.985539242625236511e-02,3.173905191943049431e-03
9.694036841392517090e-01,3.980813503265380859e+00,-5.639245361089706421e-02,-6.684432737529277802e-03
1.050495982170104980e+00,4.213071346282958984e+00,-4.896458983421325684e-02,-5.337854963727295399e-04
9.739410281181335449e-01,3.928519010543823242e+00,-5.223447084426879883e-02,-2.047469170065596700e-04
1.008397579193115234e+00,4.096745014190673828e+00,-5.777870863676071167e-02,-5.627508740872144699e-03
1.004118084907531738e+00,4.044667243957519531e+00,-5.058334022760391235e-02,7.205337285995483398e-03
1.038004398345947266e+00,4.159719467163085938e+00,-5.810056254267692566e-02,-3.375840606167912483e-03
9.760561585426330566e-01,3.983028173446655273e+00,-5.827939510345458984e-02,3.042569849640130997e-03
1.016364097595214844e+00,4.060992717742919922e+00,-5.960838496685028076e-02,-1.415708218701183796e-03
1.054212450981140137e+00,4.183724880218505859e+00,-4.719354584813117981e-02,6.276878411881625652e-04
1.032040834426879883e+00,4.168399810791015625e+00,-4.705386981368064880e-02,4.447688988875597715e-04
1.029997110366821289e+00,4.103397369384765625e+00,-4.678925126791000366e-02,3.605479374527931213e-03
1.022449135780334473e+00,4.157243251800537109e+00,-5.074481293559074402e-02,-1.457819016650319099e-03
1.049489617347717285e+00,4.121953010559082031e+00,-5.504973605275154114e-02,3.862642915919423103e-03
9.622636437416076660e-01,3.971595764160156250e+00,-5.147984251379966736e-02,4.561935085803270340e-03
9.428606033325195312e-01,3.898088455200195312e+00,-5.131832510232925415e-02,-4.292996600270271301e-03
1.018928289413452148e+00,4.091817378997802734e+00,-4.961504787206649780e-02,6.897234823554754257e-03
9.988350272178649902e-01,4.091115951538085938e+00,-5.047489330172538757e-02,2.830641344189643860e-03
1.067965149879455566e+00,4.230036258697509766e+00,-5.310389026999473572e-02,-4.729836247861385345e-03
1.004123806953430176e+00,4.087202548980712891e+00,-4.968875274062156677e-02,-7.509523071348667145e-03
1.079792141914367676e+00,4.262618064880371094e+00,-5.358006805181503296e-02,2.089349785819649696e-03
9.726920127868652344e-01,3.957898378372192383e+00,-5.754496529698371887e-02,-1.005897414870560169e-03
1.022065997123718262e+00,4.146663188934326172e+00,-4.991395026445388794e-02,-2.155957045033574104e-03
1.022427678108215332e+00,4.046749591827392578e+00,-5.496671050786972046e-02,-2.588695206213742495e-04
9.493951797485351562e-01,3.898286581039428711e+00,-4.910090565681457520e-02,2.301610074937343597e-04
9.581136107444763184e-01,3.941146135330200195e+00,-5.759395286440849304e-02,-1.127029536291956902e-03
9.786874055862426758e-01,3.952068328857421875e+00,-5.533754453063011169e-02,1.216741395182907581e-03
1.059392690658569336e+00,4.191401481628417969e+00,-5.736624822020530701e-02,6.865840987302362919e-04
1.014076590538024902e+00,4.102555751800537109e+00,-4.540630802512168884e-02,-1.642757095396518707e-03
9.931133985519409180e-01,3.973552465438842773e+00,-5.098706111311912537e-02,-1.666669966652989388e-03
9.716312289237976074e-01,3.980575084686279297e+00,-5.789918825030326843e-02,4.218831192702054977e-03
9.969570040702819824e-01,3.989289760589599609e+00,-5.016023665666580200e-02,2.786534372717142105e-03
1.039400696754455566e+00,4.185914993286132812e+00,-5.396906659007072449e-02,2.023280598223209381e-03
1.040810108184814453e+00,4.110661029815673828e+00,-5.818434804677963257e-02,-5.459547392092645168e-04
9.694669842720031738e-01,3.955495595932006836e+00,-5.664341896772384644e-02,4.689065273851156235e-03
9.681159257888793945e-01,4.027233600616455078e+00,-5.376848205924034119e-02,-8.555636159144341946e-04
1.032046318054199219e+00,4.150154590606689453e+00,-5.297625809907913208e-02,4.195297136902809143e-03
9.919466972351074219e-01,4.001858234405517578e+00,-5.958513915538787842e-02,-3.108103061094880104e-03
1.033076643943786621e+00,4.085103034973144531e+00,-4.910633340477943420e-02,-4.853328573517501354e-04
9.747474789619445801e-01,4.010866165161132812e+00,-4.974186792969703674e-02,-6.984032690525054932e-03
9.906002879142761230e-01,4.029123306274414062e+00,-5.333312973380088806e-02,5.858025513589382172e-03
1.050486207008361816e+00,4.152540683746337891e+00,-5.320725217461585999e-02,-5.107108969241380692e-03
1.030233144760131836e+00,4.099482059478759766e+00,-5.794296041131019592e-02,-4.112435504794120789e-03
1.016266584396362305e+00,4.042017459869384766e+00,-5.774434655904769897e-02,-5.436688079498708248e-04
1.063517212867736816e+00,4.209577083587646484e+00,-4.884119704365730286e-02,-3.545390907675027847e-03
1.032243251800537109e+00,4.101770401000976562e+00,-5.469696223735809326e-02,-6.340343039482831955e-03
1.003271341323852539e+00,4.022293567657470703e+00,-5.526968464255332947e-02,4.925487097352743149e-03
1.062584757804870605e+00,4.196820259094238281e+00,-5.623690038919448853e-02,2.856325358152389526e-03
9.600105881690979004e-01,3.913162708282470703e+00,-5.201248079538345337e-02,-2.772728679701685905e-03
1.006531596183776855e+00,4.097785472869873047e+00,-4.733851924538612366e-02,-1.901586190797388554e-03
1.059050798416137695e+00,4.169170379638671875e+00,-4.688332974910736084e-02,-2.512549050152301788e-03
1.046533465385437012e+00,4.154251098632812500e+00,-4.664509743452072144e-02,-3.749436000362038612e-03
1.012734055519104004e+00,4.107853889465332031e+00,-4.746153205633163452e-02,3.298024646937847137e-03
9.968803524971008301e-01,4.031640529632568359e+00,-4.551054164767265320e-02,-1.042335643433034420e-04
1.026811003684997559e+00,4.078050136566162109e+00,-5.734747648239135742e-02,-2.168059349060058594e-03
1.017738103866577148e+00,4.058557510375976562e+00,-5.141654610633850098e-02,-7.026625797152519226e-03
9.589955210685729980e-01,3.937939167022705078e+00,-5.683029815554618835e-02,-3.612583735957741737e-03
1.040148377418518066e+00,4.139880180358886719e+00,-5.288499966263771057e-02,-5.947844125330448151e-03
1.039219498634338379e+00,4.094150066375732422e+00,-5.189279839396476746e-02,-4.878552630543708801e-03
1.061223030090332031e+00,4.182474136352539062e+00,-4.965823888778686523e-02,-3.683587303385138512e-03
9.869881868362426758e-01,4.024181842803955078e+00,-5.187403038144111633e-02,7.999300025403499603e-03
1.078724980354309082e+00,4.217371463775634766e+00,-4.965771362185478210e-02,-1.623953925445675850e-03
1.010527372360229492e+00,4.113504409790039062e+00,-5.019851028919219971e-02,-4.916252568364143372e-03
9.729530811309814453e-01,4.030654430389404297e+00,-5.279852822422981262e-02,-3.204879350960254669e-03
9.651753902435302734e-01,4.012085437774658203e+00,-5.013119056820869446e-02,-3.936874680221080780e-03
1.018017292022705078e+00,4.042728424072265625e+00,-4.907056316733360291e-02,3.495254088193178177e-03
1.033664941787719727e+00,4.079556465148925781e+00,-5.412062630057334900e-02,3.660390153527259827e-03
1.034004688262939453e+00,4.149515151977539062e+00,-5.757082626223564148e-02,1.919515430927276611e-03
9.805234074592590332e-01,4.004067420959472656e+00,-4.624851420521736145e-02,7.728666532784700394e-04
1.090601086616516113e+00,4.263308525085449219e+00,-5.418557301163673401e-02,5.517592071555554867e-04
9.993762969970703125e-01,4.056243419647216797e+00,-4.557889327406883240e-02,2.644622232764959335e-03
9.816097617149353027e-01,3.992431163787841797e+00,-5.275430157780647278e-02,7.116294465959072113e-03
9.952356815338134766e-01,4.071112632751464844e+00,-5.505545064806938171e-02,-5.700603593140840530e-03
1.041149735450744629e+00,4.099872112274169922e+00,-5.094120278954505920e-02,1.213424489833414555e-03
1.036091446876525879e+00,4.142819404602050781e+00,-4.783162847161293030e-02,-5.533365998417139053e-03
9.999784827232360840e-01,4.085213661193847656e+00,-4.675647243857383728e-02,-1.450490439310669899e-03
9.550395011901855469e-01,3.896856784820556641e+00,-5.317822098731994629e-02,4.941627848893404007e-04
1.038853287696838379e+00,4.117802143096923828e+00,-5.181957036256790161e-02,-7.676672656089067459e-03
1.080965399742126465e+00,4.219093322753906250e+00,-4.965557530522346497e-02,2.137561386916786432e-04
9.995257258415222168e-01,4.002666473388671875e+00,-4.727260023355484009e-02,-2.464274410158395767e-03
9.708740711212158203e-01,3.998208761215209961e+00,-5.899112299084663391e-02,5.786972469650208950e-04
9.794323444366455078e-01,3.970176219940185547e+00,-4.822093248367309570e-02,4.683910869061946869e-03
1.024281859397888184e+00,4.113282203674316406e+00,-5.940009281039237976e-02,3.166285110637545586e-03
1.005421400070190430e+00,4.097976684570312500e+00,-5.144306644797325134e-02,-6.750987842679023743e-03
1.001209139823913574e+00,4.101008892059326172e+00,-5.739735066890716553e-02,-7.653356442460790277e-05
9.799182415008544922e-01,4.021886348724365234e+00,-5.447136610746383667e-02,-5.850606597959995270e-03
9.779492020606994629e-01,3.991515159606933594e+00,-4.647551849484443665e-02,-5.005415529012680054e-03
1.006003260612487793e+00,4.022716522216796875e+00,-4.881063103675842285e-02,1.064166193827986717e-03
9.810098409652709961e-01,3.975869894027709961e+00,-5.460264906287193298e-02,5.653554573655128479e-03
9.343497753143310547e-01,3.888360023498535156e+00,-5.503893271088600159e-02,3.944785858038812876e-04
9.446223378181457520e-01,3.885112285614013672e+00,-5.057691037654876709e-02,-1.546657411381602287e-03
1.058952212333679199e+00,4.213268280029296875e+00,-5.663374438881874084e-02,-2.142509911209344864e-03
9.670008420944213867e-01,3.948270320892333984e+00,-5.487912893295288086e-02,-4.028902389109134674e-03
1.001414060592651367e+00,4.098398208618164062e+00,-5.213947966694831848e-02,-3.405021503567695618e-03
1.046131253242492676e+00,4.137105941772460938e+00,-4.701325669884681702e-02,3.169153816998004913e-03
1.013718962669372559e+00,4.115068912506103516e+00,-4.921645298600196838e-02,-6.121160928159952164e-03
1.011225700378417969e+00,4.062271118164062500e+00,-6.048969551920890808e-02,-2.017834689468145370e-03
9.978514313697814941e-01,4.030047893524169922e+00,-5.527096241712570190e-02,-5.801763385534286499e-03
9.808273911476135254e-01,3.993823528289794922e+00,-5.146851763129234314e-02,6.127280183136463165e-03
9.801976084709167480e-01,4.026408672332763672e+00,-5.770472064614295959e-02,2.347576664760708809e-03
1.023505449295043945e+00,4.065456390380859375e+00,-5.385816469788551331e-02,5.887389648705720901e-03
1.014694571495056152e+00,4.059736728668212891e+00,-4.537146911025047302e-02,-1.681259833276271820e-03
1.042697429656982422e+00,4.170987606048583984e+00,-5.723591893911361694e-02,6.389829795807600021e-04
1.027025222778320312e+00,4.105805873870849609e+00,-5.972734093666076660e-02,-7.831533439457416534e-04
1.005475759506225586e+00,4.032767295837402344e+00,-5.608123913407325745e-02,-6.907187867909669876e-03
1.009110808372497559e+00,4.059822082519531250e+00,-5.893738567829132080e-02,3.623319324105978012e-03
1.001789093017578125e+00,4.097479343414306641e+00,-5.602928251028060913e-02,1.889887498691678047e-03
9.741893410682678223e-01,3.993456840515136719e+00,-4.740087687969207764e-02,3.355758963152766228e-03
9.914112687110900879e-01,4.017083644866943359e+00,-4.584443569183349609e-02,-4.999896627850830555e-04
9.398981332778930664e-01,3.886443614959716797e+00,-5.511245504021644592e-02,1.014055102132260799e-03
9.945380091667175293e-01,4.052029609680175781e+00,-5.520324036478996277e-02,-6.399521138519048691e-03
9.772668480873107910e-01,3.978516340255737305e+00,-4.882598295807838440e-02,5.291511770337820053e-03
1.013313412666320801e+00,4.047083377838134766e+00,-5.687209963798522949e-02,1.881595118902623653e-03
1.035297632217407227e+00,4.092192173004150391e+00,-5.590404570102691650e-02,1.557840500026941299e-03
1.083625197410583496e+00,4.245129108428955078e+00,-5.207313224673271179e-02,8.104275912046432495e-04
1.069312214851379395e+00,4.187045097351074219e+00,-5.530310422182083130e-02,-2.162885793950408697e-04
9.676339626312255859e-01,3.976979970932006836e+00,-5.260723829269409180e-02,6.609763484448194504e-03
1.005477428436279297e+00,4.076030254364013672e+00,-5.647983029484748840e-02,4.581703804433345795e-03
9.757686257362365723e-01,4.038454055786132812e+00,-5.338779464364051819e-02,2.278369385749101639e-03
1.060774326324462891e+00,4.166759490966796875e+00,-5.564278736710548401e-02,2.099390141665935516e-03
1.017991781234741211e+00,4.131273269653320312e+00,-5.708591639995574951e-02,-2.001048531383275986e-03
1.048262834548950195e+00,4.147943019866943359e+00,-5.855537578463554382e-02,2.012792043387889862e-03
1.001641869544982910e+00,4.011659622192382812e+00,-4.594695195555686951e-02,2.237624954432249069e-03
9.632283449172973633e-01,3.930563449859619141e+00,-5.646650120615959167e-02,-1.536572352051734924e-03
1.045963644981384277e+00,4.178436279296875000e+00,-5.478703603148460388e-02,-3.122379537671804428e-03
9.485180377960205078e-01,3.942257881164550781e+00,-4.828273132443428040e-02,-3.264002734795212746e-03
1.002161145210266113e+00,4.054380893707275391e+00,-5.365151911973953247e-02,-7.012548390775918961e-03
9.720077514648437500e-01,3.983012437820434570e+00,-5.538140982389450073e-02,-5.098322406411170959e-03
9.354149103164672852e-01,3.885630846023559570e+00,-5.468406528234481812e-02,3.938958980143070221e-04
1.042781352996826172e+00,4.140238285064697266e+00,-5.909195169806480408e-02,4.618909151758998632e-04
9.512565732002258301e-01,3.909381628036499023e+00,-5.659437179565429688e-02,6.158547475934028625e-04
9.931389689445495605e-01,4.000360965728759766e+00,-5.677768588066101074e-02,-6.307952105998992920e-03
9.815717935562133789e-01,4.024897575378417969e+00,-5.685836076736450195e-02,4.177680239081382751e-03
1.051653265953063965e+00,4.135257244110107422e+00,-5.569003149867057800e-02,-2.432718407362699509e-03
1.031804680824279785e+00,4.117390155792236328e+00,-4.876911640167236328e-02,4.152129404246807098e-03
9.935159087181091309e-01,3.981325387954711914e+00,-5.413230881094932556e-02,-2.881157910451292992e-03
9.956766963005065918e-01,4.027828216552734375e+00,-5.675665289163589478e-02,-7.071976084262132645e-03
1.043333292007446289e+00,4.178475379943847656e+00,-5.721690878272056580e-02,1.701586879789829254e-03
9.782479405403137207e-01,4.032290935516357422e+00,-5.638470873236656189e-02,-4.331008996814489365e-03
9.967312812805175781e-01,3.993504524230957031e+00,-5.275874212384223938e-02,-3.232782473787665367e-03
9.760764837265014648e-01,3.988096237182617188e+00,-5.824648961424827576e-02,-1.892621628940105438e-03
9.706259965896606445e-01,3.980346202850341797e+00,-5.210378021001815796e-02,5.953425541520118713e-03
9.774879813194274902e-01,4.021055698394775391e+00,-4.694304615259170532e-02,-2.253850921988487244e-03
1.026793837547302246e+00,4.164035797119140625e+00,-4.829982668161392212e-02,1.560216071084141731e-03
1.024285912513732910e+00,4.058892250061035156e+00,-5.185940116643905640e-02,-2.924928907305002213e-03
1.022589325904846191e+00,4.118373394012451172e+00,-5.820741876959800720e-02,-3.124318318441510201e-04
1.071906566619873047e+00,4.194186687469482422e+00,-5.058111622929573059e-02,-3.371850820258259773e-03
9.804030060768127441e-01,3.975535154342651367e+00,-5.725807696580886841e-02,-2.830148208886384964e-03
9.910717606544494629e-01,4.048935890197753906e+00,-4.485928639769554138e-02,-2.631533658131957054e-03
1.056144118309020996e+00,4.140524864196777344e+00,-5.202053487300872803e-02,2.331529743969440460e-03
9.589140415191650391e-01,3.929522275924682617e+00,-4.846709221601486206e-02,3.399821929633617401e-03
1.031865954399108887e+00,4.091256618499755859e+00,-5.131245777010917664e-02,-6.175137590616941452e-03
9.633539319038391113e-01,3.938254356384277344e+00,-4.961097612977027893e-02,2.979233162477612495e-03
9.611783623695373535e-01,3.965044260025024414e+00,-5.658332630991935730e-02,3.047724720090627670e-03
1.045247793197631836e+00,4.108906269073486328e+00,-5.152384936809539795e-02,2.080250764265656471e-03
9.645006060600280762e-01,3.914019346237182617e+00,-5.300964787602424622e-02,-4.561761161312460899e-04
9.606261253356933594e-01,3.970060586929321289e+00,-5.562085658311843872e-02,4.248864483088254929e-03
1.064202427864074707e+00,4.185467243194580078e+00,-4.844956099987030029e-02,3.282874124124646187e-03
1.052137017250061035e+00,4.133189678192138672e+00,-5.697938799858093262e-02,1.205177395604550838e-03
1.027086853981018066e+00,4.163156509399414062e+00,-5.060557648539543152e-02,1.744571723975241184e-03
1.039619445800781250e+00,4.176186561584472656e+00,-5.480369552969932556e-02,4.162215162068605423e-03
1.038044810295104980e+00,4.111500740051269531e+00,-4.625701531767845154e-02,-3.087573451921343803e-03
1.013369679450988770e+00,4.061900615692138672e+00,-5.725522711873054504e-02,2.899714978411793709e-03
9.433967471122741699e-01,3.890439271926879883e+00,-5.037638172507286072e-02,-7.428133976645767689e-04
1.064147949218750000e+00,4.199813365936279297e+00,-5.045807361602783203e-02,5.131338723003864288e-03
1.031954884529113770e+00,4.155036449432373047e+00,-5.509590730071067810e-02,-5.893239751458168030e-03
1.040801405906677246e+00,4.140012264251708984e+00,-5.787939205765724182e-02,-2.428930951282382011e-03
1.016064286231994629e+00,4.078940868377685547e+00,-5.454411357641220093e-02,6.485128309577703476e-03
9.776852130889892578e-01,4.046782493591308594e+00,-5.010315030813217163e-02,-1.413982594385743141e-03
1.034095287322998047e+00,4.074485301971435547e+00,-5.421499907970428467e-02,-3.267992287874221802e-03
1.018968820571899414e+00,4.135722637176513672e+00,-4.946019500494003296e-02,8.937507664086297154e-05
9.694201946258544922e-01,3.927707433700561523e+00,-5.123377218842506409e-02,-3.941648174077272415e-04
1.070885896682739258e+00,4.216016769409179688e+00,-5.708390474319458008e-02,1.543273334391415119e-03
9.950723648071289062e-01,3.995376110076904297e+00,-4.729009419679641724e-02,3.927057608962059021e-03
9.697625637054443359e-01,3.962173700332641602e+00,-4.994723573327064514e-02,-5.782844498753547668e-03
9.803806543350219727e-01,4.027174472808837891e+00,-5.638117343187332153e-02,4.775314126163721085e-03
1.021939277648925781e+00,4.078668117523193359e+00,-4.668597131967544556e-02,2.068551955744624138e-03
9.949072003364562988e-01,3.979783773422241211e+00,-5.335450172424316406e-02,8.283105853479355574e-05
9.954274296760559082e-01,4.062103748321533203e+00,-4.717795923352241516e-02,-6.290175952017307281e-03
9.893622398376464844e-01,4.001356124877929688e+00,-5.585712194442749023e-02,3.771512536332011223e-03
9.927471280097961426e-01,4.051715373992919922e+00,-4.940228536725044250e-02,5.455855745822191238e-03
9.683232903480529785e-01,3.949199199676513672e+00,-4.744210839271545410e-02,1.369989244267344475e-03
1.047901034355163574e+00,4.166308403015136719e+00,-5.461895838379859924e-02,-7.303413935005664825e-03
1.049756646156311035e+00,4.191655158996582031e+00,-5.440506711602210999e-02,-3.561371006071567535e-03
1.045388340950012207e+00,4.179958820343017578e+00,-5.293054506182670593e-02,-6.050955038517713547e-03
1.028159976005554199e+00,4.130940437316894531e+00,-5.623215064406394958e-02,-5.472397897392511368e-03
9.620250463485717773e-01,3.934461116790771484e+00,-4.721231013536453247e-02,-3.879452357068657875e-03
1.054016113281250000e+00,4.167592048645019531e+00,-5.843200907111167908e-02,-3.475194796919822693e-03
9.732377529144287109e-01,4.007366180419921875e+00,-4.622147977352142334e-02,-1.174560602521523833e-04
9.473974704742431641e-01,3.933687925338745117e+00,-5.065365135669708252e-02,-5.096529610455036163e-03
1.027783989906311035e+00,4.114164829254150391e+00,-4.710376262664794922e-02,5.663372576236724854e-03
9.937016367912292480e-01,4.089540958404541016e+00,-5.527973920106887817e-02,3.001734847202897072e-03
1.038865208625793457e+00,4.091305732727050781e+00,-5.064456164836883545e-02,3.513363655656576157e-03
9.678196310997009277e-01,4.002012729644775391e+00,-4.815972968935966492e-02,-1.121852546930313110e-03
9.735086560249328613e-01,3.947748184204101562e+00,-5.256367474794387817e-02,5.009539891034364700e-03
1.025718092918395996e+00,4.158141613006591797e+00,-4.950803890824317932e-02,-6.480145966634154320e-04
9.755523800849914551e-01,4.038720130920410156e+00,-5.176645144820213318e-02,-3.835904411971569061e-03
1.042447805404663086e+00,4.157199859619140625e+00,-5.963204428553581238e-02,4.255850508343428373e-04
9.863116145133972168e-01,3.970025777816772461e+00,-5.215918272733688354e-02,-4.791989456862211227e-03
1.027734756469726562e+00,4.112845897674560547e+00,-5.767606943845748901e-02,-5.446463823318481445e-03
9.810392260551452637e-01,3.962939977645874023e+00,-5.729936435818672180e-02,6.574945291504263878e-04
1.076592445373535156e+00,4.214816570281982422e+00,-5.089668557047843933e-02,5.228040972724556923e-04
1.038302063941955566e+00,4.109502315521240234e+00,-5.744756758213043213e-02,2.647849498316645622e-03
9.509030580520629883e-01,3.965066909790039062e+00,-5.506801232695579529e-02,-1.516984775662422180e-03
9.828562140464782715e-01,3.959828376770019531e+00,-4.865621402859687805e-02,-3.097502049058675766e-03
1.017376303672790527e+00,4.137305736541748047e+00,-4.801133647561073303e-02,-3.698936779983341694e-04
1.071976542472839355e+00,4.246318340301513672e+00,-5.169368907809257507e-02,6.111932452768087387e-04
1.011586189270019531e+00,4.076813220977783203e+00,-5.750462785363197327e-02,-7.017323281615972519e-03
9.657856225967407227e-01,3.957936525344848633e+00,-5.833884701132774353e-02,-2.473911503329873085e-03
9.882072806358337402e-01,4.060662746429443359e+00,-5.582061409950256348e-02,4.526970442384481430e-03
1.045389294624328613e+00,4.170598030090332031e+00,-4.748969897627830505e-02,4.586186725646257401e-03
9.483803510665893555e-01,3.933340311050415039e+00,-5.641536414623260498e-02,-1.340720220468938351e-03
9.795343875885009766e-01,4.015562534332275391e+00,-4.556000977754592896e-02,-1.290877698920667171e-03
1.024925589561462402e+00,4.120857715606689453e+00,-5.801491066813468933e-02,4.287953488528728485e-03
9.649950861930847168e-01,3.927376747131347656e+00,-5.666835233569145203e-02,1.290877698920667171e-03
1.028237938880920410e+00,4.158187389373779297e+00,-5.544437468051910400e-02,5.732734280172735453e-05
9.814556837081909180e-01,4.018952369689941406e+00,-4.832893237471580505e-02,5.928589031100273132e-03
1.061903715133666992e+00,4.169789314270019531e+00,-4.969668015837669373e-02,-8.645728230476379395e-04
9.523894190788269043e-01,3.915371179580688477e+00,-4.819360002875328064e-02,-3.312346816528588533e-04
1.052048087120056152e+00,4.141804695129394531e+00,-5.656101554632186890e-02,1.486348686739802361e-03
9.902943968772888184e-01,4.089834213256835938e+00,-5.289435386657714844e-02,6.896319682709872723e-04
1.064940094947814941e+00,4.188642978668212891e+00,-4.767327755689620972e-02,6.839843699708580971e-04
1.018181920051574707e+00,4.089191436767578125e+00,-4.568388685584068298e-02,4.550100769847631454e-03
1.079021573066711426e+00,4.207304477691650391e+00,-5.431352928280830383e-02,-1.321043237112462521e-03
1.065510153770446777e+00,4.171024322509765625e+00,-5.313301086425781250e-02,9.020441211760044098e-04
9.870635867118835449e-01,3.995983839035034180e+00,-5.504764243960380554e-02,-6.412231363356113434e-03
1.059663772583007812e+00,4.208379745483398438e+00,-5.712984129786491394e-02,-4.346391360741108656e-04
9.640460610389709473e-01,3.955743074417114258e+00,-5.388283357024192810e-02,-5.702105350792407990e-03
9.652951955795288086e-01,4.005760192871093750e+00,-4.767268151044845581e-02,-2.925870008766651154e-03
9.750706553459167480e-01,3.957484245300292969e+00,-4.979040473699569702e-02,-4.954042378813028336e-03
1.056835770606994629e+00,4.136285305023193359e+00,-5.046350508928298950e-02,-2.402753802016377449e-03
9.832849502563476562e-01,4.034430027008056641e+00,-4.686284437775611877e-02,3.310306463390588760e-03
1.001267313957214355e+00,3.991524219512939453e+00,-5.020758137106895447e-02,-5.956624518148601055e-04
1.009214520454406738e+00,4.035496711730957031e+00,-4.663835838437080383e-02,-5.771284922957420349e-04
1.009870290756225586e+00,4.026255130767822266e+00,-4.947584867477416992e-02,1.113515696488320827e-03
1.008801937103271484e+00,4.029570102691650391e+00,-4.948898032307624817e-02,5.233458708971738815e-03
9.578011035919189453e-01,3.971500396728515625e+00,-5.472974479198455811e-02,-4.896819591522216797e-03
1.060159444808959961e+00,4.164037227630615234e+00,-4.929341003298759460e-02,3.732245182618498802e-03
1.060250997543334961e+00,4.157021045684814453e+00,-5.535421147942543030e-02,1.596746616996824741e-03
9.832066297531127930e-01,4.063995361328125000e+00,-5.100559070706367493e-02,1.622922951355576515e-03
1.005595803260803223e+00,4.038489818572998047e+00,-4.490053281188011169e-02,-2.326621674001216888e-03
1.075693607330322266e+00,4.195334911346435547e+00,-5.071601271629333496e-02,-2.755986759439110756e-03
9.996135830879211426e-01,4.023197650909423828e+00,-4.716987907886505127e-02,-3.874005982652306557e-03
1.056246638298034668e+00,4.189815998077392578e+00,-5.354731902480125427e-02,-7.561031379736959934e-04
9.673027992248535156e-01,3.979711532592773438e+00,-5.225699767470359802e-02,4.045936278998851776e-03
1.005284905433654785e+00,4.016395092010498047e+00,-5.118088424205780029e-02,7.315406692214310169e-04
1.000342130661010742e+00,4.054435253143310547e+00,-4.829301685094833374e-02,2.856773557141423225e-03
1.016628623008728027e+00,4.066811084747314453e+00,-4.751622304320335388e-02,-1.153942503151483834e-04
9.761121273040771484e-01,4.000639915466308594e+00,-5.523093789815902710e-02,3.578628646209836006e-03
1.010650873184204102e+00,4.089947223663330078e+00,-5.771777778863906860e-02,8.299700566567480564e-04
9.984648227691650391e-01,4.046525001525878906e+00,-5.689313262701034546e-02,3.642818424850702286e-03
9.732648730278015137e-01,4.018098831176757812e+00,-5.314734950661659241e-02,-1.273710746318101883e-03
9.947946667671203613e-01,4.080347537994384766e+00,-5.371790751814842224e-02,-2.214159583672881126e-03
1.045141577720642090e+00,4.168478488922119141e+00,-4.784712940454483032e-02,-6.841636495664715767e-04
1.042827129364013672e+00,4.169299125671386719e+00,-5.191415548324584961e-02,-2.973630093038082123e-03
9.914754629135131836e-01,4.051829338073730469e+00,-5.155596137046813965e-02,-5.132818128913640976e-03
1.048501968383789062e+00,4.134531974792480469e+00,-5.461559072136878967e-02,1.713913283310830593e-03
1.024440646171569824e+00,4.097334861755371094e+00,-5.318300053477287292e-02,-5.772937089204788208e-03
1.061097979545593262e+00,4.170732975006103516e+00,-5.467421561479568481e-02,7.485274545615538955e-05
9.658164978027343750e-01,3.944426298141479492e+00,-5.043704435229301453e-02,2.138072391971945763e-03
1.022063851356506348e+00,4.067707538604736328e+00,-5.448594316840171814e-02,9.396948735229671001e-04
9.792353510856628418e-01,4.009955406188964844e+00,-5.030151456594467163e-02,-4.792796913534402847e-03
9.895220398902893066e-01,3.995097160339355469e+00,-4.851629212498664856e-02,8.553843363188207150e-04
1.060158252716064453e+00,4.171642303466796875e+00,-5.460987612605094910e-02,-2.323348744539543986e-04
9.993266463279724121e-01,4.009426593780517578e+00,-5.459045991301536560e-02,1.724491361528635025e-03
9.789361953735351562e-01,4.021313667297363281e+00,-5.418670922517776489e-02,3.614489221945405006e-03
9.835370779037475586e-01,3.982457637786865234e+00,-5.671788007020950317e-02,-1.561359153129160404e-03
1.012872338294982910e+00,4.045691013336181641e+00,-5.048628151416778564e-02,-2.668400993570685387e-03
9.926546812057495117e-01,4.065889358520507812e+00,-4.816118255257606506e-02,-5.935558001510798931e-04
9.538346529006958008e-01,3.944701910018920898e+00,-5.489644408226013184e-02,5.150947254151105881e-04
9.968515038490295410e-01,4.004571437835693359e+00,-5.260175094008445740e-02,1.980160595849156380e-03
1.022166132926940918e+00,4.081503868103027344e+00,-5.251884087920188904e-02,4.512625280767679214e-03
9.990997910499572754e-01,4.051372528076171875e+00,-4.796804487705230713e-02,-5.056923720985651016e-03
9.985140562057495117e-01,4.057229518890380859e+00,-4.773604869842529297e-02,-3.178499871864914894e-03
9.768986105918884277e-01,3.964912414550781250e+00,-5.560696497559547424e-02,-2.175835892558097839e-03
1.048432826995849609e+00,4.150739192962646484e+00,-5.503624305129051208e-02,-1.903625903651118279e-03
1.025031566619873047e+00,4.098190307617187500e+00,-5.081653967499732971e-02,-6.082426756620407104e-03
1.018476605415344238e+00,4.139763355255126953e+00,-5.246498063206672668e-02,1.599249226273968816e-04
1.029782414436340332e+00,4.145248889923095703e+00,-4.929038882255554199e-02,-2.773737069219350815e-03
1.020216464996337891e+00,4.122274398803710938e+00,-4.964703693985939026e-02,-4.690769128501415253e-03
1.031986832618713379e+00,4.092980861663818359e+00,-5.069834366440773010e-02,-3.184461500495672226e-03
1.024349331855773926e+00,4.075336933135986328e+00,-5.458458140492439270e-02,3.352934960275888443e-03
1.018980741500854492e+00,4.063107967376708984e+00,-5.580982565879821777e-02,-3.088604426011443138e-03
1.003687858581542969e+00,4.079916000366210938e+00,-4.824034497141838074e-02,1.485586515627801418e-03
1.011130928993225098e+00,4.077138423919677734e+00,-5.802557244896888733e-02,-2.051138086244463921e-03
9.790425300598144531e-01,3.964576005935668945e+00,-5.232819914817810059e-02,-8.491763728670775890e-04
1.026751279830932617e+00,4.099398612976074219e+00,-5.012226477265357971e-02,-4.849078133702278137e-03
9.808163642883300781e-01,4.035740852355957031e+00,-5.219187587499618530e-02,3.504667663946747780e-03
9.882290959358215332e-01,4.030508518218994141e+00,-5.125949531793594360e-02,5.469753406941890717e-03
1.006908535957336426e+00,4.028363227844238281e+00,-4.818851500749588013e-02,1.962755632121115923e-04
1.032154798507690430e+00,4.089368343353271484e+00,-5.365744233131408691e-02,7.046922110021114349e-04
1.033154964447021484e+00,4.106164455413818359e+00,-5.031846836209297180e-02,2.914865734055638313e-03
9.831242561340332031e-01,3.999133110046386719e+00,-5.588648840785026550e-02,-4.065973218530416489e-03
1.009619593620300293e+00,4.108985900878906250e+00,-5.444572865962982178e-02,-2.005956368520855904e-03
1.015128254890441895e+00,4.103726387023925781e+00,-5.461672693490982056e-02,-4.384868312627077103e-03
9.965060353279113770e-01,4.010045528411865234e+00,-5.131323263049125671e-02,-4.777577705681324005e-03
9.982726573944091797e-01,4.008146286010742188e+00,-5.526795238256454468e-02,1.477877143770456314e-03
1.058876872062683105e+00,4.187264442443847656e+00,-5.184971168637275696e-02,-1.032857922837138176e-03
9.915448427200317383e-01,3.989146709442138672e+00,-5.433532968163490295e-02,2.075258817058056593e-04
9.707847237586975098e-01,3.956803560256958008e+00,-5.485986545681953430e-02,9.383501601405441761e-04
1.013557553291320801e+00,4.034198284149169922e+00,-5.169777944684028625e-02,-1.517836353741586208e-03
1.041388154029846191e+00,4.133341312408447266e+00,-5.432006716728210449e-02,3.068791935220360756e-03
1.047015905380249023e+00,4.177326202392578125e+00,-5.540812388062477112e-02,7.448527612723410130e-04
9.706966280937194824e-01,3.952219963073730469e+00,-5.143007636070251465e-02,-1.692062127403914928e-03
9.891580939292907715e-01,4.055938720703125000e+00,-5.389030650258064270e-02,2.533817896619439125e-03
9.731890559196472168e-01,3.950967073440551758e+00,-5.190565064549446106e-02,2.490070182830095291e-03
1.051767468452453613e+00,4.160881519317626953e+00,-5.287015810608863831e-02,3.502784762531518936e-03
1.036017894744873047e+00,4.157691955566406250e+00,-5.536670237779617310e-02,-1.249394495971500874e-03
1.026047706604003906e+00,4.143080711364746094e+00,-5.224579945206642151e-02,-3.460806095972657204e-03
1.034257054328918457e+00,4.146892070770263672e+00,-5.517445132136344910e-02,-3.004177706316113472e-03
1.005766034126281738e+00,4.046999454498291016e+00,-5.575213208794593811e-02,-4.247161094099283218e-03
1.052700877189636230e+00,4.143755912780761719e+00,-5.207898095250129700e-02,-2.292241901159286499e-03
9.713954329490661621e-01,3.965866804122924805e+00,-4.849408566951751709e-02,-6.855531828477978706e-04
1.020053505897521973e+00,4.093652248382568359e+00,-5.655619874596595764e-02,-4.698187578469514847e-03
9.966478347778320312e-01,4.007046699523925781e+00,-4.802533611655235291e-02,2.533339720685034990e-04
9.860052466392517090e-01,4.039701461791992188e+00,-4.845814034342765808e-02,1.463438384234905243e-04
1.017698884010314941e+00,4.084920883178710938e+00,-4.917997494339942932e-02,4.422836937010288239e-03
1.012145876884460449e+00,4.084026336669921875e+00,-5.703007429838180542e-02,3.102499991655349731e-03
9.858244657516479492e-01,4.005063056945800781e+00,-5.641641095280647278e-02,-4.703836049884557724e-03
1.007598280906677246e+00,4.028892517089843750e+00,-5.329592153429985046e-02,-2.098852302879095078e-03
1.017914175987243652e+00,4.127841949462890625e+00,-5.400154367089271545e-02,-3.216017968952655792e-03
9.918962717056274414e-01,3.999723672866821289e+00,-4.786352068185806274e-02,-2.257391810417175293e-03
1.024406075477600098e+00,4.107007503509521484e+00,-5.674206838011741638e-02,-3.149632830172777176e-03
9.854128360748291016e-01,4.033153533935546875e+00,-5.639572069048881531e-02,-3.768979804590344429e-03
1.018024921417236328e+00,4.076024055480957031e+00,-5.637455359101295471e-02,3.434874815866351128e-03
1.008462786674499512e+00,4.098971843719482422e+00,-5.493477731943130493e-02,2.341077197343111038e-03
1.002095699310302734e+00,4.048108100891113281e+00,-5.414531752467155457e-02,-5.629144608974456787e-03
1.014078855514526367e+00,4.094006061553955078e+00,-4.637470096349716187e-02,-7.948967395350337029e-04
9.927734732627868652e-01,4.073435783386230469e+00,-5.419739335775375366e-02,1.549862208776175976e-03
9.739079475402832031e-01,3.986814498901367188e+00,-4.766049236059188843e-02,-3.154003061354160309e-03
1.027769207954406738e+00,4.102008342742919922e+00,-5.759210884571075439e-02,-1.724625704810023308e-03
1.007854580879211426e+00,4.039175510406494141e+00,-4.912997782230377197e-02,1.485227956436574459e-03
1.009923458099365234e+00,4.065658092498779297e+00,-5.000815913081169128e-02,-5.717885680496692657e-03
1.025705218315124512e+00,4.145265102386474609e+00,-5.429616943001747131e-02,-2.666294341906905174e-03
9.664149284362792969e-01,3.988305091857910156e+00,-5.455044656991958618e-02,-2.860763110220432281e-03
9.955372810363769531e-01,4.072665214538574219e+00,-5.390007421374320984e-02,2.219023182988166809e-03
9.958982467651367188e-01,3.996326923370361328e+00,-5.052576214075088501e-02,-6.781127303838729858e-04
1.042347908020019531e+00,4.174714565277099609e+00,-5.125071853399276733e-02,2.338163554668426514e-03
1.040685296058654785e+00,4.154586315155029297e+00,-4.913281649351119995e-02,-2.970425179228186607e-03
1.017235875129699707e+00,4.062074661254882812e+00,-5.343674495816230774e-02,-4.436442162841558456e-03
1.056486845016479492e+00,4.153874397277832031e+00,-5.117894709110260010e-02,6.763639976270496845e-05
1.055860042572021484e+00,4.166258811950683594e+00,-5.137734115123748779e-02,-1.420974964275956154e-03
9.558640122413635254e-01,3.932291984558105469e+00,-5.345810204744338989e-02,-1.352889579720795155e-03
1.026025414466857910e+00,4.108248710632324219e+00,-5.520896241068840027e-02,3.400180255994200706e-03
9.736201763153076172e-01,3.987314462661743164e+00,-5.188410729169845581e-02,4.914235323667526245e-03
9.583154320716857910e-01,3.934267520904541016e+00,-5.530173704028129578e-02,-2.087444765493273735e-03
1.031623840332031250e+00,4.092605113983154297e+00,-4.916048422455787659e-02,-2.157955314032733440e-04
9.963518381118774414e-01,4.030869960784912109e+00,-4.699896648526191711e-02,-1.529804081656038761e-03
1.039897203445434570e+00,4.112579345703125000e+00,-5.119995772838592529e-02,-2.825262490659952164e-03
1.013333559036254883e+00,4.088739395141601562e+00,-5.798808112740516663e-02,1.228440087288618088e-03
9.659599661827087402e-01,3.994566440582275391e+00,-5.231235921382904053e-02,2.505220472812652588e-03
9.980782866477966309e-01,4.068734645843505859e+00,-4.759152606129646301e-02,-1.477137557230889797e-03
9.941067099571228027e-01,4.045385837554931641e+00,-5.791138857603073120e-02,-2.051586285233497620e-03
1.005841135978698730e+00,4.054058074951171875e+00,-4.873621463775634766e-02,-4.871334880590438843e-03
1.039150714874267578e+00,4.139222621917724609e+00,-5.489395931363105774e-02,3.763264510780572891e-03
1.007670283317565918e+00,4.053108692169189453e+00,-4.849218204617500305e-02,3.139659529551863670e-03
9.874554872512817383e-01,4.012358188629150391e+00,-5.822493135929107666e-02,1.025977660901844501e-03
9.780574440956115723e-01,4.003014087677001953e+00,-5.430407077074050903e-02,4.696327727288007736e-03
1.000686168670654297e+00,4.021318912506103516e+00,-5.315982177853584290e-02,4.431623499840497971e-03
1.002692580223083496e+00,4.082711696624755859e+00,-5.657228082418441772e-02,5.976569955237209797e-04
9.682331085205078125e-01,3.999511718750000000e+00,-5.494398623704910278e-02,-1.920479000546038151e-03
9.768295884132385254e-01,3.965234756469726562e+00,-5.337734520435333252e-02,1.866176142357289791e-03
9.675069451332092285e-01,3.994672536849975586e+00,-4.927248880267143250e-02,-1.883455435745418072e-03
9.984589219093322754e-01,4.017684459686279297e+00,-5.241764336824417114e-02,-4.980760160833597183e-03
1.007321119308471680e+00,4.034804344177246094e+00,-5.523437634110450745e-02,2.783127827569842339e-03
9.988746047019958496e-01,4.011619567871093750e+00,-5.055427178740501404e-02,-3.696631640195846558e-03
1.015144109725952148e+00,4.070343971252441406e+00,-5.434389412403106689e-02,-5.328025203198194504e-03
9.737073779106140137e-01,3.954964637756347656e+00,-5.173981934785842896e-02,-2.457640366628766060e-03
9.661951661109924316e-01,3.969124794006347656e+00,-5.582590401172637939e-02,-2.006449503824114799e-03
9.723662734031677246e-01,3.972756385803222656e+00,-4.882327839732170105e-02,2.821810776367783546e-03
1.035011887550354004e+00,4.157941341400146484e+00,-5.517816916108131409e-02,-1.418307889252901077e-03
9.633780121803283691e-01,3.940877914428710938e+00,-5.199949070811271667e-02,2.938667079433798790e-03
9.887976646423339844e-01,4.001696586608886719e+00,-5.450041592121124268e-02,3.232311923056840897e-03
1.007212162017822266e+00,4.099143981933593750e+00,-5.596265569329261780e-02,-2.269718563184142113e-03
1.032147407531738281e+00,4.138107776641845703e+00,-4.781190305948257446e-02,-2.644398016855120659e-03
1.044629335403442383e+00,4.169014930725097656e+00,-4.805573448538780212e-02,-6.231383886188268661e-04
1.011406064033508301e+00,4.057111740112304688e+00,-4.695933312177658081e-02,-8.383741951547563076e-04
1.010472655296325684e+00,4.033944606781005859e+00,-5.081981420516967773e-02,-2.886089205276221037e-04
9.947997331619262695e-01,4.021002292633056641e+00,-5.715567246079444885e-02,8.344075176864862442e-04
9.813600778579711914e-01,4.048579692840576172e+00,-5.178647115826606750e-02,1.378505490720272064e-03
1.001833319664001465e+00,4.089345932006835938e+00,-5.464946851134300232e-02,9.195248712785542011e-04
1.004400968551635742e+00,4.094716548919677734e+00,-4.953914135694503784e-02,-2.871655160561203957e-03
1.015613555908203125e+00,4.068655014038085938e+00,-4.901700466871261597e-02,3.900161711499094963e-03
1.036049962043762207e+00,4.142714023590087891e+00,-5.459683761000633240e-02,-4.860060755163431168e-03
9.889829754829406738e-01,3.991377830505371094e+00,-5.537133291363716125e-02,-2.501740236766636372e-04
1.009293913841247559e+00,4.096809864044189453e+00,-5.652314797043800354e-02,-3.656378481537103653e-03
9.695219993591308594e-01,3.970537424087524414e+00,-5.237821117043495178e-02,4.450719337910413742e-03
1.023619413375854492e+00,4.093632698059082031e+00,-5.350792780518531799e-02,-5.838210694491863251e-03
9.812886714935302734e-01,3.974990606307983398e+00,-4.992128908634185791e-02,-9.948243678081780672e-05
9.945716261863708496e-01,3.996913909912109375e+00,-5.032535269856452942e-02,-1.940537360496819019e-03
9.962463378906250000e-01,4.033432960510253906e+00,-5.812849476933479309e-02,1.207956229336559772e-03
1.011196732521057129e+00,4.041212081909179688e+00,-5.141534283757209778e-02,3.348004305735230446e-03
9.996889829635620117e-01,4.085250377655029297e+00,-5.119138583540916443e-02,3.005903447046875954e-03
9.931433200836181641e-01,4.078494071960449219e+00,-5.295833945274353027e-02,4.092698509339243174e-04
1.028080701828002930e+00,4.116384029388427734e+00,-5.490293726325035095e-02,3.933825995773077011e-03
1.012367129325866699e+00,4.064628601074218750e+00,-5.076418071985244751e-02,5.286849569529294968e-03
1.042787551879882812e+00,4.123542785644531250e+00,-5.548481270670890808e-02,1.747171627357602119e-03
1.004778027534484863e+00,4.066461086273193359e+00,-5.538731440901756287e-02,4.456008784472942352e-03
9.732444286346435547e-01,3.965542554855346680e+00,-4.910133779048919678e-02,1.219878904521465302e-03
9.909304380416870117e-01,4.023443222045898438e+00,-5.758105590939521790e-02,-3.203153377398848534e-03
1.005562305450439453e+00,4.092022895812988281e+00,-4.890878498554229736e-02,-2.570371842011809349e-03
9.681011438369750977e-01,3.942649602890014648e+00,-4.910306259989738464e-02,-7.573357434011995792e-04
1.028475761413574219e+00,4.108551502227783203e+00,-5.241321027278900146e-02,-5.567055661231279373e-03
1.055740356445312500e+00,4.195934295654296875e+00,-5.076541006565093994e-02,3.981539630331099033e-04
9.588908553123474121e-01,3.931842565536499023e+00,-5.397507920861244202e-02,-4.222010029479861259e-04
1.016799926757812500e+00,4.130434513092041016e+00,-5.049819126725196838e-02,-7.292323280125856400e-04
1.049581170082092285e+00,4.181480407714843750e+00,-5.450968816876411438e-02,-7.421858608722686768e-04
1.025113344192504883e+00,4.103076934814453125e+00,-5.027332901954650879e-02,-5.743349436670541763e-03
1.040942907333374023e+00,4.166219234466552734e+00,-4.810830950736999512e-02,1.272944791708141565e-05
1.023667931556701660e+00,4.085761547088623047e+00,-5.481119453907012939e-02,3.222046885639429092e-03
1.006217479705810547e+00,4.054924011230468750e+00,-4.639413952827453613e-02,-1.140719905379228294e-05
1.014519453048706055e+00,4.050679206848144531e+00,-5.013939738273620605e-02,-3.951823804527521133e-03
9.722972512245178223e-01,4.005322456359863281e+00,-4.934240877628326416e-02,-2.050382609013468027e-04
1.029194116592407227e+00,4.093378543853759766e+00,-5.457665398716926575e-02,-4.574733786284923553e-03
9.617993831634521484e-01,3.946388006210327148e+00,-4.824799671769142151e-02,-7.131187594495713711e-04
1.010568976402282715e+00,4.045725822448730469e+00,-4.987838864326477051e-02,4.179697483777999878e-03
1.008760094642639160e+00,4.085513114929199219e+00,-5.789263918995857239e-02,1.519337994977831841e-03
9.934105873107910156e-01,4.057176589965820312e+00,-5.463425070047378540e-02,3.921051044017076492e-03
9.743570089340209961e-01,3.954942703247070312e+00,-5.016553401947021484e-02,-1.708220690488815308e-03
9.818266034126281738e-01,3.991876602172851562e+00,-4.820456728339195251e-02,-1.223666477017104626e-03
9.972158670425415039e-01,4.052749633789062500e+00,-5.775663256645202637e-02,-3.274267772212624550e-03
1.009739279747009277e+00,4.116443157196044922e+00,-5.349702015519142151e-02,-2.324088942259550095e-03
9.777086377143859863e-01,4.019509315490722656e+00,-5.605467408895492554e-02,1.283257850445806980e-03
1.048980474472045898e+00,4.144874572753906250e+00,-4.956135898828506470e-02,-2.632721560075879097e-03
1.051481723785400391e+00,4.197175979614257812e+00,-5.212835222482681274e-02,8.935728110373020172e-04
1.050764799118041992e+00,4.162233352661132812e+00,-5.570143088698387146e-02,1.311540836468338966e-03
9.821963310241699219e-01,4.027600765228271484e+00,-5.596249923110008240e-02,2.441571094095706940e-03
9.656359553337097168e-01,3.977967977523803711e+00,-5.383830890059471130e-02,-3.854776034131646156e-03
9.876863360404968262e-01,4.008041858673095703e+00,-4.850287362933158875e-02,2.378369914367794991e-03
1.002537965774536133e+00,4.045333385467529297e+00,-4.679717123508453369e-02,1.609610626474022865e-03
1.018320918083190918e+00,4.078304767608642578e+00,-5.590744689106941223e-02,3.583873156458139420e-03
1.002548933029174805e+00,4.026741027832031250e+00,-5.464097112417221069e-02,4.076955839991569519e-03
1.031703591346740723e+00,4.096900939941406250e+00,-4.920334741473197937e-02,-9.715858614072203636e-04
1.011880755424499512e+00,4.036806106567382812e+00,-4.926178976893424988e-02,-3.339239628985524178e-04
9.936533570289611816e-01,4.019571304321289062e+00,-5.633775889873504639e-02,2.451432403177022934e-03
1.005732655525207520e+00,4.059057712554931641e+00,-5.564258247613906860e-02,-5.702038295567035675e-03
1.034298062324523926e+00,4.114580154418945312e+00,-4.791620373725891113e-02,-1.088616787455976009e-03
9.835354685783386230e-01,3.994726419448852539e+00,-5.432526394724845886e-02,4.324173089116811752e-03
9.794959425926208496e-01,4.027111530303955078e+00,-4.941124469041824341e-02,2.538300352171063423e-03
9.978149533271789551e-01,4.048098564147949219e+00,-5.408024042844772339e-02,5.514672026038169861e-03
9.898720979690551758e-01,3.994540452957153320e+00,-5.401370674371719360e-02,3.731438424438238144e-03
9.589291810989379883e-01,3.951779127120971680e+00,-5.613933131098747253e-02,-1.466402551159262657e-03
1.030523419380187988e+00,4.135367870330810547e+00,-4.840678349137306213e-02,-1.999524421989917755e-03
1.005391716957092285e+00,4.094993591308593750e+00,-4.931587353348731995e-02,2.309521427378058434e-03
9.776558279991149902e-01,3.974446058273315430e+00,-5.419395491480827332e-02,3.745334222912788391e-03
9.803325533866882324e-01,3.996491193771362305e+00,-5.618966743350028992e-02,-4.589324817061424255e-03
1.002817869186401367e+00,4.029805183410644531e+00,-5.426106229424476624e-02,-1.256364397704601288e-03
1.026128292083740234e+00,4.106229305267333984e+00,-4.886243492364883423e-02,1.818753662519156933e-03
9.949262142181396484e-01,4.031686782836914062e+00,-5.189154669642448425e-02,3.345359582453966141e-03
9.736995697021484375e-01,3.994030237197875977e+00,-5.632886663079261780e-02,-9.046663180924952030e-04
1.014771103858947754e+00,4.052793025970458984e+00,-5.470067262649536133e-02,-1.872227294370532036e-03
1.016931295394897461e+00,4.100253105163574219e+00,-4.782313853502273560e-02,-5.261209444142878056e-04
1.022974491119384766e+00,4.116640090942382812e+00,-5.303750932216644287e-02,-3.419589716941118240e-03
9.922292232513427734e-01,4.052744388580322266e+00,-4.992512613534927368e-02,1.464744098484516144e-03
9.896998405456542969e-01,4.003901958465576172e+00,-4.931042715907096863e-02,-2.584154950454831123e-03
9.915112257003784180e-01,3.994900703430175781e+00,-5.201944336295127869e-02,-1.243119360879063606e-03
9.855804443359375000e-01,4.009483337402343750e+00,-5.623333901166915894e-02,-9.202419896610081196e-04
1.004635691642761230e+00,4.062006473541259766e+00,-5.694009736180305481e-02,1.109392032958567142e-03
1.009148359298706055e+00,4.051034450531005859e+00,-5.155564472079277039e-02,2.791778882965445518e-03
1.019519329071044922e+00,4.125871181488037109e+00,-5.156579241156578064e-02,-1.331688486970961094e-03
9.935961961746215820e-01,4.039573669433593750e+00,-5.687836930155754089e-02,1.781864440999925137e-03
9.942858815193176270e-01,4.034390926361083984e+00,-4.821705073118209839e-02,-1.538566895760595798e-03
9.859554767608642578e-01,3.987819433212280273e+00,-5.227811262011528015e-02,-2.186503959819674492e-03
9.860435128211975098e-01,4.009972572326660156e+00,-5.555531010031700134e-02,1.723998342640697956e-03
9.687129855155944824e-01,3.976157426834106445e+00,-5.502696335315704346e-02,-6.567549426108598709e-04
1.000796079635620117e+00,4.021055221557617188e+00,-5.467013642191886902e-02,2.591608499642461538e-04
1.013228535652160645e+00,4.065213203430175781e+00,-4.879400879144668579e-02,-1.120888860896229744e-03
9.794341921806335449e-01,4.015705108642578125e+00,-5.024332925677299500e-02,-1.675768871791660786e-03
9.995085000991821289e-01,4.059039115905761719e+00,-5.525049194693565369e-02,2.849870827049016953e-03
9.779305458068847656e-01,4.016277313232421875e+00,-5.370350927114486694e-02,-1.803715713322162628e-03
1.036590695381164551e+00,4.128277301788330078e+00,-5.218564718961715698e-02,-4.265047144144773483e-03
1.001742243766784668e+00,4.066306591033935547e+00,-5.096127837896347046e-02,3.761382307857275009e-03
9.646610617637634277e-01,3.950006723403930664e+00,-5.030678212642669678e-02,-1.661761896684765816e-03
9.725137352943420410e-01,3.976455926895141602e+00,-5.043136328458786011e-02,-3.102186135947704315e-03
1.013062119483947754e+00,4.095328330993652344e+00,-5.339575931429862976e-02,3.540662117302417755e-03
1.023916363716125488e+00,4.120573043823242188e+00,-5.636287853121757507e-02,-1.892330357804894447e-03
1.010241866111755371e+00,4.073972225189208984e+00,-5.051030591130256653e-02,-4.207288380712270737e-03
1.051651120185852051e+00,4.166479110717773438e+00,-5.263847857713699341e-02,7.742561865597963333e-04
9.804186820983886719e-01,3.986901044845581055e+00,-5.127459391951560974e-02,2.783934585750102997e-03
1.018020868301391602e+00,4.087108135223388672e+00,-5.458158999681472778e-02,-4.266167525202035904e-03
9.964181184768676758e-01,4.076982975006103516e+00,-5.267740041017532349e-02,1.773437717929482460e-03
1.028968930244445801e+00,4.093677520751953125e+00,-5.067154392600059509e-02,1.879981718957424164e-03
9.839914441108703613e-01,3.986661672592163086e+00,-5.366006493568420410e-02,-3.649049205705523491e-03
1.033591628074645996e+00,4.142077922821044922e+00,-5.434742197394371033e-02,-2.596907317638397217e-03
1.011685848236083984e+00,4.092627525329589844e+00,-5.418473109602928162e-02,-3.584679914638400078e-03
9.908773303031921387e-01,4.031913757324218750e+00,-5.656637623906135559e-02,1.995475759031251073e-04
1.016594529151916504e+00,4.088828086853027344e+00,-5.719095468521118164e-02,2.643154002726078033e-04
9.908939003944396973e-01,4.006976604461669922e+00,-5.173604190349578857e-02,-3.054672386497259140e-03
9.827100634574890137e-01,3.996545791625976562e+00,-5.154189094901084900e-02,3.044452518224716187e-03
1.001881718635559082e+00,4.080239772796630859e+00,-4.993151500821113586e-02,-1.320191659033298492e-03
9.723511338233947754e-01,4.007782459259033203e+00,-5.221765860915184021e-02,-1.415730570442974567e-03
1.007544398307800293e+00,4.043639659881591797e+00,-4.848241433501243591e-02,-3.489842056296765804e-04
9.667037725448608398e-01,3.975489377975463867e+00,-5.528427660465240479e-02,3.433814272284507751e-04
9.854832887649536133e-01,4.009434223175048828e+00,-5.020046606659889221e-02,-3.132061799988150597e-03
1.024920463562011719e+00,4.100957870483398438e+00,-5.579233542084693909e-02,-2.764929085969924927e-03
1.032899737358093262e+00,4.110334873199462891e+00,-5.025441944599151611e-02,2.356003271415829659e-03
1.014108657836914062e+00,4.087501525878906250e+00,-5.670252814888954163e-02,-1.924938987940549850e-03
9.952910542488098145e-01,4.052643299102783203e+00,-5.451811477541923523e-02,-3.005813807249069214e-03
1.026298522949218750e+00,4.086097717285156250e+00,-5.457767471671104431e-02,2.184599172323942184e-03
9.997360706329345703e-01,4.020103931427001953e+00,-5.101075395941734314e-02,-1.438276376575231552e-03
1.001721620559692383e+00,4.084132671356201172e+00,-5.364999547600746155e-02,-3.438528161495923996e-03
1.025104403495788574e+00,4.129121780395507812e+00,-5.075681582093238831e-02,2.525256481021642685e-03
9.896776080131530762e-01,4.022795677185058594e+00,-5.366035550832748413e-02,3.035084111616015434e-03
1.013072371482849121e+00,4.081998825073242188e+00,-5.506131052970886230e-02,-3.531091613695025444e-03
9.881033897399902344e-01,4.041177272796630859e+00,-5.019730329513549805e-02,-3.628878155723214149e-03
1.015684962272644043e+00,4.060876369476318359e+00,-5.587643012404441833e-02,-8.156270487233996391e-04
1.010524868965148926e+00,4.084915637969970703e+00,-5.602867156267166138e-02,3.202980733476579189e-04
1.030341982841491699e+00,4.124065399169921875e+00,-5.125074088573455811e-02,-3.235516836866736412e-03
9.789316654205322266e-01,4.013403415679931641e+00,-5.332433432340621948e-02,2.179489238187670708e-03
9.860051274299621582e-01,4.020938396453857422e+00,-4.806635901331901550e-02,-2.487291116267442703e-03
1.040225625038146973e+00,4.162438392639160156e+00,-5.469700321555137634e-02,-3.395715611986815929e-04
9.694538116455078125e-01,3.962008953094482422e+00,-5.253151804208755493e-02,2.731490647420287132e-03
9.754197001457214355e-01,3.975802898406982422e+00,-5.224013701081275940e-02,1.299393945373594761e-03
1.015643954277038574e+00,4.066758632659912109e+00,-5.643509328365325928e-02,-9.384846198372542858e-04
1.036674857139587402e+00,4.136206150054931641e+00,-5.442310869693756104e-02,1.170305535197257996e-03
9.979636669158935547e-01,4.046190261840820312e+00,-4.831898957490921021e-02,-3.588490188121795654e-03
1.032886505126953125e+00,4.142831802368164062e+00,-5.332296714186668396e-02,2.640677616000175476e-03
1.027287840843200684e+00,4.132398605346679688e+00,-5.101250112056732178e-02,1.853401656262576580e-03
1.006087660789489746e+00,4.034251213073730469e+00,-5.224095657467842102e-02,1.423014211468398571e-03
9.978307485580444336e-01,4.048054695129394531e+00,-4.991560429334640503e-02,-4.714303184300661087e-03
9.999005198478698730e-01,4.071471214294433594e+00,-4.934713616967201233e-02,-3.658820933196693659e-04
9.775460958480834961e-01,3.993501186370849609e+00,-5.649041384458541870e-02,7.802175241522490978e-04
9.798237085342407227e-01,4.009313583374023438e+00,-4.897485300898551941e-02,-2.423193538561463356e-03
1.026511311531066895e+00,4.137466430664062500e+00,-5.136481299996376038e-02,1.052915817126631737e-03
1.012791275978088379e+00,4.064689636230468750e+00,-4.980806261301040649e-02,-2.897317055612802505e-03
9.827440977096557617e-01,3.999392509460449219e+00,-5.568881705403327942e-02,2.390696667134761810e-03
9.907014966011047363e-01,4.009581089019775391e+00,-5.602495372295379639e-02,-1.365125994198024273e-03
1.003258109092712402e+00,4.039474487304687500e+00,-4.915744066238403320e-02,-6.853739032521843910e-04
9.869595766067504883e-01,4.015860080718994141e+00,-5.641762167215347290e-02,5.602305755019187927e-04
1.027760386466979980e+00,4.118139266967773438e+00,-4.878892004489898682e-02,-2.066742599708959460e-04
9.792870283126831055e-01,3.979406595230102539e+00,-5.451968312263488770e-02,-2.433189190924167633e-03
1.006487011909484863e+00,4.082376480102539062e+00,-5.147240683436393738e-02,-3.933714237064123154e-03
9.959548711776733398e-01,4.036734104156494141e+00,-5.270657688379287720e-02,3.723728237673640251e-03
9.827547073364257812e-01,3.982637643814086914e+00,-5.398690328001976013e-02,-5.676486180163919926e-04
1.018558979034423828e+00,4.111732959747314453e+00,-4.956211149692535400e-02,-1.317076385021209717e-03
9.730618596076965332e-01,3.987262487411499023e+00,-4.909145832061767578e-02,-8.924073772504925728e-04
1.002044558525085449e+00,4.085955619812011719e+00,-5.221558734774589539e-02,-2.362547442317008972e-03
1.028175950050354004e+00,4.109983921051025391e+00,-5.442351847887039185e-02,2.399795688688755035e-03
1.021509051322937012e+00,4.108823299407958984e+00,-5.057693272829055786e-02,-4.676805343478918076e-03
9.737061858177185059e-01,3.963486909866333008e+00,-5.168920755386352539e-02,-2.130273263901472092e-03
1.003550887107849121e+00,4.065547943115234375e+00,-5.179306864738464355e-02,3.894200082868337631e-03
9.933238625526428223e-01,4.053299903869628906e+00,-4.954186826944351196e-02,-1.632425351999700069e-03
1.050769925117492676e+00,4.170301437377929688e+00,-5.104572325944900513e-02,-2.983801241498440504e-04
1.010447621345520020e+00,4.092498779296875000e+00,-4.822150245308876038e-02,9.659141505835577846e-05
9.971508383750915527e-01,4.014960765838623047e+00,-5.180466920137405396e-02,1.769045135006308556e-03
1.007908821105957031e+00,4.057122707366943359e+00,-5.230919644236564636e-02,4.123261198401451111e-03
9.854616522789001465e-01,4.031466484069824219e+00,-4.851556569337844849e-02,-1.338367117568850517e-03
9.965823292732238770e-01,4.059743404388427734e+00,-5.103862658143043518e-02,3.638963680714368820e-03
1.019064784049987793e+00,4.064665317535400391e+00,-4.926510527729988098e-02,5.871686153113842010e-04
9.710046052932739258e-01,3.968318462371826172e+00,-5.474505946040153503e-02,8.272359264083206654e-04
1.000401139259338379e+00,4.066038131713867188e+00,-4.901366680860519409e-02,2.268328797072172165e-03
9.834247827529907227e-01,3.980029821395874023e+00,-5.201814696192741394e-02,-2.655783435329794884e-03
1.033351898193359375e+00,4.105057239532470703e+00,-5.370830744504928589e-02,-9.495781851001083851e-04
1.019506096839904785e+00,4.083510398864746094e+00,-4.857265204191207886e-02,-1.256476505659520626e-03
9.976124167442321777e-01,4.029717922210693359e+00,-5.590215325355529785e-02,-2.669611247256398201e-03
1.026082754135131836e+00,4.083361148834228516e+00,-5.166471004486083984e-02,-2.790456637740135193e-03
1.013964414596557617e+00,4.048574447631835938e+00,-5.225772783160209656e-02,-1.855911687016487122e-03
1.022341966629028320e+00,4.075682163238525391e+00,-5.409060046076774597e-02,-1.634330372326076031e-03
1.023383617401123047e+00,4.116369724273681641e+00,-5.605309829115867615e-02,1.128620817326009274e-03
1.006915807723999023e+00,4.050822734832763672e+00,-5.372027680277824402e-02,-3.605187870562076569e-03
9.973757266998291016e-01,4.059041976928710938e+00,-5.599838867783546448e-02,2.378145931288599968e-03
1.034464120864868164e+00,4.121414661407470703e+00,-4.885636642575263977e-02,4.680315323639661074e-04
1.029886364936828613e+00,4.136537551879882812e+00,-5.205738916993141174e-02,1.639193738810718060e-03
1.006028652191162109e+00,4.040430068969726562e+00,-4.900008440017700195e-02,-1.376040279865264893e-03
9.628611207008361816e-01,3.955312728881835938e+00,-5.137590318918228149e-02,1.214007264934480190e-03
1.037344217300415039e+00,4.135900974273681641e+00,-5.398929119110107422e-02,2.994473557919263840e-03
9.971761107444763184e-01,4.035428047180175781e+00,-5.153110623359680176e-02,4.549293778836727142e-03
9.910755753517150879e-01,4.057877540588378906e+00,-5.098023638129234314e-02,-1.785091822966933250e-03
1.003073573112487793e+00,4.050017356872558594e+00,-5.247958749532699585e-02,3.783660242334008217e-03
9.819172024726867676e-01,4.018640518188476562e+00,-4.936828091740608215e-02,1.163716660812497139e-03
1.000246405601501465e+00,4.031219482421875000e+00,-5.359885096549987793e-02,2.492625033482909203e-03
1.000058412551879883e+00,4.057810783386230469e+00,-5.476472526788711548e-02,3.349752165377140045e-03
1.049854636192321777e+00,4.167546749114990234e+00,-5.423334240913391113e-02,-1.626366429263725877e-04
1.052452445030212402e+00,4.168805599212646484e+00,-5.234246328473091125e-02,-9.351229527965188026e-04
9.840800166130065918e-01,4.009449958801269531e+00,-5.381134524941444397e-02,4.121333360671997070e-03
1.042389273643493652e+00,4.162053585052490234e+00,-5.203557386994361877e-02,-2.225522650405764580e-03
9.909759163856506348e-01,3.998709917068481445e+00,-5.237570405006408691e-02,-1.433928613550961018e-03
1.016314148902893066e+00,4.068159103393554688e+00,-5.055722594261169434e-02,3.445498179644346237e-03
1.042026400566101074e+00,4.147712707519531250e+00,-5.599184334278106689e-02,8.170164655894041061e-04
1.015009641647338867e+00,4.098406791687011719e+00,-5.198691040277481079e-02,3.832026850432157516e-03
1.035365939140319824e+00,4.150012969970703125e+00,-5.156369879841804504e-02,5.829105502925813198e-04
1.048238277435302734e+00,4.172686100006103516e+00,-5.207461491227149963e-02,-1.211855793371796608e-03
9.926441907882690430e-01,4.056107044219970703e+00,-5.591699853539466858e-02,-1.255042152479290962e-03
1.000693440437316895e+00,4.067913055419921875e+00,-5.370100587606430054e-02,-4.173780791461467743e-03
9.625433087348937988e-01,3.942935466766357422e+00,-5.233959481120109558e-02,-1.331486972048878670e-03
9.773486256599426270e-01,3.990042686462402344e+00,-4.931542277336120605e-02,-4.536212654784321785e-04
1.043078899383544922e+00,4.156847476959228516e+00,-5.253668501973152161e-02,2.198359696194529533e-03
1.007278442382812500e+00,4.069082736968994141e+00,-5.685828998684883118e-02,-1.595020876266062260e-03
1.037143707275390625e+00,4.150612354278564453e+00,-5.308722704648971558e-02,5.051439802628010511e-05
1.026898741722106934e+00,4.095394611358642578e+00,-5.526220798492431641e-02,2.760587667580693960e-04
1.002747893333435059e+00,4.060187816619873047e+00,-5.358712375164031982e-02,-4.278539679944515228e-03
9.875739812850952148e-01,3.999137401580810547e+00,-4.856828972697257996e-02,-1.165195717476308346e-03
9.781785607337951660e-01,4.011510372161865234e+00,-5.493289232254028320e-02,1.182228210382163525e-03
9.751781225204467773e-01,4.012328147888183594e+00,-5.036896839737892151e-02,-2.276957966387271881e-04
1.028432369232177734e+00,4.100289821624755859e+00,-5.234626308083534241e-02,-3.447986207902431488e-03
9.653035402297973633e-01,3.957836151123046875e+00,-5.073665082454681396e-02,2.882054832298308611e-05
1.009220838546752930e+00,4.071998596191406250e+00,-5.751869454979896545e-02,-6.359127000905573368e-04
1.035207152366638184e+00,4.110851764678955078e+00,-5.305986478924751282e-02,-1.652102568186819553e-03
1.026863932609558105e+00,4.122107505798339844e+00,-5.261164903640747070e-02,-4.246802534908056259e-03
1.001501917839050293e+00,4.051860809326171875e+00,-5.624845996499061584e-02,9.310890454798936844e-04
9.699099659919738770e-01,3.990094423294067383e+00,-5.202171951532363892e-02,-1.148275332525372505e-03
1.033617734909057617e+00,4.129312515258789062e+00,-5.620010942220687866e-02,4.682556609623134136e-04
1.026569485664367676e+00,4.111153125762939453e+00,-5.284022912383079529e-02,-3.872033907100558281e-03
1.041986823081970215e+00,4.154520988464355469e+00,-4.997187107801437378e-02,-6.289428565651178360e-04
1.018570899963378906e+00,4.091916561126708984e+00,-5.546037852764129639e-02,2.139776013791561127e-03
9.964752793312072754e-01,4.060809135437011719e+00,-4.871940985321998596e-02,-1.012575812637805939e-03
9.923980236053466797e-01,4.027575016021728516e+00,-5.148370936512947083e-02,4.016037099063396454e-03
9.912046790122985840e-01,4.013434410095214844e+00,-4.820913076400756836e-02,1.115442952141165733e-03
1.044445395469665527e+00,4.146734237670898438e+00,-5.283847078680992126e-02,2.319068880751729012e-03
1.023236632347106934e+00,4.091285228729248047e+00,-5.216762423515319824e-02,-4.356134682893753052e-03
1.029584407806396484e+00,4.136178493499755859e+00,-5.020133033394813538e-02,-3.530181711539626122e-04
9.810339808464050293e-01,3.982125282287597656e+00,-5.498614162206649780e-02,-2.033881377428770065e-03
1.025275111198425293e+00,4.121475219726562500e+00,-5.516629666090011597e-02,-3.542880760505795479e-03
1.009402513504028320e+00,4.059192657470703125e+00,-5.316472053527832031e-02,-4.679293371737003326e-03
1.008019804954528809e+00,4.087811470031738281e+00,-4.865766689181327820e-02,-1.637400826439261436e-03
1.009867072105407715e+00,4.070285320281982422e+00,-4.970956221222877502e-02,-4.224904812872409821e-03
9.977876543998718262e-01,4.068956851959228516e+00,-5.082067474722862244e-02,-3.339778864756226540e-03
9.827406406402587891e-01,4.006693840026855469e+00,-5.521272495388984680e-02,2.498631365597248077e-03
9.784732460975646973e-01,3.991149187088012695e+00,-5.098981410264968872e-02,-3.840297227725386620e-03
1.017786264419555664e+00,4.091665744781494141e+00,-5.093117430806159973e-02,-4.095110576599836349e-03
1.030812382698059082e+00,4.124948024749755859e+00,-5.544765666127204895e-02,-3.116148989647626877e-03
1.011397957801818848e+00,4.101284503936767578e+00,-4.908843711018562317e-02,-1.110557350330054760e-03
9.768095016479492188e-01,4.003671646118164062e+00,-5.120544135570526123e-02,3.019081894308328629e-03
9.809753298759460449e-01,3.998942613601684570e+00,-5.307397618889808655e-02,3.833013121038675308e-03
9.820522665977478027e-01,4.021103858947753906e+00,-5.367545410990715027e-02,-2.834070241078734398e-03
9.779447913169860840e-01,3.995474100112915039e+00,-4.882813617587089539e-02,1.374292187392711639e-03
1.014952778816223145e+00,4.076803207397460938e+00,-5.323431640863418579e-02,-4.739384632557630539e-03
9.648867249488830566e-01,3.976651191711425781e+00,-5.201901122927665710e-02,-1.795781892724335194e-03
1.033743858337402344e+00,4.143485069274902344e+00,-5.192733183503150940e-02,-3.784422064200043678e-03
9.992410540580749512e-01,4.055761814117431641e+00,-4.917334020137786865e-02,3.521656151860952377e-03
1.022536635398864746e+00,4.065282821655273438e+00,-5.154941603541374207e-02,-7.507693371735513210e-04
1.018498420715332031e+00,4.073011875152587891e+00,-4.979385435581207275e-02,5.544036976061761379e-04
1.023380041122436523e+00,4.078361988067626953e+00,-5.341168120503425598e-02,-1.020823139697313309e-03
9.999833703041076660e-01,4.035361766815185547e+00,-5.268070101737976074e-02,-4.613778088241815567e-03
9.957283735275268555e-01,4.053721904754638672e+00,-4.985723271965980530e-02,2.972554182633757591e-03
1.034363031387329102e+00,4.129938602447509766e+00,-5.341900512576103210e-02,3.295155940577387810e-03
1.011998295783996582e+00,4.077912807464599609e+00,-5.704563856124877930e-02,6.455717957578599453e-04
1.013888359069824219e+00,4.085655689239501953e+00,-5.143890529870986938e-02,4.125860985368490219e-03
1.010903000831604004e+00,4.101374626159667969e+00,-5.258246883749961853e-02,-4.185525234788656235e-03
1.025600552558898926e+00,4.110260009765625000e+00,-5.313289165496826172e-02,3.268530126661062241e-03
9.935721158981323242e-01,4.024384975433349609e+00,-5.079530924558639526e-02,-4.303418099880218506e-03
1.037599802017211914e+00,4.120057106018066406e+00,-5.361333489418029785e-02,-2.240291796624660492e-03
1.052497506141662598e+00,4.167492866516113281e+00,-5.269822478294372559e-02,1.212079892866313457e-03
1.014921307563781738e+00,4.073553085327148438e+00,-5.205302312970161438e-02,4.260430112481117249e-03
1.001556754112243652e+00,4.048886775970458984e+00,-5.098315328359603882e-02,-5.256343632936477661e-03
1.009912848472595215e+00,4.046317577362060547e+00,-5.385548621416091919e-02,-3.180046333000063896e-03
1.017094373703002930e+00,4.107714176177978516e+00,-5.357314273715019226e-02,3.115678438916802406e-03
1.022302150726318359e+00,4.122866153717041016e+00,-5.552605539560317993e-02,7.328396895900368690e-05
9.895772933959960938e-01,4.022346496582031250e+00,-4.919328168034553528e-02,2.739693503826856613e-03
9.836772680282592773e-01,4.003945350646972656e+00,-5.582004413008689880e-02,-1.948090037330985069e-03
9.881474375724792480e-01,4.025203704833984375e+00,-4.929843172430992126e-02,1.890604617074131966e-03
1.040647149085998535e+00,4.153000354766845703e+00,-4.929420724511146545e-02,1.298004528507590294e-03
9.755138158798217773e-01,3.988573312759399414e+00,-5.022048950195312500e-02,2.022249624133110046e-03
9.966959953308105469e-01,4.045867443084716797e+00,-4.938804358243942261e-02,3.439133055508136749e-03
9.875486493110656738e-01,3.991353750228881836e+00,-5.288804695010185242e-02,-8.398533682338893414e-04
9.885510802268981934e-01,3.988570213317871094e+00,-5.150804296135902405e-02,-8.136548567563295364e-04
9.971668720245361328e-01,4.076315879821777344e+00,-5.208878591656684875e-02,-2.543499926105141640e-03
1.002203226089477539e+00,4.069931507110595703e+00,-5.582574754953384399e-02,2.935081487521529198e-03
1.010554671287536621e+00,4.071128845214843750e+00,-5.005902051925659180e-02,3.840678138658404350e-03
1.021903276443481445e+00,4.113714218139648438e+00,-4.958076030015945435e-02,-3.658641828224062920e-03
9.987570643424987793e-01,4.029987812042236328e+00,-4.825269430875778198e-02,-2.240179805085062981e-03
1.007160782814025879e+00,4.077472209930419922e+00,-5.473455786705017090e-02,3.625605721026659012e-03
9.757050275802612305e-01,3.995170116424560547e+00,-5.592406541109085083e-02,1.024408964440226555e-03
1.004448533058166504e+00,4.036078453063964844e+00,-5.228910595178604126e-02,3.591269487515091896e-03
1.007454872131347656e+00,4.082855224609375000e+00,-5.141677334904670715e-02,3.375840606167912483e-03
1.025291323661804199e+00,4.105867862701416016e+00,-4.927823320031166077e-02,-2.350736409425735474e-03
1.003515481948852539e+00,4.058052062988281250e+00,-5.695661902427673340e-02,1.468374743126332760e-03
9.893943667411804199e-01,4.008112907409667969e+00,-5.605143681168556213e-02,-2.220345428213477135e-03
1.001641631126403809e+00,4.082441806793212891e+00,-5.196581780910491943e-02,2.440092153847217560e-03
9.782920479774475098e-01,4.022640705108642578e+00,-5.265882983803749084e-02,-1.819896511733531952e-03
1.000725626945495605e+00,4.066173076629638672e+00,-4.892209544777870178e-02,9.814244695007801056e-04
9.779096245765686035e-01,4.000525951385498047e+00,-5.072053894400596619e-02,-4.065009299665689468e-03
1.010051250457763672e+00,4.070900440216064453e+00,-4.854853451251983643e-02,-3.479991108179092407e-03
1.015517592430114746e+00,4.099695205688476562e+00,-5.305681005120277405e-02,3.936560824513435364e-03
1.003949522972106934e+00,4.086847305297851562e+00,-5.037892237305641174e-02,6.999410688877105713e-04
1.012244820594787598e+00,4.104127883911132812e+00,-5.284067988395690918e-02,-2.247665310278534889e-03
9.993295073509216309e-01,4.022873878479003906e+00,-5.623519048094749451e-02,-1.987018622457981110e-03
9.883942604064941406e-01,4.005280017852783203e+00,-5.561451241374015808e-02,1.374964602291584015e-03
1.022919058799743652e+00,4.086285591125488281e+00,-5.236960574984550476e-02,2.797202439978718758e-03
9.767694473266601562e-01,3.980670452117919922e+00,-5.563890561461448669e-02,-7.958604255691170692e-04
1.032973289489746094e+00,4.130459785461425781e+00,-5.030732974410057068e-02,3.151089651510119438e-03
9.662042260169982910e-01,3.979072332382202148e+00,-5.365481972694396973e-02,1.013425498967990279e-04
9.624161124229431152e-01,3.961973428726196289e+00,-5.430484935641288757e-02,-3.986918309237807989e-04
1.010491847991943359e+00,4.064383983612060547e+00,-5.688138678669929504e-02,5.057717207819223404e-04
9.947131872177124023e-01,4.066391468048095703e+00,-4.929066076874732971e-02,1.232743030413985252e-03
1.029114723205566406e+00,4.143913269042968750e+00,-5.252398550510406494e-02,2.694699214771389961e-04
1.026198625564575195e+00,4.115815162658691406e+00,-5.425504967570304871e-02,-4.404615145176649094e-03
1.029736638069152832e+00,4.140430927276611328e+00,-5.236205831170082092e-02,2.779586706310510635e-03
9.777126908302307129e-01,3.983207941055297852e+00,-5.086071789264678955e-02,1.687871292233467102e-03
1.004150032997131348e+00,4.095419406890869141e+00,-5.047937110066413879e-02,-4.659247133531607687e-05
9.948164820671081543e-01,4.031103610992431641e+00,-4.790330678224563599e-02,-2.671538852155208588e-03
1.047995328903198242e+00,4.160137653350830078e+00,-5.288376659154891968e-02,1.129741314798593521e-03
9.844269752502441406e-01,3.996435642242431641e+00,-5.576848611235618591e-02,-1.640314352698624134e-03
9.716805219650268555e-01,3.957616090774536133e+00,-5.227139964699745178e-02,7.270128844538703561e-05
9.839989542961120605e-01,4.000872135162353516e+00,-4.866132140159606934e-02,-1.553784124553203583e-03
1.019207715988159180e+00,4.100853443145751953e+00,-5.157973244786262512e-02,4.051360301673412323e-03
1.019846320152282715e+00,4.099204540252685547e+00,-4.912850260734558105e-02,2.776269800961017609e-03
1.014364004135131836e+00,4.076147556304931641e+00,-5.624928325414657593e-02,-1.598001690581440926e-03
9.693608283996582031e-01,3.980835676193237305e+00,-5.477543547749519348e-02,-6.483502511400729418e-05
9.978259205818176270e-01,4.042206287384033203e+00,-5.223645269870758057e-02,4.134467802941799164e-03
9.972013235092163086e-01,4.051811218261718750e+00,-5.639876052737236023e-02,-9.083416662178933620e-04
1.028600811958312988e+00,4.126646995544433594e+00,-5.027219653129577637e-02,3.254275768995285034e-03
9.845383763313293457e-01,4.003854274749755859e+00,-5.541391670703887939e-02,-2.744578989222645760e-03
1.001693010330200195e+00,4.060759067535400391e+00,-4.953568801283836365e-02,-4.046227317303419113e-03
1.028014063835144043e+00,4.123036861419677734e+00,-5.180628225207328796e-02,2.509344369173049927e-03
9.920370578765869141e-01,4.002488136291503906e+00,-5.439845845103263855e-02,1.804500003345310688e-03
9.709549546241760254e-01,3.987447261810302734e+00,-5.303473398089408875e-02,-2.995481947436928749e-03
1.004092335700988770e+00,4.074633121490478516e+00,-4.880225285887718201e-02,2.368060639128088951e-03
1.000868439674377441e+00,4.065218448638916016e+00,-5.521458759903907776e-02,-2.752871718257665634e-03
1.008502721786499023e+00,4.090075016021728516e+00,-5.210448801517486572e-02,2.383255865424871445e-03
9.844089746475219727e-01,4.047887325286865234e+00,-5.199121311306953430e-02,-1.050540246069431305e-03
1.029423713684082031e+00,4.126162052154541016e+00,-5.532357469201087952e-02,-2.287244191393256187e-03
1.038466691970825195e+00,4.129094600677490234e+00,-5.361415445804595947e-02,-2.830887911841273308e-03
1.009951353073120117e+00,4.064865112304687500e+00,-4.795054718852043152e-02,5.190388037590309978e-05
9.747469425201416016e-01,4.011537075042724609e+00,-5.317412316799163818e-02,-1.066539625753648579e-04
1.007307410240173340e+00,4.067556858062744141e+00,-4.966437071561813354e-02,-4.769217222929000854e-03
9.952206015586853027e-01,4.036844730377197266e+00,-5.592302232980728149e-02,3.196989884600043297e-03
1.022868871688842773e+00,4.111180782318115234e+00,-4.857757687568664551e-02,-1.399549655616283417e-03
9.633991718292236328e-01,3.953761339187622070e+00,-5.006538331508636475e-02,-1.090678619220852852e-03
1.013764500617980957e+00,4.068820476531982422e+00,-4.923591762781143188e-02,-2.099188510328531265e-03
1.002335190773010254e+00,4.028146266937255859e+00,-5.224523693323135376e-02,-2.298337873071432114e-03
9.751194119453430176e-01,3.991900444030761719e+00,-5.463796481490135193e-02,-2.338096266612410545e-03
9.990623593330383301e-01,4.067973613739013672e+00,-5.459198355674743652e-02,-2.392466878518462181e-03
1.022919535636901855e+00,4.092144966125488281e+00,-4.922419786453247070e-02,2.255061175674200058e-03
1.039227008819580078e+00,4.120934486389160156e+00,-5.224386975169181824e-02,-1.508036366431042552e-04
9.931732416152954102e-01,4.006506443023681641e+00,-5.217280983924865723e-02,3.195242024958133698e-03
1.009618878364562988e+00,4.105977535247802734e+00,-5.371845141053199768e-02,1.072189421392977238e-03
9.998154640197753906e-01,4.058928012847900391e+00,-5.558567494153976440e-02,-3.102948190644383430e-03
1.025490045547485352e+00,4.089169979095458984e+00,-5.495989322662353516e-02,-1.762814703397452831e-03
1.034083604812622070e+00,4.104227542877197266e+00,-5.064176395535469055e-02,-1.717454171739518642e-03
1.032871246337890625e+00,4.117425441741943359e+00,-4.960893467068672180e-02,-2.377383876591920853e-03
1.028235316276550293e+00,4.106641292572021484e+00,-5.513593181967735291e-02,-3.442808985710144043e-03
1.017888426780700684e+00,4.118439674377441406e+00,-5.180501192808151245e-02,-2.979277865961194038e-03
1.007788777351379395e+00,4.098958015441894531e+00,-5.405468493700027466e-02,-4.762116004712879658e-04
9.986816644668579102e-01,4.079286575317382812e+00,-5.137360841035842896e-02,4.997653377358801663e-05
1.026629328727722168e+00,4.081687927246093750e+00,-5.388497933745384216e-02,-5.292360438033938408e-04
1.007639884948730469e+00,4.068090438842773438e+00,-4.798852279782295227e-02,-2.313757082447409630e-03
1.015383958816528320e+00,4.080887794494628906e+00,-4.870094731450080872e-02,9.022682788781821728e-04
9.813205003738403320e-01,3.998729467391967773e+00,-5.617450177669525146e-02,6.866737385280430317e-04
9.867772459983825684e-01,4.000325202941894531e+00,-4.857267439365386963e-02,8.966207387857139111e-04
1.037594079971313477e+00,4.135189056396484375e+00,-5.602217838168144226e-02,1.307686208747327328e-03
9.874555468559265137e-01,4.049418449401855469e+00,-5.077305063605308533e-02,-8.685395587235689163e-04
1.024769067764282227e+00,4.104001998901367188e+00,-5.198190733790397644e-02,3.983404021710157394e-03
9.751862883567810059e-01,3.994532585144042969e+00,-5.451579764485359192e-02,-2.653699135407805443e-03
1.037742257118225098e+00,4.125536918640136719e+00,-5.398095399141311646e-02,-3.329065861180424690e-03
9.871187210083007812e-01,4.000034332275390625e+00,-5.521742254495620728e-02,-9.337559458799660206e-04
1.027799010276794434e+00,4.095978736877441406e+00,-5.355073139071464539e-02,2.005171962082386017e-03
1.011161923408508301e+00,4.074999332427978516e+00,-5.258347466588020325e-02,-4.762672353535890579e-03
1.000366687774658203e+00,4.085420608520507812e+00,-5.255188792943954468e-02,-5.193976685404777527e-04
9.812852740287780762e-01,4.019542217254638672e+00,-5.566004663705825806e-02,-1.598576782271265984e-04
1.027376890182495117e+00,4.090189933776855469e+00,-5.135264247655868530e-02,1.299304305575788021e-03
9.708527326583862305e-01,3.967719316482543945e+00,-4.984788969159126282e-02,-2.154186600819230080e-03
1.009452342987060547e+00,4.064909458160400391e+00,-4.940185695886611938e-02,-4.309738986194133759e-03
1.011839270591735840e+00,4.100484371185302734e+00,-5.228587612509727478e-02,-3.574347821995615959e-03
1.023334383964538574e+00,4.114176273345947266e+00,-5.475819110870361328e-02,-3.666038159281015396e-03
9.845799207687377930e-01,4.021751880645751953e+00,-5.445120483636856079e-02,1.999882981181144714e-03
9.833370447158813477e-01,3.981937408447265625e+00,-5.195854231715202332e-02,-9.420703863725066185e-04
1.044606566429138184e+00,4.141534805297851562e+00,-5.394378677010536194e-02,-1.027277554385364056e-03
1.005296945571899414e+00,4.064993381500244141e+00,-5.076645687222480774e-02,-3.965024836361408234e-03
9.871405959129333496e-01,4.022436141967773438e+00,-5.587485432624816895e-02,-9.485473274253308773e-04
1.035406827926635742e+00,4.119800090789794922e+00,-5.475782230496406555e-02,2.028195740422233939e-04
1.000148057937622070e+00,4.026717185974121094e+00,-5.578415468335151672e-02,-6.880176806589588523e-05
9.826943874359130859e-01,4.024153232574462891e+00,-5.502033233642578125e-02,-2.438635099679231644e-03
9.962259531021118164e-01,4.043000221252441406e+00,-5.325173214077949524e-02,-4.783360287547111511e-03
1.040273189544677734e+00,4.149634838104248047e+00,-5.125410482287406921e-02,-3.224601736292243004e-03
9.713509082794189453e-01,4.004723548889160156e+00,-5.118015408515930176e-02,-1.576128182932734489e-03
9.651637077331542969e-01,3.954205989837646484e+00,-5.132500827312469482e-02,-2.596772741526365280e-03
1.002190232276916504e+00,4.061054706573486328e+00,-5.652558803558349609e-02,1.938999921549111605e-04
1.000134348869323730e+00,4.070652961730957031e+00,-4.980630800127983093e-02,-3.795763012021780014e-03
1.003997206687927246e+00,4.072523117065429688e+00,-5.134582147002220154e-02,-4.927235655486583710e-03
1.035458564758300781e+00,4.130139827728271484e+00,-4.913665354251861572e-02,5.254486459307372570e-04
1.037841081619262695e+00,4.144594192504882812e+00,-5.092139914631843567e-02,-3.268261207267642021e-03
1.028990745544433594e+00,4.121953487396240234e+00,-5.331571027636528015e-02,2.640274353325366974e-03
1.006732463836669922e+00,4.092220306396484375e+00,-5.101232230663299561e-02,-1.816310803405940533e-03
1.001953005790710449e+00,4.076078414916992188e+00,-4.937030375003814697e-02,4.994965856894850731e-04
9.960258603096008301e-01,4.054298877716064453e+00,-4.781782999634742737e-02,8.672173134982585907e-04
9.745455980300903320e-01,3.994946479797363281e+00,-5.397872254252433777e-02,-3.430706216022372246e-03
1.006531238555908203e+00,4.038898944854736328e+00,-5.322231724858283997e-02,2.865245332941412926e-03
1.021968245506286621e+00,4.106610774993896484e+00,-5.243969336152076721e-02,-4.611155483871698380e-03
1.017559885978698730e+00,4.077569007873535156e+00,-5.330505222082138062e-02,2.975692041218280792e-03
9.780411124229431152e-01,4.003447055816650391e+00,-4.941485077142715454e-02,-1.540606259368360043e-03
1.012257099151611328e+00,4.057383537292480469e+00,-5.248721316456794739e-02,3.300579497590661049e-03
9.819519519805908203e-01,4.020037174224853516e+00,-4.986325278878211975e-02,-2.546884119510650635e-03
9.802255034446716309e-01,3.991365432739257812e+00,-5.059172958135604858e-02,-3.433485515415668488e-03
9.814254045486450195e-01,3.983878850936889648e+00,-5.291930586099624634e-02,9.848757181316614151e-04
1.048591136932373047e+00,4.158608436584472656e+00,-5.311020091176033020e-02,-4.553245089482516050e-04
1.048863649368286133e+00,4.143526077270507812e+00,-5.190824344754219055e-02,-1.955687301233410835e-03
1.004824399948120117e+00,4.091037273406982422e+00,-5.119966715574264526e-02,1.155603793449699879e-03
9.973551034927368164e-01,4.009344577789306641e+00,-5.100472643971443176e-02,-8.026958093978464603e-04
1.048116564750671387e+00,4.155946254730224609e+00,-4.984632506966590881e-02,-5.656536450260318816e-05
1.026272892951965332e+00,4.134007930755615234e+00,-5.472083762288093567e-02,1.535025890916585922e-03
9.675226807594299316e-01,3.978847503662109375e+00,-5.535605549812316895e-02,-5.221990286372601986e-04
9.689092040061950684e-01,3.964347600936889648e+00,-5.301212891936302185e-02,-1.512323273345828056e-03
9.778921008110046387e-01,3.986735343933105469e+00,-5.442951247096061707e-02,1.183169544674456120e-03
1.008662819862365723e+00,4.052155017852783203e+00,-4.860178381204605103e-02,-8.283116621896624565e-04
1.009919166564941406e+00,4.090938568115234375e+00,-4.998641461133956909e-02,3.432723460718989372e-03
9.796892404556274414e-01,3.974596500396728516e+00,-5.117969959974288940e-02,1.736414153128862381e-03
9.776335954666137695e-01,4.013273715972900391e+00,-5.204842612147331238e-02,-2.495404100045561790e-03
9.635847806930541992e-01,3.949418783187866211e+00,-5.194978415966033936e-02,-6.574721192009747028e-04
1.011223196983337402e+00,4.089402198791503906e+00,-5.717217922210693359e-02,4.127211286686360836e-04
9.795345067977905273e-01,4.032187461853027344e+00,-5.133080855011940002e-02,1.036466099321842194e-03
9.963521957397460938e-01,4.015027046203613281e+00,-5.530150979757308960e-02,4.638631071429699659e-04
9.876353740692138672e-01,4.005903720855712891e+00,-4.859530925750732422e-02,-9.002289152704179287e-04
9.770159125328063965e-01,4.001676559448242188e+00,-5.562981218099594116e-02,-1.833276124671101570e-03
9.924526214599609375e-01,4.056588649749755859e+00,-4.924859479069709778e-02,2.510928898118436337e-04
9.871255159378051758e-01,4.014610290527343750e+00,-5.560334399342536926e-02,2.178547903895378113e-03
1.026323080062866211e+00,4.132327079772949219e+00,-5.458227917551994324e-02,-2.790725324302911758e-03
9.789448976516723633e-01,3.990869998931884766e+00,-4.979317635297775269e-02,-2.806705422699451447e-03
9.923185110092163086e-01,4.059739589691162109e+00,-5.129658430814743042e-02,2.451566746458411217e-03
9.839076399803161621e-01,3.977465152740478516e+00,-5.192189291119575500e-02,3.945234057027846575e-04
9.991756677627563477e-01,4.038778305053710938e+00,-5.537794530391693115e-02,2.755560912191867828e-03
9.705274105072021484e-01,3.977346658706665039e+00,-5.020262673497200012e-02,-3.167316084727644920e-03
9.888445138931274414e-01,3.993164539337158203e+00,-5.069671198725700378e-02,-6.881752633489668369e-04
1.001434683799743652e+00,4.062054157257080078e+00,-4.835377261042594910e-02,1.930631347931921482e-03
9.724767208099365234e-01,3.998451948165893555e+00,-5.359190702438354492e-02,1.179628539830446243e-03
1.042299866676330566e+00,4.171634197235107422e+00,-5.173888429999351501e-02,7.244139560498297215e-04
1.020220756530761719e+00,4.111137390136718750e+00,-5.059677734971046448e-02,-3.353203646838665009e-03
9.838660955429077148e-01,4.034987449645996094e+00,-4.958603531122207642e-02,2.157615497708320618e-03
1.014844536781311035e+00,4.065840244293212891e+00,-5.249333381652832031e-02,-3.943038173019886017e-03
9.865034818649291992e-01,4.020639896392822266e+00,-5.612030625343322754e-02,-4.683899169322103262e-05
9.888247251510620117e-01,3.992502689361572266e+00,-4.971019923686981201e-02,-6.254243198782205582e-04
9.954703450202941895e-01,4.027561664581298828e+00,-5.440160259604454041e-02,3.400539048016071320e-03
1.013054728507995605e+00,4.070653915405273438e+00,-4.823355749249458313e-02,4.264366580173373222e-04
1.027227044105529785e+00,4.122216701507568359e+00,-5.062912404537200928e-02,1.848426298238337040e-03
9.635837078094482422e-01,3.961108922958374023e+00,-5.142064392566680908e-02,-5.961325950920581818e-05
9.918452501296997070e-01,4.050692081451416016e+00,-5.020405724644660950e-02,-3.829471766948699951e-03
9.689119458198547363e-01,3.974271535873413086e+00,-5.464060604572296143e-02,1.113694976083934307e-03
9.746301174163818359e-01,3.984197616577148438e+00,-5.645000934600830078e-02,-1.078912871889770031e-03
1.024266600608825684e+00,4.112222194671630859e+00,-5.472623929381370544e-02,-3.372343955561518669e-03
1.015597939491271973e+00,4.053793907165527344e+00,-5.259567499160766602e-02,-2.733395667746663094e-03
1.002424001693725586e+00,4.034590244293212891e+00,-4.830028116703033447e-02,3.683921531774103642e-04
1.039623737335205078e+00,4.142513751983642578e+00,-5.531484261155128479e-02,-9.979413589462637901e-04
1.009110212326049805e+00,4.083724021911621094e+00,-5.353616178035736084e-02,-4.741670563817024231e-03
1.010203838348388672e+00,4.091219425201416016e+00,-4.995939135551452637e-02,1.933410530909895897e-03
1.017859697341918945e+00,4.124755382537841797e+00,-5.056438222527503967e-02,5.989568890072405338e-04
1.018326520919799805e+00,4.109266757965087891e+00,-5.645913258194923401e-02,-1.157082966528832912e-03
1.026002287864685059e+00,4.125608444213867188e+00,-5.500221997499465942e-02,-2.906438894569873810e-03
9.703129529953002930e-01,3.988645315170288086e+00,-5.245844274759292603e-02,1.175011857412755489e-03
9.712879657745361328e-01,3.961602926254272461e+00,-5.418128520250320435e-02,-8.660744060762226582e-04
9.885879158973693848e-01,4.046848297119140625e+00,-5.181229114532470703e-02,2.633999101817607880e-03
9.914232492446899414e-01,4.037125587463378906e+00,-5.570710822939872742e-02,-2.292914316058158875e-03
1.028952360153198242e+00,4.089176654815673828e+00,-5.453736707568168640e-02,1.271600194741040468e-04
9.863392114639282227e-01,3.988435745239257812e+00,-5.435489490628242493e-02,-2.328078262507915497e-03
1.030856251716613770e+00,4.123812675476074219e+00,-4.956858232617378235e-02,8.900319226086139679e-04
9.847190976142883301e-01,4.032806873321533203e+00,-4.944456741213798523e-02,1.033283770084381104e-03
9.892067909240722656e-01,4.051269531250000000e+00,-5.155066773295402527e-02,-2.222003880888223648e-03
9.918695688247680664e-01,4.036857604980468750e+00,-5.574928596615791321e-02,-1.397196436300873756e-03
1.010415792465209961e+00,4.067646980285644531e+00,-5.176154151558876038e-02,-3.459595842286944389e-03
1.012194871902465820e+00,4.089939117431640625e+00,-5.245098471641540527e-02,2.751123392954468727e-03
1.010302186012268066e+00,4.087794303894042969e+00,-4.925129935145378113e-02,-1.447980408556759357e-03
1.011222243309020996e+00,4.085706710815429688e+00,-5.278974398970603943e-02,-3.151425626128911972e-03
9.963093996047973633e-01,4.060810089111328125e+00,-5.074444785714149475e-02,-3.062463947571814060e-04
1.029844999313354492e+00,4.109611988067626953e+00,-5.362852662801742554e-02,-5.626060883514583111e-04
1.014732003211975098e+00,4.080577373504638672e+00,-5.347684025764465332e-02,2.873492892831563950e-03
9.948643445968627930e-01,4.052464008331298828e+00,-5.045434087514877319e-02,8.807984995655715466e-04
1.023569703102111816e+00,4.124999523162841797e+00,-5.309198796749114990e-02,-1.041215073200874031e-04
9.971665143966674805e-01,4.066217899322509766e+00,-5.268242582678794861e-02,1.936816843226552010e-03
9.902416467666625977e-01,4.041539192199707031e+00,-5.116823688149452209e-02,9.933022083714604378e-04
9.951173067092895508e-01,4.037144660949707031e+00,-5.091610178351402283e-02,-2.995168091729283333e-03
9.702392220497131348e-01,3.966256856918334961e+00,-5.284862592816352844e-02,-2.427559957141056657e-04
1.025317311286926270e+00,4.119921207427978516e+00,-5.251927673816680908e-02,1.132071949541568756e-03
9.762210249900817871e-01,4.009537220001220703e+00,-5.199514701962471008e-02,-1.664249575696885586e-03
1.023848652839660645e+00,4.085642814636230469e+00,-5.215386301279067993e-02,-1.975835533812642097e-03
9.938086867332458496e-01,4.037189483642578125e+00,-4.998506978154182434e-02,-2.967489184811711311e-03
9.876044988632202148e-01,4.017331123352050781e+00,-5.250239372253417969e-02,3.029839601367712021e-03
9.871883392333984375e-01,4.010581970214843750e+00,-5.153479054570198059e-02,-2.811927348375320435e-03
1.014132499694824219e+00,4.077522277832031250e+00,-4.982176050543785095e-02,1.621578354388475418e-03
1.013467550277709961e+00,4.077850341796875000e+00,-5.472364649176597595e-02,-2.173057058826088905e-03
1.002165079116821289e+00,4.050040245056152344e+00,-5.535737797617912292e-02,-1.518956967629492283e-03
1.018129229545593262e+00,4.104387760162353516e+00,-5.143829062581062317e-02,-3.185783745720982552e-03
1.015241742134094238e+00,4.059187412261962891e+00,-5.330125242471694946e-02,-4.886945243924856186e-04
9.866181015968322754e-01,4.005019664764404297e+00,-5.369456484913825989e-02,2.215213375166058540e-03
9.797473549842834473e-01,4.010591983795166016e+00,-5.204144492745399475e-02,1.759946113452315331e-03
1.017929315567016602e+00,4.109836101531982422e+00,-5.188415199518203735e-02,-2.189215738326311111e-03
9.952901601791381836e-01,4.021851062774658203e+00,-4.968429729342460632e-02,-1.704814145341515541e-03
1.008962631225585938e+00,4.077373981475830078e+00,-5.327775329351425171e-02,2.468375721946358681e-03
9.963448643684387207e-01,4.042735099792480469e+00,-5.412657558917999268e-02,-3.039275063201785088e-03
9.828100800514221191e-01,4.016108989715576172e+00,-5.361335352063179016e-02,1.788991270586848259e-03
9.792738556861877441e-01,4.005060672760009766e+00,-5.467868968844413757e-02,-1.916243461892008781e-03
1.033214569091796875e+00,4.126775264739990234e+00,-5.474873259663581848e-02,-2.692682028282433748e-04
1.024374604225158691e+00,4.091531276702880859e+00,-5.153869837522506714e-02,1.863486715592443943e-03
9.765900373458862305e-01,4.003816127777099609e+00,-5.104495212435722351e-02,6.747062434442341328e-04
1.032872676849365234e+00,4.112489223480224609e+00,-5.339339002966880798e-02,-6.716806674376130104e-04
1.025146842002868652e+00,4.110216140747070312e+00,-5.041202157735824585e-02,-2.059122925857082009e-04
1.017179012298583984e+00,4.101954460144042969e+00,-5.035585910081863403e-02,-1.184469438157975674e-03
1.023334383964538574e+00,4.128235816955566406e+00,-5.308802425861358643e-02,-1.087137730792164803e-03
1.006670117378234863e+00,4.049777984619140625e+00,-4.972751066088676453e-02,9.628679836168885231e-04
9.901738166809082031e-01,4.036122798919677734e+00,-5.234018713235855103e-02,-3.549761371687054634e-03
1.010866403579711914e+00,4.070711612701416016e+00,-5.102246627211570740e-02,2.904242370277643204e-03
1.012964248657226562e+00,4.075327396392822266e+00,-5.518685281276702881e-02,1.678413711488246918e-03
9.822225570678710938e-01,3.996240377426147461e+00,-5.141702666878700256e-02,-1.938901375979185104e-03
1.004636645317077637e+00,4.038675308227539062e+00,-5.273780226707458496e-02,6.092211115173995495e-04
1.023760318756103516e+00,4.117134094238281250e+00,-5.059611797332763672e-02,-1.309523824602365494e-03
1.002860903739929199e+00,4.055817604064941406e+00,-5.142578110098838806e-02,3.256382653489708900e-03
9.937464594841003418e-01,4.019597530364990234e+00,-5.192439258098602295e-02,1.471512252464890480e-03
1.018422245979309082e+00,4.106247901916503906e+00,-5.437982082366943359e-02,6.815639790147542953e-04
9.933347702026367188e-01,4.037630081176757812e+00,-5.207274854183197021e-02,2.620283048599958420e-03
1.029243230819702148e+00,4.105317115783691406e+00,-5.032360181212425232e-02,-1.670816214755177498e-03
1.008399963378906250e+00,4.065308570861816406e+00,-5.244426801800727844e-02,2.831448102369904518e-03
1.024010896682739258e+00,4.091181755065917969e+00,-5.198158696293830872e-02,-1.757548074238002300e-03
1.014871001243591309e+00,4.090758800506591797e+00,-5.246267840266227722e-02,-3.168011084198951721e-03
9.837883710861206055e-01,4.019083499908447266e+00,-5.044573172926902771e-02,-2.786360273603349924e-04
1.009910106658935547e+00,4.064100265502929688e+00,-5.270079523324966431e-02,2.326105954125523567e-03
1.024557352066040039e+00,4.107362270355224609e+00,-5.416115000844001770e-02,1.290832879021763802e-03
9.736530780792236328e-01,3.984864473342895508e+00,-5.066017806529998779e-02,-1.994638703763484955e-03
1.019190311431884766e+00,4.095056533813476562e+00,-4.988944903016090393e-02,-4.522766103036701679e-04
1.005350589752197266e+00,4.071555614471435547e+00,-5.332798138260841370e-02,1.962366048246622086e-03
9.918227195739746094e-01,4.051970481872558594e+00,-5.310377851128578186e-02,-2.539196750149130821e-03
1.005982875823974609e+00,4.058300495147705078e+00,-5.124573409557342529e-02,-3.305017249658703804e-03
9.783130884170532227e-01,4.010581016540527344e+00,-5.231201648712158203e-02,-4.051013966090977192e-04
9.727009534835815430e-01,3.991032600402832031e+00,-5.080183222889900208e-02,-1.812455942854285240e-03
1.007464289665222168e+00,4.066472053527832031e+00,-4.947437345981597900e-02,-6.458855932578444481e-04
1.008833050727844238e+00,4.066820144653320312e+00,-5.557208880782127380e-02,1.705889822915196419e-03
9.938719868659973145e-01,4.013245582580566406e+00,-5.067186430096626282e-02,1.121224951930344105e-03
9.947951436042785645e-01,4.023063659667968750e+00,-5.162977427244186401e-02,1.295808120630681515e-03
9.796733260154724121e-01,4.019165992736816406e+00,-5.382036790251731873e-02,-8.301269263029098511e-04
9.789645075798034668e-01,4.006155490875244141e+00,-5.078266561031341553e-02,-9.134738938882946968e-04
1.009806990623474121e+00,4.071497440338134766e+00,-5.043482035398483276e-02,2.654797164723277092e-03
1.020494580268859863e+00,4.103489398956298828e+00,-4.979362711310386658e-02,-2.396837342530488968e-03
1.012793898582458496e+00,4.093482494354248047e+00,-5.351607501506805420e-02,-1.962791895493865013e-03
1.000206589698791504e+00,4.041483402252197266e+00,-5.155330523848533630e-02,3.157858271151781082e-03
1.002201676368713379e+00,4.041342258453369141e+00,-5.513150990009307861e-02,1.171695068478584290e-03
1.007618784904479980e+00,4.062411785125732422e+00,-4.965089634060859680e-02,1.805127481929957867e-03
1.023154735565185547e+00,4.104981422424316406e+00,-5.051041767001152039e-02,-1.679265173152089119e-03
1.014565944671630859e+00,4.094018936157226562e+00,-5.558070540428161621e-02,-7.061713258735835552e-04
9.971298575401306152e-01,4.060806751251220703e+00,-5.324162170290946960e-02,1.379177789203822613e-03
1.003805279731750488e+00,4.049707412719726562e+00,-4.882064834237098694e-02,9.378123213537037373e-04
9.850818514823913574e-01,3.990361928939819336e+00,-5.324417725205421448e-02,-9.865565225481987000e-04
1.027639985084533691e+00,4.134030818939208984e+00,-5.398514494299888611e-02,-4.680315323639661074e-04
1.033324837684631348e+00,4.111541271209716797e+00,-5.130197107791900635e-02,-7.227106834761798382e-04
1.022425770759582520e+00,4.078381061553955078e+00,-5.331090837717056274e-02,-9.782402048585936427e-05
9.690816402435302734e-01,3.966984510421752930e+00,-5.243667215108871460e-02,-1.204079249873757362e-03
9.707016348838806152e-01,3.984489917755126953e+00,-5.316362902522087097e-02,4.061322833877056837e-04
9.981760978698730469e-01,4.040746212005615234e+00,-4.977979511022567749e-02,-2.372901421040296555e-03
9.852751493453979492e-01,4.000352859497070312e+00,-5.168288201093673706e-02,-1.415035920217633247e-03
1.014211297035217285e+00,4.079084873199462891e+00,-5.076256766915321350e-02,-2.610331866890192032e-03
1.034588336944580078e+00,4.145872592926025391e+00,-5.248366296291351318e-02,-1.305440819123759866e-04
1.030929684638977051e+00,4.120736122131347656e+00,-5.379843711853027344e-02,-2.317186212167143822e-03
1.036931633949279785e+00,4.145575046539306641e+00,-5.259988456964492798e-02,7.430150872096419334e-04
1.030383467674255371e+00,4.113972663879394531e+00,-5.284316092729568481e-02,1.109347213059663773e-03
1.020497202873229980e+00,4.115027427673339844e+00,-5.500148609280586243e-02,-7.330197840929031372e-04
9.777735471725463867e-01,4.000222206115722656e+00,-5.341666191816329956e-02,1.500915968790650368e-03
9.978460073471069336e-01,4.047621726989746094e+00,-5.541211366653442383e-02,-5.369230639189481735e-04
9.909177422523498535e-01,4.022961139678955078e+00,-5.539433658123016357e-02,8.041525143198668957e-04
1.016308546066284180e+00,4.109772205352783203e+00,-5.123420432209968567e-02,-1.850129687227308750e-03
1.011720776557922363e+00,4.091135501861572266e+00,-5.107432976365089417e-02,-3.338299924507737160e-03
1.010256528854370117e+00,4.058895111083984375e+00,-5.042606964707374573e-02,-2.527475589886307716e-03
9.975259304046630859e-01,4.046280384063720703e+00,-5.360210686922073364e-02,-3.408898832276463509e-03
1.004878163337707520e+00,4.047379016876220703e+00,-5.117226392030715942e-02,2.417949028313159943e-03
1.017725467681884766e+00,4.097014427185058594e+00,-5.534933134913444519e-02,-1.943764626048505306e-03
1.004822373390197754e+00,4.074408054351806641e+00,-5.036994814872741699e-02,2.040223684161901474e-03
9.896016120910644531e-01,4.016740322113037109e+00,-5.302947387099266052e-02,2.803119365125894547e-03
1.012990593910217285e+00,4.080501079559326172e+00,-5.106680095195770264e-02,2.496793633326888084e-03
1.009094357490539551e+00,4.056807994842529297e+00,-5.360533669590950012e-02,-2.926408080384135246e-03
9.955585002899169922e-01,4.035246372222900391e+00,-5.304065346717834473e-02,-3.882186720147728920e-03
1.022654294967651367e+00,4.121145248413085938e+00,-5.388909950852394104e-02,-1.110465091187506914e-04
1.010181307792663574e+00,4.056258201599121094e+00,-5.148202180862426758e-02,2.435654401779174805e-03
9.807491898536682129e-01,3.996214628219604492e+00,-5.371353030204772949e-02,-2.385339932516217232e-03
9.892549514770507812e-01,4.005767345428466797e+00,-5.320444330573081970e-02,-1.770322560332715511e-03
1.002556800842285156e+00,4.037074089050292969e+00,-5.502463877201080322e-02,1.115218852646648884e-03
9.833390116691589355e-01,4.027794837951660156e+00,-5.036279186606407166e-02,-1.138257561251521111e-03
9.881641268730163574e-01,4.043006420135498047e+00,-5.411589145660400391e-02,1.062281444319523871e-05
9.985376596450805664e-01,4.043283939361572266e+00,-5.400120094418525696e-02,-3.621100448071956635e-03
1.006773352622985840e+00,4.054527282714843750e+00,-5.104017630219459534e-02,2.015705453231930733e-03
1.030833959579467773e+00,4.123195648193359375e+00,-5.184167996048927307e-02,5.082814823254011571e-05
1.017970323562622070e+00,4.098676681518554688e+00,-5.436507984995841980e-02,-2.999807242304086685e-03
1.011548042297363281e+00,4.078610420227050781e+00,-5.467663332819938660e-02,-1.835875795222818851e-03
1.033975720405578613e+00,4.127254009246826172e+00,-5.150165408849716187e-02,-2.249615034088492393e-03
1.031686663627624512e+00,4.116385459899902344e+00,-5.086344480514526367e-02,-1.138254738179966807e-04
9.818841218948364258e-01,4.017688751220703125e+00,-5.434984341263771057e-02,-1.475764584029093385e-04
1.010098099708557129e+00,4.046576499938964844e+00,-5.374762415885925293e-02,-9.538138401694595814e-04
1.029456138610839844e+00,4.124532699584960938e+00,-5.307352170348167419e-02,-9.868702618405222893e-04
9.849548935890197754e-01,4.006023883819580078e+00,-4.960654675960540771e-02,6.883321329951286316e-04
9.890468716621398926e-01,4.015612602233886719e+00,-5.401425063610076904e-02,-2.893260447308421135e-03
9.825401902198791504e-01,4.026552677154541016e+00,-5.184438452124595642e-02,-2.391167217865586281e-03
1.007870435714721680e+00,4.089581966400146484e+00,-5.237818881869316101e-02,6.375038647092878819e-04
1.029620766639709473e+00,4.121020317077636719e+00,-5.331489071249961853e-02,-2.916680881753563881e-03
9.979882240295410156e-01,4.025780200958251953e+00,-5.191948637366294861e-02,1.529691973701119423e-03
1.006656885147094727e+00,4.056962966918945312e+00,-4.957385361194610596e-02,-2.412660047411918640e-03
9.990327358245849609e-01,4.043643951416015625e+00,-5.327272042632102966e-02,-3.262187354266643524e-03
1.013136506080627441e+00,4.076951503753662109e+00,-5.248493701219558716e-02,2.946466673165559769e-03
9.874933958053588867e-01,4.028090476989746094e+00,-5.180335044860839844e-02,2.233456354588270187e-03
1.020050168037414551e+00,4.088346958160400391e+00,-4.935071989893913269e-02,-1.594169181771576405e-03
1.015050053596496582e+00,4.087953090667724609e+00,-5.017728731036186218e-02,8.815604960545897484e-04
9.888148307800292969e-01,4.016008853912353516e+00,-5.181247368454933167e-02,-2.699015662074089050e-03
1.016737818717956543e+00,4.101722240447998047e+00,-5.121630802750587463e-02,-2.273371443152427673e-03
9.965706467628479004e-01,4.022148132324218750e+00,-5.008503794670104980e-02,2.622087049530819058e-05
9.859097599983215332e-01,4.017569065093994141e+00,-4.914026707410812378e-02,1.017506350763142109e-03
1.026903748512268066e+00,4.102184295654296875e+00,-5.006572604179382324e-02,-5.470304749906063080e-04
1.018825054168701172e+00,4.074278831481933594e+00,-5.323809757828712463e-02,6.479474250227212906e-04
1.007379651069641113e+00,4.074689388275146484e+00,-5.501782149076461792e-02,-4.001037159468978643e-04
1.031689286231994629e+00,4.117946147918701172e+00,-5.208516865968704224e-02,-3.659941721707582474e-04
9.892395138740539551e-01,4.039578914642333984e+00,-5.434369295835494995e-02,-1.189399859867990017e-03
1.007760286331176758e+00,4.060809612274169922e+00,-5.572348088026046753e-02,1.141036511398851871e-03
1.017419219017028809e+00,4.075153827667236328e+00,-5.305458605289459229e-02,1.666804542765021324e-03
1.021628141403198242e+00,4.079466342926025391e+00,-5.137142539024353027e-02,-9.076693677343428135e-04
9.945468306541442871e-01,4.034134387969970703e+00,-5.194000154733657837e-02,-4.023724701255559921e-03
1.014216661453247070e+00,4.083393573760986328e+00,-4.941285029053688049e-02,-2.705232182051986456e-04
9.924787878990173340e-01,4.010733127593994141e+00,-5.381439998745918274e-02,1.533950096927583218e-03
9.902439117431640625e-01,4.022219181060791016e+00,-4.935126751661300659e-02,-1.080212648957967758e-03
1.008298993110656738e+00,4.066610336303710938e+00,-5.519165843725204468e-02,-2.058825222775340080e-03
1.001078128814697266e+00,4.059659481048583984e+00,-5.389736220240592957e-02,2.311807358637452126e-03
1.007356762886047363e+00,4.065702438354492188e+00,-4.981273785233497620e-02,2.174065681174397469e-03
9.964026808738708496e-01,4.049099922180175781e+00,-5.553291738033294678e-02,-6.404396845027804375e-04
9.788963198661804199e-01,4.009532451629638672e+00,-5.366666615009307861e-02,-1.436998834833502769e-03
9.922930002212524414e-01,4.021087169647216797e+00,-5.268397554755210876e-02,-3.472998505458235741e-03
9.921852946281433105e-01,4.042067050933837891e+00,-5.031835287809371948e-02,-1.875364803709089756e-03
1.003662109375000000e+00,4.081491470336914062e+00,-5.315322428941726685e-02,-2.197575522586703300e-03
1.005667567253112793e+00,4.044782638549804688e+00,-5.330250412225723267e-02,-2.320503117516636848e-03
1.003885984420776367e+00,4.042232513427734375e+00,-5.072964727878570557e-02,-2.287804381921887398e-03
1.007779955863952637e+00,4.067935943603515625e+00,-5.533544719219207764e-02,-7.435081060975790024e-04
1.027635931968688965e+00,4.127504825592041016e+00,-5.178019776940345764e-02,-2.526310039684176445e-03
9.836574196815490723e-01,4.005415916442871094e+00,-5.020366981625556946e-02,-2.690028632059693336e-03
1.032126545906066895e+00,4.138679027557373047e+00,-5.211623013019561768e-02,5.500111146830022335e-04
1.003173947334289551e+00,4.031954288482666016e+00,-5.071164295077323914e-02,2.755657187663018703e-04
1.001531958580017090e+00,4.066846370697021484e+00,-5.322787165641784668e-02,2.705134218558669090e-03
9.994722604751586914e-01,4.070765972137451172e+00,-5.168827623128890991e-02,1.429334282875061035e-03
1.009195923805236816e+00,4.075384616851806641e+00,-4.998134076595306396e-02,-2.218418056145310402e-03
9.863489866256713867e-01,4.015357494354248047e+00,-5.446293205022811890e-02,-1.764137065038084984e-03
9.938979148864746094e-01,4.051764011383056641e+00,-4.956306517124176025e-02,3.439193242229521275e-04
1.015219211578369141e+00,4.100662231445312500e+00,-5.401755869388580322e-02,-1.202644896693527699e-03
1.037770032882690430e+00,4.126430034637451172e+00,-5.272763222455978394e-02,-1.239152625203132629e-03
1.027929782867431641e+00,4.097048759460449219e+00,-5.217570066452026367e-02,6.880176806589588523e-05
1.026137948036193848e+00,4.118275642395019531e+00,-4.980053752660751343e-02,-1.286686747334897518e-03
1.006816625595092773e+00,4.053385257720947266e+00,-5.262514576315879822e-02,2.331350231543183327e-03
1.024443864822387695e+00,4.102011203765869141e+00,-5.239903181791305542e-02,-2.657598815858364105e-03
1.024183511734008789e+00,4.091736316680908203e+00,-5.184154585003852844e-02,-2.251251135021448135e-03
9.900119304656982422e-01,4.013715267181396484e+00,-5.127052217721939087e-02,-3.183654742315411568e-03
1.029778838157653809e+00,4.135051250457763672e+00,-5.140774324536323547e-02,-4.932661249767988920e-05
1.032078981399536133e+00,4.116106510162353516e+00,-5.251677334308624268e-02,-2.046572772087529302e-04
9.999380707740783691e-01,4.045254230499267578e+00,-5.044654384255409241e-02,-2.464050194248557091e-03
9.988842606544494629e-01,4.040901660919189453e+00,-5.515537783503532410e-02,1.460037776269018650e-03
9.878919124603271484e-01,4.015279769897460938e+00,-5.342761799693107605e-02,2.312838332727551460e-03
9.925887584686279297e-01,4.022998809814453125e+00,-4.931887611746788025e-02,1.636235276237130165e-03
1.023917675018310547e+00,4.111495971679687500e+00,-5.411128699779510498e-02,2.053715521469712257e-03
9.979568123817443848e-01,4.052788257598876953e+00,-5.143406242132186890e-02,1.998089952394366264e-03
1.012043476104736328e+00,4.065220832824707031e+00,-5.324004963040351868e-02,2.653721254318952560e-03
1.013171911239624023e+00,4.079667091369628906e+00,-5.503984168171882629e-02,1.030146260745823383e-03
1.018252730369567871e+00,4.117426872253417969e+00,-5.292560905218124390e-02,-2.879813655454199761e-05
9.897682666778564453e-01,4.029057979583740234e+00,-5.530408397316932678e-02,-2.016781363636255264e-03
9.760146737098693848e-01,3.995591402053833008e+00,-5.304297432303428650e-02,1.255602459423243999e-03
1.032374620437622070e+00,4.116209506988525391e+00,-5.078469216823577881e-02,-2.263958565890789032e-03
9.742322564125061035e-01,3.995956659317016602e+00,-5.159224569797515869e-02,-6.777093512937426567e-04
9.941499233245849609e-01,4.041079044342041016e+00,-4.917081445455551147e-02,-1.640933624003082514e-04
1.008559584617614746e+00,4.056384563446044922e+00,-5.009608715772628784e-02,1.718395622447133064e-03
1.008150100708007812e+00,4.072845458984375000e+00,-5.583094432950019836e-02,-3.163089277222752571e-04
1.012705445289611816e+00,4.085721015930175781e+00,-5.474448949098587036e-02,1.617858069948852062e-03
9.742909669876098633e-01,3.978279590606689453e+00,-5.126799643039703369e-02,-2.265482442453503609e-03
9.894295334815979004e-01,4.032249927520751953e+00,-4.948304966092109680e-02,1.416918472386896610e-03
1.040668487548828125e+00,4.147195339202880859e+00,-5.199896916747093201e-02,-1.457796548493206501e-03
1.020037531852722168e+00,4.079273223876953125e+00,-5.459100380539894104e-02,4.271536818123422563e-05
1.022585153579711914e+00,4.117157936096191406e+00,-5.151859670877456665e-02,4.446344682946801186e-04
1.028706789016723633e+00,4.112420558929443359e+00,-5.263845622539520264e-02,1.332562649622559547e-03
9.989247322082519531e-01,4.038424491882324219e+00,-4.971751198172569275e-02,-2.155015710741281509e-03
1.030384659767150879e+00,4.114189147949218750e+00,-5.048514530062675476e-02,-1.234558294527232647e-03
9.865464568138122559e-01,4.019876480102539062e+00,-5.463896691799163818e-02,8.725960506126284599e-04
1.007683038711547852e+00,4.081746101379394531e+00,-4.970960319042205811e-02,-7.040423224680125713e-04
1.011514067649841309e+00,4.064969062805175781e+00,-4.990696907043457031e-02,1.584151410497725010e-03
9.910565018653869629e-01,4.046729564666748047e+00,-5.060170963406562805e-02,-1.534353592433035374e-03
1.022706270217895508e+00,4.118872165679931641e+00,-5.230245739221572876e-02,-2.261784626170992851e-03
1.009969472885131836e+00,4.093074798583984375e+00,-5.304570868611335754e-02,-6.202697404660284519e-04
9.902356863021850586e-01,4.046257495880126953e+00,-5.116255208849906921e-02,-8.987946202978491783e-04
1.020376324653625488e+00,4.109970569610595703e+00,-5.087594687938690186e-02,3.922374744433909655e-04
1.020659089088439941e+00,4.087604045867919922e+00,-4.934152215719223022e-02,7.542206440120935440e-04
1.000264644622802734e+00,4.034728050231933594e+00,-5.130013078451156616e-02,-2.446389989927411079e-03
9.950277209281921387e-01,4.039618492126464844e+00,-5.269906669855117798e-02,-3.996537998318672180e-03
9.916757941246032715e-01,4.010606288909912109e+00,-4.979865252971649170e-02,3.984676004620268941e-05
1.006169199943542480e+00,4.066005229949951172e+00,-5.000000447034835815e-02,1.399303204379975796e-03
9.920448660850524902e-01,4.038648128509521484e+00,-5.040961131453514099e-02,-2.144056372344493866e-03
1.000819087028503418e+00,4.031507968902587891e+00,-5.322611704468727112e-02,-2.423484809696674347e-03
1.012049674987792969e+00,4.088443279266357422e+00,-5.135428160429000854e-02,1.941792317666113377e-03
1.012743473052978516e+00,4.063784122467041016e+00,-5.473264306783676147e-02,-1.517567550763487816e-03
1.019372105598449707e+00,4.101659774780273438e+00,-4.997770860791206360e-02,2.106634347001090646e-04
9.783375859260559082e-01,3.990602493286132812e+00,-5.256363004446029663e-02,-2.810134319588541985e-03
1.000143170356750488e+00,4.046720027923583984e+00,-4.917213693261146545e-02,-2.321646083146333694e-03
1.025700807571411133e+00,4.089127063751220703e+00,-5.233547464013099670e-02,1.689789496595039964e-05
1.017412543296813965e+00,4.069605350494384766e+00,-5.233502388000488281e-02,1.081106674973852932e-04
9.956226944923400879e-01,4.047876358032226562e+00,-5.019037425518035889e-02,2.537762513384222984e-03
9.893892407417297363e-01,4.022209644317626953e+00,-4.934985935688018799e-02,-2.238476648926734924e-03
1.006839871406555176e+00,4.055019855499267578e+00,-4.950056597590446472e-02,-1.873783912742510438e-04
1.022193312644958496e+00,4.087697982788085938e+00,-5.383398383855819702e-02,3.329827159177511930e-04
1.014206528663635254e+00,4.066965103149414062e+00,-5.421379208564758301e-02,1.529736793600022793e-03
1.002220511436462402e+00,4.052762508392333984e+00,-5.066854134202003479e-02,1.817677868530154228e-03
1.020187020301818848e+00,4.074056148529052734e+00,-5.245803669095039368e-02,4.840778419747948647e-04
1.013471484184265137e+00,4.067344188690185547e+00,-5.433300882577896118e-02,1.583837671205401421e-03
1.020477056503295898e+00,4.083673000335693359e+00,-5.392956733703613281e-02,-4.173154011368751526e-04
9.869039058685302734e-01,4.007459163665771484e+00,-5.222617089748382568e-02,1.428303425200283527e-03
1.011861085891723633e+00,4.079892158508300781e+00,-4.985752701759338379e-02,1.723191468045115471e-03
9.906126260757446289e-01,4.027046680450439453e+00,-5.245257914066314697e-02,-3.672268940135836601e-03
9.853435158729553223e-01,4.001513957977294922e+00,-5.191725492477416992e-02,1.559454132802784443e-03
1.020221710205078125e+00,4.083349227905273438e+00,-5.157106742262840271e-02,9.292513132095336914e-04
1.002342700958251953e+00,4.032531261444091797e+00,-5.086601525545120239e-02,7.314510294236242771e-04
1.031183481216430664e+00,4.103016853332519531e+00,-5.239609628915786743e-02,-8.156718104146420956e-04
1.015532732009887695e+00,4.105344295501708984e+00,-5.183392763137817383e-02,5.956400418654084206e-04
9.869951605796813965e-01,4.019282341003417969e+00,-5.179595947265625000e-02,-3.688428318127989769e-03
9.861381649971008301e-01,4.028228759765625000e+00,-5.134372413158416748e-02,-2.123168902471661568e-03
9.885654449462890625e-01,4.041177272796630859e+00,-5.062180384993553162e-02,-1.346121425740420818e-03
1.010822057723999023e+00,4.075850486755371094e+00,-5.118433758616447449e-02,-3.530441783368587494e-03
1.002003788948059082e+00,4.040739059448242188e+00,-5.197431147098541260e-02,-3.098869230598211288e-03
1.005776405334472656e+00,4.074881553649902344e+00,-5.474020913243293762e-02,-3.873518435284495354e-04
9.822973608970642090e-01,4.004411697387695312e+00,-5.372293293476104736e-02,1.319295144639909267e-03
9.926617145538330078e-01,4.038795471191406250e+00,-5.206303298473358154e-02,-2.958367578685283661e-03
1.035274147987365723e+00,4.136672019958496094e+00,-5.064522475004196167e-02,2.051054907497018576e-04
1.028143167495727539e+00,4.112708091735839844e+00,-5.060107260942459106e-02,5.303790094330906868e-04
1.003345251083374023e+00,4.076289176940917969e+00,-5.248446017503738403e-02,-2.360732061788439751e-03
1.004698395729064941e+00,4.040545463562011719e+00,-5.416682735085487366e-02,-1.239623292349278927e-03
1.018387198448181152e+00,4.079036712646484375e+00,-5.260049551725387573e-02,-3.531540278345346451e-03
9.906072616577148438e-01,4.030697822570800781e+00,-5.261372029781341553e-02,2.790792612358927727e-03
1.017845273017883301e+00,4.087949275970458984e+00,-5.171809345483779907e-02,-3.095081541687250137e-03
1.016715884208679199e+00,4.073773384094238281e+00,-5.206844955682754517e-02,-2.415080321952700615e-03
9.852179884910583496e-01,4.020154953002929688e+00,-5.170597508549690247e-02,-3.648242447525262833e-03
1.018801689147949219e+00,4.084493637084960938e+00,-4.938847571611404419e-02,-6.109238893259316683e-05
1.033963918685913086e+00,4.121208190917968750e+00,-5.438037216663360596e-02,-2.716437738854438066e-04
9.802458286285400391e-01,4.006972312927246094e+00,-5.090145766735076904e-02,-2.164876786991953850e-03
1.030217289924621582e+00,4.114017009735107422e+00,-5.182873830199241638e-02,2.299749758094549179e-03
1.006626844406127930e+00,4.047857284545898438e+00,-5.267437174916267395e-02,-3.560429904609918594e-03
9.825834631919860840e-01,3.995895385742187500e+00,-5.440998449921607971e-02,-2.060774946585297585e-03
1.013411402702331543e+00,4.077059745788574219e+00,-5.012063309550285339e-02,1.012620632536709309e-03
1.003756284713745117e+00,4.038548946380615234e+00,-5.006926506757736206e-02,-7.758249412290751934e-04
9.847840666770935059e-01,4.006652355194091797e+00,-5.080581083893775940e-02,-2.818292239680886269e-03
9.771435856819152832e-01,3.988797903060913086e+00,-5.455791950225830078e-02,-1.404099166393280029e-03
1.020342469215393066e+00,4.073236942291259766e+00,-5.200675129890441895e-02,-2.287445822730660439e-03
9.754783511161804199e-01,3.991795301437377930e+00,-5.268040299415588379e-02,-1.470727846026420593e-03
1.038925886154174805e+00,4.147868633270263672e+00,-5.364088341593742371e-02,-1.465976703912019730e-03
1.031321167945861816e+00,4.125389099121093750e+00,-5.072119086980819702e-02,-1.937207125592976809e-04
1.020973205566406250e+00,4.092788219451904297e+00,-5.226245895028114319e-02,-2.835011575371026993e-03
1.012958526611328125e+00,4.103616714477539062e+00,-5.115730315446853638e-02,-2.275411039590835571e-03
1.004125714302062988e+00,4.060800552368164062e+00,-5.406541004776954651e-02,2.261426066979765892e-03
1.031010866165161133e+00,4.113311767578125000e+00,-5.386700481176376343e-02,-2.605558140203356743e-03
1.010624289512634277e+00,4.062420845031738281e+00,-5.487121269106864929e-02,-2.157301642000675201e-03
1.010323524475097656e+00,4.062464714050292969e+00,-4.901171103119850159e-02,-1.228888286277651787e-03
1.021789073944091797e+00,4.104782104492187500e+00,-5.405320599675178528e-02,1.762590720318257809e-03
1.001207590103149414e+00,4.073827743530273438e+00,-5.240567401051521301e-02,8.872976177372038364e-04
1.000541210174560547e+00,4.070085525512695312e+00,-4.971379041671752930e-02,-3.195361350663006306e-04
1.000235199928283691e+00,4.025242328643798828e+00,-5.251497402787208557e-02,2.196278046540101059e-06
1.029278993606567383e+00,4.139360904693603516e+00,-5.302622169256210327e-02,-5.979707930237054825e-04
9.987937808036804199e-01,4.068122386932373047e+00,-5.041797459125518799e-02,-1.247467123903334141e-03
9.895569682121276855e-01,4.036631584167480469e+00,-5.428994819521903992e-02,-2.872529206797480583e-03
1.004224538803100586e+00,4.075877666473388672e+00,-5.048121139407157898e-02,8.621973101980984211e-04
1.019683480262756348e+00,4.119862556457519531e+00,-5.217003822326660156e-02,-7.127377903088927269e-04
1.014362812042236328e+00,4.061413288116455078e+00,-5.262294039130210876e-02,1.654478255659341812e-03
1.029212117195129395e+00,4.118499755859375000e+00,-5.320394411683082581e-02,1.324180746451020241e-03
1.020646333694458008e+00,4.112864494323730469e+00,-5.290710180997848511e-02,1.574604189954698086e-03
1.030076265335083008e+00,4.107382774353027344e+00,-5.186700075864791870e-02,-7.944699609652161598e-05
1.024948239326477051e+00,4.108670234680175781e+00,-4.957769438624382019e-02,-1.505061984062194824e-03
9.954582452774047852e-01,4.019111633300781250e+00,-5.081395059823989868e-02,-2.609256189316511154e-03
1.022011280059814453e+00,4.090601444244384766e+00,-5.132803320884704590e-02,2.664972096681594849e-03
1.020336389541625977e+00,4.092247486114501953e+00,-5.089202150702476501e-02,-3.238631878048181534e-03
1.024782180786132812e+00,4.096390724182128906e+00,-4.953075945377349854e-02,-8.768765255808830261e-04
9.751381874084472656e-01,4.000571250915527344e+00,-5.354322120547294617e-02,-4.118471115361899137e-04
1.023084044456481934e+00,4.092564582824707031e+00,-5.402288585901260376e-02,-2.400288591161370277e-03
9.874477386474609375e-01,4.020980358123779297e+00,-5.141047760844230652e-02,-3.980512265115976334e-03
1.003736734390258789e+00,4.059281826019287109e+00,-5.517935752868652344e-02,-1.227386761456727982e-03
1.002316594123840332e+00,4.056817531585693359e+00,-5.436274036765098572e-02,-3.408764488995075226e-03
1.023436427116394043e+00,4.087960720062255859e+00,-5.350013822317123413e-02,4.534643958322703838e-04
9.849129319190979004e-01,3.999880313873291016e+00,-5.255245789885520935e-02,6.063525215722620487e-04
1.004836559295654297e+00,4.061255931854248047e+00,-5.310102179646492004e-02,2.539017470553517342e-03
1.012532711029052734e+00,4.068888664245605469e+00,-5.141998082399368286e-02,-2.678351942449808121e-03
9.920260906219482422e-01,4.046534538269042969e+00,-5.169746279716491699e-02,-2.037691185250878334e-03
1.016455531120300293e+00,4.084966182708740234e+00,-4.980481043457984924e-02,1.741334854159504175e-04
1.017322778701782227e+00,4.102542877197265625e+00,-5.355378612875938416e-02,-2.465641358867287636e-03
9.811185002326965332e-01,3.991812467575073242e+00,-5.228266492486000061e-02,2.092218492180109024e-03
9.855708479881286621e-01,3.991288661956787109e+00,-5.341165512800216675e-02,-4.597170336637645960e-04
1.041516542434692383e+00,4.142458915710449219e+00,-5.148982629179954529e-02,-7.204920402728021145e-04
1.017821669578552246e+00,4.100257396697998047e+00,-4.960064589977264404e-02,-1.362862414680421352e-03
1.003201961517333984e+00,4.048251628875732422e+00,-5.505418032407760620e-02,-8.545326418243348598e-04
9.955953955650329590e-01,4.022495269775390625e+00,-5.295041576027870178e-02,-3.069890197366476059e-03
1.020801901817321777e+00,4.088169097900390625e+00,-5.430842936038970947e-02,1.107912743464112282e-03
9.832050800323486328e-01,4.022990703582763672e+00,-5.198932066559791565e-02,4.544952826108783484e-04
9.876567721366882324e-01,4.009328842163085938e+00,-5.296657606959342957e-02,-3.513229312375187874e-03
9.869338274002075195e-01,4.013946056365966797e+00,-5.178603902459144592e-02,-3.493999131023883820e-03
1.008902788162231445e+00,4.063308715820312500e+00,-4.917494952678680420e-02,6.907070201123133302e-05
1.038221001625061035e+00,4.137232303619384766e+00,-5.241261795163154602e-02,-2.773361629806458950e-04
9.694285392761230469e-01,3.973444700241088867e+00,-5.257348343729972839e-02,5.481286207213997841e-04
1.013169169425964355e+00,4.099050998687744141e+00,-5.395919829607009888e-02,-5.080573828308843076e-05
1.039372801780700684e+00,4.128888607025146484e+00,-5.191588774323463440e-02,-1.292132772505283356e-03
9.869084954261779785e-01,3.997720241546630859e+00,-5.136581137776374817e-02,7.754206308163702488e-05
9.746731519699096680e-01,3.979797601699829102e+00,-5.397649109363555908e-02,-7.174665224738419056e-04
1.005806565284729004e+00,4.083960533142089844e+00,-5.049341917037963867e-02,6.505022756755352020e-04
9.853928089141845703e-01,3.998138904571533203e+00,-5.182572826743125916e-02,-3.004177706316113472e-03
1.007126092910766602e+00,4.081276416778564453e+00,-5.007126927375793457e-02,5.750666605308651924e-04
9.730605483055114746e-01,3.988876342773437500e+00,-5.306952074170112610e-02,3.905342309735715389e-04
9.881867170333862305e-01,4.016128063201904297e+00,-5.463830381631851196e-02,9.786902228370308876e-04
1.025028705596923828e+00,4.088820934295654297e+00,-5.410088226199150085e-02,-4.682332510128617287e-04
9.855410456657409668e-01,4.024557113647460938e+00,-5.008724331855773926e-02,-2.312748692929744720e-03
1.014815568923950195e+00,4.084442138671875000e+00,-5.433941259980201721e-02,-2.846262184903025627e-03
1.004554867744445801e+00,4.047166824340820312e+00,-4.918922111392021179e-02,1.072772080078721046e-03
9.895295500755310059e-01,4.045917987823486328e+00,-5.259851738810539246e-02,-2.178234281018376350e-03
9.861531853675842285e-01,4.021476268768310547e+00,-5.280499160289764404e-02,2.240672940388321877e-03
9.952247142791748047e-01,4.040075302124023438e+00,-4.890608415007591248e-02,-1.590067986398935318e-03
9.892137050628662109e-01,4.041036605834960938e+00,-5.256339907646179199e-02,-1.804903498850762844e-03
9.936922192573547363e-01,4.028868198394775391e+00,-5.372170731425285339e-02,2.683394821360707283e-03
1.037313461303710938e+00,4.136382579803466797e+00,-5.421604961156845093e-02,-4.284312599338591099e-04
1.019684791564941406e+00,4.088852882385253906e+00,-4.980589821934700012e-02,-6.943158805370330811e-04
1.005493521690368652e+00,4.084984779357910156e+00,-5.359784513711929321e-02,-1.133100158767774701e-04
9.936217069625854492e-01,4.009324550628662109e+00,-5.291873216629028320e-02,5.123605951666831970e-04
9.965211153030395508e-01,4.060555458068847656e+00,-5.095854774117469788e-02,-1.035636872984468937e-03
9.907758235931396484e-01,4.027189254760742188e+00,-4.971212893724441528e-02,-1.796723343431949615e-03
9.883424639701843262e-01,4.008238792419433594e+00,-4.978524893522262573e-02,-6.571135600097477436e-04
1.023698091506958008e+00,4.098448276519775391e+00,-4.980894178152084351e-02,-1.715952530503273010e-03
1.007776618003845215e+00,4.062853336334228516e+00,-5.589524284005165100e-02,-3.270661982242017984e-04
9.807080626487731934e-01,4.016985416412353516e+00,-5.291199684143066406e-02,-7.527415291406214237e-04
1.004458785057067871e+00,4.061229705810546875e+00,-4.878192767500877380e-02,-4.032861033920198679e-04
9.793305397033691406e-01,4.017118930816650391e+00,-5.117205902934074402e-02,-1.607167883776128292e-03
1.001490354537963867e+00,4.032819747924804688e+00,-5.140342935919761658e-02,1.287740073166787624e-03
1.021107912063598633e+00,4.079169273376464844e+00,-5.268415808677673340e-02,3.594725567381829023e-04
1.032835841178894043e+00,4.117321014404296875e+00,-5.458840355277061462e-02,-2.194037078879773617e-04
1.030760049819946289e+00,4.138653278350830078e+00,-5.201796442270278931e-02,2.269338438054546714e-04
1.018858551979064941e+00,4.086470603942871094e+00,-5.115664005279541016e-02,-2.804038114845752716e-03
1.006092309951782227e+00,4.035298824310302734e+00,-5.176791176199913025e-02,-1.534929615445435047e-04
1.013369441032409668e+00,4.085108757019042969e+00,-5.345735698938369751e-02,-2.819749061018228531e-03
9.955691695213317871e-01,4.031349658966064453e+00,-4.923848062753677368e-02,-1.255916198715567589e-03
1.013941884040832520e+00,4.061026573181152344e+00,-5.090821161866188049e-02,1.210242160595953465e-03
9.915536642074584961e-01,4.004500865936279297e+00,-5.147404223680496216e-02,-4.649836337193846703e-04
9.998596310615539551e-01,4.069560050964355469e+00,-5.066461488604545593e-02,-9.031871450133621693e-04
9.845079183578491211e-01,4.030079841613769531e+00,-5.278978869318962097e-02,-1.889349543489515781e-03
9.940474033355712891e-01,4.056020259857177734e+00,-5.187664553523063660e-02,-2.401114907115697861e-04
1.018289327621459961e+00,4.073611736297607422e+00,-5.143944919109344482e-02,-1.310666790232062340e-03
9.879698753356933594e-01,4.017770767211914062e+00,-4.958464950323104858e-02,-2.737504255492240191e-04
1.033993959426879883e+00,4.122479438781738281e+00,-5.235589295625686646e-02,1.037586713209748268e-03
1.006707310676574707e+00,4.046666145324707031e+00,-4.973539710044860840e-02,1.133551122620701790e-03
9.974214434623718262e-01,4.017816066741943359e+00,-5.088965967297554016e-02,-1.206410001032054424e-03
9.951209425926208496e-01,4.061879634857177734e+00,-5.200388282537460327e-02,1.382046495564281940e-03
1.020588755607604980e+00,4.102587699890136719e+00,-4.966928064823150635e-02,-2.192667452618479729e-03
9.865739941596984863e-01,4.016448020935058594e+00,-5.402117967605590820e-02,1.352463732473552227e-03
9.920534491539001465e-01,4.013759613037109375e+00,-5.087608098983764648e-02,9.874753886833786964e-04
1.034450531005859375e+00,4.131297588348388672e+00,-5.219743028283119202e-02,7.783797336742281914e-04
1.019900798797607422e+00,4.111157894134521484e+00,-5.520663782954216003e-02,1.495262113166972995e-04
9.714987874031066895e-01,3.980493068695068359e+00,-5.199649184942245483e-02,9.224368113791570067e-05
9.759086966514587402e-01,3.989310979843139648e+00,-5.140488222241401672e-02,-5.672004190273582935e-04
1.012035727500915527e+00,4.072413921356201172e+00,-5.172002688050270081e-02,-3.218348836526274681e-03
9.885991811752319336e-01,4.023689270019531250e+00,-5.442048609256744385e-02,-3.112271660938858986e-03
1.008369565010070801e+00,4.076158523559570312e+00,-4.929704219102859497e-02,-1.286686747334897518e-03
1.023412227630615234e+00,4.102913856506347656e+00,-5.289847403764724731e-02,2.711857669055461884e-03
1.017648458480834961e+00,4.112204074859619141e+00,-5.303229764103889465e-02,-2.269203076139092445e-03
1.007030248641967773e+00,4.068398952484130859e+00,-5.084564536809921265e-02,-2.748142695054411888e-03
1.023752450942993164e+00,4.110531806945800781e+00,-5.463881045579910278e-02,1.295404741540551186e-03
1.005773901939392090e+00,4.055101394653320312e+00,-5.563113465905189514e-02,-1.295897876843810081e-03
1.000810742378234863e+00,4.046383857727050781e+00,-5.464726313948631287e-02,1.370751298964023590e-03
1.027764320373535156e+00,4.105085849761962891e+00,-5.142364278435707092e-02,1.955328742042183876e-03
9.792941212654113770e-01,4.010118007659912109e+00,-5.415340512990951538e-02,8.641682507004588842e-05
9.978318214416503906e-01,4.050767421722412109e+00,-5.031378567218780518e-02,-2.329310867935419083e-03
9.940011501312255859e-01,4.028142452239990234e+00,-4.970360919833183289e-02,-2.252349397167563438e-03
1.033731341361999512e+00,4.115531921386718750e+00,-5.368069559335708618e-02,-1.115891151130199432e-03
9.933374524116516113e-01,4.030202388763427734e+00,-5.550020560622215271e-02,4.388075612951070070e-04
1.020587563514709473e+00,4.106054782867431641e+00,-5.073976889252662659e-02,-1.313378568738698959e-03
1.035177946090698242e+00,4.135479927062988281e+00,-5.298547446727752686e-02,-1.974871847778558731e-03
1.011111497879028320e+00,4.088231563568115234e+00,-5.097478255629539490e-02,4.818367597181349993e-04
9.963968992233276367e-01,4.039047241210937500e+00,-5.403425544500350952e-02,-2.143540885299444199e-03
9.861826300621032715e-01,4.023242950439453125e+00,-5.119541287422180176e-02,-1.864316058345139027e-03
9.926944375038146973e-01,4.040663242340087891e+00,-5.059991776943206787e-02,-1.484959037043154240e-03
1.006532549858093262e+00,4.062500476837158203e+00,-5.271456390619277954e-02,-2.706904662773013115e-03
1.014020323753356934e+00,4.069774627685546875e+00,-5.219453945755958557e-02,1.536818803288042545e-03
1.026308774948120117e+00,4.105982780456542969e+00,-5.280016735196113586e-02,-1.026918995194137096e-03
1.023145556449890137e+00,4.107135772705078125e+00,-5.094842985272407532e-02,-9.137427550740540028e-04
9.993630051612854004e-01,4.046761035919189453e+00,-5.064203590154647827e-02,-2.101407153531908989e-03
9.865030050277709961e-01,4.021496295928955078e+00,-5.408584699034690857e-02,1.718923886073753238e-04
1.017844557762145996e+00,4.104000568389892578e+00,-5.204130709171295166e-02,8.906593429856002331e-04
1.007974505424499512e+00,4.059641838073730469e+00,-5.442821234464645386e-02,-3.388320037629455328e-04
1.015297174453735352e+00,4.083724975585937500e+00,-5.300318077206611633e-02,1.174294739030301571e-03
1.017608165740966797e+00,4.096726894378662109e+00,-5.139203369617462158e-02,9.764042333699762821e-04
9.913421869277954102e-01,4.024173736572265625e+00,-5.090571194887161255e-02,6.365625886246562004e-04
1.008931398391723633e+00,4.081587314605712891e+00,-5.037040263414382935e-02,-8.732235291972756386e-04
9.948638081550598145e-01,4.055409431457519531e+00,-5.333419516682624817e-02,-4.383369232527911663e-04
1.001260995864868164e+00,4.058044910430908203e+00,-5.270892381668090820e-02,-2.704977290704846382e-03
1.005563497543334961e+00,4.080170631408691406e+00,-5.330341309309005737e-02,-1.661156769841909409e-03
9.888609051704406738e-01,4.016586303710937500e+00,-5.062660574913024902e-02,-1.265440951101481915e-03
1.017717599868774414e+00,4.083347797393798828e+00,-5.436517298221588135e-02,-3.161744680255651474e-04
1.006836295127868652e+00,4.073832988739013672e+00,-5.213727429509162903e-02,1.922160037793219090e-03
9.823036789894104004e-01,4.000933170318603516e+00,-5.252942442893981934e-02,-1.024095108732581139e-03
1.016415476799011230e+00,4.094271183013916016e+00,-5.018807947635650635e-02,-9.692551102489233017e-04
1.016242742538452148e+00,4.073811054229736328e+00,-5.077882483601570129e-02,-1.236418494954705238e-03
1.015607237815856934e+00,4.090580463409423828e+00,-5.395592376589775085e-02,-1.930541940964758396e-03
9.979984760284423828e-01,4.050154685974121094e+00,-5.385302007198333740e-02,-1.802617451176047325e-03
9.808896183967590332e-01,4.006551265716552734e+00,-5.228191614151000977e-02,-1.737579586915671825e-03
1.011813282966613770e+00,4.074976444244384766e+00,-5.358265712857246399e-02,1.790470443665981293e-03
9.841659665107727051e-01,4.008169651031494141e+00,-5.315934866666793823e-02,-2.023616805672645569e-03
1.008216857910156250e+00,4.056187629699707031e+00,-5.091228336095809937e-02,6.766783772036433220e-04
9.844199419021606445e-01,4.024084568023681641e+00,-5.195062607526779175e-02,-9.761353721842169762e-04
9.951701760292053223e-01,4.024979591369628906e+00,-5.068752542138099670e-02,-4.233663785271346569e-04
1.008412718772888184e+00,4.063281536102294922e+00,-5.184233933687210083e-02,-2.957381075248122215e-03
9.937862753868103027e-01,4.022013664245605469e+00,-5.074690282344818115e-02,7.185422000475227833e-04
9.845144152641296387e-01,4.018277168273925781e+00,-5.417732894420623779e-02,-6.875253166072070599e-04
1.006667733192443848e+00,4.083310604095458984e+00,-5.133508518338203430e-02,3.888309875037521124e-04
9.905756711959838867e-01,4.037500858306884766e+00,-5.313187465071678162e-02,-1.376398955471813679e-03
1.009456753730773926e+00,4.055822372436523438e+00,-5.192296579480171204e-02,-1.089401193894445896e-03
9.842144250869750977e-01,4.012219429016113281e+00,-5.129799619317054749e-02,-4.035102028865367174e-04
9.983547329902648926e-01,4.051354408264160156e+00,-5.177180096507072449e-02,1.422834931872785091e-03
1.007859706878662109e+00,4.053905963897705078e+00,-5.253798142075538635e-02,1.530409092083573341e-03
1.016678929328918457e+00,4.089096546173095703e+00,-5.462103337049484253e-02,-6.152944988571107388e-04
1.000940084457397461e+00,4.063148021697998047e+00,-5.278719216585159302e-02,1.773482537828385830e-03
1.006486654281616211e+00,4.053865909576416016e+00,-5.194737017154693604e-02,1.590202446095645428e-03
1.011100649833679199e+00,4.059476852416992188e+00,-5.201589316129684448e-02,1.037362613715231419e-03
1.007954835891723633e+00,4.074050426483154297e+00,-5.425527691841125488e-02,7.446734816767275333e-04
1.013052105903625488e+00,4.063815593719482422e+00,-5.089529603719711304e-02,-7.676448440179228783e-04
1.023533940315246582e+00,4.114070892333984375e+00,-5.221816152334213257e-02,-8.401895174756646156e-04
1.008058428764343262e+00,4.078279495239257812e+00,-5.110543593764305115e-02,-1.969717210158705711e-03
9.979917407035827637e-01,4.035279750823974609e+00,-5.106634274125099182e-02,1.391414436511695385e-03
9.976848363876342773e-01,4.057542800903320312e+00,-5.385482311248779297e-02,-1.640538335777819157e-03
1.006315946578979492e+00,4.057711124420166016e+00,-5.040654540061950684e-02,2.070328337140381336e-04
1.001814603805541992e+00,4.040699005126953125e+00,-5.213786289095878601e-02,-2.427384490147233009e-03
1.001373529434204102e+00,4.051084995269775391e+00,-5.434924736618995667e-02,-2.123370533809065819e-03
9.951221346855163574e-01,4.049921989440917969e+00,-5.192455276846885681e-02,1.322118914686143398e-03
1.006326198577880859e+00,4.048033237457275391e+00,-5.149576440453529358e-02,-1.605285215191543102e-03
9.823180437088012695e-01,4.016744613647460938e+00,-5.317146331071853638e-02,-9.877443080767989159e-04
9.911780953407287598e-01,4.017352104187011719e+00,-5.410418286919593811e-02,-2.951753558591008186e-04
1.019474506378173828e+00,4.090546131134033203e+00,-5.219790711998939514e-02,1.271110959351062775e-03
1.012796163558959961e+00,4.080661773681640625e+00,-5.011326447129249573e-02,3.719778906088322401e-04
9.826417565345764160e-01,4.016138553619384766e+00,-5.187528207898139954e-02,-2.823786053340882063e-05
9.956604242324829102e-01,4.055849552154541016e+00,-5.167148634791374207e-02,-1.670435070991516113e-03
1.006784796714782715e+00,4.054395675659179688e+00,-5.170769616961479187e-02,1.702259178273379803e-03
1.001628160476684570e+00,4.067963600158691406e+00,-5.227963626384735107e-02,-1.499459263868629932e-03
9.895696043968200684e-01,4.026787757873535156e+00,-5.455917119979858398e-02,-3.265731502324342728e-04
1.018688559532165527e+00,4.084450721740722656e+00,-5.424335971474647522e-02,1.847114908741787076e-04
1.008675694465637207e+00,4.055812835693359375e+00,-5.415349826216697693e-02,1.271600194741040468e-04
9.892690777778625488e-01,4.039761066436767578e+00,-5.217868089675903320e-02,3.561557387001812458e-04
9.931660294532775879e-01,4.038191795349121094e+00,-5.218746513128280640e-02,1.690381322987377644e-03
1.009230136871337891e+00,4.072228431701660156e+00,-5.284800752997398376e-02,-2.482831245288252831e-03
1.001712203025817871e+00,4.039196968078613281e+00,-5.302467197179794312e-02,3.304278652649372816e-04
1.016247510910034180e+00,4.100871562957763672e+00,-5.136242136359214783e-02,-5.120467976666986942e-04
1.000608563423156738e+00,4.059876441955566406e+00,-5.133044719696044922e-02,1.670703990384936333e-03
1.004332423210144043e+00,4.064992904663085938e+00,-5.363284423947334290e-02,-2.601187909021973610e-03
1.004996538162231445e+00,4.062366962432861328e+00,-4.960411787033081055e-02,-9.293857146985828876e-04
9.848231673240661621e-01,4.015651702880859375e+00,-5.257946997880935669e-02,6.392070790752768517e-04
9.895672798156738281e-01,4.024325370788574219e+00,-5.449394136667251587e-02,-1.005874946713447571e-03
1.014665246009826660e+00,4.090334892272949219e+00,-5.015426501631736755e-02,-5.270398105494678020e-04
1.013436675071716309e+00,4.071515560150146484e+00,-5.420967191457748413e-02,-1.181690371595323086e-03
1.006208777427673340e+00,4.062533378601074219e+00,-5.356574058532714844e-02,1.781281782314181328e-03
1.004226207733154297e+00,4.061657905578613281e+00,-5.502297356724739075e-02,-2.406941785011440516e-04
9.977279901504516602e-01,4.054610252380371094e+00,-5.255815014243125916e-02,-2.072451403364539146e-03
1.024626255035400391e+00,4.102806568145751953e+00,-5.319251492619514465e-02,-1.719314488582313061e-03
1.013352513313293457e+00,4.077899456024169922e+00,-5.275822058320045471e-02,-2.850834280252456665e-03
1.009617686271667480e+00,4.064258575439453125e+00,-5.090614035725593567e-02,1.268466468900442123e-03
9.934025406837463379e-01,4.030336856842041016e+00,-4.996864497661590576e-02,1.862802455434575677e-04
9.941076636314392090e-01,4.034771919250488281e+00,-5.368185788393020630e-02,-2.314496785402297974e-03
9.948953390121459961e-01,4.039191722869873047e+00,-5.043577030301094055e-02,-1.310819498030468822e-04
9.951415657997131348e-01,4.026687145233154297e+00,-5.136431008577346802e-02,4.534195468295365572e-04
1.002958297729492188e+00,4.056754589080810547e+00,-5.084232613444328308e-02,1.898538437671959400e-03
9.978935122489929199e-01,4.052031040191650391e+00,-5.079414695501327515e-02,-2.307638758793473244e-03
9.959763288497924805e-01,4.043790340423583984e+00,-5.367982760071754456e-02,-2.030833391472697258e-03
1.021108984947204590e+00,4.099798202514648438e+00,-5.145302787423133850e-02,-1.986749935895204544e-03
1.003795981407165527e+00,4.058899879455566406e+00,-5.453156307339668274e-02,-1.953567116288468242e-04
1.000018239021301270e+00,4.061425209045410156e+00,-5.347896367311477661e-02,-2.178144408389925957e-03
1.010969877243041992e+00,4.061623096466064453e+00,-5.196190625429153442e-02,-1.574693946167826653e-03
1.029599547386169434e+00,4.124660968780517578e+00,-5.247535184025764465e-02,-9.328818996436893940e-04
9.973480701446533203e-01,4.027278423309326172e+00,-5.256677046418190002e-02,-1.032454543747007847e-03
1.012691855430603027e+00,4.069345474243164062e+00,-5.186977609992027283e-02,-2.127718413248658180e-03
1.005016684532165527e+00,4.051935195922851562e+00,-5.336343124508857727e-02,-1.875387155450880527e-03
1.018104553222656250e+00,4.093428611755371094e+00,-5.459317192435264587e-02,-1.949757097463589162e-05
1.009698629379272461e+00,4.063786983489990234e+00,-5.431520938873291016e-02,-6.031925440765917301e-04
9.836363196372985840e-01,4.020037174224853516e+00,-5.362273380160331726e-02,-3.673612372949719429e-04
1.006746888160705566e+00,4.059981822967529297e+00,-5.361963808536529541e-02,-2.329355804249644279e-03
1.009914636611938477e+00,4.063613891601562500e+00,-5.237638577818870544e-02,1.872765016742050648e-03
1.021932482719421387e+00,4.103853702545166016e+00,-5.317949503660202026e-02,1.046282239258289337e-03
9.928646087646484375e-01,4.023428916931152344e+00,-5.102780833840370178e-02,-1.955127110704779625e-03
1.030407309532165527e+00,4.115403175354003906e+00,-5.181850120425224304e-02,-1.003051176667213440e-03
1.025619626045227051e+00,4.106561183929443359e+00,-5.380780994892120361e-02,-9.984101052395999432e-05
9.916502833366394043e-01,4.018882751464843750e+00,-5.268964543938636780e-02,-2.188162412494421005e-03
1.022881031036376953e+00,4.114347934722900391e+00,-5.366012826561927795e-02,7.404595089610666037e-05
9.865030050277709961e-01,4.019594669342041016e+00,-5.118053779006004333e-02,-6.396328681148588657e-04
1.007372856140136719e+00,4.058240890502929688e+00,-5.390540510416030884e-02,6.907973438501358032e-04
1.006086945533752441e+00,4.052436351776123047e+00,-5.108260735869407654e-02,5.656540160998702049e-04
9.991908073425292969e-01,4.043435573577880859e+00,-5.409809947013854980e-02,-2.187669510021805763e-03
1.012890219688415527e+00,4.089625835418701172e+00,-5.374725908041000366e-02,-2.710162661969661713e-04
1.016150355339050293e+00,4.071152687072753906e+00,-5.283961072564125061e-02,-2.630827657412737608e-04
1.028321266174316406e+00,4.112787723541259766e+00,-5.153897404670715332e-02,-6.693723262287676334e-04
9.842600822448730469e-01,4.005433082580566406e+00,-5.396942794322967529e-02,-5.418087239377200603e-04
9.869168400764465332e-01,4.017189502716064453e+00,-5.420532077550888062e-02,-1.538253040052950382e-03
9.950172305107116699e-01,4.044525623321533203e+00,-5.034478381276130676e-02,2.716213384701404721e-05
1.020779967308044434e+00,4.112917423248291016e+00,-5.232287198305130005e-02,-1.088415156118571758e-03
9.946827888488769531e-01,4.017630100250244141e+00,-5.224236845970153809e-02,-2.391478192294016480e-04
1.005994319915771484e+00,4.079329013824462891e+00,-5.256627127528190613e-02,-1.558983465656638145e-03
1.008117675781250000e+00,4.056994438171386719e+00,-5.032796785235404968e-02,-8.841376984491944313e-04
9.956004619598388672e-01,4.027938365936279297e+00,-5.079285427927970886e-02,9.481663000769913197e-04
9.894830584526062012e-01,4.034607887268066406e+00,-5.383042991161346436e-02,3.440089640207588673e-04
9.996910095214843750e-01,4.053298950195312500e+00,-5.335398390889167786e-02,1.311630476266145706e-03
9.926090240478515625e-01,4.031500339508056641e+00,-5.178228765726089478e-02,-2.612909534946084023e-03
1.011152863502502441e+00,4.086112499237060547e+00,-5.105848237872123718e-02,1.748954673530533910e-04
9.860566854476928711e-01,4.003875255584716797e+00,-5.261692777276039124e-02,-5.433774786069989204e-04
1.000230550765991211e+00,4.062530040740966797e+00,-5.105620622634887695e-02,-8.047790470300242305e-05
9.895715713500976562e-01,4.013850688934326172e+00,-5.333579704165458679e-02,5.637714639306068420e-04
9.943854212760925293e-01,4.021157741546630859e+00,-5.152107402682304382e-02,7.140152156352996826e-04
9.928827881813049316e-01,4.031816482543945312e+00,-5.475174263119697571e-02,2.483139105606824160e-04
9.973887205123901367e-01,4.033288478851318359e+00,-5.418746173381805420e-02,-1.992173260077834129e-03
9.888488650321960449e-01,4.012399196624755859e+00,-5.110882222652435303e-02,9.076020796783268452e-04
1.008415460586547852e+00,4.052440166473388672e+00,-5.270691961050033569e-02,-5.199579172767698765e-04
9.869162440299987793e-01,4.017884254455566406e+00,-5.355191603302955627e-02,1.120194094255566597e-03
1.010358572006225586e+00,4.076213359832763672e+00,-5.090341344475746155e-02,-2.288521500304341316e-03
1.010898470878601074e+00,4.072602748870849609e+00,-5.366411805152893066e-02,-2.592268167063593864e-03
9.990683794021606445e-01,4.057407855987548828e+00,-5.267523601651191711e-02,1.881147036328911781e-03
9.972746968269348145e-01,4.061658382415771484e+00,-5.280403792858123779e-02,-1.443677465431392193e-03
1.012686729431152344e+00,4.081377506256103516e+00,-5.037217587232589722e-02,1.068334677256643772e-03
9.876366257667541504e-01,4.024022579193115234e+00,-5.211711674928665161e-02,9.959915187209844589e-04
9.928832054138183594e-01,4.038021564483642578e+00,-5.379804223775863647e-02,5.261209444142878056e-04
1.003894448280334473e+00,4.045753002166748047e+00,-5.392298474907875061e-02,6.695964839309453964e-04
9.832692742347717285e-01,4.006368637084960938e+00,-5.231459066271781921e-02,1.252326765097677708e-04
1.012153863906860352e+00,4.082345962524414062e+00,-5.238823965191841125e-02,-2.752625150606036186e-03
9.791892170906066895e-01,4.001546859741210938e+00,-5.307541042566299438e-02,-5.005275597795844078e-04
9.913598299026489258e-01,4.032423496246337891e+00,-5.016516894102096558e-02,7.868511020205914974e-04
1.007725477218627930e+00,4.056872367858886719e+00,-5.387297272682189941e-02,1.073220395483076572e-03
1.003510355949401855e+00,4.061112403869628906e+00,-5.376327410340309143e-02,-2.191501669585704803e-03
1.014936685562133789e+00,4.073163032531738281e+00,-5.126363039016723633e-02,-1.285005942918360233e-03
9.826365709304809570e-01,4.002798557281494141e+00,-5.112003162503242493e-02,8.741199271753430367e-04
9.875046014785766602e-01,4.018110275268554688e+00,-5.403152108192443848e-02,2.106634156007203273e-06
9.824860692024230957e-01,4.004129409790039062e+00,-5.212214216589927673e-02,1.623901189304888248e-04
9.808784723281860352e-01,4.013868808746337891e+00,-5.179077014327049255e-02,-1.159144798293709755e-03
1.017258405685424805e+00,4.083314895629882812e+00,-5.194777995347976685e-02,1.727987430058419704e-03
9.859394431114196777e-01,4.010261535644531250e+00,-5.327292904257774353e-02,-1.175011857412755489e-03
9.935049414634704590e-01,4.038702011108398438e+00,-5.295617878437042236e-02,-2.313309116289019585e-03
9.892501831054687500e-01,4.021729469299316406e+00,-5.010569095611572266e-02,-1.234289375133812428e-03
1.001496553421020508e+00,4.071595668792724609e+00,-5.224418640136718750e-02,2.021920663537457585e-04
1.019380688667297363e+00,4.091977119445800781e+00,-5.236121639609336853e-02,1.661291229538619518e-03
9.964262247085571289e-01,4.026687622070312500e+00,-5.333385616540908813e-02,-1.769796799635514617e-04
9.834881424903869629e-01,4.008789539337158203e+00,-5.251902341842651367e-02,1.072368700988590717e-03
1.014960408210754395e+00,4.098254203796386719e+00,-5.354647710919380188e-02,1.918829948408529162e-04
1.008461236953735352e+00,4.063618659973144531e+00,-5.104547366499900818e-02,-2.316738013178110123e-03
9.980450272560119629e-01,4.052907466888427734e+00,-5.226298421621322632e-02,1.504412037320435047e-03
9.955877065658569336e-01,4.020929336547851562e+00,-5.331951007246971130e-02,-1.547890016809105873e-03
1.017485380172729492e+00,4.091298580169677734e+00,-5.416508764028549194e-02,1.398894819431006908e-04
1.004858732223510742e+00,4.079718112945556641e+00,-5.126044899225234985e-02,-8.634299156256020069e-04
1.008982300758361816e+00,4.075356006622314453e+00,-5.312843248248100281e-02,1.955104758962988853e-03
1.007395505905151367e+00,4.050580024719238281e+00,-5.262928456068038940e-02,-2.278975007357075810e-04
9.845036864280700684e-01,4.012365818023681641e+00,-5.254155397415161133e-02,1.061387243680655956e-03
9.896881580352783203e-01,4.034152030944824219e+00,-5.144825205206871033e-02,-1.074721803888678551e-03
1.025850057601928711e+00,4.117671489715576172e+00,-5.296689644455909729e-02,-7.154271006584167480e-04
1.003191828727722168e+00,4.053363323211669922e+00,-5.437533184885978699e-02,3.668681893032044172e-04
9.992690682411193848e-01,4.036609649658203125e+00,-5.320627242326736450e-02,1.005045720376074314e-03
9.858438968658447266e-01,4.006595134735107422e+00,-5.056354403495788574e-02,-6.452356465160846710e-04
1.011500597000122070e+00,4.060030937194824219e+00,-5.164735391736030579e-02,3.626997349783778191e-04
9.866132736206054688e-01,4.016520500183105469e+00,-5.095423012971878052e-02,1.006748992949724197e-03
1.009482860565185547e+00,4.058949947357177734e+00,-5.218377709388732910e-02,1.662142924033105373e-03
9.892203211784362793e-01,4.010555267333984375e+00,-5.354813486337661743e-02,-1.365753472782671452e-03
9.890969991683959961e-01,4.033720016479492188e+00,-5.216113850474357605e-02,7.516657933592796326e-04
1.011423110961914062e+00,4.076361656188964844e+00,-5.221959203481674194e-02,-2.725551370531320572e-03
9.860303997993469238e-01,4.027863979339599609e+00,-5.326347798109054565e-02,-1.343208015896379948e-03
9.896005392074584961e-01,4.041479110717773438e+00,-5.318789929151535034e-02,-1.804982166504487395e-04
1.009881377220153809e+00,4.076103687286376953e+00,-5.169821530580520630e-02,-2.870243042707443237e-03
9.911201596260070801e-01,4.032922267913818359e+00,-5.076229572296142578e-02,1.018492388539016247e-03
1.016350030899047852e+00,4.079862594604492188e+00,-5.244415625929832458e-02,-2.273797057569026947e-03
1.027117013931274414e+00,4.110090255737304688e+00,-5.249752104282379150e-02,7.147772121243178844e-04
9.784811139106750488e-01,3.992034912109375000e+00,-5.275933444499969482e-02,-1.112686353735625744e-03
9.968039989471435547e-01,4.045529842376708984e+00,-5.244889110326766968e-02,2.109654713422060013e-03
1.017946004867553711e+00,4.076351165771484375e+00,-5.299796909093856812e-02,-1.158248400315642357e-03
1.016928434371948242e+00,4.082742691040039062e+00,-5.172259733080863953e-02,-2.284890972077846527e-03
9.839342832565307617e-01,4.014941692352294922e+00,-5.153471976518630981e-02,9.492868557572364807e-04
9.945481419563293457e-01,4.028967380523681641e+00,-5.164403468370437622e-02,1.480656093917787075e-03
1.011932969093322754e+00,4.069900035858154297e+00,-5.359263345599174500e-02,1.328528509475290775e-03
1.006112575531005859e+00,4.042714118957519531e+00,-5.283319577574729919e-02,-4.142450925428420305e-04
1.013736009597778320e+00,4.071241378784179688e+00,-5.177464708685874939e-02,-2.466851612553000450e-03
9.854105710983276367e-01,4.012293815612792969e+00,-5.328932404518127441e-02,-2.228503115475177765e-03
9.985280036926269531e-01,4.035231113433837891e+00,-5.316927284002304077e-02,-2.819861052557826042e-03
1.004802465438842773e+00,4.050656318664550781e+00,-5.401712656021118164e-02,-1.018111477605998516e-03
9.824148416519165039e-01,4.010681629180908203e+00,-5.413334071636199951e-02,-5.934436921961605549e-04
1.017119407653808594e+00,4.103661060333251953e+00,-5.262587219476699829e-02,-8.852807222865521908e-04
1.007920026779174805e+00,4.050871849060058594e+00,-5.257000401616096497e-02,-5.053459317423403263e-04
1.011716485023498535e+00,4.063282966613769531e+00,-5.113892629742622375e-02,-1.858320320025086403e-04
9.968777894973754883e-01,4.039149761199951172e+00,-5.056747421622276306e-02,-2.429446438327431679e-03
9.955809712409973145e-01,4.040107250213623047e+00,-5.018280446529388428e-02,-8.127359906211495399e-04
1.006552577018737793e+00,4.062606334686279297e+00,-5.305191874504089355e-02,-3.102925838902592659e-03
1.006621956825256348e+00,4.051557540893554688e+00,-5.426819249987602234e-02,1.865491794887930155e-04
1.003713369369506836e+00,4.044617652893066406e+00,-5.139346420764923096e-02,-2.010304247960448265e-03
1.016917586326599121e+00,4.096792697906494141e+00,-5.220131948590278625e-02,-1.784845255315303802e-03
1.006145000457763672e+00,4.067901611328125000e+00,-5.084093287587165833e-02,-2.424156991764903069e-03
9.921411871910095215e-01,4.040702342987060547e+00,-5.048766732215881348e-02,2.294438600074499846e-04
1.027751922607421875e+00,4.109050273895263672e+00,-5.317014083266258240e-02,-8.244793862104415894e-04
1.007196545600891113e+00,4.075299739837646484e+00,-5.064492672681808472e-02,-8.172182133421301842e-04
9.911640286445617676e-01,4.041471481323242188e+00,-5.167267471551895142e-02,-3.646718978416174650e-04
1.018348097801208496e+00,4.101724147796630859e+00,-5.096784606575965881e-02,-1.677808584645390511e-03
1.011744141578674316e+00,4.073561191558837891e+00,-5.011401697993278503e-02,-2.665116626303642988e-04
9.960710406303405762e-01,4.038400650024414062e+00,-5.436549708247184753e-02,-1.412660232745110989e-03
9.882088303565979004e-01,4.011490345001220703e+00,-5.246122553944587708e-02,2.173867142118979245e-05
9.871267676353454590e-01,4.014171600341796875e+00,-5.234805867075920105e-02,8.167924243025481701e-04
1.000548124313354492e+00,4.052895069122314453e+00,-5.024592205882072449e-02,-1.919291215017437935e-03
1.000902056694030762e+00,4.060637474060058594e+00,-5.054056271910667419e-02,-6.689914152957499027e-04
9.922369122505187988e-01,4.030905246734619141e+00,-5.123036354780197144e-02,-2.562303561717271805e-03
1.004440546035766602e+00,4.074339389801025391e+00,-5.227581411600112915e-02,-1.495761214755475521e-03
9.918748140335083008e-01,4.020154953002929688e+00,-5.111337080597877502e-02,-1.972854603081941605e-03
9.817475676536560059e-01,4.005459785461425781e+00,-5.132698640227317810e-02,-1.565684564411640167e-03
1.023178696632385254e+00,4.104458332061767578e+00,-5.200174078345298767e-02,7.953674066811800003e-04
1.016559004783630371e+00,4.102228641510009766e+00,-5.203011259436607361e-02,7.552963797934353352e-04
1.013721466064453125e+00,4.074348926544189453e+00,-5.127846077084541321e-02,-2.051788149401545525e-03
1.028566479682922363e+00,4.118785858154296875e+00,-5.290851369500160217e-02,-1.245024264790117741e-03
1.023155450820922852e+00,4.091965198516845703e+00,-5.277786031365394592e-02,-6.823483854532241821e-04
9.780098199844360352e-01,3.997540473937988281e+00,-5.303400009870529175e-02,7.485274545615538955e-05
9.977015852928161621e-01,4.057538986206054688e+00,-5.039813369512557983e-02,-3.511580580379813910e-04
9.978814721107482910e-01,4.043634891510009766e+00,-5.440682545304298401e-02,6.591529236175119877e-04
1.014801859855651855e+00,4.069567680358886719e+00,-5.228964984416961670e-02,-1.075326930731534958e-03
1.004198193550109863e+00,4.050100803375244141e+00,-5.415345728397369385e-02,-5.430188612081110477e-04
9.878566265106201172e-01,4.015775203704833984e+00,-5.345450341701507568e-02,1.532912392576690763e-05
9.907675385475158691e-01,4.041810035705566406e+00,-5.371088907122612000e-02,-1.466604298911988735e-03
1.009996533393859863e+00,4.072334766387939453e+00,-5.090039223432540894e-02,1.676530926488339901e-03
1.022231101989746094e+00,4.099670410156250000e+00,-5.293794348835945129e-02,1.024229684844613075e-03
9.897140860557556152e-01,4.023661136627197266e+00,-4.999622702598571777e-02,5.600512376986443996e-04
1.018778681755065918e+00,4.080761909484863281e+00,-5.231823027133941650e-02,-7.604733109474182129e-04
1.010776162147521973e+00,4.060359477996826172e+00,-5.200340226292610168e-02,7.427012897096574306e-04
1.011098861694335938e+00,4.060718059539794922e+00,-5.212277919054031372e-02,5.304238875396549702e-04
1.014357447624206543e+00,4.082727909088134766e+00,-5.262921750545501709e-02,1.605083467438817024e-03
1.006209731101989746e+00,4.045746803283691406e+00,-5.338328704237937927e-02,2.324917586520314217e-04
9.971359968185424805e-01,4.029878616333007812e+00,-5.064756423234939575e-02,9.590132394805550575e-04
9.902400374412536621e-01,4.020059585571289062e+00,-5.146351084113121033e-02,-2.193115418776869774e-03
9.826863408088684082e-01,3.995447158813476562e+00,-5.289521440863609314e-02,-8.200419833883643150e-04
1.006330013275146484e+00,4.059508800506591797e+00,-5.405646190047264099e-02,5.170220392756164074e-04
9.930213093757629395e-01,4.033104896545410156e+00,-5.393241718411445618e-02,-2.194617176428437233e-03
1.004075288772583008e+00,4.070962905883789062e+00,-5.404313653707504272e-02,-7.463544025085866451e-04
1.022674918174743652e+00,4.093257904052734375e+00,-5.301469564437866211e-02,-2.336347242817282677e-04
9.958880543708801270e-01,4.046047210693359375e+00,-5.077434331178665161e-02,1.206387532874941826e-03
9.903667569160461426e-01,4.041373729705810547e+00,-5.302232876420021057e-02,-1.157262246124446392e-03
9.908629059791564941e-01,4.040163993835449219e+00,-5.310457572340965271e-02,-1.920622889883816242e-04
9.882043600082397461e-01,4.008706569671630859e+00,-5.244877934455871582e-02,5.313203437253832817e-04
9.942605495452880859e-01,4.019496440887451172e+00,-5.133095011115074158e-02,-1.463438384234905243e-04
9.838877916336059570e-01,4.022093296051025391e+00,-5.347297340631484985e-02,3.852900408674031496e-04
1.008018970489501953e+00,4.057105541229248047e+00,-5.332834273576736450e-02,-2.005575457587838173e-03
1.006451964378356934e+00,4.077417373657226562e+00,-5.350788310170173645e-02,2.341501676710322499e-04
9.822143316268920898e-01,4.006838321685791016e+00,-5.365044996142387390e-02,3.510460373945534229e-04
1.014714837074279785e+00,4.097309589385986328e+00,-5.389374867081642151e-02,-1.006502425298094749e-03
9.970927834510803223e-01,4.050526618957519531e+00,-5.354248732328414917e-02,1.131310127675533295e-03
1.026776552200317383e+00,4.113745212554931641e+00,-5.324790626764297485e-02,-1.273284899070858955e-03
9.910805225372314453e-01,4.033328533172607422e+00,-5.459430813789367676e-02,1.547703723190352321e-04
1.010865449905395508e+00,4.087667942047119141e+00,-5.389456078410148621e-02,-2.464313874952495098e-04
1.019733190536499023e+00,4.102028846740722656e+00,-5.234330892562866211e-02,-1.912836800329387188e-03
1.021589517593383789e+00,4.113057613372802734e+00,-5.209124460816383362e-02,-1.441615633666515350e-03
1.017866969108581543e+00,4.082332134246826172e+00,-5.387543141841888428e-02,-1.471915631555020809e-03
1.031613945960998535e+00,4.121664047241210938e+00,-5.188388004899024963e-02,-4.608824092429131269e-04
1.001574516296386719e+00,4.046707153320312500e+00,-5.042934045195579529e-02,-2.117969328537583351e-03
9.904543757438659668e-01,4.037168025970458984e+00,-5.092346668243408203e-02,1.111588208004832268e-03
9.934104681015014648e-01,4.027934074401855469e+00,-5.196996033191680908e-02,1.300111063756048679e-03
1.015593528747558594e+00,4.072436332702636719e+00,-5.112335085868835449e-02,8.051834302023053169e-04
9.795844554901123047e-01,4.005655765533447266e+00,-5.277046561241149902e-02,-1.480470818933099508e-04
1.020771026611328125e+00,4.105530738830566406e+00,-5.276044830679893494e-02,-1.388859469443559647e-03
9.954700469970703125e-01,4.050776958465576172e+00,-5.372116342186927795e-02,1.067393459379673004e-03
1.001473546028137207e+00,4.037916183471679688e+00,-5.206976830959320068e-02,9.609853732399642467e-04
9.932919144630432129e-01,4.047000408172607422e+00,-5.293840169906616211e-02,-9.339128155261278152e-04
1.018145561218261719e+00,4.095963001251220703e+00,-5.325473472476005554e-02,1.560933189466595650e-03
9.916524887084960938e-01,4.040643215179443359e+00,-5.327577516436576843e-02,2.420388227619696409e-05
9.980280399322509766e-01,4.027078628540039062e+00,-5.183811113238334656e-02,-8.403463871218264103e-04
9.820351004600524902e-01,4.006967067718505859e+00,-5.093338340520858765e-02,-4.178980598226189613e-04
1.020713686943054199e+00,4.094856739044189453e+00,-5.392706394195556641e-02,-6.057249847799539566e-04
9.791430234909057617e-01,3.994024276733398438e+00,-5.233898013830184937e-02,-1.300626550801098347e-03
1.002700567245483398e+00,4.071108341217041016e+00,-5.404787138104438782e-02,-1.015153131447732449e-03
1.015380382537841797e+00,4.067321777343750000e+00,-5.175955966114997864e-02,-1.185119384899735451e-03
1.026401281356811523e+00,4.108865261077880859e+00,-5.206451192498207092e-02,-1.812826085370033979e-04
1.029166698455810547e+00,4.117234706878662109e+00,-5.269897356629371643e-02,-3.966746953665278852e-05
1.010811924934387207e+00,4.077840805053710938e+00,-5.477365851402282715e-02,-1.205154927447438240e-03
9.976502060890197754e-01,4.041941642761230469e+00,-5.479854345321655273e-02,2.254098799312487245e-04
9.890758991241455078e-01,4.019124984741210938e+00,-5.178313329815864563e-02,1.040948322042822838e-03
9.999926090240478516e-01,4.034579753875732422e+00,-5.125490203499794006e-02,-1.492713345214724541e-03
1.014539241790771484e+00,4.091495513916015625e+00,-5.297554656863212585e-02,-2.488770289346575737e-03
1.027249217033386230e+00,4.111885070800781250e+00,-5.338644981384277344e-02,2.070328337140381336e-04
1.012031078338623047e+00,4.083225727081298828e+00,-5.189862102270126343e-02,-2.532518003135919571e-03
9.966655373573303223e-01,4.047618865966796875e+00,-5.459128320217132568e-02,-1.225123298354446888e-03
1.009696602821350098e+00,4.083970069885253906e+00,-5.078064650297164917e-02,-1.826776890084147453e-03
9.964144229888916016e-01,4.055544376373291016e+00,-5.316169559955596924e-02,6.230263388715684414e-04
1.024240732192993164e+00,4.097943305969238281e+00,-5.123429745435714722e-02,-6.527209770865738392e-04
9.956468939781188965e-01,4.033217430114746094e+00,-4.980846494436264038e-02,-3.036243142560124397e-04
1.023924231529235840e+00,4.094899654388427734e+00,-5.180139467120170593e-02,2.901776751969009638e-04
9.887439608573913574e-01,4.038242816925048828e+00,-5.137683823704719543e-02,-1.244800281710922718e-03
1.001016020774841309e+00,4.033658504486083984e+00,-5.313671752810478210e-02,-1.311540836468338966e-03
9.982191324234008789e-01,4.039010524749755859e+00,-5.337905138731002808e-02,1.695177168585360050e-03
9.999843239784240723e-01,4.043104648590087891e+00,-5.436683818697929382e-02,6.464682519435882568e-04
9.835130572319030762e-01,4.007247447967529297e+00,-5.233900249004364014e-02,1.246368978172540665e-03
1.026432514190673828e+00,4.109184741973876953e+00,-5.241644009947776794e-02,-1.041172421537339687e-03
1.018023729324340820e+00,4.078106403350830078e+00,-5.239655077457427979e-02,5.167979979887604713e-04
9.936132431030273438e-01,4.020846843719482422e+00,-5.173829197883605957e-02,1.872215216280892491e-04
1.003370881080627441e+00,4.072836399078369141e+00,-5.356817692518234253e-02,3.562901983968913555e-04
9.914081096649169922e-01,4.037469387054443359e+00,-5.330321192741394043e-02,-1.856606337241828442e-03
1.012974262237548828e+00,4.071764469146728516e+00,-5.335794389247894287e-02,-1.862926408648490906e-03
1.018146514892578125e+00,4.084373950958251953e+00,-5.395890027284622192e-02,-8.777953917160630226e-04
1.016714692115783691e+00,4.086672782897949219e+00,-5.483506992459297180e-02,-4.697345866588875651e-05
1.021459937095642090e+00,4.091217994689941406e+00,-5.233975499868392944e-02,3.496117133181542158e-04
1.016978621482849121e+00,4.088411808013916016e+00,-5.138785019516944885e-02,1.118670217692852020e-03
1.009512543678283691e+00,4.050115108489990234e+00,-5.241682752966880798e-02,-5.758286570198833942e-04
9.872244596481323242e-01,4.012012958526611328e+00,-5.295189470052719116e-02,-1.405152608640491962e-03
1.001448154449462891e+00,4.040779113769531250e+00,-5.352595821022987366e-02,-2.351431176066398621e-03
9.880499243736267090e-01,4.010427951812744141e+00,-5.349096283316612244e-02,-1.836525858379900455e-03
9.885870814323425293e-01,4.029053688049316406e+00,-5.105568096041679382e-02,-1.523275859653949738e-04
9.992333054542541504e-01,4.063587188720703125e+00,-5.214091017842292786e-02,-1.426846603862941265e-03
1.014862418174743652e+00,4.083270549774169922e+00,-5.154295638203620911e-02,-2.624047920107841492e-03
1.006144285202026367e+00,4.068373680114746094e+00,-5.355362966656684875e-02,1.406878232955932617e-03
1.004389166831970215e+00,4.043773174285888672e+00,-5.074494704604148865e-02,-8.556083776056766510e-04
9.996399879455566406e-01,4.052258491516113281e+00,-5.022307485342025757e-02,1.076312968507409096e-03
1.012234568595886230e+00,4.077325820922851562e+00,-5.163525417447090149e-02,1.865100348368287086e-03
1.000412583351135254e+00,4.058213710784912109e+00,-5.381236970424652100e-02,1.679265173152089119e-03
1.001424551010131836e+00,4.044543266296386719e+00,-5.092103406786918640e-02,-2.318194601684808731e-03
1.009950637817382812e+00,4.058887958526611328e+00,-5.114062875509262085e-02,1.882524229586124420e-04
9.966908097267150879e-01,4.054470539093017578e+00,-5.003124848008155823e-02,-5.172685487195849419e-04
1.004524588584899902e+00,4.056302547454833984e+00,-5.411144718527793884e-02,-2.105418825522065163e-03
1.024298548698425293e+00,4.096118927001953125e+00,-5.352609604597091675e-02,-8.682705811224877834e-04
9.916504621505737305e-01,4.038005352020263672e+00,-5.335666984319686890e-02,1.451700809411704540e-03
1.012978196144104004e+00,4.064125537872314453e+00,-5.156313255429267883e-02,-1.820636214688420296e-03
1.010632634162902832e+00,4.065757751464843750e+00,-5.045802891254425049e-02,5.213249824009835720e-04
1.019393563270568848e+00,4.090094566345214844e+00,-5.307792127132415771e-02,-2.053625881671905518e-03
1.021618485450744629e+00,4.105789661407470703e+00,-5.272353440523147583e-02,-1.090006320737302303e-03
9.995794892311096191e-01,4.035551071166992188e+00,-5.397560447454452515e-02,8.263842901214957237e-04
1.021375179290771484e+00,4.095070838928222656e+00,-5.415468290448188782e-02,-1.534929615445435047e-04
9.962782859802246094e-01,4.033050537109375000e+00,-5.173099413514137268e-02,1.447577029466629028e-03
9.961599707603454590e-01,4.028621196746826172e+00,-5.067797377705574036e-02,-1.718923886073753238e-04
9.959318637847900391e-01,4.039056301116943359e+00,-5.137863755226135254e-02,1.463533961214125156e-03
1.019582033157348633e+00,4.084496021270751953e+00,-5.145477876067161560e-02,-1.235566800460219383e-03
1.001727938652038574e+00,4.058246612548828125e+00,-5.030553415417671204e-02,5.315889575285837054e-05
1.005855679512023926e+00,4.071057319641113281e+00,-5.392478778958320618e-02,-2.300579100847244263e-03
1.010834932327270508e+00,4.068532466888427734e+00,-5.026821792125701904e-02,1.430718402843922377e-04
1.020601749420166016e+00,4.100546836853027344e+00,-5.412720516324043274e-02,-2.753191802185028791e-04
1.007197380065917969e+00,4.074817180633544922e+00,-5.285709351301193237e-02,-2.468801569193601608e-03
1.017686367034912109e+00,4.083599567413330078e+00,-5.153617635369300842e-02,1.609476283192634583e-03
9.948685765266418457e-01,4.030313491821289062e+00,-5.392947793006896973e-02,-9.933694964274764061e-04
9.938073158264160156e-01,4.045926094055175781e+00,-5.226073041558265686e-02,1.556495903059840202e-03
9.921167492866516113e-01,4.024524211883544922e+00,-5.008826404809951782e-02,-4.250471829436719418e-04
1.012664556503295898e+00,4.095725059509277344e+00,-5.316961556673049927e-02,-1.060580485500395298e-03
1.019458651542663574e+00,4.088253974914550781e+00,-5.240874737501144409e-02,1.059459871612489223e-03
1.005331873893737793e+00,4.046182632446289062e+00,-5.191973596811294556e-02,1.143277739174664021e-03
1.003043413162231445e+00,4.035876750946044922e+00,-5.271060019731521606e-02,-7.435081060975790024e-04
9.901007413864135742e-01,4.023766994476318359e+00,-5.326220765709877014e-02,9.944676421582698822e-04
1.004754185676574707e+00,4.049672603607177734e+00,-5.385752767324447632e-02,-1.739372499287128448e-03
1.007952570915222168e+00,4.048134803771972656e+00,-5.253452435135841370e-02,-1.250757923116907477e-04
9.918010830879211426e-01,4.036526203155517578e+00,-5.426370725035667419e-02,9.729977464303374290e-04
1.012495756149291992e+00,4.094233512878417969e+00,-5.308326333761215210e-02,-9.544638451188802719e-04
9.953162670135498047e-01,4.038239479064941406e+00,-5.048552900552749634e-02,7.158080697990953922e-04
1.006962060928344727e+00,4.056382656097412109e+00,-5.019212514162063599e-02,-1.298363087698817253e-03
1.001952290534973145e+00,4.055939197540283203e+00,-5.476571246981620789e-02,9.050920489244163036e-04
9.924342036247253418e-01,4.040647029876708984e+00,-5.370369553565979004e-02,-9.245449327863752842e-04
1.016886353492736816e+00,4.074951171875000000e+00,-5.212755873799324036e-02,-1.943943789228796959e-03
9.981415867805480957e-01,4.035083293914794922e+00,-5.086530745029449463e-02,-1.202981104142963886e-03
1.014095425605773926e+00,4.068843841552734375e+00,-5.359277501702308655e-02,8.421168895438313484e-04
1.005270600318908691e+00,4.051791191101074219e+00,-5.047844350337982178e-02,-1.528206194052472711e-04
1.005495786666870117e+00,4.074048042297363281e+00,-5.347347259521484375e-02,1.159324077889323235e-03
9.977927207946777344e-01,4.060289382934570312e+00,-5.305808782577514648e-02,-7.651348132640123367e-04
9.822496175765991211e-01,3.998923778533935547e+00,-5.254838243126869202e-02,-6.159219774417579174e-04
9.845081567764282227e-01,4.016486167907714844e+00,-5.302849411964416504e-02,-1.243455568328499794e-03
1.002234816551208496e+00,4.056087493896484375e+00,-5.452463403344154358e-02,1.006435253657400608e-03
1.007351279258728027e+00,4.057080268859863281e+00,-5.454958230257034302e-02,4.465617821551859379e-04
1.004628300666809082e+00,4.062639236450195312e+00,-5.501568689942359924e-02,-4.022774737677536905e-05
1.005006194114685059e+00,4.070747852325439453e+00,-5.420939251780509949e-02,7.869408000260591507e-04
9.887069463729858398e-01,4.019338607788085938e+00,-5.164039507508277893e-02,1.734038465656340122e-03
1.006703734397888184e+00,4.063133716583251953e+00,-4.965419322252273560e-02,-7.970482110977172852e-04
9.884142875671386719e-01,4.011453628540039062e+00,-5.132690072059631348e-02,-8.849445730447769165e-04
1.010040640830993652e+00,4.076680183410644531e+00,-5.408325046300888062e-02,-2.110102912411093712e-03
9.910829067230224609e-01,4.032975196838378906e+00,-5.436462536454200745e-02,3.197602054569870234e-04
9.995223879814147949e-01,4.057875633239746094e+00,-5.413812398910522461e-02,1.268869964405894279e-03
9.810394644737243652e-01,3.999812126159667969e+00,-5.108897015452384949e-02,1.383655326208099723e-04
9.958527684211730957e-01,4.049589633941650391e+00,-5.054649710655212402e-02,3.495668934192508459e-04
1.011110305786132812e+00,4.081786155700683594e+00,-5.241457745432853699e-02,1.535294810310006142e-03
1.011011719703674316e+00,4.075413703918457031e+00,-5.409422516822814941e-02,-2.016759011894464493e-03
9.926856756210327148e-01,4.046288013458251953e+00,-5.421750247478485107e-02,-1.003140816465020180e-03
1.001958370208740234e+00,4.056958675384521484e+00,-5.398696660995483398e-02,-2.437420916976407170e-04
1.007048964500427246e+00,4.059205532073974609e+00,-5.088283866643905640e-02,2.487621386535465717e-04
1.003368020057678223e+00,4.058915138244628906e+00,-5.076438933610916138e-02,-9.910387452691793442e-04
1.003086686134338379e+00,4.043713092803955078e+00,-5.277579277753829956e-02,4.097180790267884731e-04
1.005684971809387207e+00,4.057826519012451172e+00,-5.206087604165077209e-02,1.015489338897168636e-03
9.915370941162109375e-01,4.023492813110351562e+00,-5.330584943294525146e-02,-1.465797424316406250e-03
1.018171310424804688e+00,4.081349849700927734e+00,-5.272685736417770386e-02,-1.010939828120172024e-03
1.005094170570373535e+00,4.045392513275146484e+00,-5.223101750016212463e-02,-7.291202782653272152e-04
9.926130771636962891e-01,4.039332866668701172e+00,-5.351439490914344788e-02,3.137539897579699755e-05
1.010410785675048828e+00,4.086189746856689453e+00,-5.289838090538978577e-02,-2.530426427256315947e-04
9.879522323608398438e-01,4.020588874816894531e+00,-5.109149590134620667e-02,-9.654004243202507496e-04
9.926772713661193848e-01,4.024451732635498047e+00,-5.233160778880119324e-02,-1.514967763796448708e-03
1.002835988998413086e+00,4.056448459625244141e+00,-5.062610283493995667e-02,-9.262033854611217976e-04
1.003134250640869141e+00,4.071200847625732422e+00,-5.262728780508041382e-02,-6.660555372945964336e-04
9.946696162223815918e-01,4.035244941711425781e+00,-5.202551931142807007e-02,1.185186556540429592e-03
1.009781956672668457e+00,4.077486038208007812e+00,-5.361581221222877502e-02,-1.556809642352163792e-03
1.012381196022033691e+00,4.089912891387939453e+00,-5.269071459770202637e-02,-7.335352129302918911e-04
1.008656263351440430e+00,4.066795349121093750e+00,-5.383257567882537842e-02,1.144753914559260011e-04
9.932445883750915527e-01,4.037611961364746094e+00,-5.092596635222434998e-02,-4.760546726174652576e-04
1.022687435150146484e+00,4.101383686065673828e+00,-5.225581303238868713e-02,-1.038102200254797935e-03
9.884241223335266113e-01,4.029274463653564453e+00,-5.269012227654457092e-02,-3.288590814918279648e-04
1.010746836662292480e+00,4.064492225646972656e+00,-5.366095155477523804e-02,-2.516307577025145292e-04
9.934826493263244629e-01,4.039390087127685547e+00,-5.338071286678314209e-02,-3.425746399443596601e-04
1.007302165031433105e+00,4.059617996215820312e+00,-5.059789121150970459e-02,-6.870771176181733608e-04
9.936168789863586426e-01,4.039076805114746094e+00,-5.225911736488342285e-02,-1.960729947313666344e-03
1.021463513374328613e+00,4.100760936737060547e+00,-5.183194577693939209e-02,2.726074599195271730e-04
1.019680261611938477e+00,4.100186347961425781e+00,-5.192025378346443176e-02,5.083713913336396217e-04
9.972335100173950195e-01,4.039823532104492188e+00,-5.263361334800720215e-02,1.059773610904812813e-03
1.015039682388305664e+00,4.074919700622558594e+00,-5.265361443161964417e-02,-7.572677714051678777e-05
9.936237931251525879e-01,4.024419307708740234e+00,-5.165574699640274048e-02,-1.280209980905056000e-03
1.009717583656311035e+00,4.066179275512695312e+00,-5.192833021283149719e-02,1.316426438279449940e-03
9.899683594703674316e-01,4.018833637237548828e+00,-5.140083283185958862e-02,-1.849131949711591005e-04
1.018319487571716309e+00,4.082499504089355469e+00,-5.305758863687515259e-02,-1.022389842546544969e-04
1.000830173492431641e+00,4.063710689544677734e+00,-5.209795758128166199e-02,-6.383330910466611385e-04
1.013509511947631836e+00,4.083057403564453125e+00,-5.106734484434127808e-02,-1.404945796821266413e-04
1.004583716392517090e+00,4.060813903808593750e+00,-5.317635461688041687e-02,-2.064069733023643494e-03
9.942497611045837402e-01,4.035671710968017578e+00,-5.107280611991882324e-02,5.514902295544743538e-04
9.909956455230712891e-01,4.029509544372558594e+00,-5.090264230966567993e-02,-1.063785282894968987e-03
1.020963191986083984e+00,4.092019557952880859e+00,-5.268832296133041382e-02,-1.105738920159637928e-03
1.018737196922302246e+00,4.099462032318115234e+00,-5.350623652338981628e-02,-3.853796806652098894e-04
9.940794706344604492e-01,4.046916961669921875e+00,-5.211906880140304565e-02,4.760546726174652576e-04
9.974218606948852539e-01,4.050921440124511719e+00,-5.339685454964637756e-02,-1.333257416263222694e-03
1.011296272277832031e+00,4.084998607635498047e+00,-5.341259017586708069e-02,3.430676879361271858e-04
9.962630867958068848e-01,4.047341823577880859e+00,-5.409119650721549988e-02,-6.764990976080298424e-04
1.005239725112915039e+00,4.076598167419433594e+00,-5.306427925825119019e-02,-6.005704635754227638e-04
1.006320595741271973e+00,4.055827140808105469e+00,-5.395972356200218201e-02,-9.483231697231531143e-04
1.000121116638183594e+00,4.057476520538330078e+00,-5.359641462564468384e-02,-4.929526476189494133e-04
1.012741088867187500e+00,4.070724964141845703e+00,-5.226830765604972839e-02,-1.568889361806213856e-03
1.012161254882812500e+00,4.067029953002929688e+00,-5.251308158040046692e-02,-1.568172127008438110e-03
9.902382493019104004e-01,4.031851291656494141e+00,-5.123602598905563354e-02,1.905383542180061340e-04
9.933072924613952637e-01,4.038910388946533203e+00,-5.384960770606994629e-02,-8.363348897546529770e-04
1.004250288009643555e+00,4.053575515747070312e+00,-5.390854552388191223e-02,3.094511630479246378e-04
9.938350915908813477e-01,4.039076805114746094e+00,-5.084193497896194458e-02,1.505571126472204924e-04
1.001061081886291504e+00,4.050302028656005859e+00,-5.029412358999252319e-02,-1.002535689622163773e-03
9.956898689270019531e-01,4.030515193939208984e+00,-5.330833420157432556e-02,3.375097585376352072e-04
1.001883506774902344e+00,4.062849044799804688e+00,-5.381508171558380127e-02,-1.179852755740284920e-03
1.001287221908569336e+00,4.054162979125976562e+00,-5.126968026161193848e-02,9.322096011601388454e-04
9.941011071205139160e-01,4.047759056091308594e+00,-5.174145847558975220e-02,-1.107599004171788692e-03
1.013734936714172363e+00,4.070695400238037109e+00,-5.237459391355514526e-02,-5.748873809352517128e-04
1.011392593383789062e+00,4.068153381347656250e+00,-5.082834139466285706e-02,-6.796142552047967911e-04
1.014005780220031738e+00,4.077316284179687500e+00,-5.114083737134933472e-02,-1.316897105425596237e-03
1.000987887382507324e+00,4.060342788696289062e+00,-5.110861733555793762e-02,-3.916547866538167000e-04
1.014673352241516113e+00,4.074661731719970703e+00,-5.293876305222511292e-02,-7.292540249181911349e-05
1.023607730865478516e+00,4.102084636688232422e+00,-5.261160060763359070e-02,-3.967420780099928379e-04
9.873653650283813477e-01,4.022691726684570312e+00,-5.222960188984870911e-02,6.176924216561019421e-04
1.003404259681701660e+00,4.048688411712646484e+00,-5.193420127034187317e-02,7.496039615944027901e-04
1.016129732131958008e+00,4.089796543121337891e+00,-5.119384452700614929e-02,-1.615034183487296104e-03
1.011823177337646484e+00,4.086418628692626953e+00,-5.192666873335838318e-02,-8.335335296578705311e-04
9.957904219627380371e-01,4.029873847961425781e+00,-5.121990293264389038e-02,-1.446209964342415333e-03
1.011886954307556152e+00,4.080292701721191406e+00,-5.403725802898406982e-02,1.821566256694495678e-04
9.976946711540222168e-01,4.052639961242675781e+00,-5.342463403940200806e-02,-1.397891202941536903e-03
9.896064400672912598e-01,4.028725624084472656e+00,-5.314609780907630920e-02,2.484035794623196125e-04
1.009385228157043457e+00,4.061275482177734375e+00,-5.216908082365989685e-02,-1.246548257768154144e-03
1.018366575241088867e+00,4.091036319732666016e+00,-5.294161289930343628e-02,-1.186576089821755886e-03
1.010208725929260254e+00,4.081577301025390625e+00,-5.161744728684425354e-02,-1.545066246762871742e-03
1.004416346549987793e+00,4.054745197296142578e+00,-5.322143062949180603e-02,9.554722928442060947e-04
1.005476713180541992e+00,4.056588172912597656e+00,-5.068793147802352905e-02,1.549496664665639400e-04
1.002449154853820801e+00,4.054996013641357422e+00,-5.241325497627258301e-02,-2.353179268538951874e-03
1.010646104812622070e+00,4.063308238983154297e+00,-5.277132615447044373e-02,1.212883435073308647e-04
9.952433705329895020e-01,4.045146942138671875e+00,-5.318154394626617432e-02,5.604098550975322723e-04
1.018877625465393066e+00,4.102881908416748047e+00,-5.180951580405235291e-02,-6.139722536318004131e-04
1.015145182609558105e+00,4.077703475952148438e+00,-5.335634946823120117e-02,1.750747615005820990e-04
1.003804683685302734e+00,4.061902523040771484e+00,-5.099010840058326721e-02,-1.967139774933457375e-03
1.007905364036560059e+00,4.056670665740966797e+00,-5.227142199873924255e-02,-1.093771425075829029e-03
9.956290125846862793e-01,4.044258117675781250e+00,-5.321731045842170715e-02,6.260742084123194218e-04
9.918689131736755371e-01,4.036718845367431641e+00,-5.360149219632148743e-02,-2.493000065442174673e-04
9.955695867538452148e-01,4.033312797546386719e+00,-5.205252394080162048e-02,-1.553380745463073254e-03
9.938908815383911133e-01,4.035197257995605469e+00,-5.189045518636703491e-02,-1.981819514185190201e-03
1.003247618675231934e+00,4.057690620422363281e+00,-5.113356187939643860e-02,1.039827824570238590e-03
9.856356382369995117e-01,4.015702724456787109e+00,-5.160684511065483093e-02,-4.253607767168432474e-05
1.014993548393249512e+00,4.092495918273925781e+00,-5.309629440307617188e-02,-4.195789224468171597e-04
1.008011341094970703e+00,4.058263301849365234e+00,-5.130295082926750183e-02,-1.165912952274084091e-03
1.012912869453430176e+00,4.070555210113525391e+00,-5.355310440063476562e-02,3.124094218946993351e-04
1.004745483398437500e+00,4.057938575744628906e+00,-5.118627101182937622e-02,-1.880855648778378963e-03
1.009101748466491699e+00,4.080403327941894531e+00,-5.336037650704383850e-02,1.645415759412571788e-04
1.000137090682983398e+00,4.037037849426269531e+00,-5.202064663171768188e-02,-9.038356802193447948e-05
1.004414081573486328e+00,4.064293861389160156e+00,-5.188445001840591431e-02,-1.890447805635631084e-03
9.980110526084899902e-01,4.041850090026855469e+00,-5.111432448029518127e-02,-1.390226534567773342e-03
1.002463340759277344e+00,4.059136867523193359e+00,-5.311659350991249084e-02,9.793177014216780663e-04
9.842792749404907227e-01,4.013083934783935547e+00,-5.278300493955612183e-02,-2.603934553917497396e-04
1.004825115203857422e+00,4.063096046447753906e+00,-5.254663154482841492e-02,-2.319292863830924034e-03
1.008204221725463867e+00,4.069284439086914062e+00,-5.325420945882797241e-02,-1.903827534988522530e-03
1.004946589469909668e+00,4.065684795379638672e+00,-5.369328707456588745e-02,9.936160640791058540e-04
9.996565580368041992e-01,4.052953720092773438e+00,-5.384356901049613953e-02,-6.955260760150849819e-04
9.901048541069030762e-01,4.017574787139892578e+00,-5.174975842237472534e-02,-3.274471964687108994e-04
1.002474308013916016e+00,4.039268970489501953e+00,-5.250675976276397705e-02,-7.987738936208188534e-04
9.946383237838745117e-01,4.028557777404785156e+00,-5.290766805410385132e-02,-1.687176409177482128e-03
1.005394697189331055e+00,4.064818382263183594e+00,-5.395253002643585205e-02,-1.294463523663580418e-03
9.912329912185668945e-01,4.028939247131347656e+00,-5.274328961968421936e-02,-1.892128610052168369e-03
9.915736317634582520e-01,4.024841785430908203e+00,-5.285650119185447693e-02,2.857851213775575161e-04
9.965523481369018555e-01,4.029786109924316406e+00,-5.241987481713294983e-02,-6.194629822857677937e-04
9.888266921043395996e-01,4.020873069763183594e+00,-5.263984575867652893e-02,-1.790335867553949356e-03
1.013921380043029785e+00,4.069320201873779297e+00,-5.293439328670501709e-02,-3.187069087289273739e-04
9.925290346145629883e-01,4.024149894714355469e+00,-5.184832587838172913e-02,4.011569399153813720e-05
1.021180748939514160e+00,4.103826522827148438e+00,-5.257070809602737427e-02,1.168957824120298028e-04
9.996089935302734375e-01,4.045986175537109375e+00,-5.152298510074615479e-02,-1.836929237470030785e-03
9.972001910209655762e-01,4.054760932922363281e+00,-5.330330133438110352e-02,6.848801422165706754e-05
1.001432776451110840e+00,4.046379089355468750e+00,-5.315465852618217468e-02,-2.188274636864662170e-03
1.007301211357116699e+00,4.075684547424316406e+00,-5.314705148339271545e-02,2.829613513313233852e-04
1.018117785453796387e+00,4.092588424682617188e+00,-5.224018171429634094e-02,5.787868867628276348e-04
1.017181992530822754e+00,4.080266475677490234e+00,-5.172127857804298401e-02,1.713993551675230265e-04
1.017242431640625000e+00,4.083777904510498047e+00,-5.211957171559333801e-02,1.918381749419495463e-04
9.896702170372009277e-01,4.020101547241210938e+00,-5.257605761289596558e-02,-4.223354917485266924e-04
1.018615722656250000e+00,4.089532375335693359e+00,-5.362403020262718201e-02,-3.329603059682995081e-04
1.002964973449707031e+00,4.063213348388671875e+00,-5.084589123725891113e-02,-5.478597013279795647e-04
1.000164389610290527e+00,4.035128593444824219e+00,-5.160693824291229248e-02,-9.592373389750719070e-04
1.014679789543151855e+00,4.080548286437988281e+00,-5.374101921916007996e-02,-8.411756716668605804e-04
9.959288239479064941e-01,4.041735172271728516e+00,-5.177930742502212524e-02,-1.938878907822072506e-03
1.008482098579406738e+00,4.072388648986816406e+00,-5.208558216691017151e-02,1.286843675188720226e-03
1.020204067230224609e+00,4.093282222747802734e+00,-5.320842564105987549e-02,-5.170445074327290058e-04
1.016057372093200684e+00,4.093112945556640625e+00,-5.319461226463317871e-02,-1.229224493727087975e-03
1.011774659156799316e+00,4.086159229278564453e+00,-5.168859288096427917e-02,7.144627306843176484e-05
1.014762401580810547e+00,4.080649852752685547e+00,-5.072151124477386475e-02,-5.970743368379771709e-04
9.917085766792297363e-01,4.022508621215820312e+00,-5.288224667310714722e-02,1.422650530003011227e-04
9.988397955894470215e-01,4.049577236175537109e+00,-5.394569411873817444e-02,1.023734512273222208e-04
9.998633265495300293e-01,4.044007301330566406e+00,-5.155362188816070557e-02,1.037272857502102852e-03
1.014705538749694824e+00,4.073788642883300781e+00,-5.263579636812210083e-02,6.798159447498619556e-04
1.001092076301574707e+00,4.049922943115234375e+00,-5.409477651119232178e-02,6.147342501208186150e-04
9.970022439956665039e-01,4.033025264739990234e+00,-5.233865976333618164e-02,-1.453538541682064533e-03
1.016351699829101562e+00,4.084625244140625000e+00,-5.176784098148345947e-02,-1.464071800000965595e-03
1.002804160118103027e+00,4.070559501647949219e+00,-5.298720672726631165e-02,-8.762701327214017510e-05
1.006300806999206543e+00,4.049502372741699219e+00,-5.176395550370216370e-02,-1.037631533108651638e-03
1.020044207572937012e+00,4.097270488739013672e+00,-5.333162471652030945e-02,-1.186150242574512959e-03
9.943514466285705566e-01,4.041871547698974609e+00,-5.098580941557884216e-02,9.098866939893923700e-06
9.917021989822387695e-01,4.020979881286621094e+00,-5.198231711983680725e-02,4.822847404284402728e-05
9.970757365226745605e-01,4.046530723571777344e+00,-5.094547569751739502e-02,6.482611061073839664e-04
1.014036655426025391e+00,4.081393241882324219e+00,-5.386441200971603394e-02,-2.465210272930562496e-04
1.022937297821044922e+00,4.097876071929931641e+00,-5.229893326759338379e-02,-5.625388585031032562e-04
1.011415243148803711e+00,4.086043357849121094e+00,-5.299460142850875854e-02,-1.617402012925595045e-04
9.982409477233886719e-01,4.040320396423339844e+00,-5.390733852982521057e-02,-1.061835442669689655e-03
1.009226560592651367e+00,4.061809539794921875e+00,-5.131432414054870605e-02,-1.628167345188558102e-03
9.943495392799377441e-01,4.042019844055175781e+00,-5.226343870162963867e-02,1.035480061545968056e-03
1.012500166893005371e+00,4.087919712066650391e+00,-5.123336613178253174e-02,-8.572219521738588810e-04
1.010179877281188965e+00,4.083762168884277344e+00,-5.350116267800331116e-02,-3.217772173229604959e-04
9.920623898506164551e-01,4.022494792938232422e+00,-5.247310176491737366e-02,5.616197086055763066e-05
1.002776145935058594e+00,4.055335998535156250e+00,-5.154045298695564270e-02,-1.956628635525703430e-03
1.000569701194763184e+00,4.050768852233886719e+00,-5.043079704046249390e-02,-8.089036564342677593e-04
1.008136034011840820e+00,4.063956737518310547e+00,-5.271996185183525085e-02,-2.290000906214118004e-03
9.931186437606811523e-01,4.038311481475830078e+00,-5.321482941508293152e-02,-1.566849881783127785e-03
1.002822756767272949e+00,4.054223060607910156e+00,-5.048491433262825012e-02,2.193140680901706219e-04
1.004208207130432129e+00,4.071213722229003906e+00,-5.249426513910293579e-02,-1.491301460191607475e-03
1.007063269615173340e+00,4.050864219665527344e+00,-5.253341048955917358e-02,-2.341277577215805650e-04
1.020286202430725098e+00,4.098107814788818359e+00,-5.300810188055038452e-02,5.454840720631182194e-04
1.018840789794921875e+00,4.098587036132812500e+00,-5.188151448965072632e-02,-1.127567491494119167e-03
1.007690191268920898e+00,4.062626838684082031e+00,-5.064785853028297424e-02,-7.706255419179797173e-04
1.006176590919494629e+00,4.053911685943603516e+00,-5.161851271986961365e-02,-1.519360346719622612e-03
1.004749059677124023e+00,4.073693752288818359e+00,-5.273600295186042786e-02,-7.577167707495391369e-04
1.019759297370910645e+00,4.101282596588134766e+00,-5.200208351016044617e-02,-9.153563878498971462e-04
9.885880947113037109e-01,4.018428802490234375e+00,-5.141317844390869141e-02,-1.411181059665977955e-03
1.014580488204956055e+00,4.084573745727539062e+00,-5.322628095746040344e-02,5.154084647074341774e-04
1.007031917572021484e+00,4.064797878265380859e+00,-5.400241166353225708e-02,1.217813842231407762e-04
1.013525843620300293e+00,4.085759162902832031e+00,-5.336117744445800781e-02,6.826391472714021802e-05
1.000567436218261719e+00,4.061298847198486328e+00,-5.317065864801406860e-02,-2.578161947894841433e-04
1.004115819931030273e+00,4.064544200897216797e+00,-5.140524357557296753e-02,-1.801205449737608433e-03
1.013668894767761230e+00,4.084861278533935547e+00,-5.055381357669830322e-02,-1.232474111020565033e-03
9.987329244613647461e-01,4.055116176605224609e+00,-5.131096020340919495e-02,-5.244176718406379223e-04
1.013534069061279297e+00,4.083270072937011719e+00,-5.266777426004409790e-02,-1.801160629838705063e-03
1.003633379936218262e+00,4.059947013854980469e+00,-5.240998044610023499e-02,-2.074446063488721848e-03
9.928990602493286133e-01,4.024747371673583984e+00,-5.328717827796936035e-02,-1.195876626297831535e-03
1.014699220657348633e+00,4.081429958343505859e+00,-5.216398462653160095e-02,-1.649928744882345200e-03
1.012696027755737305e+00,4.068665981292724609e+00,-5.242015048861503601e-02,-9.846067987382411957e-04
1.011563539505004883e+00,4.079225540161132812e+00,-5.323613435029983521e-02,-1.923370291478931904e-03
1.011919736862182617e+00,4.088123321533203125e+00,-5.220462009310722351e-02,2.761484065558761358e-04
1.013948917388916016e+00,4.082503318786621094e+00,-5.058589205145835876e-02,-7.003437349339947104e-05
9.905723929405212402e-01,4.034335136413574219e+00,-5.162933841347694397e-02,3.416333638597279787e-04
9.913643002510070801e-01,4.031367301940917969e+00,-5.087974667549133301e-02,4.115557530894875526e-04
1.004244565963745117e+00,4.064151763916015625e+00,-5.360697954893112183e-02,9.132497361861169338e-04
1.004454374313354492e+00,4.063854694366455078e+00,-5.205133929848670959e-02,-2.441571094095706940e-03
9.951207041740417480e-01,4.033171176910400391e+00,-5.283146351575851440e-02,6.256260094232857227e-04
9.997044205665588379e-01,4.059186935424804688e+00,-5.212569236755371094e-02,9.208247065544128418e-04
9.910840392112731934e-01,4.018808841705322266e+00,-5.139689520001411438e-02,1.574597117723897099e-04
1.018322467803955078e+00,4.091469764709472656e+00,-5.267118662595748901e-02,1.179266910185106099e-04
1.006436944007873535e+00,4.051857471466064453e+00,-5.189416185021400452e-02,-9.396932728122919798e-05
9.854972362518310547e-01,4.012037277221679688e+00,-5.230038613080978394e-02,-5.310065462253987789e-04
1.000310540199279785e+00,4.042465686798095703e+00,-5.388372763991355896e-02,-1.947516138898208737e-04
1.020388364791870117e+00,4.094632625579833984e+00,-5.305133014917373657e-02,1.655276719247922301e-04
1.014916777610778809e+00,4.088772773742675781e+00,-5.341800674796104431e-02,-9.545534267090260983e-04
9.904094934463500977e-01,4.029319286346435547e+00,-5.095356702804565430e-02,-1.028442871756851673e-03
9.970552921295166016e-01,4.053503513336181641e+00,-5.227567628026008606e-02,-4.910250572720542550e-05
1.000952005386352539e+00,4.054062366485595703e+00,-5.057781934738159180e-02,-1.529131666757166386e-03
1.000492334365844727e+00,4.038472175598144531e+00,-5.152228102087974548e-02,-6.396099342964589596e-05
9.957748651504516602e-01,4.041126728057861328e+00,-5.081047490239143372e-02,-2.194485277868807316e-04
1.004135012626647949e+00,4.062759399414062500e+00,-5.392513051629066467e-02,-1.378460670821368694e-03
1.012907266616821289e+00,4.070924758911132812e+00,-5.191718414425849915e-02,9.394707740284502506e-04
9.974078536033630371e-01,4.054559707641601562e+00,-5.244222283363342285e-02,-1.077299122698605061e-03
1.005099296569824219e+00,4.053345680236816406e+00,-5.104233697056770325e-02,-1.388030359521508217e-03
1.004476308822631836e+00,4.069258689880371094e+00,-5.125046521425247192e-02,-3.623859083745628595e-05
1.005293965339660645e+00,4.060962200164794922e+00,-5.390905216336250305e-02,-1.343633863143622875e-03
9.888311624526977539e-01,4.028037071228027344e+00,-5.306924134492874146e-02,-6.081005558371543884e-04
1.002821087837219238e+00,4.064357280731201172e+00,-5.163079500198364258e-02,6.673105526715517044e-04
1.005738258361816406e+00,4.056822299957275391e+00,-5.268386378884315491e-02,9.275929187424480915e-04
1.018098115921020508e+00,4.096633911132812500e+00,-5.320118740200996399e-02,-3.545420258888043463e-05
1.012655854225158691e+00,4.072412490844726562e+00,-5.267216265201568604e-02,1.107285264879465103e-03
9.974736571311950684e-01,4.050989627838134766e+00,-5.220951139926910400e-02,-1.955463318154215813e-03
9.965773224830627441e-01,4.033852577209472656e+00,-5.131421238183975220e-02,5.477700615301728249e-04
9.943144917488098145e-01,4.038642406463623047e+00,-5.105968564748764038e-02,-1.037609064951539040e-03
9.941316246986389160e-01,4.039016723632812500e+00,-5.118518322706222534e-02,-6.941590108908712864e-04
1.010667920112609863e+00,4.075862884521484375e+00,-5.388026311993598938e-02,-6.197094917297363281e-04
1.018709778785705566e+00,4.085000514984130859e+00,-5.196773260831832886e-02,3.125887014903128147e-04
9.970533847808837891e-01,4.034891605377197266e+00,-5.368119478225708008e-02,4.070735594723373652e-04
9.973264336585998535e-01,4.044456481933593750e+00,-5.422122031450271606e-02,-2.174987748730927706e-04
1.012763023376464844e+00,4.082413673400878906e+00,-5.229642987251281738e-02,-1.786750159226357937e-03
1.007008433341979980e+00,4.079201221466064453e+00,-5.130917951464653015e-02,-3.684593539219349623e-04
1.014099597930908203e+00,4.089006423950195312e+00,-5.164749175310134888e-02,-1.632963307201862335e-03
1.004622697830200195e+00,4.064519882202148438e+00,-5.150103569030761719e-02,-1.767745357938110828e-03
1.012610793113708496e+00,4.090086936950683594e+00,-5.160821229219436646e-02,3.995882871095091105e-04
1.000042438507080078e+00,4.040212154388427734e+00,-5.376486480236053467e-02,2.493896463420242071e-04
1.003704667091369629e+00,4.056830883026123047e+00,-5.122642964124679565e-02,-1.724020577967166901e-03
1.001479983329772949e+00,4.059000492095947266e+00,-5.058045312762260437e-02,5.853753464180044830e-05
1.006448030471801758e+00,4.077066898345947266e+00,-5.262851342558860779e-02,-7.219711551442742348e-04
1.023960351943969727e+00,4.101371765136718750e+00,-5.243530124425888062e-02,-7.523380918428301811e-04
1.020097732543945312e+00,4.090609073638916016e+00,-5.274317413568496704e-02,-9.515503770671784878e-04
9.900832772254943848e-01,4.024045944213867188e+00,-5.126692727208137512e-02,4.463825025595724583e-04
9.955850243568420410e-01,4.033419132232666016e+00,-5.179893597960472107e-02,7.910196436569094658e-04
1.002625465393066406e+00,4.040474414825439453e+00,-5.217849835753440857e-02,-9.721892274683341384e-05
1.009959220886230469e+00,4.071737289428710938e+00,-5.084760114550590515e-02,5.438704974949359894e-04
1.011517405509948730e+00,4.078105449676513672e+00,-5.373147875070571899e-02,-1.295427209697663784e-03
1.010998368263244629e+00,4.068087100982666016e+00,-5.352823808789253235e-02,-1.561448676511645317e-03
1.015032887458801270e+00,4.082988262176513672e+00,-5.209227278828620911e-02,-1.620838767848908901e-03
1.013745427131652832e+00,4.081202030181884766e+00,-5.295506119728088379e-02,-1.551946392282843590e-03
1.006824970245361328e+00,4.076930999755859375e+00,-5.238958448171615601e-02,4.343253385741263628e-04
9.942417144775390625e-01,4.033957004547119141e+00,-5.386566370725631714e-02,-9.831949137151241302e-04
9.929230809211730957e-01,4.037413597106933594e+00,-5.278241634368896484e-02,-1.876462833024561405e-03
1.013982534408569336e+00,4.092188835144042969e+00,-5.143965780735015869e-02,-1.407864270731806755e-03
1.018175959587097168e+00,4.093708515167236328e+00,-5.183751881122589111e-02,2.391254238318651915e-04
1.000935554504394531e+00,4.051651000976562500e+00,-5.138641223311424255e-02,-1.728077186271548271e-03
1.002325534820556641e+00,4.049734592437744141e+00,-5.325387418270111084e-02,-1.600758288986980915e-03
1.006469726562500000e+00,4.069252014160156250e+00,-5.408504605293273926e-02,-4.149622109252959490e-04
1.016040563583374023e+00,4.099240303039550781e+00,-5.277011916041374207e-02,-6.857548723928630352e-04
1.003133893013000488e+00,4.068551063537597656e+00,-5.242333561182022095e-02,-8.802157826721668243e-04
1.014840483665466309e+00,4.083264827728271484e+00,-5.383475497364997864e-02,2.464313874952495098e-04
1.019307732582092285e+00,4.090792179107666016e+00,-5.101320520043373108e-02,-5.055252113379538059e-04
1.012981057167053223e+00,4.089487075805664062e+00,-5.335300415754318237e-02,1.367071126878727227e-05
1.004294395446777344e+00,4.069838523864746094e+00,-5.096066370606422424e-02,-6.762749981135129929e-04
1.012071013450622559e+00,4.077019214630126953e+00,-5.258525162935256958e-02,8.966655586846172810e-04
1.006850123405456543e+00,4.058823108673095703e+00,-5.191793665289878845e-02,1.176177174784243107e-03
9.879115819931030273e-01,4.023736000061035156e+00,-5.229331180453300476e-02,8.089036564342677593e-04
9.929671287536621094e-01,4.022383213043212891e+00,-5.229208618402481079e-02,5.087297176942229271e-05
1.018770933151245117e+00,4.096196651458740234e+00,-5.197678878903388977e-02,5.298411706462502480e-04
1.003181815147399902e+00,4.064834117889404297e+00,-5.278566852211952209e-02,-1.838229014538228512e-03
9.997377991676330566e-01,4.037534236907958984e+00,-5.255926027894020081e-02,-1.082027913071215153e-03
1.008276224136352539e+00,4.079005241394042969e+00,-5.152146145701408386e-02,-1.527428510598838329e-03
1.004857301712036133e+00,4.045176029205322266e+00,-5.239573121070861816e-02,6.109238893259316683e-05
9.964125752449035645e-01,4.040740966796875000e+00,-5.305055156350135803e-02,7.602268015034496784e-04
9.940790534019470215e-01,4.025968074798583984e+00,-5.144654586911201477e-02,-9.902766905725002289e-04
1.007362365722656250e+00,4.055811882019042969e+00,-5.186324566602706909e-02,2.306092355865985155e-04
1.008329153060913086e+00,4.073059558868408203e+00,-5.371232330799102783e-02,-6.777093512937426567e-04
9.966620802879333496e-01,4.038536548614501953e+00,-5.295644700527191162e-02,1.135792350396513939e-03
9.927574992179870605e-01,4.023864746093750000e+00,-5.116676166653633118e-02,-1.213872805237770081e-03
1.012865900993347168e+00,4.071690559387207031e+00,-5.081620067358016968e-02,-8.315613376908004284e-04
9.913575649261474609e-01,4.024569034576416016e+00,-5.131173133850097656e-02,-8.440667297691106796e-04
1.004933595657348633e+00,4.059781551361083984e+00,-5.130722373723983765e-02,1.092986902222037315e-03
1.003819227218627930e+00,4.057945251464843750e+00,-5.310575664043426514e-02,1.363803748972713947e-03
1.008051753044128418e+00,4.055241584777832031e+00,-5.221381038427352905e-02,-5.568016204051673412e-04
1.002338409423828125e+00,4.058070182800292969e+00,-5.192023143172264099e-02,1.237494172528386116e-03
1.003297924995422363e+00,4.065734863281250000e+00,-5.231993272900581360e-02,8.028078009374439716e-04
9.893317818641662598e-01,4.017971992492675781e+00,-5.256647989153862000e-02,-6.725547718815505505e-04
1.010353326797485352e+00,4.065573692321777344e+00,-5.265299975872039795e-02,-1.954970182850956917e-03
9.985932707786560059e-01,4.047395706176757812e+00,-5.190435424447059631e-02,-2.007413422688841820e-03
1.004773497581481934e+00,4.060704231262207031e+00,-5.316829308867454529e-02,-2.074983902275562286e-03
9.949246644973754883e-01,4.033952713012695312e+00,-5.073785781860351562e-02,-6.567997625097632408e-04
1.019183158874511719e+00,4.088478565216064453e+00,-5.143856257200241089e-02,-1.175751443952322006e-03
9.973435997962951660e-01,4.052590370178222656e+00,-5.093169584870338440e-02,-4.731637018267065287e-04
9.874023199081420898e-01,4.017797470092773438e+00,-5.147786065936088562e-02,-8.199523435905575752e-04
9.906623363494873047e-01,4.018401622772216797e+00,-5.310839787125587463e-02,4.105696571059525013e-04
1.003643751144409180e+00,4.065361976623535156e+00,-5.379287153482437134e-02,4.499682690948247910e-04
9.997740387916564941e-01,4.044678211212158203e+00,-5.418169498443603516e-02,-3.871501248795539141e-04
1.002888083457946777e+00,4.067048072814941406e+00,-5.163823068141937256e-02,-1.273665810003876686e-03
9.940721392631530762e-01,4.029534339904785156e+00,-5.128721520304679871e-02,6.911552918609231710e-05
1.006462812423706055e+00,4.050626754760742188e+00,-5.260543525218963623e-02,-1.140341861173510551e-03
1.016015291213989258e+00,4.084701061248779297e+00,-5.365832895040512085e-02,5.244174099061638117e-05
1.008603930473327637e+00,4.078699588775634766e+00,-5.076452344655990601e-02,-8.798347553238272667e-04
1.011722445487976074e+00,4.064240932464599609e+00,-5.241500586271286011e-02,-5.777556361863389611e-05
9.894767999649047852e-01,4.020642280578613281e+00,-5.182172730565071106e-02,-1.771801733411848545e-03
1.006947636604309082e+00,4.052244186401367188e+00,-5.165299773216247559e-02,-1.133887330070137978e-03
1.010076761245727539e+00,4.076444149017333984e+00,-5.319540947675704956e-02,7.646193844266235828e-04
1.010722398757934570e+00,4.069985866546630859e+00,-5.366732180118560791e-02,-9.497126447968184948e-04
1.011198759078979492e+00,4.075641632080078125e+00,-5.036474391818046570e-02,-3.358065150678157806e-04
9.926432371139526367e-01,4.038060188293457031e+00,-5.311941727995872498e-02,-1.143479254096746445e-03
9.937027692794799805e-01,4.030002593994140625e+00,-5.127961933612823486e-02,4.616219957824796438e-04
1.011140942573547363e+00,4.068345546722412109e+00,-5.134027078747749329e-02,5.028583109378814697e-04
1.010595560073852539e+00,4.085540771484375000e+00,-5.288943648338317871e-02,6.514883716590702534e-04
1.002056598663330078e+00,4.060506343841552734e+00,-5.124816671013832092e-02,-1.873437431640923023e-03
1.010088562965393066e+00,4.075108528137207031e+00,-5.090666562318801880e-02,6.422992737498134375e-05
1.007618069648742676e+00,4.060917854309082031e+00,-5.345011129975318909e-02,3.333412751089781523e-04
9.947929978370666504e-01,4.042419910430908203e+00,-5.213561281561851501e-02,-1.539777033030986786e-03
9.868186116218566895e-01,4.024557113647460938e+00,-5.199910327792167664e-02,-5.979035631753504276e-04
9.966441392898559570e-01,4.042150020599365234e+00,-5.155548453330993652e-02,1.287471153773367405e-03
1.009976267814636230e+00,4.077973365783691406e+00,-5.102302879095077515e-02,9.771196346264332533e-06
1.001713752746582031e+00,4.055703639984130859e+00,-5.281760171055793762e-02,-2.349660731852054596e-03
1.007624030113220215e+00,4.078237056732177734e+00,-5.193194746971130371e-02,-8.163217571564018726e-04
9.949231743812561035e-01,4.031081676483154297e+00,-5.224785208702087402e-02,-1.893876702524721622e-03
1.006282687187194824e+00,4.072120189666748047e+00,-5.057243257761001587e-02,-4.224026924930512905e-04
1.000154256820678711e+00,4.033781051635742188e+00,-5.186193063855171204e-02,-6.024977774359285831e-04
1.003763079643249512e+00,4.046679973602294922e+00,-5.218032374978065491e-02,-1.411898294463753700e-03
1.009500145912170410e+00,4.063755989074707031e+00,-5.132100731134414673e-02,3.604138037189841270e-04
9.905947446823120117e-01,4.017065048217773438e+00,-5.183924734592437744e-02,1.316422276431694627e-04
9.954905509948730469e-01,4.043319225311279297e+00,-5.392754450440406799e-02,-1.182250678539276123e-03
9.940751791000366211e-01,4.024603366851806641e+00,-5.220798775553703308e-02,-5.933988722972571850e-04
1.017340064048767090e+00,4.088380336761474609e+00,-5.179439112544059753e-02,4.897254402749240398e-04
1.003325223922729492e+00,4.062961578369140625e+00,-5.238455906510353088e-02,1.106388866901397705e-03
1.010927557945251465e+00,4.074047088623046875e+00,-5.209816619753837585e-02,-2.379714511334896088e-03
1.000261425971984863e+00,4.049337863922119141e+00,-5.111902952194213867e-02,1.146280788816511631e-03
1.006690740585327148e+00,4.061475753784179688e+00,-5.409818887710571289e-02,-4.618909151758998632e-04
1.016179919242858887e+00,4.084842205047607422e+00,-5.098260566592216492e-02,-6.875701365061104298e-04
9.974976181983947754e-01,4.041916370391845703e+00,-5.130895599722862244e-02,9.242311934940516949e-04
1.017019152641296387e+00,4.093645572662353516e+00,-5.196803063154220581e-02,1.357210421701893210e-04
1.006775617599487305e+00,4.065933227539062500e+00,-5.232717469334602356e-02,-2.101003658026456833e-03
9.935652017593383789e-01,4.035995006561279297e+00,-5.084459856152534485e-02,-8.782435907050967216e-04
9.897081255912780762e-01,4.024384975433349609e+00,-5.115807428956031799e-02,-4.629442410077899694e-04
9.988261461257934570e-01,4.033778190612792969e+00,-5.263616144657135010e-02,-1.418195897713303566e-03
1.001512169837951660e+00,4.059721469879150391e+00,-5.384928360581398010e-02,-1.008631428703665733e-03
9.884337186813354492e-01,4.029818058013916016e+00,-5.278473347425460815e-02,-7.184077985584735870e-04
1.017640948295593262e+00,4.089464187622070312e+00,-5.147254467010498047e-02,5.313651054166257381e-04
1.020405650138854980e+00,4.094309806823730469e+00,-5.303293466567993164e-02,-1.474829157814383507e-03
1.013678550720214844e+00,4.089717388153076172e+00,-5.152849480509757996e-02,-1.713308156467974186e-03
1.010737776756286621e+00,4.076397418975830078e+00,-5.375434085726737976e-02,-1.207956229336559772e-03
1.013327360153198242e+00,4.088804721832275391e+00,-5.267562344670295715e-02,6.755130016244947910e-04
9.972743391990661621e-01,4.048614978790283203e+00,-5.399892479181289673e-02,-5.803556996397674084e-04
9.874888062477111816e-01,4.025063514709472656e+00,-5.224430188536643982e-02,8.664092456456273794e-05
1.000332951545715332e+00,4.063753604888916016e+00,-5.315850675106048584e-02,-6.091090617701411247e-04
1.006919860839843750e+00,4.064038276672363281e+00,-5.254385620355606079e-02,1.505308551713824272e-03
9.948701262474060059e-01,4.039443492889404297e+00,-5.113369971513748169e-02,-1.167212729342281818e-03
9.939351081848144531e-01,4.034156322479248047e+00,-5.152821913361549377e-02,-1.490942901000380516e-03
1.006624221801757812e+00,4.053497791290283203e+00,-5.283952131867408752e-02,-9.785109432414174080e-04
1.012243390083312988e+00,4.066794395446777344e+00,-5.211636424064636230e-02,-1.236687297932803631e-03
1.014231324195861816e+00,4.093287467956542969e+00,-5.303468555212020874e-02,-9.938400471583008766e-04
1.011481761932373047e+00,4.070504188537597656e+00,-5.313605815172195435e-02,9.716531494632363319e-04
1.005127906799316406e+00,4.055755615234375000e+00,-5.039747431874275208e-02,-1.043861731886863708e-03
1.007318377494812012e+00,4.060027599334716797e+00,-5.139787495136260986e-02,-1.682290690951049328e-03
9.984222054481506348e-01,4.034917354583740234e+00,-5.146971717476844788e-02,2.707249077502638102e-04
9.883449673652648926e-01,4.026271343231201172e+00,-5.293172597885131836e-02,-3.288142615929245949e-04
9.931241273880004883e-01,4.034337043762207031e+00,-5.364354699850082397e-02,-1.072996179573237896e-03
1.010987281799316406e+00,4.071780681610107422e+00,-5.097271502017974854e-02,-1.671017962507903576e-03
9.856648445129394531e-01,4.018062591552734375e+00,-5.256169661879539490e-02,3.778943791985511780e-04
9.971528053283691406e-01,4.051203727722167969e+00,-5.139298364520072937e-02,-8.136548567563295364e-04
1.008075237274169922e+00,4.071735382080078125e+00,-5.329697206616401672e-02,-1.601587398909032345e-03
1.006921172142028809e+00,4.076365947723388672e+00,-5.301613733172416687e-02,-8.783556986600160599e-04
1.007403969764709473e+00,4.060532093048095703e+00,-5.173058062791824341e-02,1.407909090630710125e-03
9.947100281715393066e-01,4.033890247344970703e+00,-5.177939683198928833e-02,7.647986640222370625e-04
9.976266026496887207e-01,4.043404579162597656e+00,-5.168500170111656189e-02,-2.033141674473881721e-03
1.000597000122070312e+00,4.046717166900634766e+00,-5.202399566769599915e-02,-2.250533783808350563e-03
1.006091952323913574e+00,4.067138195037841797e+00,-5.375054106116294861e-02,-1.258560805581510067e-03
9.916024804115295410e-01,4.025471687316894531e+00,-5.216675996780395508e-02,8.450302993878722191e-04
9.965209364891052246e-01,4.047486782073974609e+00,-5.200006067752838135e-02,-2.219067886471748352e-03
1.017173647880554199e+00,4.086302280426025391e+00,-5.350489914417266846e-02,-2.028868038905784488e-04
1.008641242980957031e+00,4.066828727722167969e+00,-5.171356722712516785e-02,-1.774558331817388535e-03
1.002944469451904297e+00,4.056055068969726562e+00,-5.158373713493347168e-02,-1.848314190283417702e-03
1.006885290145874023e+00,4.066196441650390625e+00,-5.060875415802001953e-02,1.847563107730820775e-04
1.003914237022399902e+00,4.052610397338867188e+00,-5.152450874447822571e-02,1.159817096777260303e-03
1.016127586364746094e+00,4.082773685455322266e+00,-5.099344998598098755e-02,-4.101886879652738571e-04
1.001730680465698242e+00,4.040267467498779297e+00,-5.292394012212753296e-02,-1.311764935962855816e-03
1.001870036125183105e+00,4.049896717071533203e+00,-5.362633615732192993e-02,-1.530745415948331356e-03
1.000082015991210938e+00,4.039998054504394531e+00,-5.361121520400047302e-02,-1.065398915670812130e-03
1.020606160163879395e+00,4.098268032073974609e+00,-5.320736393332481384e-02,-1.513639144832268357e-04
9.991831779479980469e-01,4.038239955902099609e+00,-5.134117603302001953e-02,-1.917812041938304901e-03
9.938860535621643066e-01,4.033752441406250000e+00,-5.328765884041786194e-02,7.020925404503941536e-04
1.011228799819946289e+00,4.083686351776123047e+00,-5.364960804581642151e-02,-3.997003368567675352e-04
9.932143688201904297e-01,4.032485961914062500e+00,-5.132992193102836609e-02,4.641320265363901854e-04
1.005395770072937012e+00,4.049944877624511719e+00,-5.255163460969924927e-02,-3.038035938516259193e-04
9.902055859565734863e-01,4.020722389221191406e+00,-5.233445018529891968e-02,6.154961884021759033e-04
1.002571225166320801e+00,4.063728809356689453e+00,-5.230380222201347351e-02,9.941090829670429230e-04
9.970585107803344727e-01,4.056770324707031250e+00,-5.189338698983192444e-02,-9.051593369804322720e-04
1.019324898719787598e+00,4.100463390350341797e+00,-5.251749977469444275e-02,5.638611037284135818e-04
9.983451962471008301e-01,4.051613807678222656e+00,-5.348372086882591248e-02,4.406004736665636301e-04
9.908151030540466309e-01,4.017421722412109375e+00,-5.189106613397598267e-02,4.213268039165996015e-05
1.005396485328674316e+00,4.064081192016601562e+00,-5.266444757580757141e-02,-2.403179882094264030e-03
1.007946968078613281e+00,4.062001228332519531e+00,-5.376918986439704895e-02,-1.034718123264610767e-03
9.987542033195495605e-01,4.054612636566162109e+00,-5.230546370148658752e-02,-1.771174254827201366e-03
1.002274751663208008e+00,4.058612346649169922e+00,-5.060052871704101562e-02,-1.097334781661629677e-03
1.004303097724914551e+00,4.062429428100585938e+00,-5.406055971980094910e-02,-1.476285979151725769e-03
1.010880827903747559e+00,4.064661502838134766e+00,-5.265725776553153992e-02,-1.089177094399929047e-03
9.933402538299560547e-01,4.036678314208984375e+00,-5.106802657246589661e-02,-2.777395711746066809e-04
9.958752989768981934e-01,4.035685539245605469e+00,-5.342447385191917419e-02,7.954570464789867401e-04
1.018529534339904785e+00,4.092098712921142578e+00,-5.244272202253341675e-02,7.254896918311715126e-04
9.966087341308593750e-01,4.036901950836181641e+00,-5.390217527747154236e-02,1.594766945345327258e-04
1.010037183761596680e+00,4.082820415496826172e+00,-5.185003206133842468e-02,-1.779175130650401115e-03
9.948675036430358887e-01,4.037950038909912109e+00,-5.252755805850028992e-02,1.097648520953953266e-03
1.008610606193542480e+00,4.062277793884277344e+00,-5.353593453764915466e-02,-4.890080526820383966e-05
1.005060672760009766e+00,4.051601409912109375e+00,-5.119627341628074646e-02,-7.698411936871707439e-04
1.004717826843261719e+00,4.060304641723632812e+00,-5.058620870113372803e-02,-1.196257653646171093e-03
1.011457562446594238e+00,4.086563110351562500e+00,-5.273800715804100037e-02,-1.566087827086448669e-03
9.929193854331970215e-01,4.035461425781250000e+00,-5.109540745615959167e-02,-1.009102095849812031e-03
1.001857519149780273e+00,4.058452606201171875e+00,-5.252334475517272949e-02,-2.253223443403840065e-03
1.010911703109741211e+00,4.083818435668945312e+00,-5.155352875590324402e-02,-1.023333286866545677e-03
1.006927728652954102e+00,4.066939830780029297e+00,-5.255504697561264038e-02,-2.127516781911253929e-03
1.007058739662170410e+00,4.073160171508789062e+00,-5.250298231840133667e-02,-1.602058066055178642e-03
1.010546088218688965e+00,4.069426536560058594e+00,-5.247387662529945374e-02,-1.704948605038225651e-03
1.002261161804199219e+00,4.060692310333251953e+00,-5.139259994029998779e-02,2.560681314207613468e-04
1.017362475395202637e+00,4.089841365814208984e+00,-5.226787552237510681e-02,-9.016632684506475925e-04
1.012686967849731445e+00,4.078697204589843750e+00,-5.118347331881523132e-02,-8.070659823715686798e-04
1.014533281326293945e+00,4.078986167907714844e+00,-5.258968845009803772e-02,-1.083462266251444817e-03
9.988675117492675781e-01,4.045312404632568359e+00,-5.366447940468788147e-02,-8.987273322418332100e-04
1.001439213752746582e+00,4.049760818481445312e+00,-5.235162749886512756e-02,7.531449082307517529e-04
1.005451679229736328e+00,4.060633659362792969e+00,-5.307356640696525574e-02,-1.480028615333139896e-03
1.002102494239807129e+00,4.048677921295166016e+00,-5.280797183513641357e-02,-1.417366671375930309e-03
1.013984441757202148e+00,4.084409713745117188e+00,-5.280153080821037292e-02,-6.658308848273009062e-05
1.000422239303588867e+00,4.060437679290771484e+00,-5.305420234799385071e-02,-5.026565631851553917e-04
1.009071946144104004e+00,4.075763225555419922e+00,-5.120864883065223694e-02,1.026423851726576686e-04
9.990119338035583496e-01,4.055314064025878906e+00,-5.257664620876312256e-02,4.952385206706821918e-04
1.009439826011657715e+00,4.072679042816162109e+00,-5.114925280213356018e-02,-1.720940927043557167e-04
1.004978537559509277e+00,4.067153930664062500e+00,-5.328834429383277893e-02,4.675833042711019516e-04
1.008885860443115234e+00,4.073313236236572266e+00,-5.326737463474273682e-02,9.385727753397077322e-05
9.917547106742858887e-01,4.026414871215820312e+00,-5.276741459965705872e-02,-4.344822664279490709e-04
1.005473017692565918e+00,4.064240932464599609e+00,-5.321434885263442993e-02,-1.647732453420758247e-03
1.002886295318603516e+00,4.055023193359375000e+00,-5.249704048037528992e-02,7.757353014312684536e-04
1.015318632125854492e+00,4.082355976104736328e+00,-5.208408087491989136e-02,-4.351770039647817612e-04
1.016315817832946777e+00,4.087208271026611328e+00,-5.285613611340522766e-02,2.668702218215912580e-04
1.014637708663940430e+00,4.081357955932617188e+00,-5.228173360228538513e-02,1.809464301913976669e-04
1.013063192367553711e+00,4.071494102478027344e+00,-5.238503590226173401e-02,-5.352646694518625736e-04
9.932674765586853027e-01,4.029535770416259766e+00,-5.199244245886802673e-02,-1.277341274544596672e-03
1.015998840332031250e+00,4.088959693908691406e+00,-5.257819220423698425e-02,-2.267097297590225935e-04
1.003469109535217285e+00,4.058824539184570312e+00,-5.272298306226730347e-02,-1.609812374226748943e-03
9.991491436958312988e-01,4.046156883239746094e+00,-5.294950678944587708e-02,-1.390786841511726379e-03
9.960964322090148926e-01,4.039109230041503906e+00,-5.257262289524078369e-02,-1.750622875988483429e-03
1.005590319633483887e+00,4.053619384765625000e+00,-5.267566815018653870e-02,-7.725753239355981350e-04
1.011817812919616699e+00,4.071182727813720703e+00,-5.324633792042732239e-02,-2.811684680636972189e-04
1.008887529373168945e+00,4.074395179748535156e+00,-5.244611203670501709e-02,-1.359904184937477112e-03
9.994562864303588867e-01,4.040726661682128906e+00,-5.154666304588317871e-02,-1.292468979954719543e-03
1.004043817520141602e+00,4.052984714508056641e+00,-5.222205072641372681e-02,-1.574469846673309803e-03
1.003066658973693848e+00,4.062154769897460938e+00,-5.337201431393623352e-02,-8.658502483740448952e-04
1.004480481147766113e+00,4.063140392303466797e+00,-5.265468731522560120e-02,-1.823773724026978016e-03
1.011444091796875000e+00,4.075885295867919922e+00,-5.203170701861381531e-02,7.041991921141743660e-04
1.014422178268432617e+00,4.078317165374755859e+00,-5.250816792249679565e-02,5.366541445255279541e-04
9.970834851264953613e-01,4.037123680114746094e+00,-5.293548479676246643e-02,-9.073556284420192242e-04
9.996550679206848145e-01,4.041837215423583984e+00,-5.193511024117469788e-02,-1.085456809960305691e-03
1.002226948738098145e+00,4.046975612640380859e+00,-5.350826680660247803e-02,-1.898660120787099004e-04
1.004052877426147461e+00,4.051042079925537109e+00,-5.332784354686737061e-02,-5.918973474763333797e-04
1.009903550148010254e+00,4.068645954132080078e+00,-5.242554098367691040e-02,7.477662875317037106e-04
9.948801994323730469e-01,4.042616844177246094e+00,-5.332848057150840759e-02,3.630582114055869170e-06
9.971954822540283203e-01,4.033213138580322266e+00,-5.211247503757476807e-02,2.114702074322849512e-04
9.985110759735107422e-01,4.044840812683105469e+00,-5.166163668036460876e-02,8.794537861831486225e-04
1.002054810523986816e+00,4.046085357666015625e+00,-5.317462235689163208e-02,-7.517778431065380573e-04
1.004977822303771973e+00,4.060932159423828125e+00,-5.091618746519088745e-02,-1.146079041063785553e-03
1.000981092453002930e+00,4.053590774536132812e+00,-5.346506834030151367e-02,1.425339723937213421e-04
1.000556349754333496e+00,4.048872470855712891e+00,-5.305720493197441101e-02,-1.360778231173753738e-03
1.012651920318603516e+00,4.077181816101074219e+00,-5.272772163152694702e-02,-1.434287172742187977e-03
1.000816106796264648e+00,4.052051544189453125e+00,-5.297709628939628601e-02,-1.488096662797033787e-03
9.988610744476318359e-01,4.049180984497070312e+00,-5.168370157480239868e-02,-1.707257004454731941e-03
1.015843391418457031e+00,4.082430362701416016e+00,-5.269369482994079590e-02,5.033510751673020422e-05
9.992859363555908203e-01,4.050008296966552734e+00,-5.267377942800521851e-02,-1.688341842964291573e-03
9.914165139198303223e-01,4.033444404602050781e+00,-5.258388444781303406e-02,1.444613299099728465e-04
9.948477149009704590e-01,4.034847736358642578e+00,-5.125997588038444519e-02,-7.809794624336063862e-04
9.947994351387023926e-01,4.035470008850097656e+00,-5.130561068654060364e-02,2.541407884564250708e-04
1.002148747444152832e+00,4.054874897003173828e+00,-5.351661890745162964e-02,-7.505676476284861565e-04
1.011933922767639160e+00,4.082414150238037109e+00,-5.184768512845039368e-02,-7.217021775431931019e-04
1.010949492454528809e+00,4.067646503448486328e+00,-5.211333930492401123e-02,-1.285409322008490562e-03
1.000988602638244629e+00,4.060633182525634766e+00,-5.239687114953994751e-02,-1.033709500916302204e-03
9.999216794967651367e-01,4.039526939392089844e+00,-5.210516974329948425e-02,-9.997547749662771821e-05
1.003615379333496094e+00,4.054575443267822266e+00,-5.346001684665679932e-02,-6.345679867081344128e-04
1.011701703071594238e+00,4.075992107391357422e+00,-5.279891565442085266e-02,6.286738789640367031e-04
9.935613870620727539e-01,4.036664485931396484e+00,-5.258902907371520996e-02,-9.036115807248279452e-05
9.962098598480224609e-01,4.037095069885253906e+00,-5.126833915710449219e-02,3.086443757638335228e-04
1.011516571044921875e+00,4.078159332275390625e+00,-5.112435296177864075e-02,-6.368315662257373333e-04
1.004828691482543945e+00,4.057951927185058594e+00,-5.351466685533523560e-02,-1.155267586000263691e-03
9.954070448875427246e-01,4.033474922180175781e+00,-5.254012346267700195e-02,6.492921384051442146e-04
1.000196933746337891e+00,4.040782451629638672e+00,-5.204296857118606567e-02,-3.285229322500526905e-04
9.923836588859558105e-01,4.031029701232910156e+00,-5.188347026705741882e-02,3.194464952684938908e-04
1.008695244789123535e+00,4.061692714691162109e+00,-5.331657826900482178e-02,-1.788397821655962616e-05
1.000167131423950195e+00,4.046822071075439453e+00,-5.198213830590248108e-02,7.565513951703906059e-04
1.013846635818481445e+00,4.083686828613281250e+00,-5.148648470640182495e-02,2.362119448662269861e-05
1.004152178764343262e+00,4.054438591003417969e+00,-5.143651366233825684e-02,-1.063762931153178215e-03
1.002820968627929688e+00,4.058952331542968750e+00,-5.194950848817825317e-02,8.659622399136424065e-04
1.004186034202575684e+00,4.053606033325195312e+00,-5.133085325360298157e-02,3.012487140949815512e-04
1.006578683853149414e+00,4.059649467468261719e+00,-5.268377438187599182e-02,8.460612152703106403e-04
1.006575345993041992e+00,4.056881904602050781e+00,-5.218853056430816650e-02,-1.524716732092201710e-03
1.004104495048522949e+00,4.068071842193603516e+00,-5.146003141999244690e-02,-8.757111500017344952e-04
1.011628627777099609e+00,4.084987163543701172e+00,-5.301435664296150208e-02,-7.107207784429192543e-04
1.004632830619812012e+00,4.050987720489501953e+00,-5.229419842362403870e-02,-4.033757431898266077e-04
1.008826136589050293e+00,4.073648452758789062e+00,-5.298440158367156982e-02,-1.686347066424787045e-03
1.009562373161315918e+00,4.070304870605468750e+00,-5.182015895843505859e-02,4.725137550849467516e-04
1.002091765403747559e+00,4.056989669799804688e+00,-5.121537670493125916e-02,-1.207821886055171490e-03
1.002776384353637695e+00,4.064540863037109375e+00,-5.267189070582389832e-02,-1.965893170563504100e-04
9.964734315872192383e-01,4.041171550750732422e+00,-5.279174447059631348e-02,-1.554456423036754131e-03
1.000922203063964844e+00,4.048798561096191406e+00,-5.285695195198059082e-02,7.906610844656825066e-04
1.000759720802307129e+00,4.053441047668457031e+00,-5.217460915446281433e-02,-1.750107505358755589e-03
9.983399510383605957e-01,4.049001216888427734e+00,-5.343687906861305237e-02,-4.825987271033227444e-04
1.009135127067565918e+00,4.078841686248779297e+00,-5.268825590610504150e-02,3.338791429996490479e-04
1.000347137451171875e+00,4.048906326293945312e+00,-5.346352607011795044e-02,-9.054059046320617199e-04
9.939393401145935059e-01,4.029492855072021484e+00,-5.200171843171119690e-02,-8.815380861051380634e-04
9.952823519706726074e-01,4.034935474395751953e+00,-5.266414955258369446e-02,5.800867802463471889e-04
1.004037857055664062e+00,4.051050186157226562e+00,-5.115159600973129272e-02,-6.695291958749294281e-04
1.015581488609313965e+00,4.083333015441894531e+00,-5.185225978493690491e-02,-1.741558953654021025e-04
1.003573656082153320e+00,4.057931423187255859e+00,-5.387208610773086548e-02,-6.678483914583921432e-04
9.923017621040344238e-01,4.034009933471679688e+00,-5.136267095804214478e-02,-5.606339545920491219e-04
1.011581420898437500e+00,4.080439090728759766e+00,-5.315053462982177734e-02,-1.306946622207760811e-03
9.961844086647033691e-01,4.036366462707519531e+00,-5.138336867094039917e-02,-1.299505936913192272e-03
1.008384704589843750e+00,4.073687553405761719e+00,-5.138432234525680542e-02,-7.124464609660208225e-04
1.005756020545959473e+00,4.059918880462646484e+00,-5.340949073433876038e-02,1.209745896630920470e-04
1.000271201133728027e+00,4.049706459045410156e+00,-5.372478440403938293e-02,-6.296151550486683846e-04
9.936456084251403809e-01,4.025746822357177734e+00,-5.204413086175918579e-02,-6.044251495040953159e-04
9.954763650894165039e-01,4.037852287292480469e+00,-5.226275697350502014e-02,4.931319272145628929e-04
9.960052967071533203e-01,4.030774116516113281e+00,-5.191579461097717285e-02,5.894093555980361998e-05
1.006682515144348145e+00,4.058052062988281250e+00,-5.342959612607955933e-02,-7.869183900766074657e-04
1.001680612564086914e+00,4.044302940368652344e+00,-5.231631547212600708e-02,1.376035379507811740e-05
1.006216764450073242e+00,4.072619438171386719e+00,-5.216899514198303223e-02,1.391723344568163157e-04
1.010618209838867188e+00,4.080120086669921875e+00,-5.240182951092720032e-02,4.396592266857624054e-04
9.930517673492431641e-01,4.027446746826171875e+00,-5.266255885362625122e-02,3.200290666427463293e-05
1.005562067031860352e+00,4.063248157501220703e+00,-5.221283435821533203e-02,-1.894481829367578030e-03
9.959254860877990723e-01,4.043943405151367188e+00,-5.241948738694190979e-02,4.472341388463973999e-04
1.003841996192932129e+00,4.055325508117675781e+00,-5.322163924574851990e-02,3.851107321679592133e-04
1.008981227874755859e+00,4.064311504364013672e+00,-5.267817154526710510e-02,-1.441503642126917839e-03
1.001396775245666504e+00,4.063253402709960938e+00,-5.186490714550018311e-02,-2.172074455302208662e-04
1.003353357315063477e+00,4.060040950775146484e+00,-5.338012054562568665e-02,6.278671207837760448e-04
1.011752009391784668e+00,4.081744194030761719e+00,-5.296641960740089417e-02,-3.614447196014225483e-04
9.917703866958618164e-01,4.033369541168212891e+00,-5.236367136240005493e-02,-7.600922835990786552e-04
1.012955665588378906e+00,4.082846164703369141e+00,-5.161437019705772400e-02,-1.001728931441903114e-03
1.008522033691406250e+00,4.079926490783691406e+00,-5.275810509920120239e-02,-3.537353477440774441e-04
1.002748012542724609e+00,4.060040473937988281e+00,-5.104885995388031006e-02,-7.909748237580060959e-04
1.012806057929992676e+00,4.083057880401611328e+00,-5.302726849913597107e-02,-7.316975388675928116e-04
9.920115470886230469e-01,4.028206825256347656e+00,-5.155064538121223450e-02,-3.974592546001076698e-04
1.000502943992614746e+00,4.044203758239746094e+00,-5.276875570416450500e-02,6.914248806424438953e-04
1.002748012542724609e+00,4.057903289794921875e+00,-5.095582082867622375e-02,-4.720655269920825958e-04
9.970438480377197266e-01,4.048577785491943359e+00,-5.292148888111114502e-02,-1.273195259273052216e-03
9.948775172233581543e-01,4.036597728729248047e+00,-5.214874073863029480e-02,-1.582111930474638939e-03
9.966008663177490234e-01,4.041399478912353516e+00,-5.373810604214668274e-02,-5.365645629353821278e-04
9.924702048301696777e-01,4.030831813812255859e+00,-5.294946208596229553e-02,-8.841825183480978012e-04
1.000388860702514648e+00,4.042662143707275391e+00,-5.271490663290023804e-02,-1.350648351944983006e-03
1.009770154953002930e+00,4.067139625549316406e+00,-5.279092490673065186e-02,-1.058989320881664753e-03
9.971733689308166504e-01,4.049324989318847656e+00,-5.229975655674934387e-02,8.260695176431909204e-05
1.005688786506652832e+00,4.067879676818847656e+00,-5.143821984529495239e-02,-1.311675296165049076e-03
1.003604650497436523e+00,4.059750080108642578e+00,-5.075481534004211426e-02,-5.270174006000161171e-04
1.007696390151977539e+00,4.063420295715332031e+00,-5.168038234114646912e-02,-1.712456461973488331e-03
1.002260088920593262e+00,4.064523696899414062e+00,-5.240135267376899719e-02,-7.927901460789144039e-04
9.919356703758239746e-01,4.030394077301025391e+00,-5.316435545682907104e-02,-8.498711395077407360e-04
1.014561414718627930e+00,4.087773799896240234e+00,-5.297333747148513794e-02,-2.945702581200748682e-04
1.000153541564941406e+00,4.059342384338378906e+00,-5.286073312163352966e-02,-6.031029042787849903e-04
1.002447009086608887e+00,4.060357570648193359e+00,-5.126715824007987976e-02,-9.212057339027523994e-04
9.937180876731872559e-01,4.035039424896240234e+00,-5.302667617797851562e-02,-9.761577821336686611e-04
9.940471649169921875e-01,4.040059089660644531e+00,-5.224534869194030762e-02,3.005315957125276327e-04
9.988631606101989746e-01,4.045373916625976562e+00,-5.179104208946228027e-02,-1.551027526147663593e-03
1.011062860488891602e+00,4.078343391418457031e+00,-5.135364457964897156e-02,-7.205137080745771527e-05
9.885247349739074707e-01,4.021500110626220703e+00,-5.278453230857849121e-02,-7.995134219527244568e-04
9.991368055343627930e-01,4.039837360382080078e+00,-5.324217304587364197e-02,-1.160803134553134441e-03
1.002450346946716309e+00,4.053377151489257812e+00,-5.109394714236259460e-02,-1.180435298010706902e-03
1.002908945083618164e+00,4.063003063201904297e+00,-5.154388770461082458e-02,-1.326283236267045140e-04
1.007244944572448730e+00,4.071240901947021484e+00,-5.122504383325576782e-02,-1.233501534443348646e-04
1.008547306060791016e+00,4.068145751953125000e+00,-5.332117527723312378e-02,1.915692409966140985e-04
1.007446289062500000e+00,4.064558029174804688e+00,-5.109172314405441284e-02,-1.013561966829001904e-03
1.005406856536865234e+00,4.059205055236816406e+00,-5.089607089757919312e-02,-4.439845215529203415e-04
1.011282801628112793e+00,4.080171108245849609e+00,-5.147827416658401489e-02,-9.906577179208397865e-04
1.007153153419494629e+00,4.060899257659912109e+00,-5.123809725046157837e-02,-8.773920126259326935e-04
9.918253421783447266e-01,4.033632755279541016e+00,-5.332606658339500427e-02,-5.821933737024664879e-04
9.962015748023986816e-01,4.042398929595947266e+00,-5.285549908876419067e-02,-1.686279894784092903e-03
9.975103139877319336e-01,4.036912918090820312e+00,-5.175344273447990417e-02,-1.405937015078961849e-03
1.014739751815795898e+00,4.085593700408935547e+00,-5.316433683037757874e-02,-4.997879732400178909e-04
9.994243383407592773e-01,4.052905082702636719e+00,-5.300605297088623047e-02,-1.380948349833488464e-03
1.003788948059082031e+00,4.062371253967285156e+00,-5.208646878600120544e-02,-1.493945950642228127e-03
1.012737631797790527e+00,4.072508811950683594e+00,-5.283036828041076660e-02,-1.283078570850193501e-03
1.007621884346008301e+00,4.071653366088867188e+00,-5.141317844390869141e-02,2.576369151938706636e-04
9.926131367683410645e-01,4.035153388977050781e+00,-5.266212671995162964e-02,-1.391817699186503887e-03
1.008034348487854004e+00,4.070474147796630859e+00,-5.336716771125793457e-02,3.332964552100747824e-04
1.006424903869628906e+00,4.072791099548339844e+00,-5.180862918496131897e-02,-7.031906861811876297e-04
1.015832424163818359e+00,4.085413455963134766e+00,-5.258980020880699158e-02,-8.558997651562094688e-04
1.011129975318908691e+00,4.072278499603271484e+00,-5.132003128528594971e-02,3.479981096461415291e-04
1.009218335151672363e+00,4.076333999633789062e+00,-5.299204960465431213e-02,-1.496971468441188335e-03
1.008425235748291016e+00,4.064043045043945312e+00,-5.334093794226646423e-02,-7.160994573496282101e-04
1.002967000007629395e+00,4.057682991027832031e+00,-5.108471959829330444e-02,3.008453350048512220e-04
1.006259083747863770e+00,4.055269718170166016e+00,-5.242474377155303955e-02,-9.830828057602047920e-04
9.900357723236083984e-01,4.020539760589599609e+00,-5.230781063437461853e-02,-7.070229621604084969e-04
1.007058501243591309e+00,4.071785449981689453e+00,-5.140708759427070618e-02,-9.028734057210385799e-04
1.001012444496154785e+00,4.044010162353515625e+00,-5.130920559167861938e-02,-1.022974611259996891e-03
9.949028491973876953e-01,4.044327259063720703e+00,-5.249339714646339417e-02,1.655276719247922301e-04
1.013576030731201172e+00,4.078485965728759766e+00,-5.278125405311584473e-02,-1.114367274567484856e-03
1.011652827262878418e+00,4.074831008911132812e+00,-5.148302391171455383e-02,-1.083058770745992661e-03
9.965131282806396484e-01,4.039944171905517578e+00,-5.138484761118888855e-02,-4.302912202547304332e-05
9.908748865127563477e-01,4.024051189422607422e+00,-5.259330570697784424e-02,-6.347697344608604908e-04
9.907748103141784668e-01,4.026632785797119141e+00,-5.244404450058937073e-02,-7.028993568383157253e-04
9.932941198348999023e-01,4.033209323883056641e+00,-5.165683478116989136e-02,-1.171582960523664951e-03
1.005025029182434082e+00,4.050437927246093750e+00,-5.237461626529693604e-02,-2.448850427754223347e-04
1.001829028129577637e+00,4.044966220855712891e+00,-5.180746689438819885e-02,-2.602589956950396299e-04
1.009510874748229980e+00,4.079846858978271484e+00,-5.316922813653945923e-02,-8.302837959490716457e-04
1.007901668548583984e+00,4.073412418365478516e+00,-5.139898881316184998e-02,-6.177597097121179104e-04
1.005343794822692871e+00,4.055914878845214844e+00,-5.215649679303169250e-02,-1.760058104991912842e-03
1.014490008354187012e+00,4.084728240966796875e+00,-5.172584950923919678e-02,-9.503177716396749020e-04
1.003892779350280762e+00,4.066596031188964844e+00,-5.214648693799972534e-02,-1.361024682410061359e-03
1.003139495849609375e+00,4.061702728271484375e+00,-5.325084179639816284e-02,2.450419415254145861e-04
9.972095489501953125e-01,4.050494670867919922e+00,-5.198021978139877319e-02,-3.083978663198649883e-04
1.010669350624084473e+00,4.073559761047363281e+00,-5.318256840109825134e-02,1.815291216189507395e-05
1.000212550163269043e+00,4.052935123443603516e+00,-5.361736193299293518e-02,-3.980195033363997936e-04
9.944442510604858398e-01,4.029211044311523438e+00,-5.159747600555419922e-02,-4.623391432687640190e-04
1.008520007133483887e+00,4.075002670288085938e+00,-5.346229299902915955e-02,-7.013306021690368652e-04
9.988766312599182129e-01,4.039632797241210938e+00,-5.336438491940498352e-02,-7.903248770162463188e-04
9.921341538429260254e-01,4.033857822418212891e+00,-5.228202417492866516e-02,7.911083230283111334e-05
1.005404829978942871e+00,4.052911758422851562e+00,-5.240929871797561646e-02,-9.224158711731433868e-04
1.008892297744750977e+00,4.077193737030029297e+00,-5.155794322490692139e-02,-5.585048929788172245e-04
1.000935673713684082e+00,4.051600933074951172e+00,-5.145403370261192322e-02,-1.398832537233829498e-03
1.001492023468017578e+00,4.048940181732177734e+00,-5.361337587237358093e-02,1.817980519263073802e-04
1.014402389526367188e+00,4.082495689392089844e+00,-5.174527689814567566e-02,-1.199910766445100307e-03
1.001044750213623047e+00,4.063019752502441406e+00,-5.252246186137199402e-02,-7.233158103190362453e-04
9.952279925346374512e-01,4.036100387573242188e+00,-5.196483805775642395e-02,-1.542668207548558712e-03
1.002471089363098145e+00,4.059029579162597656e+00,-5.324761196970939636e-02,4.603221605066210032e-04
9.910281300544738770e-01,4.029058456420898438e+00,-5.193863809108734131e-02,-1.121628447435796261e-03
1.006555557250976562e+00,4.069322586059570312e+00,-5.134620517492294312e-02,-1.048545702360570431e-03
1.012423396110534668e+00,4.075943946838378906e+00,-5.143683403730392456e-02,-4.902408691123127937e-04
1.011785030364990234e+00,4.083796977996826172e+00,-5.280699580907821655e-02,-1.274181297048926353e-03
9.951899051666259766e-01,4.034805774688720703e+00,-5.291051417589187622e-02,1.703236193861812353e-05
1.000118255615234375e+00,4.040317535400390625e+00,-5.166848748922348022e-02,-6.647108821198344231e-04
1.001965284347534180e+00,4.052237033843994141e+00,-5.148598179221153259e-02,7.357539143413305283e-04
1.003595232963562012e+00,4.056159496307373047e+00,-5.110802501440048218e-02,-9.984568459913134575e-04
1.000778198242187500e+00,4.042227745056152344e+00,-5.185555666685104370e-02,-7.639246177859604359e-04
9.964457750320434570e-01,4.039953708648681641e+00,-5.343765765428543091e-02,-3.877328126691281796e-04
1.013199090957641602e+00,4.088387489318847656e+00,-5.193520337343215942e-02,-8.216779679059982300e-04
1.003589749336242676e+00,4.063515186309814453e+00,-5.231374502182006836e-02,6.698205834254622459e-04
9.981086850166320801e-01,4.046587944030761719e+00,-5.292713269591331482e-02,5.879306118004024029e-04
9.912465810775756836e-01,4.030299186706542969e+00,-5.334528535604476929e-02,-8.666346548125147820e-04
1.008016228675842285e+00,4.059103965759277344e+00,-5.245298519730567932e-02,3.826007305178791285e-04
1.000284790992736816e+00,4.047163486480712891e+00,-5.352254211902618408e-02,-5.768819828517735004e-04
9.971539974212646484e-01,4.050230503082275391e+00,-5.224368721246719360e-02,-7.223073043860495090e-04
1.002657651901245117e+00,4.045029640197753906e+00,-5.255619063973426819e-02,-9.180009365081787109e-04
1.011305093765258789e+00,4.068391799926757812e+00,-5.245958641171455383e-02,-7.599570380989462137e-05
1.010665893554687500e+00,4.068212985992431641e+00,-5.210844427347183228e-02,-1.512569840997457504e-03
1.000331521034240723e+00,4.047637939453125000e+00,-5.294376984238624573e-02,7.928125560283660889e-04
9.973384141921997070e-01,4.043332576751708984e+00,-5.272865295410156250e-02,5.303790094330906868e-04
9.916436076164245605e-01,4.028777599334716797e+00,-5.285108834505081177e-02,-1.123911715694703162e-04
1.003273606300354004e+00,4.063470363616943359e+00,-5.290611833333969116e-02,3.000385477207601070e-04
1.007550358772277832e+00,4.063935756683349609e+00,-5.272801965475082397e-02,-1.803379389457404613e-03
1.011848211288452148e+00,4.075523853302001953e+00,-5.277003347873687744e-02,-1.373149221763014793e-03
1.014939785003662109e+00,4.091895580291748047e+00,-5.193010345101356506e-02,-5.718619213439524174e-04
1.008493900299072266e+00,4.059978008270263672e+00,-5.185073241591453552e-02,-1.393740240018814802e-04
9.954882264137268066e-01,4.043042659759521484e+00,-5.210025236010551453e-02,-1.185858971439301968e-03
1.000493764877319336e+00,4.053919315338134766e+00,-5.138968676328659058e-02,5.295722512528300285e-04
1.006972074508666992e+00,4.072556495666503906e+00,-5.195219442248344421e-02,4.644009750336408615e-04
1.009028196334838867e+00,4.076350212097167969e+00,-5.136328563094139099e-02,-5.693743005394935608e-04
9.920462965965270996e-01,4.024315834045410156e+00,-5.267148092389106750e-02,-3.150987322442233562e-04
1.003149151802062988e+00,4.052186965942382812e+00,-5.120937526226043701e-02,-9.154684958048164845e-04
1.007969975471496582e+00,4.058221817016601562e+00,-5.308602005243301392e-02,-1.815291179809719324e-04
9.923270344734191895e-01,4.028996944427490234e+00,-5.250700935721397400e-02,-8.193024550564587116e-04
9.981528520584106445e-01,4.036067485809326172e+00,-5.221972987055778503e-02,2.831406309269368649e-04
1.006373167037963867e+00,4.059607982635498047e+00,-5.171059072017669678e-02,-1.458558603189885616e-03
1.006515264511108398e+00,4.068797111511230469e+00,-5.131018161773681641e-02,5.590203218162059784e-04
1.006740212440490723e+00,4.069781303405761719e+00,-5.231465771794319153e-02,-1.733836717903614044e-03
1.005080819129943848e+00,4.070344448089599609e+00,-5.210426077246665955e-02,4.782061441801488400e-04
9.998001456260681152e-01,4.040939807891845703e+00,-5.236621946096420288e-02,-1.034718123264610767e-03
9.948275685310363770e-01,4.044199466705322266e+00,-5.227014794945716858e-02,-4.920786013826727867e-04
1.010049581527709961e+00,4.067393302917480469e+00,-5.161148682236671448e-02,-1.339846174232661724e-03
1.001281380653381348e+00,4.056452274322509766e+00,-5.140067264437675476e-02,-1.093748956918716431e-03
1.005689024925231934e+00,4.060122013092041016e+00,-5.073185265064239502e-02,-1.796241849660873413e-04
1.002692937850952148e+00,4.060317993164062500e+00,-5.206223949790000916e-02,-1.803132938221096992e-03
9.931313991546630859e-01,4.038567066192626953e+00,-5.182434618473052979e-02,-4.558623768389225006e-04
1.001319527626037598e+00,4.047059535980224609e+00,-5.135764554142951965e-02,-8.810897707007825375e-04
1.014843106269836426e+00,4.086277484893798828e+00,-5.304142460227012634e-02,-1.192358089610934258e-03
1.007751584053039551e+00,4.064739704132080078e+00,-5.321874469518661499e-02,6.364281289279460907e-04
1.001468658447265625e+00,4.046785831451416016e+00,-5.266228690743446350e-02,-1.534375944174826145e-03
9.940668344497680664e-01,4.028183937072753906e+00,-5.296446382999420166e-02,-5.224903579801321030e-04
1.005803585052490234e+00,4.068852424621582031e+00,-5.156044289469718933e-02,1.290425425395369530e-04
9.952484965324401855e-01,4.044693946838378906e+00,-5.221258103847503662e-02,-8.193920948542654514e-04
9.915519356727600098e-01,4.033769130706787109e+00,-5.239994078874588013e-02,-1.305714016780257225e-03
9.980842471122741699e-01,4.035532951354980469e+00,-5.232296511530876160e-02,3.661510418169200420e-04
1.012239217758178711e+00,4.083123683929443359e+00,-5.217124521732330322e-02,-1.275503542274236679e-03
1.004894852638244629e+00,4.055042266845703125e+00,-5.250555276870727539e-02,7.672638748772442341e-04
1.004882931709289551e+00,4.051186084747314453e+00,-5.175101011991500854e-02,-1.164613058790564537e-03
1.010472416877746582e+00,4.075375080108642578e+00,-5.244715884327888489e-02,-1.550310407765209675e-03
9.950046539306640625e-01,4.040581703186035156e+00,-5.360916629433631897e-02,-3.523234336171299219e-04
1.001336216926574707e+00,4.043442249298095703e+00,-5.170990526676177979e-02,-7.943813106976449490e-04
9.961035847663879395e-01,4.034302711486816406e+00,-5.311556905508041382e-02,-4.070959694217890501e-04
9.964428544044494629e-01,4.046000003814697266e+00,-5.312961712479591370e-02,-9.874286479316651821e-05
1.015057086944580078e+00,4.084816932678222656e+00,-5.169141665101051331e-02,-5.855774506926536560e-04
1.009333848953247070e+00,4.063208103179931641e+00,-5.193203315138816833e-02,-7.332662935368716717e-04
1.014820694923400879e+00,4.080175399780273438e+00,-5.258955433964729309e-02,-9.187181130982935429e-04
1.014663219451904297e+00,4.079329967498779297e+00,-5.301164835691452026e-02,-4.320394364185631275e-04
9.915518164634704590e-01,4.033678531646728516e+00,-5.273539200425148010e-02,-5.938470712862908840e-04
1.003667593002319336e+00,4.049111843109130859e+00,-5.294606834650039673e-02,1.938999921549111605e-04
1.006177902221679688e+00,4.059127330780029297e+00,-5.318218469619750977e-02,-1.066362485289573669e-03
1.008750200271606445e+00,4.064282417297363281e+00,-5.114167928695678711e-02,-8.258454181486740708e-05
1.012442588806152344e+00,4.077369213104248047e+00,-5.169835314154624939e-02,-1.387223484925925732e-03
9.920238852500915527e-01,4.025955200195312500e+00,-5.145309492945671082e-02,-6.960639730095863342e-04
9.931367635726928711e-01,4.031369209289550781e+00,-5.159604176878929138e-02,-8.398085483349859715e-04
9.973499774932861328e-01,4.043097972869873047e+00,-5.371512472629547119e-02,-2.894157078117132187e-04
1.007052183151245117e+00,4.063527107238769531e+00,-5.226273462176322937e-02,-1.857525203377008438e-03
1.007805705070495605e+00,4.063320636749267578e+00,-5.275487154722213745e-02,-1.778749166987836361e-03
1.003483414649963379e+00,4.060982227325439453e+00,-5.212387070059776306e-02,-1.523663406260311604e-03
9.986094236373901367e-01,4.040116786956787109e+00,-5.144327133893966675e-02,-5.845913547091186047e-04
9.970304369926452637e-01,4.046180725097656250e+00,-5.122756958007812500e-02,3.171157441101968288e-04
1.001999258995056152e+00,4.052597522735595703e+00,-5.195242166519165039e-02,-1.857861527241766453e-03
1.013467311859130859e+00,4.073624610900878906e+00,-5.249920487403869629e-02,-2.288611722178757191e-04
1.005733132362365723e+00,4.066933631896972656e+00,-5.168604850769042969e-02,-1.631573773920536041e-03
1.008292317390441895e+00,4.066766738891601562e+00,-5.280442535877227783e-02,-1.728928647935390472e-03
1.000739932060241699e+00,4.055935382843017578e+00,-5.270065739750862122e-02,-1.351813785731792450e-03
9.978419542312622070e-01,4.049817562103271484e+00,-5.344655737280845642e-02,-2.698957105167210102e-04
9.933488965034484863e-01,4.029619693756103516e+00,-5.130070075392723083e-02,-7.885095546953380108e-04
1.006573319435119629e+00,4.066099166870117188e+00,-5.107278376817703247e-02,-1.004082034341990948e-03
1.003654479980468750e+00,4.051103115081787109e+00,-5.350774154067039490e-02,-7.647313759662210941e-04
1.007337093353271484e+00,4.072016239166259766e+00,-5.171686410903930664e-02,5.881547112949192524e-04
1.005539655685424805e+00,4.069262504577636719e+00,-5.208232626318931580e-02,3.289487503934651613e-04
1.004797577857971191e+00,4.068572998046875000e+00,-5.190062522888183594e-02,-8.419152582064270973e-04
1.000725507736206055e+00,4.042937278747558594e+00,-5.192234739661216736e-02,5.145568866282701492e-04
1.012777805328369141e+00,4.075967311859130859e+00,-5.144463479518890381e-02,4.324428737163543701e-04
1.004518985748291016e+00,4.060397624969482422e+00,-5.221517756581306458e-02,-1.750690047629177570e-03
9.989895224571228027e-01,4.044738769531250000e+00,-5.270985513925552368e-02,-1.743989181704819202e-03
1.013483524322509766e+00,4.080182552337646484e+00,-5.297762155532836914e-02,-1.183973217848688364e-04
1.018082499504089355e+00,4.090806961059570312e+00,-5.209386348724365234e-02,-7.618403760716319084e-04
1.007384657859802246e+00,4.060232162475585938e+00,-5.219991132616996765e-02,3.902204625774174929e-04
1.003349065780639648e+00,4.056204319000244141e+00,-5.358866974711418152e-02,-3.546541847754269838e-04
9.989631772041320801e-01,4.042264461517333984e+00,-5.242421850562095642e-02,8.451199973933398724e-04
9.969696998596191406e-01,4.036008834838867188e+00,-5.230471491813659668e-02,-1.257485011592507362e-03
9.934189319610595703e-01,4.036519527435302734e+00,-5.226562172174453735e-02,-1.141955377534031868e-03
1.007555007934570312e+00,4.065597534179687500e+00,-5.342841520905494690e-02,4.015156300738453865e-04
1.004583001136779785e+00,4.055286407470703125e+00,-5.127811804413795471e-02,-6.187681574374437332e-04
9.982997179031372070e-01,4.053408145904541016e+00,-5.229122191667556763e-02,-9.535897988826036453e-04
9.951905608177185059e-01,4.040941715240478516e+00,-5.168627575039863586e-02,-1.105895731598138809e-03
9.941310286521911621e-01,4.042054176330566406e+00,-5.284177511930465698e-02,-8.573340601287782192e-04
1.011581659317016602e+00,4.075264453887939453e+00,-5.230150371789932251e-02,-1.306431135162711143e-03
9.916344285011291504e-01,4.035080909729003906e+00,-5.203222855925559998e-02,2.271579287480562925e-04
1.007520437240600586e+00,4.073075771331787109e+00,-5.317647010087966919e-02,-1.004461082629859447e-04
1.005891799926757812e+00,4.060606956481933594e+00,-5.300889536738395691e-02,-1.408424577675759792e-03
1.003759026527404785e+00,4.061743736267089844e+00,-5.316098779439926147e-02,-1.524425460956990719e-03
9.987968802452087402e-01,4.051724910736083984e+00,-5.326928198337554932e-02,-7.358659640885889530e-04
1.008885502815246582e+00,4.065124034881591797e+00,-5.309357494115829468e-02,-1.072615268640220165e-03
1.009584307670593262e+00,4.076879501342773438e+00,-5.298608541488647461e-02,9.448477794649079442e-05
1.005038499832153320e+00,4.053958415985107422e+00,-5.143974721431732178e-02,-1.081422902643680573e-03
1.000249505043029785e+00,4.043951511383056641e+00,-5.146046355366706848e-02,4.346391360741108656e-04
1.017556428909301758e+00,4.094355106353759766e+00,-5.200456827878952026e-02,-9.171044803224503994e-04
9.906387329101562500e-01,4.032574653625488281e+00,-5.269202962517738342e-02,-3.115129948128014803e-04
9.945726990699768066e-01,4.038107872009277344e+00,-5.352653190493583679e-02,-1.245603489223867655e-04
1.012115597724914551e+00,4.072339057922363281e+00,-5.164289474487304688e-02,-3.241079684812575579e-04
1.010879516601562500e+00,4.073995590209960938e+00,-5.092401057481765747e-02,-3.079271991737186909e-04
1.002215862274169922e+00,4.062261104583740234e+00,-5.164475739002227783e-02,-6.526985671371221542e-04
1.006083846092224121e+00,4.061337947845458984e+00,-5.345742404460906982e-02,-1.440803316654637456e-04
1.015103816986083984e+00,4.081840515136718750e+00,-5.259795114398002625e-02,1.809464301913976669e-04
1.007555603981018066e+00,4.071497440338134766e+00,-5.173340439796447754e-02,6.587047246284782887e-04
1.004426121711730957e+00,4.050882816314697266e+00,-5.219724774360656738e-02,-8.207815699279308319e-04
1.012792348861694336e+00,4.079235076904296875e+00,-5.325892567634582520e-02,-7.473404402844607830e-04
9.976050257682800293e-01,4.040222167968750000e+00,-5.355451256036758423e-02,1.584457786520943046e-04
9.929149746894836426e-01,4.033032894134521484e+00,-5.227417871356010437e-02,2.946150780189782381e-04
1.001414060592651367e+00,4.051330566406250000e+00,-5.180855840444564819e-02,5.882891709916293621e-04
9.889221787452697754e-01,4.026154041290283203e+00,-5.268750339746475220e-02,-1.804982166504487395e-04
1.003978133201599121e+00,4.058991432189941406e+00,-5.254093930125236511e-02,7.850582478567957878e-04
9.957577586174011230e-01,4.046163558959960938e+00,-5.245801433920860291e-02,-8.402568055316805840e-04
9.961332082748413086e-01,4.034904479980468750e+00,-5.239859968423843384e-02,6.609906558878719807e-04
1.011678099632263184e+00,4.077420711517333984e+00,-5.326789617538452148e-02,-8.048024028539657593e-04
1.003851056098937988e+00,4.062290668487548828e+00,-5.351506918668746948e-02,-7.994461921043694019e-04
9.969003200531005859e-01,4.049693584442138672e+00,-5.289690196514129639e-02,-8.134306990541517735e-04
1.013000845909118652e+00,4.073316097259521484e+00,-5.233790725469589233e-02,-4.570053424686193466e-04
9.954550862312316895e-01,4.043703556060791016e+00,-5.162553861737251282e-02,3.326689475215971470e-04
1.012534737586975098e+00,4.071234226226806641e+00,-5.163601040840148926e-02,1.891488645924255252e-04
1.005873918533325195e+00,4.071297645568847656e+00,-5.287903547286987305e-02,-7.965327822603285313e-04
9.972828030586242676e-01,4.040684223175048828e+00,-5.249233543872833252e-02,-1.602864940650761127e-03
1.011515259742736816e+00,4.069500923156738281e+00,-5.305505916476249695e-02,-9.035905823111534119e-04
1.010101556777954102e+00,4.066806316375732422e+00,-5.182150006294250488e-02,-1.006928272545337677e-03
1.003969907760620117e+00,4.064960002899169922e+00,-5.321259796619415283e-02,-8.234484703280031681e-04
9.881340265274047852e-01,4.020339965820312500e+00,-5.240485817193984985e-02,-8.241208270192146301e-04
1.008102297782897949e+00,4.069289207458496094e+00,-5.253725498914718628e-02,8.020458626560866833e-04
1.002616763114929199e+00,4.049506664276123047e+00,-5.319032818078994751e-02,6.029011565260589123e-04
1.009042382240295410e+00,4.078627109527587891e+00,-5.165597796440124512e-02,-1.108876429498195648e-03
1.006406784057617188e+00,4.060726165771484375e+00,-5.237142741680145264e-02,7.443149224855005741e-04
1.007676362991333008e+00,4.067677021026611328e+00,-5.120154842734336853e-02,1.431166601832956076e-04
1.005000829696655273e+00,4.054748535156250000e+00,-5.148434266448020935e-02,3.819732228294014931e-04
1.002346754074096680e+00,4.053816318511962891e+00,-5.170385167002677917e-02,-1.565639744512736797e-03
9.975335597991943359e-01,4.043997287750244141e+00,-5.209977552294731140e-02,8.655589190311729908e-04
1.016913890838623047e+00,4.087965965270996094e+00,-5.149682983756065369e-02,-3.597414761316031218e-04
1.010822296142578125e+00,4.066092491149902344e+00,-5.268711596727371216e-02,-9.476284612901508808e-04
1.001451730728149414e+00,4.044143199920654297e+00,-5.303066223859786987e-02,-4.303585737943649292e-04
1.003901958465576172e+00,4.049483299255371094e+00,-5.286075547337532043e-02,-7.467345130862668157e-05
9.954224824905395508e-01,4.046761035919189453e+00,-5.190009996294975281e-02,-8.514848304912447929e-04
1.006029725074768066e+00,4.060190200805664062e+00,-5.110454559326171875e-02,1.260842836927622557e-04
9.919733405113220215e-01,4.031967163085937500e+00,-5.311465635895729065e-02,-9.150411642622202635e-05
9.997388124465942383e-01,4.052622318267822266e+00,-5.102307349443435669e-02,-4.845708899665623903e-04
9.920923113822937012e-01,4.025887012481689453e+00,-5.247360095381736755e-02,-1.442820357624441385e-04
1.005614042282104492e+00,4.052095890045166016e+00,-5.249321833252906799e-02,-1.939448266057297587e-04
9.911271333694458008e-01,4.032873630523681641e+00,-5.269487947225570679e-02,-8.689654059708118439e-04
1.004156708717346191e+00,4.049977302551269531e+00,-5.283606052398681641e-02,3.254526236560195684e-04
9.978705644607543945e-01,4.041370868682861328e+00,-5.138891562819480896e-02,-7.696843240410089493e-04
1.005199790000915527e+00,4.068155288696289062e+00,-5.330783501267433167e-02,-7.402809569612145424e-04
1.014733314514160156e+00,4.085066795349121094e+00,-5.217458680272102356e-02,4.122729005757719278e-04
1.011676311492919922e+00,4.081209182739257812e+00,-5.144435912370681763e-02,-5.375057808123528957e-04
1.010941743850708008e+00,4.073822975158691406e+00,-5.301080644130706787e-02,-1.208449248224496841e-03
1.000236511230468750e+00,4.054136276245117188e+00,-5.207948386669158936e-02,8.772127330303192139e-04
1.009589076042175293e+00,4.067991733551025391e+00,-5.125321447849273682e-02,-1.377138425596058369e-03
1.004032850265502930e+00,4.065872669219970703e+00,-5.141190439462661743e-02,-9.334422065876424313e-04
9.973511099815368652e-01,4.046415805816650391e+00,-5.215624719858169556e-02,6.493817782029509544e-04
1.008508086204528809e+00,4.067055702209472656e+00,-5.184167996048927307e-02,5.055028595961630344e-04
1.015634298324584961e+00,4.085830211639404297e+00,-5.168877169489860535e-02,3.890102670993655920e-04
1.007091522216796875e+00,4.065476894378662109e+00,-5.337886884808540344e-02,-1.236754585988819599e-03
1.004196643829345703e+00,4.061432361602783203e+00,-5.167410150170326233e-02,5.925920559093356133e-04
9.958655834197998047e-01,4.040914535522460938e+00,-5.359336361289024353e-02,-1.611351035535335541e-05
1.011768221855163574e+00,4.068999290466308594e+00,-5.270496010780334473e-02,2.312815377081278712e-05
9.973544478416442871e-01,4.047162055969238281e+00,-5.212769284844398499e-02,-6.814967491663992405e-04
1.000361204147338867e+00,4.049451351165771484e+00,-5.176424980163574219e-02,2.055985387414693832e-04
1.005013942718505859e+00,4.060309886932373047e+00,-5.172933265566825867e-02,-2.166471531381830573e-04
1.009359359741210938e+00,4.070493698120117188e+00,-5.315087735652923584e-02,-9.330387692898511887e-04
1.004389405250549316e+00,4.055125236511230469e+00,-5.204110592603683472e-02,1.846666709752753377e-04
1.009340286254882812e+00,4.068298816680908203e+00,-5.269717425107955933e-02,-3.191775467712432146e-04
9.959997534751892090e-01,4.044431686401367188e+00,-5.179090797901153564e-02,-7.263405859703198075e-05
1.000041604042053223e+00,4.055677890777587891e+00,-5.307022109627723694e-02,-3.575451846700161695e-04
1.000390887260437012e+00,4.046828746795654297e+00,-5.167349055409431458e-02,-9.133841958828270435e-04
1.005501866340637207e+00,4.065064907073974609e+00,-5.161491781473159790e-02,-9.684483520686626434e-04
1.006043434143066406e+00,4.061076641082763672e+00,-5.236913263797760010e-02,-2.218689041910693049e-05
1.008864760398864746e+00,4.075252056121826172e+00,-5.251584202051162720e-02,1.728784845909103751e-04
9.943405389785766602e-01,4.037450790405273438e+00,-5.250173062086105347e-02,-2.807874698191881180e-04
1.000778079032897949e+00,4.052868366241455078e+00,-5.200688540935516357e-02,-6.089521921239793301e-04
9.985581040382385254e-01,4.045829296112060547e+00,-5.146971717476844788e-02,1.742231397656723857e-04
1.013465762138366699e+00,4.078403472900390625e+00,-5.259232595562934875e-02,-5.862945690751075745e-04
1.003772854804992676e+00,4.058940410614013672e+00,-5.218553170561790466e-02,-4.409141838550567627e-04
1.006692528724670410e+00,4.069931983947753906e+00,-5.273891612887382507e-02,-1.445957896066829562e-04
1.004904270172119141e+00,4.062364578247070312e+00,-5.194839462637901306e-02,-7.533465977758169174e-04
9.969240427017211914e-01,4.042603969573974609e+00,-5.240515246987342834e-02,-1.142941415309906006e-03
1.007661342620849609e+00,4.070634841918945312e+00,-5.296503007411956787e-02,-4.177410301053896546e-05
1.006671786308288574e+00,4.064223289489746094e+00,-5.176668241620063782e-02,-1.322320662438869476e-03
1.008852124214172363e+00,4.073920726776123047e+00,-5.218562483787536621e-02,-5.143776070326566696e-04
1.005829691886901855e+00,4.068189144134521484e+00,-5.280100554227828979e-02,-7.859547040425240993e-04
9.989899992942810059e-01,4.050487041473388672e+00,-5.214698985219001770e-02,-3.203653322998434305e-04
1.003894090652465820e+00,4.054488182067871094e+00,-5.203696340322494507e-02,-6.329320021905004978e-04
9.985392689704895020e-01,4.047300815582275391e+00,-5.333634093403816223e-02,-2.469916944392025471e-04
1.003230094909667969e+00,4.051149845123291016e+00,-5.205975845456123352e-02,-4.118247015867382288e-04
1.000099539756774902e+00,4.047883510589599609e+00,-5.251773074269294739e-02,-1.457639737054705620e-03
1.010930299758911133e+00,4.071699142456054688e+00,-5.297452211380004883e-02,-2.860988897737115622e-04
1.003205537796020508e+00,4.050757408142089844e+00,-5.248088762164115906e-02,-5.133018712513148785e-04
1.007607936859130859e+00,4.068269729614257812e+00,-5.153536051511764526e-02,-7.932831649668514729e-04
1.004223346710205078e+00,4.055091857910156250e+00,-5.195433273911476135e-02,-3.402662987355142832e-04
1.000075340270996094e+00,4.053283214569091797e+00,-5.162085592746734619e-02,1.995923958020284772e-04
1.003383874893188477e+00,4.060461997985839844e+00,-5.224607512354850769e-02,-6.838499684818089008e-04
1.003910183906555176e+00,4.056433200836181641e+00,-5.181188508868217468e-02,-8.617265848442912102e-04
9.976115822792053223e-01,4.046574115753173828e+00,-5.276042595505714417e-02,-8.657157886773347855e-04
1.009927392005920410e+00,4.066922664642333984e+00,-5.290382355451583862e-02,-1.798707089619711041e-04
1.010271191596984863e+00,4.070973873138427734e+00,-5.223369598388671875e-02,-1.045542652718722820e-03
1.009411096572875977e+00,4.068412303924560547e+00,-5.288403853774070740e-02,-1.485849406890338287e-05
1.009213566780090332e+00,4.069177150726318359e+00,-5.288864299654960632e-02,3.517631557770073414e-04
9.978095293045043945e-01,4.046229839324951172e+00,-5.259601399302482605e-02,-1.896867324830964208e-04
1.005689620971679688e+00,4.058785915374755859e+00,-5.205782502889633179e-02,-1.203832682222127914e-03
1.006191611289978027e+00,4.059143066406250000e+00,-5.245676264166831970e-02,9.327458974439650774e-05
9.989690184593200684e-01,4.049479484558105469e+00,-5.159720033407211304e-02,-1.206160086439922452e-04
9.991227984428405762e-01,4.043955802917480469e+00,-5.284067988395690918e-02,-4.366561188362538815e-04
1.002245783805847168e+00,4.056564331054687500e+00,-5.169777944684028625e-02,-3.307640145067125559e-04
1.005646824836730957e+00,4.061398029327392578e+00,-5.270673707127571106e-02,3.626549150794744492e-04
1.002313256263732910e+00,4.050748825073242188e+00,-5.257266759872436523e-02,-8.285357616841793060e-04
1.002058029174804688e+00,4.050644397735595703e+00,-5.137677118182182312e-02,-9.950484673026949167e-05
1.004696369171142578e+00,4.052675724029541016e+00,-5.194250494241714478e-02,-6.762301782146096230e-04
9.963386654853820801e-01,4.045120716094970703e+00,-5.291306227445602417e-02,-8.517761016264557838e-04
9.979326128959655762e-01,4.044030666351318359e+00,-5.186281353235244751e-02,-2.359878708375617862e-04
1.006879687309265137e+00,4.064069271087646484e+00,-5.219991132616996765e-02,2.138009404006879777e-05
1.005008935928344727e+00,4.054003238677978516e+00,-5.277595296502113342e-02,-9.599993354640901089e-04
9.965814948081970215e-01,4.042265415191650391e+00,-5.268322303891181946e-02,-1.906504039652645588e-04
1.005351901054382324e+00,4.065857887268066406e+00,-5.235315486788749695e-02,-3.886067497660405934e-05
9.943979978561401367e-01,4.037938117980957031e+00,-5.258814245462417603e-02,-5.467839655466377735e-04
9.989840984344482422e-01,4.046503067016601562e+00,-5.138877779245376587e-02,-7.853720453567802906e-04
1.009116649627685547e+00,4.066568851470947266e+00,-5.185180529952049255e-02,-1.646536402404308319e-04
1.012202739715576172e+00,4.081902503967285156e+00,-5.225472152233123779e-02,9.645694808568805456e-05
1.011899352073669434e+00,4.079212188720703125e+00,-5.192912369966506958e-02,-3.496341232676059008e-04
1.011050701141357422e+00,4.079599857330322266e+00,-5.257230252027511597e-02,-9.667227277532219887e-04
1.011758565902709961e+00,4.079424381256103516e+00,-5.293453112244606018e-02,-7.526294793933629990e-04
1.004594445228576660e+00,4.056000709533691406e+00,-5.187450349330902100e-02,-9.170372504740953445e-04
9.958348274230957031e-01,4.037702560424804688e+00,-5.289703980088233948e-02,1.283702149521559477e-04
1.006713390350341797e+00,4.057602405548095703e+00,-5.240565165877342224e-02,-2.404700644547119737e-04
9.987342953681945801e-01,4.044188022613525391e+00,-5.152232572436332703e-02,-7.974964100867509842e-04
9.970867633819580078e-01,4.039532661437988281e+00,-5.206687748432159424e-02,-1.013203407637774944e-03
1.011515974998474121e+00,4.078161239624023438e+00,-5.229151621460914612e-02,-1.274607144296169281e-03
9.957104325294494629e-01,4.036659717559814453e+00,-5.253538861870765686e-02,-1.063202624209225178e-03
1.010731458663940430e+00,4.072842597961425781e+00,-5.229344964027404785e-02,-2.815494372043758631e-04
1.011914849281311035e+00,4.075797557830810547e+00,-5.263013020157814026e-02,-6.652487791143357754e-04
1.007356882095336914e+00,4.065051555633544922e+00,-5.237325280904769897e-02,-5.112176295369863510e-04
1.000614285469055176e+00,4.043802261352539062e+00,-5.189136043190956116e-02,-8.944244473241269588e-04
1.000362634658813477e+00,4.050183773040771484e+00,-5.204135179519653320e-02,-1.425277907401323318e-03
1.008227944374084473e+00,4.072012901306152344e+00,-5.203079804778099060e-02,1.041663272189907730e-04
1.000773191452026367e+00,4.043608188629150391e+00,-5.192448571324348450e-02,-4.424829967319965363e-04
1.000983119010925293e+00,4.050337314605712891e+00,-5.234608054161071777e-02,6.284498376771807671e-04
1.006622314453125000e+00,4.067900180816650391e+00,-5.301333591341972351e-02,-4.074321477673947811e-04
9.972991347312927246e-01,4.040764331817626953e+00,-5.202533677220344543e-02,-1.283280318602919579e-03
1.011349081993103027e+00,4.079012393951416016e+00,-5.215713754296302795e-02,1.588940067449584603e-04
1.006475806236267090e+00,4.070612907409667969e+00,-5.224908143281936646e-02,-5.071609848528169096e-05
1.004782319068908691e+00,4.064604282379150391e+00,-5.146551132202148438e-02,-8.238283771788701415e-05
9.975523948669433594e-01,4.046164989471435547e+00,-5.209706723690032959e-02,-6.665933760814368725e-04
1.005694389343261719e+00,4.059139251708984375e+00,-5.228352546691894531e-02,4.374629061203449965e-04
1.009264230728149414e+00,4.067999362945556641e+00,-5.186145007610321045e-02,-3.551696427166461945e-04
1.011088967323303223e+00,4.078814506530761719e+00,-5.246927961707115173e-02,-1.685307324805762619e-05
1.006148219108581543e+00,4.056051254272460938e+00,-5.191697925329208374e-02,-1.632865751162171364e-04
1.010253310203552246e+00,4.073245525360107422e+00,-5.300857871770858765e-02,-9.753733174875378609e-04
1.006628394126892090e+00,4.064644813537597656e+00,-5.180933326482772827e-02,-4.281623114366084337e-04
1.002581596374511719e+00,4.053887844085693359e+00,-5.294609069824218750e-02,-1.124071190133690834e-03
1.008062005043029785e+00,4.065176010131835938e+00,-5.161189287900924683e-02,-1.091731945052742958e-03
1.007995843887329102e+00,4.069388389587402344e+00,-5.310541391372680664e-02,-8.556307875551283360e-04
1.002585768699645996e+00,4.059799671173095703e+00,-5.249656736850738525e-02,5.150947254151105881e-04
1.011448979377746582e+00,4.075066089630126953e+00,-5.191506445407867432e-02,-8.033008780330419540e-04
1.008230209350585938e+00,4.067663669586181641e+00,-5.338499322533607483e-02,-6.237211055122315884e-04
1.009412050247192383e+00,4.065483093261718750e+00,-5.198376998305320740e-02,-3.689748409669846296e-04
1.008324265480041504e+00,4.065735816955566406e+00,-5.313794687390327454e-02,-1.461645588278770447e-04
1.013645648956298828e+00,4.080670356750488281e+00,-5.263784527778625488e-02,-9.635402821004390717e-04
1.004785776138305664e+00,4.066602230072021484e+00,-5.177769064903259277e-02,-1.015220419503748417e-03
1.002619266510009766e+00,4.061097621917724609e+00,-5.295171588659286499e-02,-7.095554028637707233e-04
1.005052924156188965e+00,4.066783905029296875e+00,-5.237821117043495178e-02,-5.332924774847924709e-04
1.000560402870178223e+00,4.057095050811767578e+00,-5.241801217198371887e-02,-2.689320126592065208e-06
1.010441541671752930e+00,4.073541641235351562e+00,-5.296095833182334900e-02,-5.102091236039996147e-04
1.007273912429809570e+00,4.072996139526367188e+00,-5.224807560443878174e-02,2.581747830845415592e-04
9.982509016990661621e-01,4.044980049133300781e+00,-5.321908369660377502e-02,-9.932575048878788948e-04
1.007772207260131836e+00,4.069716453552246094e+00,-5.285467952489852905e-02,-1.168131595477461815e-03
1.003156661987304688e+00,4.064077854156494141e+00,-5.249210447072982788e-02,9.699481597635895014e-05
1.008935451507568359e+00,4.066940307617187500e+00,-5.263206362724304199e-02,-1.033126958645880222e-03
9.997960329055786133e-01,4.046588420867919922e+00,-5.201824009418487549e-02,-8.307096431963145733e-04
1.004354476928710938e+00,4.055026054382324219e+00,-5.184502527117729187e-02,2.527064643800258636e-04
9.981709718704223633e-01,4.040022850036621094e+00,-5.259003117680549622e-02,-1.065488555468618870e-03
1.009393215179443359e+00,4.074781417846679688e+00,-5.209625139832496643e-02,-2.575248363427817822e-04
9.980756044387817383e-01,4.044288158416748047e+00,-5.270634591579437256e-02,4.211476771160960197e-04
1.009060144424438477e+00,4.064026355743408203e+00,-5.174780264496803284e-02,-5.099177942611277103e-04
1.013080716133117676e+00,4.081657886505126953e+00,-5.213568359613418579e-02,-8.748819818720221519e-04
1.005468368530273438e+00,4.058648586273193359e+00,-5.293896794319152832e-02,-8.541293209418654442e-04
1.006844043731689453e+00,4.061230659484863281e+00,-5.223415046930313110e-02,-1.398899825289845467e-03
1.000353217124938965e+00,4.056406021118164062e+00,-5.181015655398368835e-02,-5.072733038105070591e-04
1.006514072418212891e+00,4.072452068328857422e+00,-5.222732573747634888e-02,-1.077520937542431056e-04
9.979972839355468750e-01,4.038856506347656250e+00,-5.206949263811111450e-02,-1.156631842604838312e-04
1.002827763557434082e+00,4.061115264892578125e+00,-5.206681042909622192e-02,-1.249215216375887394e-03
1.000706076622009277e+00,4.046047687530517578e+00,-5.212937667965888977e-02,-9.815364610403776169e-04
1.008899688720703125e+00,4.066849708557128906e+00,-5.195010453462600708e-02,-1.867284736363217235e-04
9.975751042366027832e-01,4.049774646759033203e+00,-5.265193060040473938e-02,-9.698826470412313938e-04
9.992563724517822266e-01,4.044438838958740234e+00,-5.217881873250007629e-02,7.238753460114821792e-05
1.005469560623168945e+00,4.058887481689453125e+00,-5.295792967081069946e-02,-1.250022090971469879e-03
1.010142207145690918e+00,4.078874588012695312e+00,-5.248420685529708862e-02,1.180611579911783338e-04
1.006652355194091797e+00,4.059014797210693359e+00,-5.213317647576332092e-02,-7.858202443458139896e-04
9.987714886665344238e-01,4.050692558288574219e+00,-5.145313963294029236e-02,-1.279219868592917919e-04
1.006892681121826172e+00,4.065303325653076172e+00,-5.274296924471855164e-02,-1.839270989876240492e-04
9.972164034843444824e-01,4.039231777191162109e+00,-5.257355421781539917e-02,-8.003202383406460285e-04
9.965068697929382324e-01,4.044498443603515625e+00,-5.255867168307304382e-02,-6.573376595042645931e-04
1.005266547203063965e+00,4.065254688262939453e+00,-5.192910134792327881e-02,4.459789124666713178e-05
1.006002902984619141e+00,4.056699752807617188e+00,-5.240458250045776367e-02,-9.122188785113394260e-04
1.004333734512329102e+00,4.055140495300292969e+00,-5.189679935574531555e-02,-3.737931838259100914e-04
1.005315303802490234e+00,4.058685779571533203e+00,-5.193362757563591003e-02,-1.337268855422735214e-03
1.006401896476745605e+00,4.061656951904296875e+00,-5.311547219753265381e-02,-9.443995804758742452e-05
1.004267334938049316e+00,4.062849044799804688e+00,-5.302068591117858887e-02,-4.707208718173205853e-04
1.011286973953247070e+00,4.073601245880126953e+00,-5.250173062086105347e-02,3.075238200835883617e-04
1.011333227157592773e+00,4.075932025909423828e+00,-5.164089426398277283e-02,-8.603583410149440169e-05
1.004418492317199707e+00,4.055553913116455078e+00,-5.240412428975105286e-02,-9.375658701173961163e-04
1.006544113159179688e+00,4.058820724487304688e+00,-5.282904952764511108e-02,-1.048545702360570431e-03
1.010239720344543457e+00,4.073654651641845703e+00,-5.212471261620521545e-02,2.287715178681537509e-04
1.003878355026245117e+00,4.058244705200195312e+00,-5.140563100576400757e-02,-2.247823431389406323e-05
1.000472426414489746e+00,4.057025432586669922e+00,-5.286093801259994507e-02,-6.059714942239224911e-04
1.000739097595214844e+00,4.056115150451660156e+00,-5.283123999834060669e-02,-3.600552445277571678e-04
1.011678338050842285e+00,4.079599380493164062e+00,-5.293468758463859558e-02,-6.708290893584489822e-04
1.007177710533142090e+00,4.064657211303710938e+00,-5.151947960257530212e-02,-1.002266770228743553e-03
1.005323171615600586e+00,4.061932086944580078e+00,-5.331698060035705566e-02,-6.464682519435882568e-04
1.011646270751953125e+00,4.074901580810546875e+00,-5.229993537068367004e-02,-3.644253883976489305e-04
9.973248243331909180e-01,4.046801090240478516e+00,-5.267211794853210449e-02,-9.682017844170331955e-04
1.006462454795837402e+00,4.064995765686035156e+00,-5.164953321218490601e-02,-1.119409804232418537e-03
1.002578735351562500e+00,4.051383495330810547e+00,-5.160998553037643433e-02,-3.359185648150742054e-04
1.000121116638183594e+00,4.044867515563964844e+00,-5.181245505809783936e-02,-1.012732624076306820e-03
9.972985386848449707e-01,4.039181232452392578e+00,-5.278878659009933472e-02,4.795954282599268481e-06
1.005188465118408203e+00,4.067910671234130859e+00,-5.212191492319107056e-02,-1.157844904810190201e-03
9.985988736152648926e-01,4.049212932586669922e+00,-5.159897729754447937e-02,1.690686040092259645e-04
1.003702402114868164e+00,4.063225746154785156e+00,-5.236442014575004578e-02,-3.096528816968202591e-04
1.006321072578430176e+00,4.066865921020507812e+00,-5.196664109826087952e-02,-8.372985757887363434e-04
9.971657991409301758e-01,4.036583900451660156e+00,-5.190178006887435913e-02,-6.165719241835176945e-04
1.002592325210571289e+00,4.056191444396972656e+00,-5.164953321218490601e-02,-9.310665773227810860e-04
1.007525563240051270e+00,4.068817615509033203e+00,-5.255120247602462769e-02,-4.553692997433245182e-04
1.002580285072326660e+00,4.053451538085937500e+00,-5.288131162524223328e-02,-7.045129314064979553e-04
1.003000020980834961e+00,4.051224708557128906e+00,-5.243760347366333008e-02,-3.894809051416814327e-04
1.000814080238342285e+00,4.045425891876220703e+00,-5.241303145885467529e-02,-1.044018659740686417e-03
1.000649333000183105e+00,4.053933620452880859e+00,-5.245441943407058716e-02,-4.144916310906410217e-04
9.960910081863403320e-01,4.037835597991943359e+00,-5.200435966253280640e-02,-3.309657331556081772e-04
9.996200799942016602e-01,4.051263332366943359e+00,-5.148384720087051392e-02,-8.283564820885658264e-04
1.003106117248535156e+00,4.059798240661621094e+00,-5.316358432173728943e-02,-8.786694379523396492e-04
1.008835196495056152e+00,4.070223331451416016e+00,-5.285707116127014160e-02,-8.878579246811568737e-04
1.005154252052307129e+00,4.069434165954589844e+00,-5.208337306976318359e-02,-2.723385114222764969e-04
1.004645228385925293e+00,4.053896903991699219e+00,-5.201928317546844482e-02,-1.624797550903167576e-05
1.004701733589172363e+00,4.064473152160644531e+00,-5.334125086665153503e-02,-3.599431947804987431e-04
1.001559495925903320e+00,4.057656764984130859e+00,-5.277763307094573975e-02,-7.343868492171168327e-04
1.007035970687866211e+00,4.068432331085205078e+00,-5.273247510194778442e-02,-1.316650654189288616e-03
1.013118028640747070e+00,4.084177017211914062e+00,-5.247401073575019836e-02,-6.701119127683341503e-04
1.000923156738281250e+00,4.044915676116943359e+00,-5.178574472665786743e-02,-4.249575431458652020e-04
1.000469207763671875e+00,4.052139759063720703e+00,-5.181090533733367920e-02,-2.280543703818693757e-04
1.002491831779479980e+00,4.049540519714355469e+00,-5.283531174063682556e-02,-3.122973721474409103e-04
1.000240325927734375e+00,4.047772884368896484e+00,-5.309649556875228882e-02,3.176087629981338978e-04
1.004766345024108887e+00,4.060364723205566406e+00,-5.243016406893730164e-02,-8.725063526071608067e-04
1.008894920349121094e+00,4.071577072143554688e+00,-5.220678448677062988e-02,-1.398182590492069721e-03
1.007413148880004883e+00,4.065243721008300781e+00,-5.292845144867897034e-02,-3.132834390271455050e-04
1.010637402534484863e+00,4.074358940124511719e+00,-5.203894153237342834e-02,2.929566835518926382e-04
1.003639936447143555e+00,4.056704998016357422e+00,-5.174081772565841675e-02,3.890550869982689619e-04
1.008734107017517090e+00,4.070323467254638672e+00,-5.223593115806579590e-02,-2.298696781508624554e-04
1.005965232849121094e+00,4.056466579437255859e+00,-5.186654627323150635e-02,-8.760472992435097694e-04
1.006540775299072266e+00,4.073117733001708984e+00,-5.233565717935562134e-02,-1.537394855404272676e-04
1.004004478454589844e+00,4.055261135101318359e+00,-5.237213149666786194e-02,-4.335858102422207594e-04
9.984384775161743164e-01,4.047360420227050781e+00,-5.292007699608802795e-02,-2.868832671083509922e-04
1.011739253997802734e+00,4.080588817596435547e+00,-5.290050432085990906e-02,-5.230730166658759117e-04
1.002506852149963379e+00,4.048352718353271484e+00,-5.256196856498718262e-02,1.661999995121732354e-04
1.007087349891662598e+00,4.064200878143310547e+00,-5.336247384548187256e-02,-1.366846991004422307e-04
1.008279323577880859e+00,4.072409629821777344e+00,-5.254899337887763977e-02,-1.345202559605240822e-03
1.004741907119750977e+00,4.056615352630615234e+00,-5.273668467998504639e-02,-4.774666158482432365e-04
9.977744817733764648e-01,4.041022300720214844e+00,-5.155339464545249939e-02,-7.069109124131500721e-04
1.005783557891845703e+00,4.058982849121093750e+00,-5.268466100096702576e-02,-5.815654731122776866e-05
1.005862474441528320e+00,4.062254428863525391e+00,-5.210526287555694580e-02,-8.834429900161921978e-04
9.961397051811218262e-01,4.040214061737060547e+00,-5.226302891969680786e-02,-1.158494851551949978e-03
9.987472295761108398e-01,4.051613330841064453e+00,-5.252232030034065247e-02,7.758688298054039478e-05
1.009036183357238770e+00,4.069009304046630859e+00,-5.168404430150985718e-02,-7.421186310239136219e-04
1.006477475166320801e+00,4.063631534576416016e+00,-5.274597555398941040e-02,4.413624119479209185e-04
9.980748891830444336e-01,4.043173313140869141e+00,-5.284227430820465088e-02,4.184135468676686287e-04
9.977487325668334961e-01,4.040878772735595703e+00,-5.291761830449104309e-02,4.289465505280531943e-05
9.979934692382812500e-01,4.046173095703125000e+00,-5.196575447916984558e-02,1.775847922544926405e-04
1.003666520118713379e+00,4.052787303924560547e+00,-5.204619839787483215e-02,-4.606358997989445925e-04
1.006378769874572754e+00,4.059143066406250000e+00,-5.231868475675582886e-02,-2.347552799619734287e-04
1.013272166252136230e+00,4.078535079956054688e+00,-5.256074294447898865e-02,-8.115482050925493240e-04
1.003158807754516602e+00,4.057014942169189453e+00,-5.238603800535202026e-02,-2.397977141299634241e-06
1.003059267997741699e+00,4.059287071228027344e+00,-5.280093848705291748e-02,4.403763741720467806e-04
1.008190989494323730e+00,4.063479900360107422e+00,-5.267862603068351746e-02,-9.102018084377050400e-04
9.965617060661315918e-01,4.043917655944824219e+00,-5.212112143635749817e-02,-8.724839426577091217e-04
1.011585474014282227e+00,4.078741073608398438e+00,-5.166529864072799683e-02,-8.946709567680954933e-04
1.000429272651672363e+00,4.050003051757812500e+00,-5.136002972722053528e-02,-2.057330129900947213e-04
9.971830844879150391e-01,4.038260459899902344e+00,-5.179115757346153259e-02,-8.067960379776195623e-07
1.003741979598999023e+00,4.058102130889892578e+00,-5.280799418687820435e-02,-5.103211733512580395e-04
9.947969317436218262e-01,4.035180568695068359e+00,-5.253183841705322266e-02,1.640485243115108460e-05
9.990602731704711914e-01,4.048921585083007812e+00,-5.177941918373107910e-02,-2.801375103445025161e-06
1.008925795555114746e+00,4.070025444030761719e+00,-5.181733891367912292e-02,2.753415901679545641e-04
9.961709380149841309e-01,4.043006896972656250e+00,-5.210939794778823853e-02,-1.078374916687607765e-03
1.000196695327758789e+00,4.051754951477050781e+00,-5.262409895658493042e-02,-7.700420246692374349e-05
1.006494879722595215e+00,4.066765785217285156e+00,-5.236858502030372620e-02,5.557483527809381485e-04
1.003813028335571289e+00,4.054994106292724609e+00,-5.131414160132408142e-02,-5.203837063163518906e-04
1.008434295654296875e+00,4.069152355194091797e+00,-5.132910236716270447e-02,-6.344111752696335316e-04
1.003121495246887207e+00,4.059064388275146484e+00,-5.259446799755096436e-02,-3.565367078408598900e-04
9.962114691734313965e-01,4.039237022399902344e+00,-5.167985707521438599e-02,-8.597992709837853909e-04
1.007781386375427246e+00,4.068912982940673828e+00,-5.200469866394996643e-02,-8.957914542406797409e-04
1.012235283851623535e+00,4.076783180236816406e+00,-5.205795913934707642e-02,-6.613716250285506248e-04
1.003757119178771973e+00,4.059216976165771484e+00,-5.303496122360229492e-02,3.094511630479246378e-04
9.965435862541198730e-01,4.040284633636474609e+00,-5.257919430732727051e-02,-5.153861129656434059e-04
1.008983731269836426e+00,4.075033664703369141e+00,-5.229572579264640808e-02,-4.627649323083460331e-04
1.010454297065734863e+00,4.071379661560058594e+00,-5.206258222460746765e-02,-1.285723177716135979e-03
1.003791213035583496e+00,4.061508178710937500e+00,-5.263638868927955627e-02,-5.691725527867674828e-04
1.005748867988586426e+00,4.065442085266113281e+00,-5.196723341941833496e-02,-8.670604438520967960e-04
1.001541018486022949e+00,4.047140121459960938e+00,-5.196140706539154053e-02,-3.018538409378379583e-04
1.007241129875183105e+00,4.073476314544677734e+00,-5.255623161792755127e-02,1.307009661104530096e-04
1.010330200195312500e+00,4.072080135345458984e+00,-5.212803184986114502e-02,3.301589458715170622e-04
1.000558972358703613e+00,4.050869464874267578e+00,-5.259114503860473633e-02,2.734142253757454455e-05
9.972876906394958496e-01,4.039026737213134766e+00,-5.311498045921325684e-02,-2.610881929285824299e-04
9.997955560684204102e-01,4.046814441680908203e+00,-5.170253664255142212e-02,-8.620403241366147995e-04
1.000399231910705566e+00,4.054285049438476562e+00,-5.266076326370239258e-02,2.227205550298094749e-04
9.977142810821533203e-01,4.044599533081054688e+00,-5.297236144542694092e-02,-8.989962516352534294e-04
1.009807586669921875e+00,4.077929019927978516e+00,-5.207706987857818604e-02,-8.319870685227215290e-04
1.003591656684875488e+00,4.060477733612060547e+00,-5.221465602517127991e-02,-8.279306930489838123e-04
1.006970524787902832e+00,4.069211959838867188e+00,-5.241215974092483521e-02,1.715786347631365061e-04
1.010285139083862305e+00,4.072729110717773438e+00,-5.297928303480148315e-02,-9.495333652012050152e-04
1.000874519348144531e+00,4.052278995513916016e+00,-5.138195678591728210e-02,-1.125124632380902767e-03
9.951171875000000000e-01,4.035812377929687500e+00,-5.252753570675849915e-02,-7.487747352570295334e-04
1.005972385406494141e+00,4.061779975891113281e+00,-5.187320709228515625e-02,-2.205690834671258926e-04
9.974139928817749023e-01,4.041641712188720703e+00,-5.214944481849670410e-02,-9.582512429915368557e-04
1.001186966896057129e+00,4.051235675811767578e+00,-5.122467875480651855e-02,-4.860948538407683372e-04
1.002240180969238281e+00,4.048528671264648438e+00,-5.257271230220794678e-02,1.632417406653985381e-04
1.005629658699035645e+00,4.063689708709716797e+00,-5.334120616316795349e-02,-2.185520861530676484e-04
1.008020281791687012e+00,4.071987628936767578e+00,-5.286075547337532043e-02,5.647572379530174658e-06
9.958288073539733887e-01,4.037648200988769531e+00,-5.198147520422935486e-02,-6.085263448767364025e-04
1.005499601364135742e+00,4.064403533935546875e+00,-5.153726786375045776e-02,-1.109344520955346525e-04
1.007460474967956543e+00,4.071325778961181641e+00,-5.319074541330337524e-02,-5.125622847117483616e-04
1.011012434959411621e+00,4.073444366455078125e+00,-5.236605927348136902e-02,3.243320679757744074e-04
1.008655190467834473e+00,4.070925712585449219e+00,-5.232935398817062378e-02,5.755145321018062532e-05
1.005468964576721191e+00,4.063283443450927734e+00,-5.225472152233123779e-02,6.038872525095939636e-04
1.010461449623107910e+00,4.078541755676269531e+00,-5.209800228476524353e-02,-6.716359057463705540e-04
1.012654900550842285e+00,4.078485488891601562e+00,-5.278134346008300781e-02,-2.415906201349571347e-04
1.000529289245605469e+00,4.046228408813476562e+00,-5.149314552545547485e-02,-5.542692379094660282e-04
9.964243769645690918e-01,4.039756774902343750e+00,-5.290641263127326965e-02,-6.578979082405567169e-04
1.000447034835815430e+00,4.054938316345214844e+00,-5.178922414779663086e-02,-1.142064575105905533e-04
1.000425338745117188e+00,4.047421455383300781e+00,-5.243694037199020386e-02,-8.208936196751892567e-04
1.000914454460144043e+00,4.057508468627929688e+00,-5.229970440268516541e-02,-6.622456712648272514e-04
1.001037001609802246e+00,4.051221847534179688e+00,-5.280283093452453613e-02,-6.973413401283323765e-04
1.001020073890686035e+00,4.049995422363281250e+00,-5.278587341308593750e-02,4.398385062813758850e-04
1.003746271133422852e+00,4.051325321197509766e+00,-5.250211805105209351e-02,-1.696512917988002300e-04
9.960265755653381348e-01,4.043294429779052734e+00,-5.302540212869644165e-02,-7.838929304853081703e-04
1.008998870849609375e+00,4.070194721221923828e+00,-5.253154411911964417e-02,-1.040320843458175659e-03
1.003218531608581543e+00,4.050321102142333984e+00,-5.202842876315116882e-02,-3.003074198204558343e-05
9.939850568771362305e-01,4.037861347198486328e+00,-5.237650498747825623e-02,-5.559500423260033131e-04
1.003263235092163086e+00,4.053562164306640625e+00,-5.313476175069808960e-02,-1.396205479977652431e-04
1.003280520439147949e+00,4.065461635589599609e+00,-5.210857838392257690e-02,-5.866755964234471321e-04
9.966680407524108887e-01,4.040389060974121094e+00,-5.221827328205108643e-02,-3.036690759472548962e-05
1.008505344390869141e+00,4.072745800018310547e+00,-5.302423983812332153e-02,-9.395827655680477619e-04
1.002814888954162598e+00,4.055427074432373047e+00,-5.160332098603248596e-02,-1.256230054423213005e-03
1.006029963493347168e+00,4.060589790344238281e+00,-5.284113436937332153e-02,-4.841226909775286913e-04
1.000344514846801758e+00,4.050349712371826172e+00,-5.184377729892730713e-02,3.896826237905770540e-04
1.004639863967895508e+00,4.066381454467773438e+00,-5.274027958512306213e-02,-4.616444057319313288e-04
1.008881211280822754e+00,4.071242809295654297e+00,-5.203462019562721252e-02,-6.087056244723498821e-04
1.006620883941650391e+00,4.072113513946533203e+00,-5.188519880175590515e-02,-1.680825225776061416e-04
1.003316521644592285e+00,4.060570240020751953e+00,-5.235172063112258911e-02,1.034939996316097677e-04
9.992524385452270508e-01,4.049485683441162109e+00,-5.271922796964645386e-02,-3.894360561389476061e-04
1.004539370536804199e+00,4.055304527282714844e+00,-5.253097042441368103e-02,4.877532483078539371e-04
1.010685324668884277e+00,4.070669651031494141e+00,-5.294390767812728882e-02,-6.274413317441940308e-04
9.973738193511962891e-01,4.041891574859619141e+00,-5.241239070892333984e-02,-9.606716921553015709e-04
1.000560045242309570e+00,4.051267147064208984e+00,-5.160604789853096008e-02,-1.325368531979620457e-03
1.001481771469116211e+00,4.056426048278808594e+00,-5.132196471095085144e-02,-2.376911143073812127e-04
9.949316978454589844e-01,4.036513805389404297e+00,-5.236772075295448303e-02,-6.631645374000072479e-04
9.988788962364196777e-01,4.049209594726562500e+00,-5.223549529910087585e-02,-8.621300221420824528e-04
9.984377026557922363e-01,4.044195652008056641e+00,-5.223556607961654663e-02,-1.109705772250890732e-03
1.006173849105834961e+00,4.061601161956787109e+00,-5.123457312583923340e-02,-6.541328621096909046e-04
1.002167224884033203e+00,4.059362888336181641e+00,-5.197392031550407410e-02,2.642705803737044334e-04
1.009479045867919922e+00,4.073457717895507812e+00,-5.159565433859825134e-02,-9.082296746782958508e-04
1.004321217536926270e+00,4.059753894805908203e+00,-5.277542397379875183e-02,-7.710065692663192749e-04
9.964035153388977051e-01,4.045032024383544922e+00,-5.281200259923934937e-02,-1.013808418065309525e-03
1.009195685386657715e+00,4.072861194610595703e+00,-5.198789015412330627e-02,-8.347212569788098335e-04
1.010299801826477051e+00,4.070705890655517578e+00,-5.201213806867599487e-02,1.474643941037356853e-04
9.983938932418823242e-01,4.039070129394531250e+00,-5.200584232807159424e-02,-7.675327942706644535e-04
1.000988721847534180e+00,4.047510147094726562e+00,-5.183433368802070618e-02,-1.026739715598523617e-03
9.998584389686584473e-01,4.051406383514404297e+00,-5.334443971514701843e-02,-5.730048287659883499e-04
1.006433010101318359e+00,4.057543277740478516e+00,-5.238901823759078979e-02,-8.267653174698352814e-04
1.008364677429199219e+00,4.067216873168945312e+00,-5.289378389716148376e-02,-1.105223433114588261e-03
1.006269216537475586e+00,4.062040805816650391e+00,-5.284047871828079224e-02,-3.499703016132116318e-04
9.983412623405456543e-01,4.046420097351074219e+00,-5.214689299464225769e-02,-1.787501678336411715e-04
1.008922815322875977e+00,4.074453353881835938e+00,-5.267109349370002747e-02,-1.020576572045683861e-03
1.007834196090698242e+00,4.067154884338378906e+00,-5.280519649386405945e-02,-3.677197964861989021e-04
9.939172267913818359e-01,4.031692028045654297e+00,-5.244681984186172485e-02,-1.675894745858386159e-04
1.002297401428222656e+00,4.052326679229736328e+00,-5.288540944457054138e-02,-8.825016557238996029e-04
1.000746726989746094e+00,4.044710159301757812e+00,-5.181927606463432312e-02,-9.975379798561334610e-04
1.006294608116149902e+00,4.067482948303222656e+00,-5.288454145193099976e-02,-3.639995702542364597e-04
1.010546803474426270e+00,4.071866035461425781e+00,-5.317163839936256409e-02,-1.744920737110078335e-04
1.006926655769348145e+00,4.071517467498779297e+00,-5.189734697341918945e-02,1.618074202269781381e-05
1.011457681655883789e+00,4.073978424072265625e+00,-5.278195813298225403e-02,-3.031984961125999689e-04
1.008611440658569336e+00,4.066567420959472656e+00,-5.150735750794410706e-02,1.453577569918707013e-04
1.001927733421325684e+00,4.055106639862060547e+00,-5.205898359417915344e-02,3.485359775368124247e-04
1.007411479949951172e+00,4.068571567535400391e+00,-5.300432443618774414e-02,-9.841585997492074966e-04
1.007916450500488281e+00,4.068322658538818359e+00,-5.303450673818588257e-02,-6.694844341836869717e-04
9.985218048095703125e-01,4.047112941741943359e+00,-5.140083283185958862e-02,-8.807984995655715466e-04
1.004353046417236328e+00,4.056352615356445312e+00,-5.331263318657875061e-02,-8.196161943487823009e-04
9.966750144958496094e-01,4.036343097686767578e+00,-5.232742056250572205e-02,-6.297496147453784943e-04
1.002515554428100586e+00,4.049297809600830078e+00,-5.224543809890747070e-02,-6.476784474216401577e-04
1.000993132591247559e+00,4.052415847778320312e+00,-5.172910541296005249e-02,-6.111036054790019989e-04
1.007943868637084961e+00,4.064771175384521484e+00,-5.278348177671432495e-02,3.691541205625981092e-04
1.004875421524047852e+00,4.055269718170166016e+00,-5.309779196977615356e-02,-1.658638357184827328e-04
9.996366500854492188e-01,4.045901298522949219e+00,-5.211222544312477112e-02,-7.163459667935967445e-04
1.008706092834472656e+00,4.064818859100341797e+00,-5.216391384601593018e-02,-3.223823150619864464e-04
9.969103932380676270e-01,4.038518905639648438e+00,-5.266167595982551575e-02,-1.031490974128246307e-03
9.979344010353088379e-01,4.049240112304687500e+00,-5.230138823390007019e-02,-5.246641812846064568e-04
1.005214095115661621e+00,4.061733722686767578e+00,-5.185323581099510193e-02,8.843380783218890429e-05
1.005927920341491699e+00,4.061989784240722656e+00,-5.184229463338851929e-02,-1.389307668432593346e-03
1.009025692939758301e+00,4.071320056915283203e+00,-5.176253989338874817e-02,-1.180163308163173497e-04
1.001373291015625000e+00,4.058868885040283203e+00,-5.290343612432479858e-02,-1.493469171691685915e-04
1.003287434577941895e+00,4.061126232147216797e+00,-5.316915363073348999e-02,-9.040836011990904808e-04
1.005389451980590820e+00,4.056002140045166016e+00,-5.215713754296302795e-02,-8.639441512059420347e-05
1.006189942359924316e+00,4.056599140167236328e+00,-5.198634415864944458e-02,-8.544878801330924034e-04
1.005293369293212891e+00,4.060566425323486328e+00,-5.228803306818008423e-02,5.775318713858723640e-04
1.002402663230895996e+00,4.052027702331542969e+00,-5.270161479711532593e-02,-7.982359966263175011e-04
1.007470607757568359e+00,4.069007396697998047e+00,-5.237946286797523499e-02,-1.127388211898505688e-03
1.002301573753356934e+00,4.056807518005371094e+00,-5.167835205793380737e-02,-1.159929088316857815e-03
1.007728695869445801e+00,4.064842700958251953e+00,-5.257537215948104858e-02,-3.360082046128809452e-04
1.003557562828063965e+00,4.063605785369873047e+00,-5.224530398845672607e-02,-4.972331225872039795e-04
9.959195852279663086e-01,4.035334587097167969e+00,-5.293564498424530029e-02,-7.567979046143591404e-04
9.991734027862548828e-01,4.049450397491455078e+00,-5.185164511203765869e-02,1.526637497590854764e-04
1.000912189483642578e+00,4.053352355957031250e+00,-5.153222009539604187e-02,1.632865751162171364e-04
1.002512812614440918e+00,4.050813674926757812e+00,-5.208553373813629150e-02,-1.135747414082288742e-03
1.003429770469665527e+00,4.056554317474365234e+00,-5.146608129143714905e-02,-5.985534517094492912e-04
9.946106672286987305e-01,4.037060737609863281e+00,-5.300145223736763000e-02,-1.190920520457439125e-04
1.000217199325561523e+00,4.046795845031738281e+00,-5.285022035241127014e-02,-5.415397463366389275e-04
1.011273384094238281e+00,4.075700283050537109e+00,-5.281714722514152527e-02,-9.015945397550240159e-05
1.009252905845642090e+00,4.067103385925292969e+00,-5.288504064083099365e-02,-5.671555991284549236e-04
9.988854527473449707e-01,4.052362918853759766e+00,-5.190353468060493469e-02,-3.693332837428897619e-05
1.001325488090515137e+00,4.045882701873779297e+00,-5.185580626130104065e-02,-3.601000644266605377e-04
1.003421425819396973e+00,4.058056354522705078e+00,-5.124294012784957886e-02,-7.059465133352205157e-05
9.973787665367126465e-01,4.043266773223876953e+00,-5.265010893344879150e-02,-5.618889699690043926e-04
9.969534873962402344e-01,4.046505451202392578e+00,-5.276343598961830139e-02,-3.959352907259017229e-04
1.006247162818908691e+00,4.066679000854492188e+00,-5.176800116896629333e-02,-7.543543324572965503e-05
1.010533690452575684e+00,4.077443122863769531e+00,-5.243584886193275452e-02,-5.627406062558293343e-04
1.005434751510620117e+00,4.060037612915039062e+00,-5.288513749837875366e-02,-8.427444263361394405e-04
9.979991912841796875e-01,4.038463592529296875e+00,-5.227315425872802734e-02,-2.282784844283014536e-04
1.007896661758422852e+00,4.063063621520996094e+00,-5.184911936521530151e-02,1.332109968643635511e-04
1.012824058532714844e+00,4.079229354858398438e+00,-5.254776775836944580e-02,-7.759594009257853031e-04
1.004159212112426758e+00,4.061207294464111328e+00,-5.236417055130004883e-02,-3.160848282277584076e-04
1.013500094413757324e+00,4.081511974334716797e+00,-5.227793008089065552e-02,-6.456838455051183701e-04
9.995297789573669434e-01,4.046821117401123047e+00,-5.300964787602424622e-02,-4.075890174135565758e-04
1.009678363800048828e+00,4.074337482452392578e+00,-5.294163525104522705e-02,-3.604138037189841270e-04
1.002110838890075684e+00,4.056149959564208984e+00,-5.166607722640037537e-02,-3.267300489824265242e-04
9.979264140129089355e-01,4.042152404785156250e+00,-5.311513319611549377e-02,-9.809295443119481206e-05
1.011488914489746094e+00,4.081037044525146484e+00,-5.245371535420417786e-02,-4.425277875270694494e-04
1.000940918922424316e+00,4.046443462371826172e+00,-5.213406682014465332e-02,-9.424289455637335777e-04
1.003770470619201660e+00,4.054573535919189453e+00,-5.232430621981620789e-02,2.960045530926436186e-04
1.003128886222839355e+00,4.055514812469482422e+00,-5.138934403657913208e-02,-1.101144589483737946e-03
1.011441349983215332e+00,4.074559211730957031e+00,-5.183797329664230347e-02,-8.785125683061778545e-04
1.004902005195617676e+00,4.059710025787353516e+00,-5.250546336174011230e-02,-8.845411357469856739e-04
9.995212554931640625e-01,4.051734447479248047e+00,-5.201471224427223206e-02,-6.431962247006595135e-04
1.007245540618896484e+00,4.061392307281494141e+00,-5.270056426525115967e-02,-5.850620218552649021e-04
1.002606868743896484e+00,4.058848857879638672e+00,-5.233203992247581482e-02,4.323980247136205435e-04
1.006711959838867188e+00,4.073518276214599609e+00,-5.206915363669395447e-02,-5.812969175167381763e-04
1.000122308731079102e+00,4.046827793121337891e+00,-5.254746973514556885e-02,-1.409634831361472607e-03
1.010718464851379395e+00,4.070672035217285156e+00,-5.282604694366455078e-02,-6.482386961579322815e-04
1.006003260612487793e+00,4.055753707885742188e+00,-5.253914371132850647e-02,-2.776722976705059409e-05
1.000772476196289062e+00,4.049780368804931641e+00,-5.245746299624443054e-02,-5.619113799184560776e-04
1.005228281021118164e+00,4.062879085540771484e+00,-5.317023023962974548e-02,-4.900839994661509991e-04
1.004032850265502930e+00,4.053045749664306641e+00,-5.205292999744415283e-02,-3.046327910851687193e-04
1.008359074592590332e+00,4.067307472229003906e+00,-5.214892327785491943e-02,-1.380836358293890953e-03
1.010845184326171875e+00,4.080127716064453125e+00,-5.213868245482444763e-02,-6.313856574706733227e-04
1.003355860710144043e+00,4.058506965637207031e+00,-5.247778818011283875e-02,-9.422945440746843815e-04
9.975457787513732910e-01,4.045759201049804688e+00,-5.173624679446220398e-02,-2.744451630860567093e-04
9.964725375175476074e-01,4.038768768310546875e+00,-5.193178728222846985e-02,-1.847114908741787076e-04
1.000737428665161133e+00,4.058724880218505859e+00,-5.198103934526443481e-02,-5.304014775902032852e-04
9.984733462333679199e-01,4.045568943023681641e+00,-5.328169837594032288e-02,-6.064421613700687885e-04
1.009738922119140625e+00,4.075204372406005859e+00,-5.239339172840118408e-02,4.179204697720706463e-04
1.002438306808471680e+00,4.054543495178222656e+00,-5.331889912486076355e-02,-3.777150996029376984e-04
1.000182271003723145e+00,4.053915023803710938e+00,-5.186811834573745728e-02,-3.486032073851674795e-04
9.994490742683410645e-01,4.051568984985351562e+00,-5.183881521224975586e-02,-2.659065648913383484e-04
1.010426759719848633e+00,4.073165893554687500e+00,-5.255291238427162170e-02,-3.596742753870785236e-04
1.011848449707031250e+00,4.077380657196044922e+00,-5.214948952198028564e-02,-5.088868783786892891e-04
1.000393390655517578e+00,4.055036067962646484e+00,-5.196859687566757202e-02,-7.745026960037648678e-04
9.990187287330627441e-01,4.047487258911132812e+00,-5.184406787157058716e-02,-7.172424229793250561e-04
1.009958624839782715e+00,4.077571868896484375e+00,-5.218882858753204346e-02,-6.093551564845256507e-05
1.004337549209594727e+00,4.060608863830566406e+00,-5.282925814390182495e-02,-6.250208825804293156e-04
1.010024428367614746e+00,4.070716857910156250e+00,-5.235491320490837097e-02,-1.979115622816607356e-04
9.970998167991638184e-01,4.041702747344970703e+00,-5.155380442738533020e-02,-1.027456833980977535e-03
1.010215520858764648e+00,4.076511383056640625e+00,-5.280906334519386292e-02,-1.056389533914625645e-03
1.001441001892089844e+00,4.055349349975585938e+00,-5.178792402148246765e-02,-1.018649316392838955e-03
1.007660269737243652e+00,4.067817687988281250e+00,-5.195549502968788147e-02,2.735038870014250278e-04
9.987295866012573242e-01,4.047234058380126953e+00,-5.243837833404541016e-02,-4.481305368244647980e-04
1.003724455833435059e+00,4.059266090393066406e+00,-5.249540135264396667e-02,-4.799766174983233213e-04
1.005385994911193848e+00,4.060143947601318359e+00,-5.184484273195266724e-02,1.924656826304271817e-04
1.005136013031005859e+00,4.063224315643310547e+00,-5.169757455587387085e-02,8.305517258122563362e-05
1.002377986907958984e+00,4.050173282623291016e+00,-5.277906730771064758e-02,1.762401225278154016e-04
1.008059501647949219e+00,4.074571132659912109e+00,-5.213154107332229614e-02,-2.567404590081423521e-04
1.003649950027465820e+00,4.062514781951904297e+00,-5.188447237014770508e-02,-1.289488165639340878e-03
9.998610019683837891e-01,4.052742958068847656e+00,-5.240180715918540955e-02,-1.305265701375901699e-03
9.953243136405944824e-01,4.043185234069824219e+00,-5.274283140897750854e-02,-3.387647448107600212e-04
1.003668427467346191e+00,4.062978744506835938e+00,-5.271713808178901672e-02,-2.462072880007326603e-04
1.011496782302856445e+00,4.077153682708740234e+00,-5.255252495408058167e-02,-5.404640687629580498e-04
1.005051851272583008e+00,4.062883377075195312e+00,-5.305720493197441101e-02,-9.089902596315369010e-05
1.004605650901794434e+00,4.059475898742675781e+00,-5.131532251834869385e-02,-9.250155417248606682e-04
1.009352564811706543e+00,4.067204952239990234e+00,-5.169141665101051331e-02,-3.763704735320061445e-04
1.009695410728454590e+00,4.076944828033447266e+00,-5.271276831626892090e-02,-5.099850241094827652e-04
1.002823114395141602e+00,4.055409431457519531e+00,-5.234580859541893005e-02,3.290832100901752710e-04
1.000345230102539062e+00,4.042736053466796875e+00,-5.284632742404937744e-02,-5.989792407490313053e-04
1.008454322814941406e+00,4.066366672515869141e+00,-5.155885592103004456e-02,-1.994131016544997692e-04
1.004302263259887695e+00,4.056586265563964844e+00,-5.151402950286865234e-02,-4.157017974648624659e-04
1.003654837608337402e+00,4.064584255218505859e+00,-5.292742326855659485e-02,-2.891019221351598389e-06
9.969699382781982422e-01,4.045418739318847656e+00,-5.196757242083549500e-02,-6.508384249173104763e-04
1.010150909423828125e+00,4.074089527130126953e+00,-5.222031474113464355e-02,4.934902244713157415e-05
1.004481196403503418e+00,4.062359809875488281e+00,-5.287086218595504761e-02,-1.187987974844872952e-03
1.004281997680664062e+00,4.052909374237060547e+00,-5.201612412929534912e-02,-1.150804964709095657e-04
1.006613850593566895e+00,4.066925525665283203e+00,-5.249191820621490479e-02,5.894093555980361998e-05
1.003379583358764648e+00,4.052016735076904297e+00,-5.306400731205940247e-02,-1.016318565234541893e-03
1.001208305358886719e+00,4.052881717681884766e+00,-5.313583090901374817e-02,1.791087270248681307e-04
1.004572510719299316e+00,4.059042453765869141e+00,-5.171959474682807922e-02,8.251730469055473804e-05
1.004982709884643555e+00,4.063811779022216797e+00,-5.181604623794555664e-02,-2.880710526369512081e-04
1.002704024314880371e+00,4.055205345153808594e+00,-5.174948275089263916e-02,1.286391488974913955e-04
1.005004644393920898e+00,4.056254863739013672e+00,-5.274046212434768677e-02,-3.829368797596544027e-04
1.005502700805664062e+00,4.067250251770019531e+00,-5.145411938428878784e-02,-7.165252463892102242e-04
1.006993770599365234e+00,4.068722248077392578e+00,-5.312772467732429504e-02,-2.489638281986117363e-04
9.994581341743469238e-01,4.044895172119140625e+00,-5.237912014126777649e-02,-2.371084265178069472e-04
1.011147141456604004e+00,4.071803092956542969e+00,-5.251353979110717773e-02,-7.162338588386774063e-04
1.012679696083068848e+00,4.080410003662109375e+00,-5.183522030711174011e-02,-2.239307214040309191e-04
1.007251381874084473e+00,4.071315288543701172e+00,-5.284812301397323608e-02,1.757470890879631042e-04
9.953491091728210449e-01,4.037277698516845703e+00,-5.164860561490058899e-02,-5.493612261489033699e-04
1.000508427619934082e+00,4.045272827148437500e+00,-5.218064039945602417e-02,-5.134811508469283581e-04
1.012549877166748047e+00,4.080769538879394531e+00,-5.178253725171089172e-02,-8.644607733003795147e-04
9.950173497200012207e-01,4.032815933227539062e+00,-5.223301798105239868e-02,-6.554327555932104588e-04
9.955003261566162109e-01,4.039832592010498047e+00,-5.239962041378021240e-02,-1.573476474732160568e-04
9.969017505645751953e-01,4.044639110565185547e+00,-5.270810425281524658e-02,2.433386835036799312e-04
9.948994517326354980e-01,4.041388511657714844e+00,-5.177519097924232483e-02,-3.485135675873607397e-04
9.958092570304870605e-01,4.037712097167968750e+00,-5.286535620689392090e-02,-1.048590522259473801e-03
1.002478241920471191e+00,4.057901859283447266e+00,-5.304599925875663757e-02,-1.030905991683539469e-06
1.003685593605041504e+00,4.059082508087158203e+00,-5.253395438194274902e-02,-1.541876918054185808e-05
9.955885410308837891e-01,4.036543369293212891e+00,-5.254724621772766113e-02,-2.843284164555370808e-04
1.003161668777465820e+00,4.049837589263916016e+00,-5.198918282985687256e-02,-6.904836045578122139e-04
1.004798650741577148e+00,4.066824913024902344e+00,-5.159613117575645447e-02,-1.926449767779558897e-04
1.004260420799255371e+00,4.059310913085937500e+00,-5.330072715878486633e-02,-8.388000424019992352e-04
1.008851885795593262e+00,4.071543216705322266e+00,-5.255532264709472656e-02,-1.364162308163940907e-03
1.001857995986938477e+00,4.053967475891113281e+00,-5.246443301439285278e-02,5.163945606909692287e-04
1.002285480499267578e+00,4.062068462371826172e+00,-5.290621146559715271e-02,-3.796424716711044312e-04
9.978387951850891113e-01,4.043797969818115234e+00,-5.149264633655548096e-02,-3.127231902908533812e-04
1.005209684371948242e+00,4.058233261108398438e+00,-5.242190137505531311e-02,2.190899540437385440e-04
1.000263333320617676e+00,4.052130222320556641e+00,-5.288131162524223328e-02,-7.784694316796958447e-04
1.002816200256347656e+00,4.054571628570556641e+00,-5.187575891613960266e-02,2.722040517255663872e-04
1.007427573204040527e+00,4.070620059967041016e+00,-5.290386453270912170e-02,-2.907155721914023161e-04
1.001446962356567383e+00,4.048034191131591797e+00,-5.294431746006011963e-02,1.850700646173208952e-04
1.000426530838012695e+00,4.050434589385986328e+00,-5.207381770014762878e-02,3.628790436778217554e-04
1.003465294837951660e+00,4.059911251068115234e+00,-5.190439894795417786e-02,-5.849271474289707839e-06
1.000075578689575195e+00,4.050858974456787109e+00,-5.146901309490203857e-02,3.164433292113244534e-05
1.002074956893920898e+00,4.054535388946533203e+00,-5.116803571581840515e-02,-5.461340188048779964e-04
1.002428293228149414e+00,4.061535835266113281e+00,-5.221319571137428284e-02,-4.164637357462197542e-04
1.002659678459167480e+00,4.053325653076171875e+00,-5.211202055215835571e-02,-1.260174321942031384e-03
9.976345300674438477e-01,4.049176692962646484e+00,-5.235099419951438904e-02,7.305986218852922320e-05
1.000798463821411133e+00,4.050722122192382812e+00,-5.247920379042625427e-02,-5.732513382099568844e-04
1.005405902862548828e+00,4.062750816345214844e+00,-5.144038423895835876e-02,-5.561069119721651077e-04
1.003717899322509766e+00,4.064399719238281250e+00,-5.159699544310569763e-02,-3.569625259842723608e-04
9.969017505645751953e-01,4.036459445953369141e+00,-5.255794152617454529e-02,1.376035379507811740e-05
1.010811209678649902e+00,4.073677539825439453e+00,-5.174029245972633362e-02,-3.414989041630178690e-04
1.002974987030029297e+00,4.054214000701904297e+00,-5.176936462521553040e-02,-4.054375749547034502e-04
9.990272521972656250e-01,4.044428348541259766e+00,-5.210300907492637634e-02,-9.944228222593665123e-04
9.969906210899353027e-01,4.041468143463134766e+00,-5.227242410182952881e-02,-1.752988609950989485e-04
1.002939939498901367e+00,4.058157444000244141e+00,-5.250462144613265991e-02,-1.003051176667213440e-03
1.004162192344665527e+00,4.060573577880859375e+00,-5.283521860837936401e-02,-1.002692617475986481e-03
1.000732541084289551e+00,4.051486968994140625e+00,-5.136831104755401611e-02,-8.715874864719808102e-04
1.005208492279052734e+00,4.057915210723876953e+00,-5.186718329787254333e-02,-5.534400115720927715e-04
1.001785874366760254e+00,4.050963401794433594e+00,-5.143032968044281006e-02,-1.778088917490094900e-04
1.003533482551574707e+00,4.053330421447753906e+00,-5.299846827983856201e-02,1.417271851096302271e-04
1.008812785148620605e+00,4.069410800933837891e+00,-5.268142744898796082e-02,5.110159399919211864e-04
1.005003094673156738e+00,4.055596828460693359e+00,-5.170253664255142212e-02,-5.703828064724802971e-04
1.012675046920776367e+00,4.079386711120605469e+00,-5.291941389441490173e-02,-7.441804627887904644e-04
1.002134799957275391e+00,4.053139209747314453e+00,-5.224919319152832031e-02,3.204325621481984854e-04
1.005216598510742188e+00,4.065191745758056641e+00,-5.218257382512092590e-02,-5.679175374098122120e-04
1.007008552551269531e+00,4.073502540588378906e+00,-5.261219665408134460e-02,-9.508987568551674485e-05
9.951345324516296387e-01,4.043071746826171875e+00,-5.238895118236541748e-02,-5.700465990230441093e-04
1.003610491752624512e+00,4.056924343109130859e+00,-5.262921750545501709e-02,-7.530776783823966980e-04
1.000876188278198242e+00,4.043804645538330078e+00,-5.195565521717071533e-02,-7.343420293182134628e-04
1.001602649688720703e+00,4.059292793273925781e+00,-5.233187973499298096e-02,-1.163470093160867691e-03
1.007044315338134766e+00,4.063946723937988281e+00,-5.227816104888916016e-02,-4.041153006255626678e-04
1.002150774002075195e+00,4.047413349151611328e+00,-5.177650600671768188e-02,-1.340850285487249494e-04
1.010399699211120605e+00,4.069124221801757812e+00,-5.181051790714263916e-02,-2.319090708624571562e-04
1.008440613746643066e+00,4.068545341491699219e+00,-5.214648693799972534e-02,4.037118924316018820e-04
1.008343100547790527e+00,4.066608428955078125e+00,-5.282943695783615112e-02,-1.205535954795777798e-03
1.006893634796142578e+00,4.071478366851806641e+00,-5.212305486202239990e-02,-6.237658672034740448e-04
1.009996652603149414e+00,4.075174331665039062e+00,-5.183308199048042297e-02,-9.925627382472157478e-04
9.991949200630187988e-01,4.043961048126220703e+00,-5.292426049709320068e-02,-9.566600201651453972e-04
9.986304640769958496e-01,4.052305698394775391e+00,-5.241370573639869690e-02,1.857872121036052704e-04
1.012184381484985352e+00,4.076114654541015625e+00,-5.266549438238143921e-02,-9.671260486356914043e-04
1.000467181205749512e+00,4.049888134002685547e+00,-5.289769917726516724e-02,-1.181283878395333886e-04
1.009477496147155762e+00,4.064805030822753906e+00,-5.202724784612655640e-02,-2.893932978622615337e-04
1.008632183074951172e+00,4.073426246643066406e+00,-5.173840373754501343e-02,1.949757097463589162e-05
1.005497336387634277e+00,4.064888477325439453e+00,-5.289856344461441040e-02,-5.460891989059746265e-04
1.000848054885864258e+00,4.045740127563476562e+00,-5.239193513989448547e-02,2.768207341432571411e-04
1.004148244857788086e+00,4.053551197052001953e+00,-5.255728214979171753e-02,-7.914006127975881100e-04
9.942470788955688477e-01,4.035825729370117188e+00,-5.206938460469245911e-02,-1.005202531814575195e-03
1.000827670097351074e+00,4.057729721069335938e+00,-5.250430107116699219e-02,-1.071405014954507351e-03
1.010034918785095215e+00,4.071194171905517578e+00,-5.208055302500724792e-02,3.801354905590415001e-04
1.002685546875000000e+00,4.056377887725830078e+00,-5.200763791799545288e-02,4.574086924549192190e-04
1.002553939819335938e+00,4.057358264923095703e+00,-5.275427922606468201e-02,4.752927343361079693e-04
1.010723233222961426e+00,4.072852134704589844e+00,-5.228011682629585266e-02,-7.662105490453541279e-04
1.004913210868835449e+00,4.055685520172119141e+00,-5.313726514577865601e-02,-4.904873785562813282e-04
9.986997842788696289e-01,4.050777912139892578e+00,-5.179882422089576721e-02,-6.153617287054657936e-04
1.004975795745849609e+00,4.062292098999023438e+00,-5.180430784821510315e-02,-3.663975512608885765e-04
1.008237600326538086e+00,4.067586421966552734e+00,-5.254044011235237122e-02,2.785239485092461109e-04
9.986433982849121094e-01,4.051887989044189453e+00,-5.176891013979911804e-02,-1.586026628501713276e-04
1.005100488662719727e+00,4.069396495819091797e+00,-5.251511186361312866e-02,-7.332662935368716717e-04
1.000116229057312012e+00,4.055481910705566406e+00,-5.162893235683441162e-02,-7.045577513054013252e-04
1.009001255035400391e+00,4.069194793701171875e+00,-5.208000913262367249e-02,-7.051628781482577324e-04
1.001307845115661621e+00,4.055274009704589844e+00,-5.296446382999420166e-02,-5.549639463424682617e-04
9.973301887512207031e-01,4.044212818145751953e+00,-5.227872356772422791e-02,-1.256073126569390297e-03
1.003557562828063965e+00,4.064576625823974609e+00,-5.217153578996658325e-02,2.423526020720601082e-04
9.985569715499877930e-01,4.040920734405517578e+00,-5.231092497706413269e-02,-2.174315304728224874e-04
1.004766464233398438e+00,4.061733245849609375e+00,-5.326013267040252686e-02,-8.119740523397922516e-04
1.003835558891296387e+00,4.056921005249023438e+00,-5.308552086353302002e-02,-9.746786090545356274e-04
1.013257026672363281e+00,4.083102226257324219e+00,-5.253001675009727478e-02,-8.336892642546445131e-05
1.012675642967224121e+00,4.080187320709228516e+00,-5.190540105104446411e-02,-3.837884869426488876e-04
1.006461620330810547e+00,4.064537525177001953e+00,-5.137968063354492188e-02,-6.779109826311469078e-04
9.970911145210266113e-01,4.042341232299804688e+00,-5.167032778263092041e-02,-5.640849121846258640e-05
1.002601027488708496e+00,4.048916816711425781e+00,-5.229863524436950684e-02,-2.469020255375653505e-04
9.971262216567993164e-01,4.044921398162841797e+00,-5.193585902452468872e-02,-9.600889752618968487e-04
1.002873301506042480e+00,4.051893234252929688e+00,-5.199810117483139038e-02,3.111544065177440643e-04
9.977370500564575195e-01,4.046810626983642578e+00,-5.168429762125015259e-02,-3.388320037629455328e-04
1.006600379943847656e+00,4.067154884338378906e+00,-5.247148498892784119e-02,-6.795015360694378614e-05
9.943469166755676270e-01,4.036439418792724609e+00,-5.245178192853927612e-02,-4.290363285690546036e-04
9.998719692230224609e-01,4.049921989440917969e+00,-5.316530913114547729e-02,-9.403896401636302471e-04
1.005105733871459961e+00,4.054909229278564453e+00,-5.258233845233917236e-02,-2.302506618434563279e-04
1.008180737495422363e+00,4.068781375885009766e+00,-5.143892392516136169e-02,-4.106369160581380129e-04
1.006113529205322266e+00,4.069542884826660156e+00,-5.200700089335441589e-02,-1.068715704604983330e-03
9.988698363304138184e-01,4.046096801757812500e+00,-5.164687708020210266e-02,-3.072548715863376856e-04
1.001396656036376953e+00,4.055202484130859375e+00,-5.301360785961151123e-02,-4.449033876881003380e-04
1.004661679267883301e+00,4.066897392272949219e+00,-5.274401605129241943e-02,7.655598165001720190e-05
1.006766676902770996e+00,4.072090148925781250e+00,-5.282479524612426758e-02,-2.060691767837852240e-04
1.001105189323425293e+00,4.051104068756103516e+00,-5.272323638200759888e-02,-5.520057165995240211e-04
1.010205984115600586e+00,4.069455146789550781e+00,-5.288488417863845825e-02,8.771666034590452909e-05
1.004382610321044922e+00,4.061512947082519531e+00,-5.287912487983703613e-02,-1.183617743663489819e-03
1.007184624671936035e+00,4.065233230590820312e+00,-5.218154937028884888e-02,-4.834055143874138594e-04
9.962871074676513672e-01,4.039730072021484375e+00,-5.163871124386787415e-02,-6.622680812142789364e-04
1.007988214492797852e+00,4.065770626068115234e+00,-5.287300422787666321e-02,3.625204553827643394e-04
1.000819444656372070e+00,4.046193122863769531e+00,-5.179959908127784729e-02,-5.101194838061928749e-04
1.011880993843078613e+00,4.080813407897949219e+00,-5.229288339614868164e-02,-7.855737349018454552e-04
1.006257891654968262e+00,4.057471275329589844e+00,-5.192878097295761108e-02,-6.134567665867507458e-04
1.007173776626586914e+00,4.068930625915527344e+00,-5.169959738850593567e-02,-6.855755345895886421e-04
1.009809255599975586e+00,4.068328380584716797e+00,-5.242231115698814392e-02,-3.322207485325634480e-04
1.012440800666809082e+00,4.076970100402832031e+00,-5.281883105635643005e-02,-4.809851234313100576e-04
1.008759975433349609e+00,4.071139812469482422e+00,-5.245414376258850098e-02,-1.263625570572912693e-03
9.991292953491210938e-01,4.042739868164062500e+00,-5.151425302028656006e-02,-4.209235485177487135e-04
1.005298733711242676e+00,4.058392047882080078e+00,-5.152737349271774292e-02,-4.268848570063710213e-04
1.008841395378112793e+00,4.069905281066894531e+00,-5.165087804198265076e-02,-8.321204950334504247e-05
1.007353663444519043e+00,4.071655273437500000e+00,-5.249994993209838867e-02,-3.162416978739202023e-04
1.001026391983032227e+00,4.051391601562500000e+00,-5.125517398118972778e-02,-4.345719062257558107e-04
1.000645637512207031e+00,4.048615932464599609e+00,-5.163720995187759399e-02,3.782977000810205936e-05
1.004683613777160645e+00,4.059460163116455078e+00,-5.227089673280715942e-02,-1.587737235240638256e-03
1.000312805175781250e+00,4.050560474395751953e+00,-5.288893729448318481e-02,-3.118491440545767546e-04
9.999799728393554688e-01,4.049230098724365234e+00,-5.189923197031021118e-02,-5.401950911618769169e-04
1.008738160133361816e+00,4.071482181549072266e+00,-5.234605818986892700e-02,-9.510573581792414188e-04
9.975018501281738281e-01,4.040387153625488281e+00,-5.294174328446388245e-02,-1.095698680728673935e-03
9.961579442024230957e-01,4.044941425323486328e+00,-5.187746509909629822e-02,-7.483041263185441494e-04
1.003938555717468262e+00,4.060211658477783203e+00,-5.303482338786125183e-02,-1.134851016104221344e-03
1.002913713455200195e+00,4.062673091888427734e+00,-5.264492332935333252e-02,-4.318153660278767347e-04
1.000028371810913086e+00,4.054287910461425781e+00,-5.223053693771362305e-02,2.096325188176706433e-04
1.003088831901550293e+00,4.057264804840087891e+00,-5.307502672076225281e-02,-7.547361310571432114e-04
1.006017327308654785e+00,4.061397075653076172e+00,-5.230556055903434753e-02,-1.259546843357384205e-03
1.000597476959228516e+00,4.055668354034423828e+00,-5.269291996955871582e-02,-1.244665705598890781e-03
1.003418087959289551e+00,4.059919357299804688e+00,-5.318937823176383972e-02,-4.573639016598463058e-04
1.009459257125854492e+00,4.070043563842773438e+00,-5.208880826830863953e-02,1.812153641367331147e-04
1.007953763008117676e+00,4.065870761871337891e+00,-5.269389972090721130e-02,-5.871237954124808311e-04
1.004458069801330566e+00,4.057194709777832031e+00,-5.198328942060470581e-02,-7.566410349681973457e-04
1.003083229064941406e+00,4.059003829956054688e+00,-5.169737339019775391e-02,-2.841939567588269711e-04
1.008561372756958008e+00,4.066446781158447266e+00,-5.277391895651817322e-02,-1.112664001993834972e-03
1.001151919364929199e+00,4.054155349731445312e+00,-5.313055217266082764e-02,4.778025322593748569e-05
1.007482409477233887e+00,4.073830127716064453e+00,-5.207324773073196411e-02,-8.138789562508463860e-04
1.003895759582519531e+00,4.063936233520507812e+00,-5.194304883480072021e-02,3.322655684314668179e-04
1.004034519195556641e+00,4.060291767120361328e+00,-5.276368185877799988e-02,-2.246030635433271527e-04
9.941245317459106445e-01,4.034910678863525391e+00,-5.191834270954132080e-02,-7.910868735052645206e-04
9.953565001487731934e-01,4.034192085266113281e+00,-5.233950540423393250e-02,-4.394350689835846424e-04
