lens_id,thetaE_lens_truth,e1_lens_truth,e2_lens_truth,phi_lens_truth,q_lens_truth,re_src_truth,q_src_truth,magnitude_src_truth,phi_src_truth,thetaE_lens_16,thetaE_lens_50,thetaE_lens_84,e1_lens_16,e1_lens_50,e1_lens_84,e2_lens_16,e2_lens_50,e2_lens_84,phi_lens_16,phi_lens_50,phi_lens_84,q_lens_16,q_lens_50,q_lens_84,re_src_16,re_src_50,re_src_84,q_src_16,q_src_50,q_src_84,magnitude_src_16,magnitude_src_50,magnitude_src_84,phi_src_16,phi_src_50,phi_src_84
0,1.0464007680331289,-0.1754009872674942,-1.5334041592041103e-08,90.0,0.7015469696960679,0.2928824722695406,0.4602755538129948,22.6847,42.02448902112542,1.0291877407372687,1.0412500034850058,1.0552553765134391,-0.19064120915896607,-0.17727393091691487,-0.16422536212505973,-0.03125547931678593,-0.012171038337674227,0.0035208488728519604,89.44476107557988,91.9488525390625,94.96209996237172,0.6789569647021331,0.6983015537261963,0.7174493350927131,0.2820228359786541,0.3042393731056833,0.32890893011339234,0.4397023104251771,0.4646960496902466,0.494287521278675,22.569499717259013,22.654251098632812,22.7530469968746,40.05978390419017,42.23811340332031,44.929969950160796
1,2.344815343673804,-0.1710667610168457,-1.4955130467342315e-08,90.0,0.7078445579524737,0.46730357087280283,0.7318566890752249,22.3777,6.731815007683433,2.331851610765542,2.348629089814239,2.372314562506691,-0.1800266661328028,-0.1692228140818462,-0.15747475973493938,-0.014223933268565718,-0.0006916826658797155,0.015821261671433683,87.2657361711369,90.1197738647461,92.44061019524177,0.6947567737255734,0.710452675819397,0.7278030244663984,0.43083709344463744,0.4616022196967651,0.49475751374026966,0.694900396735144,0.7386558055877686,0.7965720533415823,22.28307159162572,22.365859985351562,22.451877516429224,0.721667365312462,5.153608322143555,179.63991888354153
2,0.6623352598297512,-0.19149857759475708,-1.674133720541704e-08,90.0,0.6785584546518821,0.39882095278360347,0.6190569725866231,22.146,97.53768186935166,0.6438115896803108,0.6590553710076592,0.6756789384213211,-0.23053591316682986,-0.1932727852588455,-0.15160979912037148,-0.05841712159851957,-0.0070946765839720064,0.02986749502315581,85.51713191151441,91.04768371582031,98.51348180192433,0.6245671961142044,0.6752127408981323,0.7363236588483554,0.3587737117875513,0.39113561323578816,0.43779341232700125,0.5807611109643075,0.6386377811431885,0.7141086512316775,21.969623665950948,22.140758514404297,22.321651427205325,91.20496737879681,97.16270446777344,103.89104143201
3,1.1740461876430681,-0.10848281532526016,-9.483868801396511e-09,90.0,0.8042679353686851,0.19950420647281505,0.8185236735616387,22.0012,49.83475778755342,1.159950300023049,1.1699808720668927,1.1795018092442375,-0.1374651393363166,-0.11680192691153356,-0.10092559264562616,-0.022982763372181053,-0.0066830428263226,0.009311491942522537,87.42545086996728,91.62169647216797,94.95427857173782,0.755643526981369,0.7903696894645691,0.8165352135822198,0.18823538242977988,0.19783573631598897,0.20892902622507248,0.779291782794915,0.8246607780456543,0.8785807099718527,21.923448192520677,21.986515045166016,22.05508974672935,44.87421715774268,53.434173583984375,62.15945838003173
4,1.067641360348095,-0.20942634344100952,-1.8308632832031435e-08,90.0,0.6536765617499116,0.36730639316348507,0.5509385897949917,22.6404,36.98053609316186,1.055328998581367,1.0674333798240752,1.0827179579604234,-0.22246232990637702,-0.20004468145624646,-0.17643200575815243,-0.02027234168707434,-0.0003335031343114221,0.01807829430537919,87.42213019407565,90.04924011230469,92.99416134523209,0.6359584138942368,0.6664659976959229,0.7000414509927091,0.3424004300965131,0.3871120898072863,0.42485719701916724,0.5361089334536455,0.566764771938324,0.6156569832354803,22.473628997802734,22.584365844726562,22.720499722740776,33.27424017702608,36.12800216674805,39.74907469555623
5,2.088929721195821,-0.08192513883113861,-7.16212289475493e-09,90.0,0.8485567345368819,0.5379361255131272,0.21204356175441752,22.9915,55.50093691871975,2.075268726164194,2.095326324965509,2.1143542057018836,-0.08674751908179928,-0.07712139463402853,-0.06798221346175123,-0.025963306277405587,-0.0068283093326107205,0.00808391856446617,87.13671399279083,92.61497497558594,99.71998164994805,0.8399730341746011,0.8560197353363037,0.8689386021372608,0.4853017317246153,0.5522500111297632,0.6422647957837617,0.18401768477223127,0.21256744861602783,0.231788030117342,22.777500898196507,22.952945709228516,23.12555460663107,53.160260423583814,54.583648681640625,56.277827559464924
6,1.0255772794024218,-0.23523366451263428,-2.0564780101040014e-08,90.0,0.6191268584245492,0.4372501996440606,0.7391823486557833,22.6847,134.6702737143547,0.9973728035901215,1.0147047416139605,1.0306089205881552,-0.257914464241466,-0.22781499436300295,-0.20270089739904712,-0.027050753955617388,-0.0018620264482706794,0.022841267209912097,87.17553127306809,90.2310791015625,93.48136099787415,0.5899305601840211,0.6287373304367065,0.6628211759379813,0.4009282970085091,0.4355241518730478,0.48908905354942905,0.7242265737511719,0.7790091037750244,0.8414286451035581,22.49397983667033,22.660503387451172,22.799140141287268,126.80704347061477,136.26544189453125,146.6186276064496
7,1.0542071536364526,-0.11296671628952026,-9.875863682395902e-09,90.0,0.796998926810696,0.42562591354388585,0.8230000311397272,22.3777,75.79672097904132,1.0257000256744842,1.051532810141835,1.0758969079613079,-0.14208973115726697,-0.10847452091330667,-0.07402772668493011,-0.03501052160591446,-0.003365721402737106,0.029246956208478295,82.02084257705876,90.83518981933594,100.48332199094692,0.7502592565713349,0.8029113411903381,0.861283866927378,0.37786308893614107,0.4077878606105134,0.4506055201303263,0.7775058150291443,0.828974723815918,0.8961810625763398,22.273648096771463,22.405771255493164,22.524608612060547,63.410117614114654,74.67398071289062,86.41015938444117
8,1.3521811148841985,-0.06434404850006104,-5.625135468534381e-09,90.0,0.879091639873467,0.8272426593035027,0.801186688050174,21.7984,60.969297468395574,1.3097217902394067,1.3525469256688538,1.3887191051642895,-0.11417635717228122,-0.07612541482734239,-0.026082831551343798,-0.04502054218247482,0.0005433295875029029,0.03381741544239229,75.72294817189123,89.75582885742188,104.43176025365773,0.7939510316428066,0.8560773730278015,0.9437185442580736,0.6900491374528753,0.7795909595384607,0.8879365339156355,0.7728092793786976,0.8387880325317383,0.9187614076375509,21.637509423889984,21.872364044189453,22.062750460155595,45.06463741402842,62.82823181152344,80.15473359437064
9,1.6232246917243498,-0.16858254373073578,-1.473795396833566e-08,90.0,0.7114751529247293,0.31624964292571156,0.8180891631489817,22.6847,47.23043199027291,1.6058813911329692,1.6173625344447455,1.628080381091782,-0.17532935065057154,-0.16380585729415326,-0.15413469339490327,-0.0066968326069993585,0.00588143481615602,0.02029405375098502,86.46352954277889,88.9717788696289,91.19316463240762,0.7013263702392578,0.7181724309921265,0.7326512346615113,0.29401649607512936,0.3103387963914704,0.3322237167900285,0.7624261831692866,0.8095451593399048,0.8517045512707142,22.617062524351287,22.68433952331543,22.736134243405377,38.38851217264257,46.9288330078125,54.364094580223046
10,1.3091361944467204,-0.21723389625549316,-1.8991190842143624e-08,90.0,0.6430696005849328,0.26141970676584936,0.6828613735064042,22.6847,69.07463599759545,1.2900519193285531,1.3027364996673694,1.3157137709179627,-0.23417034715245666,-0.2209455290115111,-0.21056875116569243,-0.014458949942067754,-0.0040963710003824715,0.008644753059296992,88.87870205608026,90.52041625976562,91.88605449134002,0.6204437757489112,0.6378843784332275,0.6520418530131253,0.2547659333869094,0.2668894467113791,0.2835888963374402,0.6483076457040069,0.7008744478225708,0.7477894485507888,22.587255101403567,22.65237045288086,22.714556660468002,64.91725150319952,69.60649108886719,73.43070186647745
11,1.083153523207578,-0.318224161863327,-2.782003960533075e-08,90.0,0.5171926493380546,0.450139165974973,0.4063334316140389,22.146,49.157099294489505,1.0666535251501748,1.0844753530290312,1.104550403615617,-0.3594746914842122,-0.33029388657860503,-0.30107518785844906,-0.029204927969687367,-0.003493053962546154,0.029177709861480175,87.4292290792524,90.30194091796875,92.42450508983536,0.4709863641125817,0.5030312538146973,0.537162423530047,0.3930620396444025,0.4227277777209102,0.4497047075126835,0.38377411318958377,0.4097161889076233,0.4401305317878723,22.167416367021882,22.231586456298828,22.33894331449272,47.811387002208754,50.09402084350586,52.125361543397666
12,0.9923637325230343,-0.17830762267112732,-1.558814766156047e-08,90.0,0.6973496241275683,0.48256169657328307,0.7925130744367275,22.7129,170.62217215759244,0.9724734170478198,0.9893956951802214,1.0074117113607144,-0.19867125628798926,-0.16941841312326594,-0.14568747883461067,-0.028236806059761123,-1.6027625568339054e-05,0.031556616402033076,85.17154910527637,90.00251770019531,94.91556799544423,0.6669817904091337,0.7099312543869019,0.7452888859226816,0.4275899576898034,0.4838045092868221,0.5652069632046619,0.7225251072548535,0.794517993927002,0.8770605263909367,22.455805816166425,22.67928123474121,22.851584685015943,0.5480508806388861,172.95663452148438,179.92633337298764
13,1.4681097773322427,-0.2883372902870178,-2.5207246068248423e-08,90.0,0.5523885072922365,0.6537154293479076,0.5707620547394875,22.3777,76.82615751859746,1.4479980339062546,1.4768129959045155,1.4923488936527236,-0.3148473380053391,-0.2852654850795864,-0.2581480959811299,-0.01918772609638948,0.0077029856601628964,0.032575738129340975,86.76947690108152,89.24500274658203,91.95076708062409,0.5209378592988293,0.5557257533073425,0.5894758066324713,0.5877639546352484,0.671306335729113,0.7728749958234659,0.5196139031462809,0.5741856098175049,0.6344186168243969,22.168389397355128,22.372629165649414,22.539220335752255,70.22533905516362,74.742431640625,78.9696134736249
14,0.7764883316823842,-0.16435091197490692,-1.4368013445675842e-08,90.0,0.7176952163792973,0.42392096293297543,0.6068645084311272,22.6847,178.03553424685452,0.7695170273652769,0.7825900816155991,0.7958255666057191,-0.2050305122082086,-0.1788708816156482,-0.1517384655305139,-0.028608699730558615,0.0003215717168262347,0.02957882436259547,85.25761990671393,89.95006561279297,94.53063821196726,0.6591874691486688,0.6960722208023071,0.7357054807343244,0.3776368596008952,0.4315329202463586,0.4806884665340677,0.5412834571379034,0.592291533946991,0.6445978909113832,22.537602487219083,22.677520751953125,22.84734636174986,0.16041599786132527,177.09405517578125,179.9918670654297
15,1.2751068878560876,-0.04032979905605316,-3.525743030863282e-09,90.0,0.922467279293493,0.3030893094564397,0.6421837113952271,22.7516,136.56071132883378,1.261044340669222,1.2714964786541514,1.281254274536832,-0.05918675987800786,-0.046707817388847786,-0.03427698992571208,-0.013578443284070025,-0.0019092910949923521,0.010349149744748308,83.26383720280131,91.18380737304688,98.97392976730018,0.8875829293090136,0.910621702671051,0.9336422774585554,0.27368237554994784,0.2930735468586948,0.3164580603206216,0.5767483031943916,0.6110801696777344,0.6491732597351074,22.714920900426,22.803104400634766,22.888796332873444,134.21997598320567,137.513427734375,140.7064786290323
16,0.8544285357898213,-0.18524765968322754,-1.6194864116414465e-08,90.0,0.6874110482697527,0.3628213649943511,0.9444210190028501,22.7618,44.23002787385678,0.8383227395689204,0.852833344862577,0.8649461161595872,-0.21286033852273542,-0.18380024973683828,-0.1572963654023038,-0.02385246209597207,-0.0011672456116474817,0.02441064284605818,86.11554352319837,90.17818450927734,93.97099707732207,0.6487585246411252,0.6893341541290283,0.7274881581561766,0.3129079430849477,0.3437921602229383,0.37512393526460636,0.8674877569014631,0.9481505155563354,0.9930011107666467,22.684707140354902,22.80413818359375,22.935504823725687,1.6306795861545405,38.693382263183594,177.971837376039
17,0.9114876566610283,-0.29113703966140747,-2.5452008500792545e-08,90.0,0.5490222336400077,0.4985355792012633,0.6736005021344778,22.1036,95.20633006467902,0.8800149974162379,0.9018889128144951,0.9227893451920248,-0.3584287997070068,-0.3150956514498638,-0.2660061815226951,-0.05308910401935364,-0.018209657231359352,0.009095130187839678,89.15241396896016,91.65068054199219,95.17052613953183,0.47228225743502145,0.5195461511611938,0.5791940317067024,0.46857739098200973,0.5091098872094348,0.5483174552876837,0.596634264000207,0.637565016746521,0.6800762414932251,21.951476991189466,22.0587158203125,22.169000001313204,92.31624457749068,98.27374267578125,102.20175402554156
18,0.8126393898210077,-0.15471409261226654,-1.3525535358382967e-08,90.0,0.7320304766311161,0.40770085684278323,0.6503501320104876,22.6404,54.31530237341132,0.792853771486567,0.808226486481907,0.8226484219023956,-0.19169660733418561,-0.16455088184807437,-0.12817556985120468,-0.03359295470908919,-0.004141468956295764,0.02681168565169526,85.42062996146538,90.73779296875,95.5724874542912,0.6772985522809462,0.7158901691436768,0.7718530282667504,0.372899863453274,0.41069258609126,0.4661116343303077,0.6281536262568754,0.6829702854156494,0.7384893532210843,22.510562756977258,22.65862274169922,22.792301751462034,46.11815645668454,53.27500915527344,59.97934092476127
19,0.9646031364309154,-0.30225855112075806,-2.6424281429626717e-08,90.0,0.535793343377445,0.44029978571408107,0.8823407049131771,22.7044,85.66165035214847,0.9509283245927574,0.9616703526216911,0.9736531083166964,-0.36668476465840827,-0.3224946294397703,-0.2885030165054323,-0.01958544514021532,0.0061437754584223086,0.02962425844877178,87.36944005090123,89.45085144042969,91.7228586160306,0.4632796810215172,0.5121158361434937,0.5520619367660348,0.4045657567389368,0.4546818528541976,0.5204874215015506,0.7499820257093276,0.8196500539779663,0.8934948777321902,22.488843531044516,22.6533260345459,22.804784461753883,83.46823090267077,97.61527252197266,108.29380696488168
20,0.9726784505528232,-0.1778414100408554,-1.554738915388043e-08,90.0,0.6980214724762532,0.5996996408877996,0.6008384800390904,22.1036,111.95343896335987,0.9373894673943233,0.9602417803052515,0.978550830465055,-0.2304047260905372,-0.18484132164692912,-0.14593312128891828,-0.04420065019606737,-0.010482216842111002,0.022129928039579937,86.60292543184346,91.56590270996094,96.20988917990923,0.6241362821018809,0.686974823474884,0.7448163636351102,0.5411751425773567,0.6178856622283134,0.7087775566185291,0.5274599982693676,0.5714867115020752,0.6155229998994388,21.897591472808923,22.050458908081055,22.22828867749731,108.64481596207216,112.29914093017578,116.16179382457891
21,0.5829813258684887,-0.08745377510786057,-7.645452271276554e-09,90.0,0.8391586383614436,0.40719653655758614,0.9248148897042716,22.5481,75.71669814970875,0.5748903534019398,0.5930316645931446,0.6074420888533043,-0.10465419932039843,-0.06149189376916066,-0.014174024311904194,-0.051128545172413435,-0.0057062766535171386,0.04274374071020062,69.24870252628601,92.62193298339844,120.1909674668317,0.8061342141741542,0.8793120384216309,0.9486032196464096,0.3382197946861872,0.37990581234512405,0.42676711258098715,0.7997542294626968,0.9049632549285889,0.9813661981170456,22.469079035573404,22.669658660888672,22.860314946529822,31.74432453338795,71.49861145019531,159.6575164794922
22,1.452297024570564,-0.5375048518180847,-4.699016642462084e-08,90.0,0.3008088976445531,0.31342165230487257,0.9237850906865255,22.7044,58.48061353715123,1.4318385023405422,1.4516216483440791,1.4670170037022647,-0.5737885985352827,-0.5405360313113048,-0.5125589741266596,-0.027785679285350313,-0.011351686904761571,0.004226034244615842,89.76976579831252,90.60070037841797,91.44917873344706,0.2707914840373336,0.2981302738189697,0.3220989901108703,0.3117206735335986,0.33572619479762433,0.3602777597713375,0.8671531923360567,0.946352481842041,0.9963121653697965,22.542003631591797,22.638011932373047,22.72453062804608,2.8872707371554998,72.21173858642578,176.11328323987235
23,2.096706117982622,-0.1669020652770996,-1.4591042152289901e-08,90.0,0.7139398958631971,0.8057750223307555,0.5549083284767913,22.0012,158.87509635877655,2.0689634526591876,2.093263139938327,2.120502271366609,-0.1898387934382679,-0.16573630797872022,-0.14494337914898525,-0.02955577553305002,-0.005236233839986499,0.01480961310030808,87.58913629741033,90.91967010498047,95.22474621812172,0.6802409196507675,0.7154041528701782,0.7462062688259042,0.6969668698439851,0.8045475564205806,0.8996229915356662,0.5030191158390461,0.550270676612854,0.600146208597435,21.867317838404887,22.005104064941406,22.199512788626635,153.81966294763612,157.54066467285156,161.0042030079037
24,0.8896178655066888,-0.41404521465301514,-3.619698318857445e-08,90.0,0.4143819289627141,0.4266765224746124,0.5220548437805849,22.6847,75.23974093783039,0.8761948580622061,0.8870712247920531,0.8961747533001373,-0.4595570154825837,-0.41568838383169804,-0.377922602998438,-0.02968026312966416,0.002032568109100181,0.028327815862952493,88.06944050560321,89.86460876464844,92.05914353227298,0.3702630539152292,0.41258981823921204,0.451417879397806,0.4014851338524613,0.44487146886984474,0.4828302644938709,0.4703368452568024,0.5035027265548706,0.5469452474865292,22.515978696621264,22.618118286132812,22.754732816763646,72.39314313061716,76.1436767578125,79.46202090726943
25,0.9132884665818864,-0.19868046045303345,-1.7369197635730416e-08,90.0,0.6685013760481081,0.3531933340014071,0.7834459351181668,22.3777,16.48048408202062,0.897605725963736,0.9123042566967241,0.9324988267521795,-0.25754895078296725,-0.21949844968521875,-0.18484963688104428,-0.03517683891494491,-0.0023814786659523803,0.026885108424463504,86.1501264675099,90.30906677246094,94.39395900045089,0.5902259152533947,0.6398329734802246,0.686785346272956,0.3255116563720863,0.34795504497795754,0.37036112830183426,0.7543394266449629,0.8047565221786499,0.8586178767497965,22.2912895357611,22.36650848388672,22.459219611490482,8.772189673471772,17.783477783203125,25.973409091221367
26,1.7526802612123749,-0.2033228576183319,-1.777504898825555e-08,90.0,0.6620643234745345,0.40183308879567653,0.8295064884986985,22.7516,17.18443803031015,1.7373212595739638,1.7490812277557755,1.760591873454666,-0.21555538010428982,-0.20095353909050356,-0.18869121907730954,-0.01049546865568569,0.00015456147532985946,0.011778972809890174,88.3300689956214,89.97807312011719,91.53747939476756,0.6453311907250847,0.665275514125824,0.6824998228732102,0.37756621007851005,0.4176915755571359,0.4672477533640415,0.7399329828405421,0.803224503993988,0.85090925491932,22.56573106062346,22.70590591430664,22.82286205438866,13.462778795130282,20.517833709716797,29.11300921502997
27,0.9778422903267653,-0.10646547377109528,-9.307507653488756e-09,90.0,0.8075575304224333,0.48309941737053913,0.3159664144587494,22.146,67.10370016268517,0.9307413132117944,0.9621152620841336,0.9872478965458489,-0.1453995035155486,-0.10731264316929834,-0.07581020567878533,-0.018238549371779704,0.021817972416398265,0.06476761309335531,75.07464114014637,84.18272399902344,95.00561140773944,0.7396900580271323,0.7994271516799927,0.858829140663147,0.4447439486673065,0.48390451366865006,0.5247299903432057,0.2980865549338729,0.3228449523448944,0.3509875495121765,22.034521524970327,22.134056091308594,22.239325928423977,64.41365394619635,66.5199966430664,68.16771142082014
28,1.1470010194126459,-0.14476579427719116,-1.2655827497098926e-08,90.0,0.7470822598746867,0.5584203149475366,0.37921735168760784,22.0012,152.28226092992202,1.1531155977403382,1.1742185770119287,1.1931295600824794,-0.18300969137746154,-0.1628608613857483,-0.1382788609287568,-0.030404852088245574,-0.00363853329737135,0.02372905136141358,86.01457531811032,90.6500244140625,95.45721922677204,0.6902734045976374,0.7195901870727539,0.755860555856927,0.4907325862580951,0.5303365022090746,0.5715767664559513,0.3557901922305107,0.38157927989959717,0.40675132228040217,21.986820227953178,22.07552719116211,22.165430573183215,150.49809946903338,152.27447509765625,153.89301226445218
29,0.5563439451038961,-0.16277316212654114,-1.4230082001631672e-08,90.0,0.7200259407701188,0.3463396914410509,0.7347197933398194,22.7044,125.69037727888328,0.5359343449801557,0.5514306321663353,0.5703473613011572,-0.19325721722299863,-0.15257343516926605,-0.11269162652852335,-0.04694399472004229,-0.0006621903474609139,0.04362618450181324,81.97687634476011,90.13648986816406,98.33627755948189,0.6757688346887604,0.7333230972290039,0.794198779929792,0.34031180374655096,0.3693270257891921,0.40450060436511537,0.7245306344764557,0.7851264476776123,0.8680306534169592,22.499176648243246,22.60803985595703,22.72093020868152,110.74058370918593,122.38307189941406,132.92083149022983
30,2.254903327945907,-0.1913004368543625,-1.6724015949876048e-08,90.0,0.6788376235600577,0.5953352282989927,0.811201758417709,22.1036,13.361829111849557,2.224064494273408,2.2597828318256967,2.295088491632212,-0.21784602791602956,-0.19406435836594293,-0.171332318710489,-0.03300526922568565,-0.010008034208415256,0.00940533711348521,88.69702669269604,91.46347045898438,95.06293383043695,0.6415354619090666,0.6745119094848633,0.70521676971663,0.57485947597357,0.6193772086157489,0.6728014986361454,0.7676475216451921,0.8316096067428589,0.8948514749343857,21.927103830885454,22.042978286743164,22.168057128196104,0.37104982308292817,10.32880973815918,179.8526973854705
31,1.0126896429359307,-0.15508337318897247,-1.3557818867582228e-08,90.0,0.731476740238115,0.4426920054260314,0.9642987341235585,22.9067,63.19571447272969,0.9962026928862147,1.0107434224013074,1.0265001132670761,-0.1739697317054205,-0.1444135651227798,-0.11988373191702108,-0.027368868631403354,0.0026419958708991283,0.03293392373822905,83.4102129204775,89.49873352050781,95.12411324194895,0.7035873850581713,0.7466293573379517,0.7842985145813123,0.39282118637521524,0.44269884819473804,0.5083717366113304,0.8544118528451848,0.9489372968673706,0.9944486430784581,22.71286329803871,22.8970947265625,23.08177371069337,5.189342731011532,99.69633483886719,177.56682046390105
32,0.8817954172189701,-0.0802244022488594,-7.0134400509402894e-09,90.0,0.8514671573492194,0.2413160393309545,0.5272284498907548,22.7815,128.5886397773241,0.8776571731183216,0.8914529322387938,0.9068730803256915,-0.09776788930265279,-0.07743083690651295,-0.05713181252977705,-0.019750721850557318,0.005513442713240176,0.02937107995962026,78.1985580926084,87.91861724853516,96.8974325564034,0.8213267748993681,0.8552083969116211,0.8915520341827006,0.2236462933795743,0.23898719434816013,0.25291864296806776,0.49736507970301075,0.5283912420272827,0.571055024275793,22.71686367120963,22.79180145263672,22.889471536045093,123.75952509104091,126.70863342285156,129.48437693364988
33,0.572671769568084,-0.3310113847255707,-2.8937934715145275e-08,90.0,0.5026167326515008,0.36070809932213876,0.8056097045644421,22.7044,40.57750920562387,0.5664334265954656,0.5817352874918549,0.5984946021755654,-0.39569473057059473,-0.3503083192175336,-0.30525489855434407,-0.05605415287427936,-0.019129850665133792,0.029338057956012985,87.63775966610869,91.56837463378906,94.55410585746031,0.4328851788083428,0.48017439246177673,0.5307103802660622,0.31099996586413836,0.3412347883843374,0.3767993262282802,0.7348859302443537,0.8213721513748169,0.9035070296533253,22.662169082985944,22.793502807617188,22.92449982497847,33.436288803707484,49.19889831542969,63.24864353865781
34,0.6663585828542048,-0.2782450318336487,-2.432495271875723e-08,90.0,0.5646452440924898,0.3176713709667576,0.7937091535067915,22.7129,20.926405646835462,0.655087375911503,0.669820883138474,0.6878636311761396,-0.3141162788868171,-0.2809997565071328,-0.2514794977690903,-0.019555393356819026,0.012947930315890893,0.04288757393305825,85.64640599310862,88.67455291748047,92.07058715820312,0.5206843336174083,0.5605523586273193,0.5970483739485801,0.26449822715563076,0.29126074932446194,0.31538087121228714,0.711003479469091,0.7810424566268921,0.850658820750747,22.68176126458714,22.806049346923828,22.939759614156447,13.732569376853633,22.2381534576416,33.324683487810496
35,1.9928453895998781,-0.03344956785440445,-2.924254172143037e-09,90.0,0.9352661842466959,1.0923903017345669,0.8222672976039018,21.4868,132.90740448876693,1.9161372181551715,1.9740624927834953,2.02922895894909,-0.0728046884013041,-0.035499704363846765,-0.001333298566149522,0.005285098322508608,0.04313656100228273,0.09530422941124365,45.799747467041016,65.28524780273438,86.12441306591103,0.8129737367353855,0.8904353380203247,0.9467933439778438,1.0236720348498436,1.1124686785051816,1.23220536973427,0.7899514872132011,0.8600112199783325,0.9351631195092722,21.271701756352513,21.415363311767578,21.551785631401973,107.63701267819175,125.16206359863281,138.59353960373218
36,0.8681289997472049,-0.1181507259607315,-1.0329064714653668e-08,90.0,0.7886676252400108,0.529223296266807,0.6666694487906216,22.2988,74.9404883527641,0.8432444465069484,0.8693540544882641,0.8919907651064541,-0.14422715198436084,-0.10437167632138894,-0.062075482478423254,-0.061706402722207974,-0.010365925965367763,0.03632384908032369,80.77111721972776,92.89382934570312,105.82324683045495,0.7451983839895888,0.8082780838012695,0.8817201028671223,0.4962967162272121,0.5588832530552783,0.6413251637612438,0.6106976926228563,0.6732522249221802,0.7633787463852769,22.015708176736744,22.218494415283203,22.410608908994988,66.05779534394952,72.62108612060547,79.95377346933354
37,0.9093693507522889,-0.13785618543624878,-1.2051770248433513e-08,90.0,0.7576913678043291,0.3065296704186515,0.454924605701735,22.9915,39.71962502022191,0.8940089581499793,0.9084262314328172,0.9205651650702592,-0.15286391416823836,-0.1380238459289228,-0.12090022889417204,-0.025424612097189044,-0.006533824254825805,0.013486837185868667,87.13350416604202,91.34452819824219,95.31268149787846,0.734530900512001,0.7569992542266846,0.7840791281038766,0.27526180133800543,0.30408580831950927,0.3359298796035801,0.4133268571082686,0.44187861680984497,0.47250149908012046,22.863334754127656,22.976673126220703,23.083852142652706,37.24214117130597,39.56813049316406,42.01799122096952
38,0.7279348379270868,-0.10524792224168777,-9.201065687136634e-09,90.0,0.8095487543369627,0.21668596221039885,0.7932393419796331,22.7618,70.48415263692382,0.7022799624862858,0.7229479520845861,0.7430917835303832,-0.12674374338655506,-0.09151512058000758,-0.05639490339792335,-0.03137047527012257,0.010406226478143415,0.046275792696990385,76.40615135916427,86.74530792236328,100.00287700568052,0.7740880175086813,0.8293352127075195,0.8932185133607298,0.2032691181662037,0.2159023093656878,0.23175355175073947,0.7771798092834967,0.8405048847198486,0.9022283555476461,22.660453971261926,22.757373809814453,22.85067750646849,59.527743613157654,72.22846221923828,83.62130818392947
39,0.6493307699704026,-0.2267342507839203,-1.9821737140546247e-08,90.0,0.6303449590401569,0.43856996027377504,0.4397914550987966,22.5088,162.79725278576595,0.6292050541759207,0.6490039502941839,0.667685484823341,-0.27628637132667994,-0.23730441289641224,-0.196793516013473,-0.023917273880945895,0.017395872303497713,0.05180475048115062,83.94591333567624,87.93644714355469,92.9397833238244,0.5652195254624744,0.6153314709663391,0.6700318973408841,0.37276128846096707,0.41675201334303663,0.477514192694583,0.4054697839976315,0.4470776319503784,0.4978451876666416,22.42026339462709,22.566844940185547,22.72753289263224,159.90826332460568,163.54067993164062,166.5582157155958
40,1.4877315240420146,-0.34840697050094604,-3.04587040034221e-08,90.0,0.48323172469673126,0.581444935965876,0.7145222351778866,22.3106,89.63013999689001,1.4576424004619428,1.4876860910793934,1.516096905812242,-0.3754770519030932,-0.34348070502239725,-0.3127347506267522,-0.039531930964702436,-0.004727048514847098,0.021361694362532,88.2365017941862,90.40556335449219,93.26711090113274,0.4539841011592897,0.48837244510650635,0.523334378488574,0.525578062871656,0.5798903103651174,0.6509671951554427,0.6543219363455653,0.7245273590087891,0.7976743540783899,22.163220642973545,22.299497604370117,22.43796053688495,80.13035534815954,88.03507995605469,96.18962388564378
41,0.9291754247986292,-0.19696108996868134,-1.7218885872694045e-08,90.0,0.6708980873365131,0.4422317080386615,0.7101199545345034,22.5088,174.48290194795237,0.9124172127743705,0.9342082827112502,0.9537708154155506,-0.23649029918214276,-0.20514090808556468,-0.1758639740280086,-0.025641121381907203,0.006253008924238253,0.041037586808873226,84.22289495387105,89.1309585571289,93.61321137907917,0.6166875545486858,0.658717155456543,0.7003434693648413,0.4063046186239341,0.4394563646475086,0.4811345154939378,0.6477572727717249,0.7058701515197754,0.7716635306303378,22.414416232895245,22.530696868896484,22.647053536413555,0.13521017134189606,175.4593505859375,179.92318895785354
42,0.7226595812729574,-0.1767430305480957,-1.545136640856981e-08,90.0,0.699606407696246,0.45686863082986207,0.6050966566659239,22.3777,130.5048700460389,0.6982133676815486,0.718283330089678,0.741291582685075,-0.21581209974789992,-0.17873305014757432,-0.1405127196926422,-0.04750638883196693,0.010445385468388906,0.05954721551092411,80.3242654693699,88.34820556640625,97.37832781186094,0.6435827364965493,0.6949529051780701,0.7531942198886782,0.4264430065600229,0.4633415707899696,0.4942388804515945,0.5778402585553507,0.6299848556518555,0.6925536844896436,22.256957569435556,22.348548889160156,22.46280464367082,123.67951167706441,128.86563110351562,134.60244062449593
43,0.640719127177771,-0.14060302078723907,-1.2291906159589416e-08,90.0,0.7534584513448699,0.20337228964628895,0.7253075522018311,22.8483,155.40087903485122,0.6381682704299857,0.6532086509504673,0.6708270778609389,-0.20250503360736277,-0.1667224452571668,-0.13089746232295352,-0.049878312106360026,-0.0093025777685127,0.0210398647095368,85.96322508667802,91.65966033935547,98.68930479129435,0.6616838761302319,0.713266134262085,0.767237793263925,0.18816651287849384,0.20314923142712776,0.21661420096493475,0.6715300121047816,0.735446572303772,0.8056689721267377,22.765878677368164,22.88005828857422,23.012704849243164,140.24799963931898,148.66903686523438,157.24994329607713
44,0.8941662944002364,-0.1223539337515831,-1.0696521002273585e-08,90.0,0.7819690744654304,0.24615783822011947,0.5668894976026249,22.8826,167.19669571785556,0.8786928311634292,0.8909589239221415,0.9036761866471852,-0.13689888274633807,-0.11870420795364875,-0.0946631411720932,-0.0274334506918684,-0.003968662885437546,0.01631128867150762,85.86734752918721,90.97269439697266,96.86102329492329,0.7578827608996928,0.7874176502227783,0.8265084155916866,0.2319793776667473,0.24928598815990613,0.27050942066704003,0.5203962311427568,0.563938319683075,0.6065174908894315,22.79201369731078,22.88663101196289,22.9808639590248,161.6481896076373,165.29476928710938,168.77318440400398
45,1.5393944380918578,-0.24919018149375916,-2.1784897441534667e-08,90.0,0.6010372428729889,0.4798077706370189,0.7890446970877049,22.3106,4.704785733426444,1.502595949557852,1.532876478868158,1.5628267940118086,-0.28696580920428383,-0.26194122453911617,-0.23464085286509995,-0.05643969683028049,-0.017944811151734606,0.019494843103799273,87.83186035599469,91.91680908203125,96.0259149834536,0.5533833220469757,0.5835211873054504,0.6190480110060198,0.4435863614385626,0.4873229122037311,0.5460998413622564,0.753607611055799,0.8196980953216553,0.8929505971590069,22.172271435217997,22.29694175720215,22.41091995373486,0.23795374645091605,6.928855895996094,179.9593117723989
46,0.7593135840958797,-0.3371162712574005,-2.947164112754308e-08,90.0,0.4957562453832737,0.36644406600237406,0.5438317590559663,22.7516,51.023315991721496,0.741479810157641,0.7577278374546644,0.7834308637180573,-0.3823311843900923,-0.34781097429502716,-0.3170337382917736,-0.049466081051729276,-0.010430721139083523,0.023655993966307146,88.11704175102135,90.87167358398438,94.06241312107136,0.4464897324560131,0.483418345451355,0.5180186596133978,0.3365142009086003,0.36814631833424066,0.40197268491848215,0.4698903657712677,0.5253819227218628,0.582257523385376,22.625023895304984,22.752422332763672,22.85868924640793,47.58265185439702,51.926795959472656,55.36601082573452
47,3.1245386349220174,-0.22922618687152863,-2.0039589543330294e-08,90.0,0.6270398522759699,0.45707537727113734,0.8622045651897219,22.7815,70.64573981989298,3.1138200712367516,3.1233601339957877,3.134431305764802,-0.23547413200694517,-0.22635662332772677,-0.21919723104164923,-0.011957825879160321,-0.0035984387040090063,0.004274480040285433,89.4583049409997,90.45112609863281,91.49839879075057,0.6187416900192367,0.6307830810546875,0.6403775270540504,0.4207542186094354,0.45095953134313527,0.4866338797511889,0.8199483681075402,0.8674176931381226,0.9164570887087367,22.704028577438386,22.78406524658203,22.876850197443858,43.406931798298544,60.62611770629883,75.8172545222363
48,0.6018742580601859,-0.053032878786325455,-4.636281580872037e-09,90.0,0.8992759280843683,0.23442665832523657,0.3550692140421442,22.9915,14.791709143218064,0.5938928877572581,0.60213580958605,0.6119626235576202,-0.0946385547920119,-0.07579690280611134,-0.05494421817963348,-0.029858303058048534,-0.012599134287783944,0.007064372217592531,87.1167568401196,94.86320495605469,103.13574981689453,0.8238630833100382,0.8575191497802734,0.8950401046777523,0.22194006389285723,0.24003398465116277,0.25892023922617674,0.3399004994522324,0.36130866408348083,0.3890385578707722,22.858724054545444,22.940757751464844,23.035745295661673,12.721953557031329,14.219388008117676,15.853993263569462
49,0.5715447197897556,-0.335843950510025,-2.9360410991330355e-08,90.0,0.49718085458646866,0.2836096605365875,0.37833121688348403,22.7815,51.11288476526521,0.5584426418980971,0.5760125613761042,0.5955284866054458,-0.3710771785706721,-0.3321848233948892,-0.2988923967930915,-0.08406395110700159,-0.03358804270093774,0.018711457761639176,88.45450358903166,92.89886474609375,96.97667428249825,0.4572607797334408,0.4988245368003845,0.5348654248652235,0.2434715423292161,0.26395671650815977,0.28828022408973547,0.3805240917355539,0.4119017422199249,0.4403027784794115,22.750590824598536,22.86388397216797,22.970646564428773,48.204116546287,50.7166633605957,53.57843610001469
50,1.9294569897191314,-0.13755427300930023,-1.2025376250335285e-08,90.0,0.7581578657809838,0.46097577640563897,0.6631078457087551,22.6638,38.6131193486145,1.9099035147451118,1.9245853814539218,1.9378602729954435,-0.1451088195587434,-0.13395368000219676,-0.12314148346033703,-0.00841689108886495,0.0030770891481017764,0.0164163120678325,86.45570134085794,89.3414306640625,91.83145985502719,0.7462787497346272,0.7635623216629028,0.7801301513962817,0.4006360196655229,0.4384783149890794,0.4827981426149835,0.6004902567647025,0.6425583362579346,0.6840932153600087,22.628320320512625,22.750492095947266,22.86695254232866,32.926457194663406,36.96788787841797,41.75533353786097
51,0.5074916104329275,-0.1857205480337143,-1.6236205269137827e-08,90.0,0.6867380832432342,0.3533997559448676,0.9339622784632113,22.7815,123.55391295193965,0.5008246797492485,0.5138976158056608,0.528916612500736,-0.22522008816816616,-0.18746131070093844,-0.14427963690363832,-0.05374210060510491,-0.012655858067500551,0.031118776046459847,85.32529072028926,91.97964477539062,98.5862311191282,0.6316558214401539,0.6835193037986755,0.7472646354795232,0.31844514675471197,0.3540992849953466,0.39341654626495737,0.8841585644970825,0.9543672800064087,0.9921355488860029,22.67278667797258,22.799915313720703,22.960515327048224,0.046874143183231354,89.82266235351562,178.52595459051935
52,1.8206198169377619,-0.11077230423688889,-9.684022472811193e-09,90.0,0.8005490300131316,1.1431581492447425,0.30496359318182564,21.7607,170.0193618264734,1.7881126692540519,1.8300346445080105,1.8811248622472172,-0.15023709112615474,-0.1076627680224577,-0.06579133186017155,-0.015095547812267135,0.00834155702647345,0.03007855247277134,82.18661141577238,87.84310150146484,95.22838592529297,0.7362463857297651,0.8047987222671509,0.876232113301236,0.9287026753661235,1.0589089114063888,1.2134456324209182,0.28435060192557265,0.31787413358688354,0.35369180080124524,21.67803855614938,21.86750030517578,22.07434286253438,168.10678063824153,170.68609619140625,172.91594814166203
53,1.1869410632821955,-0.1978127509355545,-1.7293340093260667e-08,90.0,0.6697100510849164,0.5586801977856461,0.7838543443888036,22.5252,33.71791037552043,1.1667940622173676,1.1866390375821068,1.2090904056823741,-0.2316181093044344,-0.20092339154069647,-0.17442235649604357,-0.03705332349839075,-0.007653140120430247,0.023508260528523697,86.48297817205845,91.09896850585938,95.28595887581149,0.6234474354185949,0.6641568541526794,0.7021593993121821,0.515351897246439,0.5745891754542176,0.6661519662964174,0.6962561593955746,0.7538118362426758,0.8274397328580427,22.323316428689644,22.49972915649414,22.664397005490283,25.876373291015625,35.323219299316406,47.17414750068234
54,0.9114378465410725,-0.15379007160663605,-1.3444754642932821e-08,90.0,0.7334175812267694,0.3094180571062591,0.5572872518996641,22.7645,157.6350434854972,0.8965568042976908,0.9063102597268071,0.9179250381030053,-0.1581248881674622,-0.13849683564622783,-0.11452975504972869,-0.028503365316643138,-0.007264291020157239,0.0099701046541805,87.94915167279349,91.49153137207031,95.78272026161412,0.7264312798809327,0.7560737133026123,0.7941947549408336,0.2710010181110728,0.29165286455530043,0.31282240422464186,0.5059333351883742,0.5397171974182129,0.580134994113538,22.736741157222365,22.831218719482422,22.928724130066005,153.1771835820332,157.03683471679688,160.2287531565021
55,0.9862446613856733,-0.1482207328081131,-1.2957867667751088e-08,90.0,0.7418253646989323,0.6121353709269616,0.9143701073006378,22.1036,83.01280274875538,0.9584857853799504,0.98934768306813,1.0198723282252629,-0.19960832744406018,-0.15437893268021083,-0.12410938279659306,-0.03388503293405235,0.0037085771688617052,0.048130917451484706,80.94775008335374,89.26339721679688,96.24838093434627,0.666110805163304,0.7306115627288818,0.7782349874954003,0.5381077789921519,0.5899203403798279,0.6477014595127403,0.8229205665987073,0.8993659019470215,0.9769091442132096,22.028722396921438,22.15736961364746,22.302694751971966,53.577879864882824,78.04400634765625,102.24625076695006
56,0.741607069149584,-0.3292226791381836,-2.878156024621603e-08,90.0,0.5046387728586194,0.438698908115269,0.5880052884737186,22.3777,48.91754104942463,0.7266958452817397,0.746301648694302,0.762817826703651,-0.3931312978212447,-0.3399825699461863,-0.303418272233985,-0.021463701160408615,0.014939028549719614,0.0458122039105948,85.77735045381672,88.7506103515625,91.76641624332309,0.43563807296318235,0.49184155464172363,0.5319016078165724,0.40429933669624313,0.43785966732185466,0.4740673208255802,0.5551062389706267,0.6056007146835327,0.666981844104428,22.271392869506826,22.382732391357422,22.48855221321725,45.372087744251466,49.25564193725586,54.47265835722403
57,1.072852262058199,-0.027268238365650177,-2.383865105315408e-09,90.0,0.9469111617430171,0.3179953111275323,0.6662423016376994,22.7815,132.07512522277418,1.0575221151236316,1.07297173926779,1.086295040756458,-0.048231263331758464,-0.02792342159956946,0.0013478731305240307,-0.021562849597819646,-0.0003619690830914717,0.017912042271342,37.484299253537216,90.37537384033203,119.29447261595875,0.9056039449741898,0.9441075325012207,0.9927498943277718,0.2926098856029499,0.31346424687352026,0.3383144434855641,0.6316637706251159,0.6724948287010193,0.728169081395168,22.676206117216573,22.784862518310547,22.90450310068033,128.4892796712117,133.88121032714844,139.63438050611595
58,3.0943258077644393,-0.12007106840610504,-1.0496946423188547e-08,90.0,0.7856009846344147,0.3118217621514833,0.8595511529433346,22.3044,129.47259916855901,3.0776207599443235,3.102491334284733,3.129371553848455,-0.1262481549911839,-0.12034158666021628,-0.11643293459505619,-0.03408916940077814,-0.013467593829113483,0.004820945221907478,88.85448191184302,93.17090606689453,98.01949199101585,0.7743029563982424,0.7835606336593628,0.7909054648819033,0.28413461105437277,0.303356521373111,0.32469957604626154,0.7628413487778634,0.8085261583328247,0.8591282222482095,22.27317684565249,22.34905242919922,22.429495230328484,122.08101679465211,129.33731079101562,136.88192664507883
59,2.0866116468692475,-0.4126218557357788,-3.607254939197446e-08,90.0,0.4158070666927769,1.0227499046745867,0.6783952757364833,21.8278,144.66047078457058,2.04172691504559,2.0826615213407336,2.1184544696651293,-0.4547627588331291,-0.41822356171176667,-0.389655331134764,-0.040155616987175506,-0.009560892246487228,0.021499191640214514,88.49493932477625,90.6441421508789,92.70690134281588,0.3744251299335568,0.40991735458374023,0.43864536876704746,0.9113286229587139,1.0224637390866933,1.1275925754930378,0.5774625103310647,0.6473151445388794,0.705590766555249,21.691120712038174,21.818700790405273,21.96307179424093,140.95493161082896,146.5999755859375,151.92066246336128
60,1.8699438069763792,-0.14780932664871216,-1.2921901770823752e-08,90.0,0.7424496902019482,0.3135263532263354,0.7555017683995563,22.2828,93.95222942594701,1.843667244305599,1.8851748528519374,1.9223089670036526,-0.19098274619381056,-0.1664352008542705,-0.14273760519397982,-0.04999116309611042,-0.01843506033718149,0.009605929730884852,88.2362944587363,93.1841049194336,97.87008405659432,0.6762149441992188,0.7128323316574097,0.749503613151848,0.2823331516146654,0.30491014951324175,0.32791734803737965,0.6396310264060996,0.7067111730575562,0.7657882007185902,22.22364348507082,22.33670425415039,22.468820758969652,87.39648371001373,95.59121704101562,101.40288226990147
61,1.458826372704486,-0.2652078866958618,-2.318521019617492e-08,90.0,0.580767873804279,0.6006885912779479,0.4312569662728737,21.7984,91.40151403079678,1.444120747478115,1.4563957282757227,1.4711284876881037,-0.28982564078940415,-0.26143582543155763,-0.23396161321149964,-0.02215709815459076,-0.005709043456994578,0.013134443038833828,88.6258586237003,90.63050842285156,92.41902923583984,0.5503481339470592,0.5853930115699768,0.6207588315501364,0.5620678611108773,0.6117020674177334,0.6811432930748573,0.4032690958196743,0.4294569492340088,0.4569247081800874,21.637919337454495,21.769243240356445,21.877722081241174,90.09602747042784,91.99742889404297,94.54237479232629
62,1.240459559612736,-0.08885951340198517,-7.768345078318362e-09,90.0,0.8367842413249073,0.5510509674334306,0.5506993348908638,22.2824,166.0376505349625,1.2104306466985904,1.2361230772394882,1.2568004322163744,-0.1250042941093325,-0.09422633035544611,-0.06520865232200383,-0.03218164793018197,-0.0018422428394703802,0.021894766508191454,83.52127705975082,90.51426696777344,99.28722516497967,0.777639781569577,0.8270214796066284,0.8759169786074454,0.5101229155705519,0.5750204707090611,0.6300236191983201,0.49335163520220787,0.5414825677871704,0.5922030820792024,22.113721206086215,22.234390258789062,22.381425844604376,162.9217129584502,167.0655517578125,170.51601216155976
63,1.5528382737390187,-0.13968491554260254,-1.2211643252157955e-08,90.0,0.7548709891779537,0.2165249571990864,0.7761940156095676,22.6847,0.880674408462685,1.543392973953856,1.555414589822535,1.5683943007359935,-0.1590079112259637,-0.14147261650539222,-0.12656622743092763,-0.01046352519594471,0.006564157258054147,0.026824563972066142,84.05430974501073,88.65316772460938,91.8882587252606,0.7253920915935834,0.7516353130340576,0.772605590849255,0.20588723934210937,0.2162773820565743,0.22754213825872885,0.7266943149267567,0.7635505199432373,0.8160215391079717,22.636201236273482,22.685169219970703,22.73129413186138,0.00730846141498786,3.1125826835632324,179.9791173587197
64,1.571766749371205,-0.11568718403577805,-1.0113694770552684e-08,90.0,0.792617166885331,0.4097952433833127,0.8720258870805858,22.7973,109.16185220043293,1.5626918942644143,1.5724009321985162,1.5821821069818849,-0.12697661792648146,-0.11409428465478526,-0.10177661231310521,-0.015051174168938874,-0.005491863633515498,0.010064472896682584,87.19447956853355,91.38434600830078,93.77100632622675,0.7742458568534919,0.7948389053344727,0.8150693751727416,0.36878460154598874,0.40098424987587833,0.4460602698988362,0.7738660517915074,0.8306384086608887,0.8956655922009238,22.68555449257177,22.816165924072266,22.92125294435523,98.19384407794298,109.74053192138672,120.3923450053106
65,0.7750227184717549,-0.14037780463695526,-1.2272217020381504e-08,90.0,0.7538047383390772,0.46125411582950393,0.6555634746082164,22.3777,3.6380185813729726,0.7566299035944619,0.7773976516109722,0.7967526239749391,-0.15554258493826117,-0.11611111118157583,-0.07893022827854491,-0.0228619756293569,0.016478633300467442,0.057693026610775314,75.17882920365503,85.92509460449219,95.49192028893802,0.7293627745684255,0.7896561622619629,0.8466903754543714,0.4339374030946166,0.4649263147098421,0.4960529557396049,0.5516123194217508,0.6026771068572998,0.6581299396312082,22.286143140415128,22.39413833618164,22.493088548992763,1.839662333966824,7.828519821166992,13.997686901354044
66,1.2099121920381082,-0.198831245303154,-1.7382379979835605e-08,90.0,0.6682915283178901,0.43638235540560794,0.5673510604955112,22.3106,27.9915078137371,1.19144244387054,1.2099494243191444,1.230140965417814,-0.2268534540595714,-0.20475402548632277,-0.18095853030156442,-0.041734416203159895,-0.011985990124118884,0.022464889421875085,86.74529034861787,91.70585632324219,96.05399009154449,0.6293186036475658,0.6593064069747925,0.6924026177425204,0.40733591578055683,0.43613737701284117,0.4717333208087182,0.5256499002607835,0.5741233825683594,0.6193375847842355,22.228148090014574,22.32961654663086,22.430200493500372,24.64250079338304,28.521183013916016,31.797076545151846
67,1.5640261117426684,-0.07469116151332855,-6.529708773683751e-09,90.0,0.860999768554212,0.2202909358850475,0.8641750512325446,22.7815,21.656976759171013,1.5585262527681603,1.5680523293145057,1.5798636851182266,-0.0917817060383267,-0.07115233362027026,-0.05078424971205377,-0.009660723573110612,-0.000574907807385869,0.007481460800588688,86.10521471835906,90.25372314453125,93.65244528742022,0.8317372329990599,0.8671358227729797,0.9032849584365477,0.20759348538429065,0.21928503415758183,0.22974193177334634,0.8311308338612009,0.8828833103179932,0.9391369641340724,22.737177765261844,22.78435516357422,22.84110753957758,11.676208882602172,24.733745574951172,44.04086738761016
68,0.8304028234925696,-0.35805538296699524,-3.130219639047027e-08,90.0,0.4726939871494963,0.5154927761918258,0.8960804396589737,22.2587,3.3834902549064916,0.8034949635308575,0.8264133705569938,0.8446042452632824,-0.38685306293504335,-0.3492819140196116,-0.3085610633255894,-0.05133922999338745,-0.012921506438301021,0.01849804501313876,88.34625577063564,91.06169128417969,94.13668099811306,0.4419038144897373,0.48139840364456177,0.528042007539037,0.45098939823468487,0.49019192495580965,0.5377712367594293,0.8122171498634613,0.8865450620651245,0.9712629651822795,22.127519049983434,22.273408889770508,22.393325153932253,0.10912692995098815,12.371192932128906,179.5874823824558
69,0.5171788206789468,-0.35440993309020996,-3.098350020991347e-08,90.0,0.4766578146943379,0.28188485382923417,0.8929370117175758,22.9915,142.06802980614762,0.508063039251611,0.519470697629458,0.5288271986346372,-0.37242174813886425,-0.3338152467369575,-0.3063814240625939,-0.039842636857652894,-0.0033245873369656433,0.03212060380867289,87.27305033750693,90.28309631347656,93.42486887549794,0.4572636978244546,0.49922019243240356,0.5305704569333942,0.26800120785198467,0.298235671802251,0.32504868762079336,0.7818932577955592,0.8496506214141846,0.9332167245937852,22.812111067753722,22.91533660888672,23.05515344779903,141.0418975854616,156.6300811767578,173.25748095519776
70,0.7736074296198069,-0.09890441596508026,-8.646498628195332e-09,90.0,0.8199945004804577,0.5417829297528004,0.7123265259194064,22.1036,52.72912812777846,0.7725383767678056,0.7960819150463385,0.8161064557760394,-0.17228599969060027,-0.12941947668680281,-0.08580085536976183,-0.07146209961307373,-0.028342389849647622,0.019498340858577913,85.86572219138304,96.00877380371094,107.41504204022259,0.7036255471570766,0.7639851570129395,0.8298206169466227,0.49490673894815973,0.54068921929376,0.602278166227411,0.6337293379596577,0.7117279767990112,0.7731472254912282,21.985147084066067,22.148818969726562,22.27514170111378,52.247085062331216,59.216705322265625,67.03129804572092
71,1.2901975157885803,-0.07989705353975296,-6.984822054079132e-09,90.0,0.8520283948441683,0.6245946213556219,0.48974489511083075,21.7984,40.4239549030993,1.2495800685039382,1.2741584908125898,1.2971228455000685,-0.11262697838452576,-0.07434587771011264,-0.026453957806670866,-0.012292315235904601,0.023608540301618172,0.058338124231433815,66.6249990583323,81.32763671875,94.76078516052975,0.7954987136687633,0.8526057004928589,0.9382172299657383,0.5621823976065776,0.6044067234131172,0.6511488412955996,0.4496103822194475,0.47763490676879883,0.5101923624199672,21.719834646013314,21.81386375427246,21.9166518526974,35.92869486719404,39.537445068359375,41.71630725015076
72,0.8191669016759819,-0.04916734993457794,-4.298346123476904e-09,90.0,0.906273578151783,0.5711708487535929,0.6888929626022293,22.3777,158.95842515754805,0.7909041985630338,0.8110104613560891,0.8274770255683734,-0.07693951393133433,-0.03141020413814796,0.005541093894169173,-0.043586021981679525,0.0026694257360363664,0.03187930327523143,46.838102586371036,87.33401489257812,141.36299318143895,0.8564688669888659,0.932578444480896,0.9907073702321603,0.5049653748514288,0.5539418319851468,0.5997141192191267,0.6271297904607521,0.6954924464225769,0.7691122647333197,22.256128754784452,22.379528045654297,22.502933754265122,152.33701850315268,159.27882385253906,166.35680119839935
73,0.7869104781314298,-0.06642690300941467,-5.807224479070783e-09,90.0,0.8754215520640488,0.3472573672269534,0.4904968766144321,22.7129,64.65329067804768,0.772727345381794,0.7837415461203419,0.7956924984604987,-0.10611410480226803,-0.07357594069618727,-0.04967523420957173,-0.03686863068702297,-0.012282123321021614,0.022998604795366775,81.5382715716273,94.65255737304688,104.60273552526354,0.802954619618635,0.8596054315567017,0.9018332917597924,0.32440689201004524,0.3549746577807138,0.3925253791884528,0.4490871140195813,0.49225175380706787,0.5238622159954489,22.546835278744968,22.672882080078125,22.804992704893767,62.1564722941929,64.80642700195312,67.76761908962095
74,1.469461484273945,-0.4631703197956085,-4.049163493391461e-08,90.0,0.3668948756639897,0.3667286775424822,0.8999007210234673,22.7379,115.22636008259296,1.462354350602828,1.4701529708764913,1.4786193761500857,-0.47178251699334284,-0.45374938928443065,-0.43472974385321445,-0.009403760638003364,0.0020820791994465497,0.011626121696356883,89.27483057086977,89.87033081054688,90.59297075570672,0.3588871587742514,0.3757292628288269,0.3939691678849396,0.33681699322316766,0.36617450322755557,0.39000806816032974,0.848996595175079,0.906795859336853,0.9783288570457414,22.664408447748674,22.737571716308594,22.852262480419636,99.3336978432845,117.4895248413086,140.5241470084858
75,0.557927108349795,-0.3690696060657501,-3.226508837883557e-08,90.0,0.4608461068062517,0.24531290859137922,0.6111943030354311,22.7618,23.948534023082548,0.5522326314657318,0.5612995057159016,0.5684196973412563,-0.40468683768729136,-0.36139247782342254,-0.3257537268908195,-0.029408225500414775,0.0036914739586040267,0.03242834924604977,87.39050790026361,89.70496368408203,92.39643354958565,0.4235672640099384,0.4689290225505829,0.50853445779109,0.21290832034381002,0.2286803999074163,0.24701997030507025,0.5539205981382381,0.5977129340171814,0.6467643788990476,22.743146152959365,22.83807945251465,22.930783737640045,20.83283937913067,23.953136444091797,27.45959681702535
76,0.9202637868409187,-0.31086888909339905,-2.717702152210677e-08,90.0,0.5257055904948114,0.4472963111711662,0.8782042549602482,22.4108,132.79369029679373,0.9021566428377578,0.9154842723381481,0.929240190069723,-0.3606178180451454,-0.3283799610188503,-0.303144256942758,-0.030290680828196942,-0.004549969605334856,0.029261257989850235,87.52105135062503,90.3940200805664,92.70082364380649,0.46986443102918907,0.5054858922958374,0.533995118937975,0.40614269279947984,0.4424155466600328,0.4870295976969602,0.8351135524992452,0.8982710242271423,0.9688220116024672,22.27865267471352,22.409996032714844,22.52408207556038,97.75098726504791,118.24065399169922,151.04631372495626
77,0.7465245056422241,-0.25714346766471863,-2.2480195482899035e-08,90.0,0.5909083303178726,0.3939661108154543,0.5187933114563743,22.6638,147.079086594421,0.7238941026674021,0.7393545156291617,0.7572728718343813,-0.3216720445154699,-0.2720162880031676,-0.23929138410465903,-0.04879214002670334,-0.008332535498879863,0.027681347131470614,87.1287031585562,90.88970947265625,94.62924023527601,0.5131516919472142,0.5719448924064636,0.6127828623496951,0.36891425487592916,0.4036913954874324,0.43503771070096786,0.49683376075159374,0.5415492057800293,0.588785424929661,22.483475757162047,22.569475173950195,22.688969219580205,140.55231615823575,144.9624786376953,149.3118383475333
78,0.8045235261209353,-0.12451627105474472,-1.08855582325873e-08,90.0,0.7785425178302258,0.26459679317144846,0.9617107788781772,22.7044,129.56609581665384,0.7875757973708424,0.7978068265315268,0.8095828849910176,-0.14558852983510687,-0.10798414161397699,-0.07833743745028818,-0.027721519804145143,-0.0014550963494155706,0.020563856771646384,83.88612733107313,90.38346862792969,96.90899444701463,0.7451827614206334,0.8045864701271057,0.8544764559701575,0.24810374339471167,0.2702963678844366,0.2888664033961707,0.8779549340104954,0.9446795582771301,0.9936063543840498,22.618888112788724,22.705821990966797,22.81209229952672,4.8795372338010665,134.86517333984375,175.1152047728389
79,0.7340004699348125,-0.21090073883533478,-1.8437528837011996e-08,90.0,0.6516630357131571,0.2512176453542178,0.4315878893893803,22.7044,53.18022478140388,0.7178937048949385,0.7278213720634223,0.7391125051806255,-0.2538690441608974,-0.22144967707068774,-0.18340521023301265,-0.016654607904934383,0.01846193137181258,0.05640353939931917,83.38065750514927,87.62416076660156,92.33246602203819,0.5916234220712191,0.6350873708724976,0.6897032180314373,0.23532152491503966,0.25206691022446776,0.2707517586542554,0.3905913931993469,0.4220356345176697,0.4529116350565177,22.60211643698729,22.691452026367188,22.78657335334806,51.844298310868325,54.094993591308594,56.45451688861189
80,1.1126119168259856,-0.14016412198543549,-1.2253536851858371e-08,90.0,0.7541334358989539,0.2909333620917017,0.6918947741838104,22.7044,34.705267227179725,1.10533562958922,1.114363515384872,1.1260395925137812,-0.1573280775452622,-0.140369122514712,-0.12618491013035346,-0.011531935600373465,0.002445170728669661,0.017739926461072007,86.49531253538869,89.49095916748047,92.40005541801916,0.7280569543989743,0.753476083278656,0.77544131326053,0.27495972811203884,0.29727684673671495,0.320019661159616,0.6215096999534728,0.6726815104484558,0.7177388607770891,22.586256427646784,22.66378402709961,22.75700670795569,30.95699025297199,34.50837707519531,38.49704659541989
81,0.8009135352774267,-0.28800076246261597,-2.5177826046274276e-08,90.0,0.5527941005949988,0.47020743910980844,0.7881512930026152,22.1036,1.6386855610527862,0.7893013641138282,0.8037687102999168,0.8173616395745122,-0.34396292737778306,-0.28902947479077323,-0.2448037420939198,-0.03015650782108246,0.0017570270137616689,0.03463403774303601,86.15480194122544,89.82423400878906,92.93411806120787,0.4880949006200147,0.5511183142662048,0.6059285051591539,0.411676210852,0.44561552024183326,0.48988952914098854,0.7138769635307097,0.7647849917411804,0.8242644725435482,22.034706652543314,22.155384063720703,22.255895929639372,0.0433673411114944,3.943676471710205,179.89920918107964
82,0.9509967588712006,-0.16665495932102203,-1.4569438988587535e-08,90.0,0.7143029093865242,0.1984928146962652,0.3468330513849237,22.7516,116.13359445008412,0.9396722622362582,0.9486558095892921,0.9567855579648386,-0.18440113735400698,-0.16100147511223242,-0.139633538519179,-0.015509037914953401,-0.0002381825196406799,0.02050965488050736,86.56982040016392,90.04141235351562,92.92480556889781,0.6885879782182587,0.7225912809371948,0.7548874272066155,0.18608923195224708,0.19614979387458817,0.20689046238040676,0.32005357066634627,0.34087204933166504,0.3635693443695585,22.699494521551905,22.751461029052734,22.807031777776853,114.41576199571196,116.06632995605469,117.1046250443166
83,1.301530061027841,-0.15484336018562317,-1.3536836540595232e-08,90.0,0.7318365974641297,0.25695161629401064,0.6161328017393293,22.6404,89.12974197368536,1.290962737884443,1.2994713171095,1.30929982393585,-0.17298233514417596,-0.158670998065354,-0.14393917898742653,-0.01989765044928524,0.003075891578848153,0.01870423446605215,86.3752804675979,89.44096374511719,93.58217034387557,0.7049227410675494,0.726007878780365,0.7478794963191894,0.23636726359188914,0.25049391242130503,0.26425700287128806,0.5521819716431124,0.5894099473953247,0.626118344909845,22.61287476787508,22.671031951904297,22.738144373676086,83.94221780042535,87.35266876220703,90.07149505615234
84,0.8622653214078734,-0.20896989107131958,-1.8268728751991148e-08,90.0,0.6543009184124394,0.4816920242251541,0.5212406964505224,22.7044,146.381648415288,0.8480615128384463,0.8592406300908912,0.8725753532923596,-0.23350845336805728,-0.21250024692632155,-0.19083889671254295,-0.03625554912082691,-0.005553500191002482,0.01717530052480221,87.63963009478361,90.7587890625,94.81196962849539,0.6208932632533702,0.6492489576339722,0.6794227796766241,0.4707317995106298,0.5308307605216965,0.6052825208280932,0.45695981298094146,0.5080520510673523,0.5588895892806546,22.463828880736216,22.599563598632812,22.75744702660956,139.19717066018856,143.07289123535156,147.36665142410624
85,1.4927235687231544,-0.19440825283527374,-1.6995709728462316e-08,90.0,0.6744693341120294,0.5719139569556564,0.2461779224947418,22.0012,134.16861293911515,1.4758349715763308,1.4907624285481689,1.507948000316589,-0.2222570624289649,-0.2003504716248513,-0.18269755002598267,-0.03320543190085193,-0.00691126343495446,0.017802007371121864,87.37662638310016,90.98200988769531,94.63100727641717,0.6361079866410246,0.6656028628349304,0.6908828369065978,0.5655126577562061,0.6025171562570932,0.6508568847756491,0.2166647033836284,0.23542743921279907,0.24955952754948352,21.830896545805043,21.93124008178711,22.002284199300636,133.0480243926229,134.11029052734375,135.22749297891775
86,0.8876174920604705,-0.20300109684467316,-1.7746920377703645e-08,90.0,0.6625088806090256,0.4956189382401337,0.7228883436377007,22.1036,129.2138422701202,0.8712063510544586,0.8847733623473819,0.898608256300339,-0.259321157442348,-0.21739495107857087,-0.17808791663306517,-0.04551380000666409,-0.013393990704965405,0.023372035219013876,87.1244840774016,91.680908203125,95.87625855208286,0.5873397159070048,0.6413268446922302,0.6963165811823001,0.44517065256724125,0.48493281949653577,0.5199351579580045,0.6875606920264965,0.7418302297592163,0.7875990769201946,22.01963011742466,22.110780715942383,22.22950819488112,121.95568525773928,129.37960815429688,136.20455140045098
87,1.0434862744089521,-0.5137907862663269,-4.4917015884493594e-08,90.0,0.3211865149440726,0.4162500706137736,0.544136720117985,22.5252,129.2279688548464,1.0321087476205502,1.0431726346927954,1.0541936316976466,-0.5485060850049068,-0.5205734968457647,-0.49689249432855975,-0.03126150227343195,-0.009555140098731672,0.013937870800195335,89.24104012167578,90.531494140625,91.71818538640281,0.2913572260073886,0.315230131149292,0.3360563897802924,0.39832379216168057,0.43491497112160005,0.48481331229865887,0.4944232678581365,0.5371307134628296,0.5836822437714854,22.325843132457667,22.445350646972656,22.544349106232612,127.31943649880742,130.6031494140625,133.6716200086231
88,0.5087428732167992,-0.05743738263845444,-5.021335347521472e-09,90.0,0.8913649495839225,0.34809143402451537,0.8964970744852752,22.7044,144.3064541107215,0.49295384345135873,0.5062522978195598,0.5199415100803844,-0.11501539861020157,-0.07870602027524304,-0.042800984204672265,-0.03784984526548349,0.028670584309690644,0.07739073110549188,64.86393146473142,79.87921142578125,104.22362345023333,0.7820924095706272,0.8414108753204346,0.9071105636676374,0.3022526815889424,0.34383184533441763,0.3808238071990863,0.8392470042924557,0.926011323928833,0.9894736149455847,22.616747055701083,22.72445297241211,22.891855956830923,1.5450066721344966,144.582763671875,173.26779327767656
89,0.7643450854787733,-0.1499166488647461,-1.3106129514994791e-08,90.0,0.7392564915723189,0.5088496287805871,0.7289938461294465,22.5481,160.1373958273218,0.7536347820343756,0.7680351733072238,0.7840745204525134,-0.21024935567351105,-0.17490011732663585,-0.13753312147476718,-0.044803373110281486,-0.00415772202237432,0.029874971379257827,84.99600805506296,90.654296875,97.09687734163408,0.6523340320898368,0.7009434700012207,0.758130513812247,0.4471727370352812,0.5001482573496169,0.5493731007004165,0.6721137872953619,0.7364970445632935,0.7942611881740548,22.461658056090418,22.58612060546875,22.721734286242153,143.17576364598975,155.11871337890625,165.4553997139344
90,0.6909611447098614,-0.008902355097234249,-7.782686162194352e-10,90.0,0.9823523953271469,0.28469490442049233,0.5342526069292013,22.8826,63.092927338868016,0.6795999179857366,0.6891102202212216,0.701467337366497,-0.04020381665502645,-0.016139166448584607,0.009289863894685082,-0.023387130744123304,0.0030783715288298366,0.02989246417718955,5.533922318452165,84.36304473876953,167.69173248582803,0.915204954116587,0.9627406597137451,0.9967418922797475,0.259522280989587,0.2779278193552025,0.3012319076722292,0.5054779253749421,0.5418211221694946,0.5875242396388706,22.798171087398153,22.912572860717773,23.011640388309328,59.655683151083394,62.819305419921875,65.91461510812177
91,0.8074914108821738,-0.15274374186992645,-1.3353282035666325e-08,90.0,0.734990993007711,0.27827961539722945,0.20824222360994082,22.5481,170.65908470003586,0.7952177635210138,0.8112567843984353,0.8240089631843833,-0.18133163129346527,-0.15190718853103197,-0.1214552519991884,-0.02837743755397393,-0.011857549366969714,0.007323824385094517,88.75392150723353,92.1446533203125,95.31823476860771,0.6928439777531574,0.7356233596801758,0.782543818081845,0.25865935291855624,0.2715735910780045,0.29162772847796403,0.19026496871202042,0.20917069911956787,0.2294153804696219,22.492965929803518,22.576946258544922,22.638178691460762,169.49109923151556,170.38169860839844,171.0473075251958
92,0.9120424096401832,-0.1271505206823349,-1.1115851350496087e-08,90.0,0.7743859151311472,0.5405020944762757,0.6626947478261739,22.146,92.88757743812249,0.8925256272246785,0.9184822707423944,0.9422885150596291,-0.17621276521878698,-0.14493956660435106,-0.11743014896284835,-0.03138212300481281,0.003573226938687569,0.0428334967868326,82.51576972908757,89.25997924804688,96.24166696842057,0.697975211794694,0.7456070780754089,0.7896554470062256,0.4734946000684594,0.5213852390354152,0.5641540812749555,0.6123054276099054,0.6615750789642334,0.7071869614262086,22.076417852942452,22.20001220703125,22.327140444559944,86.83751997331396,91.97615814208984,97.2736546457959
93,0.9621875123185271,-0.32044753432273865,-2.8014413899768442e-08,90.0,0.5146379844288562,0.2261393705370769,0.5904723564940695,22.7815,26.289263306153103,0.9487866901754063,0.9562354987797341,0.9630714603236498,-0.3374765398823879,-0.32312938541200664,-0.3058035162419426,-0.007901656343412607,0.005210183947001554,0.016534590422653272,88.52529149009568,89.53610229492188,90.71548203421428,0.4952317557749678,0.5114437341690063,0.5316176801617976,0.2181872116428761,0.22860761345817726,0.24099071046046483,0.5531333198715266,0.5820392370223999,0.6200100138724244,22.710739426211926,22.762954711914062,22.812051657476758,22.373151955239308,25.716629028320312,28.46552848815918
94,1.8004882559973092,-0.19201301038265228,-1.6786311007876975e-08,90.0,0.6778340462667731,0.25017260250891105,0.614234810427494,22.8864,66.7199385551213,1.780132121143562,1.794558165351396,1.8148593770068049,-0.20599020489058287,-0.19013370999680643,-0.17494130743783554,-0.011268004772534241,0.0034369570577230724,0.022751466678528412,86.52464458561622,89.48477172851562,91.68016178556694,0.6583819203624152,0.6803880929946899,0.7015302828857054,0.23106159223336054,0.25242506653648933,0.2679178663117773,0.5462107421919941,0.5900404453277588,0.636455271012873,22.80054960417919,22.872934341430664,22.98589755478292,61.23149931684661,65.4046401977539,69.91603629760881
95,1.2468373716759462,-0.09468847513198853,-8.277929453015531e-09,90.0,0.827003796020489,0.3301887944894593,0.8342909328368839,22.5088,178.55764411743337,1.2252903540874498,1.2381880815290538,1.2482776422850819,-0.10260888064710558,-0.08248911740590226,-0.06409777859683881,-0.02777354978273729,-0.004393708946684208,0.012654494346464195,85.25038164462518,91.52662658691406,99.88872317381406,0.8128052962977296,0.8471859693527222,0.8790393220597925,0.3130237659576555,0.3303023711132242,0.3483755841638794,0.8000913897604858,0.8554366827011108,0.9050145824341923,22.441609355311396,22.498668670654297,22.564265682258483,0.06147242384064074,173.50332641601562,179.91697168863297
96,1.2533781944304507,-0.14068785309791565,-1.2299322449393912e-08,90.0,0.7533280402595091,0.4771554738737351,0.44079172610063067,22.8483,152.6978177609086,1.2369803637313954,1.2515281629864041,1.2656791613779002,-0.1491322902970388,-0.135107305233873,-0.11876670878377568,-0.02427438874140821,-0.00269711678768725,0.02026797929559303,85.9934627071854,90.56332397460938,95.55070278076956,0.7403048762931916,0.7618277668952942,0.7869209513128661,0.4100775887042911,0.45424468575467436,0.5103252922363297,0.41379149553908084,0.45884615182876587,0.5115416009460481,22.77981214624489,22.926658630371094,23.05964680487165,151.76765195189165,154.3712158203125,157.91711853535455
97,0.7720778191460814,-0.09284917265176773,-8.1171327437346e-09,90.0,0.8300787068979283,0.2013920979103606,0.5714945671110545,22.7618,72.0071676672641,0.7672925572108023,0.779834308472632,0.7911005070623579,-0.11138380042798743,-0.08279305876764727,-0.049226846631506144,-0.03632556732070268,-0.004336788438310684,0.020952854166048657,83.22596743300602,91.43063354492188,105.00783172966878,0.7992430724041789,0.8460795879364014,0.9058130149947031,0.18564095814448175,0.19857324222073858,0.2092149819323866,0.5353298255743644,0.5663790702819824,0.6013513269789302,22.716356151431892,22.78390884399414,22.878103188338915,68.79466972276182,71.7317886352539,76.2634249676604
98,0.968241015414993,-0.06159784644842148,-5.3850546244404995e-09,90.0,0.8839525801535648,0.24384241823456532,0.3330464311581869,22.6847,33.87286566543052,0.9535679254519126,0.9657653008880038,0.9754315987478168,-0.09634888062284575,-0.06809487895534444,-0.04113903433107791,-0.03073423261005956,-0.004342346128653583,0.02868246047635744,78.60719262599324,91.90115356445312,103.58739709727173,0.8225595255211378,0.871159553527832,0.920024633686252,0.2254181061924601,0.23786146332089475,0.2503569776200632,0.30967361558929946,0.3316899836063385,0.3566944737141741,22.657063872694188,22.723426818847656,22.78036114101876,32.73115970346267,34.40557098388672,36.28166415013201
99,1.9529256487386148,-0.09760873764753342,-8.533226569795715e-09,90.0,0.8221429268700454,0.39841068592755313,0.3383624032268736,22.3044,120.3894290344887,1.940212968440277,1.9613439118004548,1.9866642609104395,-0.1182484310339665,-0.10302051078977269,-0.08443491866360404,-0.012359456739139015,0.0009358401686315222,0.014690175492195624,85.692268263266,89.73959350585938,93.1718156215464,0.7882250214429306,0.8130683302879333,0.8437914367399622,0.37090484994580974,0.39097418155930036,0.4126958487725169,0.31926650349153196,0.3404197096824646,0.36233648960000936,22.23847547982274,22.31653594970703,22.384585263398478,119.06374457671227,120.74246215820312,122.50352039872554
100,0.7996025632129351,-0.1010340005159378,-8.832673259462354e-09,90.0,0.8164743274477321,0.3636894178649719,0.5107874442106659,22.7516,70.98659337552415,0.7842119408512154,0.7968099667179235,0.8099256282201949,-0.13577435326732468,-0.10738146899022,-0.08152333635899488,-0.03300897793785363,-0.0047110601273582225,0.021785105476274224,84.42827498942606,91.3027114868164,99.60010250441974,0.7596502735327408,0.805312991142273,0.8469212383607723,0.33242179999223503,0.3616654429225391,0.3961849882485677,0.46370807198970804,0.5034564733505249,0.5404699225817416,22.669522757478905,22.761198043823242,22.874926610335255,70.05999040424507,73.26921081542969,76.9222289678289
101,0.569865105410115,-0.2228391021490097,-1.9481213087146898e-08,90.0,0.6355381537336231,0.24059834019981693,0.7564345384688402,22.7973,110.99289907782092,0.5573374694850052,0.5674622101683601,0.5773240395443128,-0.254918862272497,-0.21328500536933043,-0.16829061380322127,-0.022717534965881744,0.004778402997043477,0.037852154400787735,84.90881155333616,89.35684204101562,92.91757933328562,0.59313655481032,0.6482992172241211,0.7117524795061687,0.21448023416317916,0.23182847670259005,0.2521283696185351,0.7058797393855732,0.7519680261611938,0.8069289552223913,22.729673863765694,22.82120132446289,22.92386147072169,103.58274109524079,110.96282958984375,120.44719709325194
102,1.242049235312965,-0.3590354323387146,-3.1387873633548224e-08,90.0,0.4716319819464585,0.3136944272554022,0.8614217534539018,22.7973,51.57182446871444,1.2293192036149774,1.2385926751489365,1.246223073926703,-0.3793904460928987,-0.36331555525449255,-0.3446683660282748,-0.015773755151400653,0.0003029070536869831,0.014262475884760343,88.85592922020419,89.97627258300781,91.21522083735711,0.44990972887066744,0.4669928550720215,0.4873316958874256,0.2850857294672033,0.31073631729538564,0.34260834637348997,0.7872579056685147,0.8469899296760559,0.8965153512664699,22.73408683757123,22.836870193481445,22.929764711012265,28.451914158384252,39.900596618652344,53.78881259638174
103,1.162338647862643,-0.39957064390182495,-3.493157407774561e-08,90.0,0.4290096890126819,0.5039269798416918,0.9352145506825,22.146,55.741857833953375,1.149291061987468,1.1633174245721296,1.1752045411067955,-0.4317689133554432,-0.40936009322488637,-0.38222032509893206,-0.021287912913817274,0.002120416320223873,0.023131528459140935,88.41838467283016,89.85098266601562,91.54348404952377,0.39677039160028865,0.41905564069747925,0.446706403705708,0.45390144076259153,0.49089261566941933,0.5285657219747114,0.8578723353833743,0.9169036149978638,0.9790338683657576,22.076816938539753,22.166406631469727,22.255894500591868,28.543014362123905,60.000144958496094,88.50118110538635
104,0.6137961393517637,-0.25053486227989197,-2.1902453184452497e-08,90.0,0.599315660271398,0.24972870712470213,0.6973305040967945,22.7815,49.815127411418864,0.6007204706237609,0.6148629123855931,0.6254581948055191,-0.27035445371179856,-0.23577957994904367,-0.20141285363521994,-0.04729246995541603,-0.01460837730072299,0.01942394232495779,87.7638112168447,91.75555419921875,96.01161939692925,0.5739200319868445,0.6171588897705078,0.6628119153786032,0.22192338222053376,0.23869436617790513,0.25392815881443204,0.6437642802991641,0.6909419298171997,0.7450205313974868,22.742914801041778,22.82398223876953,22.928200922489403,46.977036235073506,50.850502014160156,56.35373047412832
105,0.649661548629931,-0.17289239168167114,-1.511473257664875e-08,90.0,0.7051862689199437,0.41009733011180005,0.5860815821158787,22.7815,44.6850864337666,0.6397847444259297,0.6509146986595242,0.663526505623544,-0.20465258405080744,-0.17231367911997109,-0.14197264678795515,-0.005921107914517321,0.023784892064854273,0.06526769232623512,79.13846255638614,86.10160827636719,90.89335579506074,0.6582646306323365,0.7028518915176392,0.7485738801789278,0.35284707291581724,0.3890279072973046,0.437571333981719,0.48423837995318647,0.5456246137619019,0.601736401420118,22.73047801615774,22.862430572509766,22.9968412099144,34.8580163835039,40.930389404296875,45.97212092626392
106,1.3095663012882321,-0.30324211716651917,-2.6510267758794726e-08,90.0,0.5346342488231319,0.5247387343205064,0.6713028175249418,22.5088,126.78650109312454,1.29149947920482,1.3062379271388154,1.3165668292161685,-0.3166150805595212,-0.28916479048519506,-0.26664206921507394,-0.025333938334496015,-0.002335914031934828,0.013887515070232353,88.61558238367161,90.23419189453125,92.44266510009766,0.518956236162492,0.5512394905090332,0.5789287658711165,0.4545675563716322,0.5061161700968169,0.5733126604133127,0.6460282081423494,0.7083035111427307,0.7628176939087574,22.433129617411815,22.573410034179688,22.71520210768754,122.39184413651606,129.63438415527344,136.55055327282832
107,1.7399744765553566,-0.2692112326622009,-2.3535193349744077e-08,90.0,0.5757818134125123,0.3287037888740016,0.593919536056361,22.7815,26.02938476492428,1.7375925036054587,1.7491498777321492,1.758559449891935,-0.27601424906294,-0.266166596705413,-0.2565543450740157,-0.0166217514568829,-0.0030134296792669307,0.010246909995717875,88.89631314384404,90.32882690429688,91.79069794065268,0.5673299047299453,0.5795527696609497,0.5913947652096198,0.29415295032360184,0.3106709832414605,0.33287148053998,0.5877132739525205,0.6300925612449646,0.6699630561806182,22.75802041464053,22.840007781982422,22.904663281924833,23.437499753371952,26.961490631103516,30.015512466430664
108,0.9451422568645301,-0.22716590762138367,-1.9859474065242466e-08,90.0,0.6297714911534019,0.5822942437684371,0.729820649291215,22.3044,124.50060223529535,0.934331142965418,0.9556740994179811,0.9729939869537575,-0.24629762565881355,-0.2157520777564917,-0.18368498383115792,-0.04565145910864965,-0.022534482997012086,0.013149068442505053,88.19301382796036,92.94549560546875,96.73363757741394,0.6039720327041447,0.6429188847541809,0.6876898721279443,0.5243989002567538,0.581584594855006,0.6524849651379805,0.6444776691977976,0.7168707847595215,0.7798112706778231,22.18159169366775,22.333778381347656,22.488159941841335,115.9645712899709,122.05270385742188,129.46206283753733
109,0.6623586286467962,-0.28148511052131653,-2.4608210580367995e-08,90.0,0.5606892296347344,0.2520932680838924,0.7925243868991256,22.7815,109.64350130942282,0.6574055947613412,0.6628415332114045,0.6688212963592142,-0.3206557794032982,-0.28982032117307804,-0.2649773017250248,-0.016901784265886084,0.0006112101686830836,0.018730990360366802,88.17326267593985,89.93972778320312,91.62908768976519,0.514376262524308,0.5505081415176392,0.5809581063862034,0.23676161832119333,0.2575707026775924,0.2846050608801282,0.7109584802392734,0.7600057125091553,0.8220535023591542,22.625790367141583,22.734466552734375,22.83795092910389,103.46845325029679,110.09521484375,116.01588499435329
110,0.7218467666260039,-0.20703454315662384,-1.8099534315751953e-08,90.0,0.6569534090044216,0.22514894076060188,0.922603394246345,22.7815,104.74556667533446,0.7150976220119312,0.7229101121574533,0.7319831788900449,-0.24735955180186295,-0.21373274825310645,-0.17310787119777837,-0.027060428141341263,-0.007396441741166948,0.012256826456071769,88.29039498433653,90.96336364746094,93.57588855328501,0.6032863475261896,0.647455096244812,0.7048685771721298,0.2140033968733082,0.22932822601557826,0.24237748995718975,0.8491621374586352,0.9117707014083862,0.9709485605142284,22.69108529978232,22.773488998413086,22.88670161404708,84.02096397209736,105.80105590820312,127.01362792525035
111,0.9760889440571839,-0.09724948555231094,-8.5018196926967e-09,90.0,0.8227395245570841,0.6249106782537476,0.7284252765828882,21.8278,169.9474818503758,0.9460627141901586,0.9698365029056426,1.000927506286189,-0.1480779189433029,-0.09369405918936381,-0.050291684268585886,-0.04233081263460757,0.008842216948443369,0.051351885101413024,72.51918087434797,87.47883605957031,102.51076694701572,0.739806149893905,0.8263567686080933,0.902198988896524,0.5727717479924022,0.6234322984022551,0.6916029758570609,0.6724553373622398,0.7282184958457947,0.7861146991631288,21.70373562663705,21.842350006103516,21.96933934208168,0.12468603845265316,174.09991455078125,179.7190056565202
112,0.6834628306958203,-0.12229634821414948,-1.0691485918812305e-08,90.0,0.7820605111145267,0.20225563412694036,0.5844368062487737,22.7618,39.703487400133525,0.6703780353905924,0.6794473592563033,0.6895331986255839,-0.16558996409107446,-0.12579301099428453,-0.09516886696621918,-0.016100264543772915,0.009195468803540666,0.03436159710218907,82.06226348876953,88.03388977050781,94.10244570449959,0.7152030448630283,0.7757613658905029,0.8257050269622366,0.18992995681577557,0.2013299623178914,0.21482094059640378,0.5419178076691074,0.5732852220535278,0.6075716593927,22.66869307674664,22.760692596435547,22.84979390859955,35.357303622829576,39.091575622558594,42.471008998025816
113,1.2908243562519357,-0.11595803499221802,-1.0137373607221889e-08,90.0,0.7921820859730959,0.2871046982016615,0.752073192192798,22.7516,119.94255835990987,1.2784646534752455,1.292457404046021,1.3071201458581079,-0.13570996469259058,-0.1163766853444837,-0.09327825028404092,-0.019805044020382898,0.005642783409746326,0.03248500166343297,82.22300278117774,88.670654296875,95.22160031642638,0.7603511302527958,0.7904102802276611,0.828985333442688,0.2665748869739725,0.2834269915021935,0.3020697599761355,0.6699825846528681,0.7186678051948547,0.7699639765773333,22.66854117526173,22.776817321777344,22.875883987932422,112.8523794282656,119.4457015991211,126.02351624459797
114,1.2687913931194708,-0.02884475514292717,-2.521688635681585e-09,90.0,0.9439278779117651,0.41243719069671125,0.8154531717176241,22.3044,62.34840599397658,1.2528504747692464,1.2730996912356227,1.2877224592083747,-0.05537136392119273,-0.02880194474351889,-0.005013595499892535,-0.03781412509102922,-0.012400708234540002,0.0101503630459767,75.05495904567825,101.6739730834961,128.45790354487627,0.8912003210181416,0.9370696544647217,0.9896126985549927,0.37354746844675446,0.4006112939217301,0.424223580013318,0.7344907197838537,0.7848002314567566,0.8381215127190614,22.26489286387228,22.345165252685547,22.434880249685808,56.115642204171216,64.28923034667969,71.84801538423528
115,1.5260493205124905,-0.14363941550254822,-1.2557356932063612e-08,90.0,0.7488029530308893,0.37526997721345007,0.6967720320827437,21.8921,68.70719757505844,1.4996404435288244,1.5158198624776966,1.5356202952230908,-0.19508860882613888,-0.15791823734224897,-0.1233116469225624,-0.03535940517473487,-0.01185967631910468,0.008523542287527037,88.31142736567894,92.12809753417969,95.70484548138039,0.6717366945452367,0.7259801626205444,0.7803251812927661,0.3585515432624742,0.37899742745337617,0.4018986926843589,0.6387570290054656,0.681776225566864,0.7227481664713917,21.775136306867246,21.845367431640625,21.927498186551944,65.50050283293879,70.99114990234375,75.73427547062914
116,0.6643803164346688,-0.35977423191070557,-3.145246196822882e-08,90.0,0.4708323901717465,0.34553261760778325,0.8984754314072856,22.7516,179.95691489484028,0.6522746123994784,0.6621079835790511,0.6723637020714757,-0.3966788088367666,-0.3648132639017405,-0.3231330943291036,-0.016983269745417456,0.01086690906048594,0.03749069018278041,86.89434286740759,89.12152099609375,91.33813183365908,0.43139432638913805,0.4652852416038513,0.5114659682223938,0.30273165957472054,0.33491620650306153,0.36666730015298404,0.8221734526468558,0.8943544030189514,0.9731694501989899,22.665053748488916,22.792449951171875,22.948854161052736,0.2883013746784548,12.463326454162598,179.82325530236216
117,1.1825121120594795,-0.4241828918457031,-3.70832466956017e-08,90.0,0.4043140067288893,0.4155253262494244,0.7359120571183272,22.3106,169.0048684341228,1.161135261480724,1.1817472499042825,1.2004833562320063,-0.45718941761040227,-0.4316303492139671,-0.4031813269342856,-0.04020269275511971,-0.01427036030054603,0.008872852519506121,89.42983130904021,90.95567321777344,92.74772850637487,0.3723485091076564,0.3965774476528168,0.4235439985261454,0.4001069951651735,0.42485390473025275,0.4595158362131711,0.710217588743673,0.7528054118156433,0.8028448366003387,22.19445825416342,22.282033920288086,22.3669885290459,154.9624197135311,163.3687744140625,172.7389918465875
118,0.5487939999439764,-0.07717038691043854,-6.746449621175543e-09,90.0,0.8567164689970116,0.29795821991176685,0.47549931429109515,22.5088,72.11440244149588,0.5394299495240242,0.5524522822567348,0.5654253656164399,-0.10967420134460645,-0.07838368491240419,-0.049316064122516934,-0.04482653495923016,-0.006792312679336468,0.0388265553162643,73.53216360756973,92.50015258789062,106.2399802270419,0.7990487973914011,0.8509213924407959,0.9016314999051935,0.2791391920776424,0.29691868505923275,0.3153216781920452,0.42722195949145164,0.46222853660583496,0.5013596357181791,22.44294127146907,22.51380157470703,22.60783386109349,70.22602600173083,72.94462585449219,75.42310061312014
119,1.3654746840581429,-0.4171071946620941,-3.646466950613103e-08,90.0,0.4113258372093236,0.1584330166383446,0.6320991397871849,22.9976,26.407329377516437,1.3588080030273733,1.3657241287371211,1.3709822997941117,-0.42277138248410917,-0.41466620215157546,-0.4071453669671433,-0.00474908293300801,0.0019778325343843043,0.010834583976644843,89.25152996163894,89.86328887939453,90.32790296149797,0.40570535659444573,0.4137156009674072,0.42125939198524015,0.14812456101695542,0.15424487452316776,0.15958600716394902,0.594310739811969,0.6229546070098877,0.6647934503698449,22.97992166440817,23.00983428955078,23.04793182064986,22.81437077337591,25.96463394165039,29.388597645838505
120,1.5161957044539924,-0.04041182994842529,-3.5329144054685457e-09,90.0,0.9223157075802122,0.5621273509586087,0.5608218876020115,22.1036,146.76969087886923,1.501668233637274,1.521902327750472,1.544793320655683,-0.06031475419834642,-0.0445486287266262,-0.027136078314033404,-0.017786782157992516,0.0033586703695629976,0.02099693856244124,76.16049579094772,87.95447540283203,101.61495360169725,0.8860490229903702,0.9133865833282471,0.9445844638709564,0.523732786582923,0.5616631232400636,0.5981880357572051,0.548084642898814,0.5860782861709595,0.6211857890424789,22.01811459966292,22.095874786376953,22.187178893735783,143.3615729522376,147.09024047851562,149.99196551276694
121,1.0374220644671834,-0.13413874804973602,-1.1726782211951559e-08,90.0,0.7634526598674665,0.4502480642363374,0.8064087950271428,22.1036,110.53002920821496,1.0181028513290165,1.0447735686800876,1.069363719351368,-0.1734239523908488,-0.1362742039955005,-0.10571273997618781,-0.03793349125342498,-0.0064011149022011014,0.020636805533032532,85.47068635249293,91.37296295166016,98.93397813742392,0.7039886137868089,0.7592073082923889,0.8068685337922665,0.4300446347955156,0.4628842242570935,0.5038670395559053,0.7645911546405755,0.8221956491470337,0.8957168396637402,21.994893011360368,22.091753005981445,22.188400268554688,99.38312961245705,110.48220825195312,120.58749680560369
122,0.9530187939628865,-0.3018563389778137,-2.638911844599079e-08,90.0,0.5362678065713535,0.2373626374817173,0.7072995062864069,22.9067,34.195585534670364,0.9112438605516008,0.943100754737861,0.9746475705674083,-0.34649389611182124,-0.3028869186067263,-0.27053986212255315,-0.08450187247397767,-0.0258528332114852,0.03295214937912236,87.08563627570119,92.41766357421875,98.04881251134842,0.4835776051515972,0.5328105688095093,0.5712577956361776,0.21257234506670036,0.2290331903842246,0.2453255855675385,0.6516321642855484,0.7084895372390747,0.7772506185304133,22.82998861768766,22.927284240722656,23.041215032886516,21.188255663549064,31.379270553588867,41.08724541003574
123,0.8118905462306675,-0.18922989070415497,-1.6543001635227483e-08,90.0,0.6817606111447054,0.4651899075712714,0.8722972597292564,22.1821,113.65417476042052,0.779512069865016,0.8024980090482114,0.8244801132391457,-0.21546656644359777,-0.1666367247494048,-0.13167570393967928,-0.029473418014093793,0.011372243577730165,0.05654405783828707,80.82979938766456,88.03585052490234,95.74514238610625,0.6440773232372394,0.7124311327934265,0.7662134818815544,0.4198887790478049,0.45446061222458317,0.49001750559155866,0.8035844209641094,0.870598316192627,0.9463222133942992,22.07641289281706,22.17810821533203,22.297858349364503,106.4560042609771,121.33332824707031,136.2859074267456
124,0.5061427117433757,-0.07666832208633423,-6.702557620030802e-09,90.0,0.857582277554481,0.2744786709946334,0.36877154632159415,22.9832,171.55766988167966,0.49238830141485235,0.5033291433188634,0.5155569234917047,-0.10685714329988795,-0.07277232106741066,-0.040137801028069665,-0.021328580429313588,0.010554898217973003,0.04374130541178678,76.97110555426212,86.00994873046875,99.87118502720978,0.805181556273484,0.8613358736038208,0.9220614430376917,0.2490365932281361,0.2704377242808182,0.2951371885379307,0.3378225719622223,0.36209365725517273,0.3996150730128938,22.89304827892653,23.001070022583008,23.124196691599117,169.4061606564401,171.4677734375,173.73261656645633
125,0.7882309022210799,-0.14053012430667877,-1.2285533479428068e-08,90.0,0.7535705253163825,0.39789827846281395,0.4363799615557279,22.7328,84.8607228004939,0.7623288026393263,0.7762244993594007,0.7916621910284709,-0.19221504457948954,-0.15924650465724724,-0.12650420897127646,-0.0395506190824894,-0.013392858301190056,0.015024376472677459,86.89084931432554,92.45529174804688,96.91045023587917,0.6762626663380886,0.7234446406364441,0.7730452496220013,0.3664369985319827,0.41625330862994925,0.46857680651968686,0.4272277758549757,0.4714307188987732,0.5190139585647027,22.493181932410945,22.653217315673828,22.834967354029782,81.91418665110314,85.30648803710938,89.00558700477464
126,0.844873814759259,-0.11301244050264359,-9.879861373462973e-09,90.0,0.7969251023762889,0.23525850454623448,0.6020703418331144,22.7044,128.3713456652011,0.8361741642650872,0.8444407580958407,0.8530741584109155,-0.1306296166365001,-0.11314703120816309,-0.08882968961024125,-0.03242723627451745,-0.011186533689097467,0.007039671121982419,88.1456764894656,92.89867401123047,98.57187873189702,0.7672541090243692,0.795470654964447,0.8363727323103766,0.21589599127173742,0.22947311659960531,0.24121189407724142,0.5785795536074149,0.6084681749343872,0.6459060248746655,22.66710034760036,22.720535278320312,22.787678151989233,124.03265976910721,126.94706726074219,131.95019401110085
127,0.9194472173964178,-0.08961265534162521,-7.834187520927571e-09,90.0,0.8355146632801371,0.20342780206864106,0.8205474886655362,22.7815,1.9472204718605735,0.8994018991595616,0.9161554815176444,0.9340168637201169,-0.12072841694253969,-0.08696565001226583,-0.04611703447381176,-0.052835427351741696,-0.002459540080745605,0.045304728041272474,75.40057365202186,90.93589782714844,108.31624308567993,0.7816781343376287,0.8378099203109741,0.9010842137025378,0.19344592064889454,0.20610013033581892,0.21950518601050922,0.7319982298201932,0.805401086807251,0.8925275531011919,22.664728509856364,22.775665283203125,22.894384722938472,0.010705285695863986,175.227294921875,179.98502223394007
128,0.5093905116680093,-0.21765448153018951,-1.902795965236237e-08,90.0,0.6425020645643207,0.30747911159670654,0.2958174439953958,22.7516,15.072443295385717,0.49486192527721357,0.5107371876671762,0.5235059902389294,-0.24695140904727242,-0.21004446256643045,-0.17454435596432677,-0.017257983501141112,0.010076738568199014,0.03818066185061723,84.63711324336234,88.63702392578125,92.23275990405105,0.6036575254373163,0.6526083946228027,0.7018424411418981,0.28703052847467436,0.3137827099694008,0.3364897594418637,0.25531808668525874,0.2866666913032532,0.3103961664446594,22.645132608118082,22.732208251953125,22.837680913277307,13.385963418562726,14.762945175170898,16.619342803955078
129,0.7434759600490428,-0.09826724976301193,-8.590795630425418e-09,90.0,0.8210503886431901,0.3528196188198771,0.8100230814608217,22.7379,93.78102834879672,0.7336984164274403,0.7507862044529796,0.7617530827594756,-0.10997478803678015,-0.09064498024070614,-0.059889103570877296,-0.018962096774810904,0.008953365760483337,0.03458135944134403,77.66687282220958,87.154541015625,96.28221139275956,0.7999271909944032,0.8324692249298096,0.8869763249672054,0.3144199891968719,0.34636950422452456,0.3730625568689106,0.7513480990091939,0.8164613246917725,0.8903174001808399,22.63099597113802,22.729894638061523,22.835343196348404,74.49005830363015,87.74751281738281,98.575838396859
130,0.8369978577533694,-0.05290454626083374,-4.625062111074385e-09,90.0,0.8995074225634294,0.43160929253159974,0.46194840576837926,22.2828,108.00792045102132,0.8224172508631439,0.838392103932147,0.8543655788572402,-0.09805855934645769,-0.062169779948836434,-0.025323460719515467,-0.03632321977441772,-0.0015619217962721844,0.034194056676808755,73.08211110127536,90.75349426269531,108.69916485238971,0.8198051629246131,0.879419207572937,0.9499349865346356,0.3906720250776869,0.42130868395494514,0.45762374410714063,0.4265737908309865,0.45545387268066406,0.4888997322574464,22.20677388227403,22.308067321777344,22.406191988291273,105.87966783685448,109.35006713867188,112.22314863227145
131,0.8813438335043471,-0.2638585567474365,-2.306724766754087e-08,90.0,0.5824555646804968,0.3535804726674127,0.6849397323187865,22.7618,121.31137138213288,0.8736680075068793,0.8851027489511407,0.8980289188241163,-0.28473707665196407,-0.263064312722993,-0.24666243539437607,-0.014693868717145715,0.009180902003982506,0.033077504823407926,86.43562337231158,89.02094268798828,91.53821424131641,0.5559311107454834,0.5829461812973022,0.6032345248066422,0.3149912884081924,0.34571207306551655,0.37211633022210794,0.6706018550608479,0.7217502593994141,0.781608584207847,22.712000071186065,22.806365966796875,22.92451735916743,115.468134664061,121.45835876464844,127.72496216910378
132,1.55553169756981,-0.3093363642692566,-2.7043043360208685e-08,90.0,0.5274913838370379,0.4307480592556363,0.7937208655485092,22.7815,91.04953119374727,1.5496043628802323,1.5586670304531025,1.5684550763519038,-0.33974425488174825,-0.3177858690344194,-0.29981964345845885,-0.019441556004905724,-0.005445459310747898,0.006159620867842122,89.4403646021684,90.48634338378906,91.73522122822858,0.49281166518452035,0.5176509618759155,0.5385623231778331,0.41555607190932614,0.45513162009578345,0.5095680596355031,0.720520977002803,0.7686054706573486,0.8312734120671642,22.60987466011085,22.72111701965332,22.82382329310198,80.97948387193988,91.6959457397461,98.41093553040567
133,1.0955467774281666,-0.15052355825901031,-1.3159187517430837e-08,90.0,0.7383390143931268,0.27425866345827954,0.8199350801434118,22.6361,100.86306347069126,1.085457547610376,1.0973496685799002,1.1067816911469675,-0.16002526867356537,-0.1426906001390405,-0.1292936081553028,-0.005177331726050572,0.011253562175635421,0.031239186091594096,83.9310009444511,87.7860336303711,91.03055852230058,0.7226901564591387,0.7493873238563538,0.7703554344939219,0.2521792899751031,0.2679813821144411,0.28594246585963284,0.7911876806654676,0.84464430809021,0.8883601852654562,22.563802051150287,22.634502410888672,22.710702969505057,86.03769331431901,99.49029541015625,111.07637252132459
134,0.8903331524368561,-0.10056166350841522,-8.791380068373655e-09,90.0,0.8172539203319786,0.2902463679365246,0.5644011288937997,22.6361,20.17555313118675,0.8728541319595984,0.8928817675194862,0.9077640925455053,-0.1321483069629328,-0.11009468411888662,-0.07539925926757701,-0.03464644153849405,0.00022621859133987052,0.029286136579746682,82.16817214043722,89.94015502929688,99.20431246798995,0.7655291946759846,0.8009042739868164,0.8597058517222378,0.27467762976510346,0.29722917102183305,0.32009210995218035,0.5198735378980259,0.5541375279426575,0.6021860672909197,22.527947040462372,22.609817504882812,22.723074961455026,16.00423226233504,19.650848388671875,23.481940481624836
135,0.5233317131767629,-0.07337057590484619,-6.41425934588824e-09,90.0,0.8632893908323583,0.33618717069737436,0.7155198019163054,22.4493,15.041015512715708,0.5065134835459658,0.5292931430426583,0.5445490937311018,-0.12028541753651241,-0.06701872387741936,-0.006547316913480861,-0.04282840220292413,0.0001523318344437181,0.06386824096195276,50.890697903997406,89.94960021972656,113.86265021864911,0.7812905450146952,0.8685760498046875,0.9479380627339171,0.29511663002562527,0.32011410097459025,0.35018748460519683,0.6251698338441967,0.6835999488830566,0.7562613563933113,22.405893455567572,22.551227569580078,22.67595823863691,8.744369568688123,16.158628463745117,22.37039741147973
136,0.6873605871954894,-0.10016016662120819,-8.756280145405526e-09,90.0,0.8179171166219084,0.3621557253564882,0.7659585059310418,22.9976,112.61313036947138,0.6794389690543118,0.6918607864225169,0.7010622803881241,-0.12804909977659273,-0.09587964428186743,-0.06623963505997911,-0.01967040780042347,0.003156263857476808,0.029674988802268567,80.80130378549985,89.01324462890625,96.96605800267491,0.772396700610609,0.824005126953125,0.8753670788709916,0.30795582006396627,0.34139987469702143,0.3867364736087026,0.6604048905197807,0.7275480031967163,0.805048709553149,22.929208453961817,23.078893661499023,23.21050815903733,101.55942312423002,112.47061920166016,121.1925016231197
137,0.645430068486893,-0.3836977481842041,-3.35439231946566e-08,90.0,0.4454023804545014,0.3604040114476282,0.6830745916245683,22.7645,81.90233046239275,0.6317296830296163,0.6413907268835031,0.6528149352366847,-0.45086734093272257,-0.3988135618144921,-0.36312960935027355,-0.013507163840810773,0.017161969464494102,0.050350595690924496,86.5291748046875,88.79594421386719,90.99512886651412,0.37729356402108943,0.42930713295936584,0.4671159031961232,0.3238886660177011,0.3550570424432704,0.3925310086072338,0.6109825769381959,0.6691993474960327,0.7233373132291487,22.655799030570808,22.760581970214844,22.88418607607953,74.48500668558137,79.79963684082031,85.09324691818293
138,0.9960706354999703,-0.10536643117666245,-9.211426288402436e-09,90.0,0.8093547466055611,0.45237585478158443,0.7224044752542609,22.0504,140.13912723048557,0.9733911465557273,0.9946812475317397,1.0173088084969093,-0.13058108324701073,-0.10283603336980376,-0.06880021945056321,-0.051794239539527005,-0.014969058458828179,0.013768530314912143,85.61015831329202,94.36933898925781,104.70094678603714,0.7643558697076286,0.8101292252540588,0.8695851060330487,0.4142970122773886,0.44438217305557354,0.473842123282793,0.691921796659005,0.7331861257553101,0.7907144954917156,22.001042301596925,22.080089569091797,22.184708440712757,134.03000004233644,139.85992431640625,145.5616454981229
139,0.5338346028001515,-0.062105968594551086,-5.4294764240125915e-09,90.0,0.883051276674391,0.2436111699284896,0.27765669838101614,22.7516,138.79690880386983,0.5301554401375838,0.5404153815016537,0.5514940260506621,-0.08539609487427621,-0.05892528385735582,-0.03499451601408022,-0.03794007084875348,-0.004626905081603838,0.026481921007086,79.66525577800995,92.34603881835938,109.56109534278626,0.8384571245597158,0.8852397203445435,0.9254993844380421,0.22165447247766687,0.23764063522259748,0.25407835257664924,0.25551237410185373,0.28278082609176636,0.3063059980724399,22.70655095749542,22.788402557373047,22.86724897848898,137.139529984431,138.61737060546875,140.03100367829063
140,0.6277013652948278,-0.1414705514907837,-1.236774860302603e-08,90.0,0.752125801766216,0.2299004506474526,0.4542400520151981,22.7645,140.83064736998148,0.6205602092007473,0.632093619458357,0.6439535303568557,-0.18146428480246654,-0.1489922529361815,-0.11710670974819741,-0.025027718124824322,0.012645039988060717,0.04408467011713887,80.78675515884859,87.57691192626953,94.74432371253337,0.6924603018217101,0.738444983959198,0.7858390877209376,0.21666518537929158,0.22651613890775116,0.24119770248187358,0.43158016498127977,0.4569798707962036,0.48927903355223606,22.688662862857996,22.794015884399414,22.88357561540059,137.96429307659432,140.97210693359375,143.39023733312658
141,0.5062766943703527,-0.17433768510818481,-1.5241084838635288e-08,90.0,0.7030876386838154,0.3527195154664208,0.6773249215067155,22.7379,63.665586399097954,0.4898502184345683,0.5018326570110272,0.5156262214625262,-0.25711257265675175,-0.19559036787521325,-0.15314360003094735,-0.031178543184160794,0.004057264826625388,0.04069320444171994,83.78401789353876,89.41131591796875,94.21691938266626,0.5892989748933214,0.6712884902954102,0.7342441551191975,0.31428654744551593,0.3386394631877234,0.37029794393155546,0.6091282963752747,0.6608467102050781,0.7083103484513775,22.647460064862972,22.74264144897461,22.842236062920946,60.47861449996972,66.77471160888672,73.03182533971967
142,1.5323169749919443,-0.03942696750164032,-3.4468150555966304e-09,90.0,0.9241371054902662,0.5375785456141768,0.7174583711127647,22.3106,35.87099317796411,1.512805403877236,1.5280611919388671,1.5498229647840596,-0.07008941412219254,-0.05120848385421099,-0.030160596630871818,-0.017594325411362063,0.004184916095661428,0.02356989320046424,75.8253291284968,87.58479309082031,98.85371055597726,0.868081323112209,0.902030348777771,0.9412575031174634,0.5023382659631926,0.545771933471608,0.5999718988585568,0.6485414591411903,0.6925593614578247,0.7356476635526439,22.15985001291141,22.285341262817383,22.408928532410474,30.9350924265623,35.899662017822266,40.2893831689701
143,0.7435371632643032,-0.1603102833032608,-1.4014769789127968e-08,90.0,0.723676864623134,0.2674814660388055,0.6340602614148244,22.7618,97.8507131902753,0.731182282953214,0.741057850217935,0.7516173274295774,-0.18221883860410062,-0.16492014823349865,-0.14472775183270017,-0.024293789032976267,-0.0025717108258626843,0.024190649562610782,85.73191631281819,90.45135498046875,94.48861911848743,0.6912281292580122,0.7165184020996094,0.7463462907705094,0.24714157077611157,0.260769855071563,0.2767066813924762,0.5807215455144382,0.6241689324378967,0.676826436958018,22.716254479787064,22.795120239257812,22.879227994745353,92.06240592992162,96.15653991699219,99.61455518185566
144,0.700554267710825,-0.06855852156877518,-5.993576301932535e-09,90.0,0.8716803580662417,0.2885777737009982,0.38278123243707696,22.6847,118.94241473436415,0.6863109354727214,0.7006289394475997,0.7112351948068211,-0.09468215332560412,-0.0731328232229718,-0.051020496665134765,-0.023973060778374022,0.002859115922129598,0.030320395886363746,80.37464904785156,88.88255310058594,100.44835666090583,0.8255829930369382,0.8623706102371216,0.902419174155642,0.27590245921399664,0.29263244671809713,0.3144884215272317,0.33868176976746084,0.36464923620224,0.3950448899012813,22.592178488361352,22.68134880065918,22.790199279785156,116.54184764340232,118.7433090209961,120.61589811623433
145,1.3452142120319712,-0.12181471288204193,-1.064938004446958e-08,90.0,0.7828256062136485,0.47811310990648875,0.8347175409545722,22.2828,37.211308022294844,1.3399650129355662,1.3571808775163436,1.3722259222825555,-0.1394122295278406,-0.11907060851617149,-0.09539022868363033,-0.014643319649415775,0.004775306549386772,0.02565187599764625,83.77849389872678,88.89225769042969,93.76971822439047,0.7543254690315625,0.7864289283752441,0.8247382441934817,0.4242164399386184,0.4591109783164282,0.5027896602891672,0.7792393013598964,0.8241543769836426,0.8772103795086909,22.19834464520545,22.31894874572754,22.417981020170995,26.075607959083808,37.46631622314453,45.00001263011615
146,0.727210280197806,-0.14455609023571014,-1.2637494606337896e-08,90.0,0.7474023471604445,0.46942860618895266,0.5373292237722115,22.7065,133.66569989056592,0.7150472502437961,0.7331102282545922,0.7501413838009271,-0.19294465801718588,-0.15505995689137775,-0.11852340586412656,-0.0631021636592684,-0.01697693334143718,0.033269177522984125,84.18712136070121,93.22435760498047,102.00061215364802,0.67468167637632,0.729228138923645,0.7859961411692422,0.39268211375896656,0.45313526910460644,0.5195012404085575,0.4711798507386183,0.5293446779251099,0.5844276285762912,22.627504858746473,22.808406829833984,22.993337971003264,128.52780878482704,133.39817810058594,138.88016421232066
147,0.6042515459880263,-0.2431698739528656,-2.1258586002659285e-08,90.0,0.6087906034230927,0.36116009364199725,0.6918537892429963,22.7044,150.70449966258977,0.5969191386377714,0.6092133336425685,0.6237935259008854,-0.26926890705325973,-0.23893480916071894,-0.20621558189207362,-0.030232147927539466,0.000996146963710759,0.035656910560681536,85.76398543870206,89.88214111328125,93.63650647979642,0.5755586350659943,0.613835871219635,0.6578357219696045,0.33574329691149857,0.3684826036333078,0.4142325146708602,0.6265415278563947,0.6963703632354736,0.7551877816024054,22.5497153911813,22.676910400390625,22.82640866512739,144.69439284285605,151.29339599609375,158.96422572748472
148,0.5546397483308452,-0.5623120069503784,-4.915887785728046e-08,90.0,0.2801540099929839,0.30096107671062,0.665378858405774,22.6704,98.03422177698853,0.5376341752600958,0.5471126062777701,0.5557285065478531,-0.5859357099680756,-0.5268727672307297,-0.47737476357755954,-0.0466972619086905,-0.01145618048191291,0.027082606828548277,88.50996579514607,90.62796783447266,92.65546372807458,0.2610344436533902,0.3096085488796234,0.35336429535436936,0.2860884314415853,0.3160993838684034,0.3509640166011721,0.5875111983689805,0.647063136100769,0.7149396654062884,22.469250343005303,22.616439819335938,22.754214740615218,92.87737312394202,98.2445068359375,103.17044517053637
149,1.5096052513863958,-0.16068969666957855,-1.4047939700390089e-08,90.0,0.7231134159043728,0.6410994425995373,0.6751099836583874,21.7472,151.03581011961353,1.4820669170141352,1.5042653564015969,1.5244261456239767,-0.19518078872997138,-0.1685993848998955,-0.14909423517049517,-0.015922628157550633,0.0037864368504440986,0.030404227810328144,84.85515471594282,89.33445739746094,92.74802380369614,0.6730605459062385,0.7112307548522949,0.7400885718092132,0.56874295041171,0.6079049552620509,0.6516416605072766,0.6133654964667288,0.6600761413574219,0.7015659623183188,21.699131099439384,21.78215789794922,21.88105275597017,148.29774999154384,152.31954956054688,156.41554601510543
150,1.5745956322677244,-0.12477460503578186,-1.0908142833443435e-08,90.0,0.7781340301800329,0.5645260516470544,0.7947720398338234,22.0862,89.50166792326638,1.5183805065954208,1.557817872983156,1.5916387897889746,-0.15074900465777782,-0.1283330063270337,-0.10207881818955418,-0.02882722107096277,0.003753562372503892,0.030646104151019708,82.95015884700969,89.17655181884766,96.20760094897724,0.7372042496999277,0.7721639275550842,0.8144968902379592,0.5079932629286167,0.5509315487360971,0.6038597443931836,0.7216798347388137,0.7922787070274353,0.8418610881286931,21.966719064452914,22.10945701599121,22.222827669220674,75.73002923424492,86.63175964355469,94.43431943916775
151,0.8431539696833578,-0.2652158737182617,-2.3185908304412806e-08,90.0,0.5807579062548283,0.21104077689383305,0.45938285769881704,22.7973,56.20558868047563,0.8364246993650082,0.8448295361800929,0.8532477827273985,-0.2898388583759219,-0.26617644626287373,-0.24602431618393159,-0.020326844040703135,0.00022468420752491517,0.01815080477625329,88.10172286691477,89.97589874267578,92.25650106755806,0.5505037734716774,0.5794084668159485,0.6050125840310906,0.1953809064360595,0.20734689465997147,0.21908779230447778,0.44122757719895,0.46880072355270386,0.49762006804564207,22.750594380533137,22.805622100830078,22.874281684246696,52.80370079478319,55.57927703857422,58.28037105059606
152,0.7386446725427601,-0.10289634019136429,-8.995483469220744e-09,90.0,0.8134070566550227,0.517020522757664,0.5429818983006223,22.2738,54.451805746602346,0.7251628575114965,0.7430873521141543,0.75938047870656,-0.13332815247974547,-0.09331037948787513,-0.048357182009924414,-0.06620541531392679,-0.01840908935368119,0.026570362558199067,82.94711921434549,95.30874633789062,106.63439260610701,0.7644310767938269,0.8249753713607788,0.9000435591294021,0.47778700993414586,0.5370502708685679,0.597288255535501,0.5026610125678506,0.5521715879440308,0.5957938093074424,22.124014293259325,22.250614166259766,22.422756714677035,46.829471842591786,50.82201385498047,55.56688089902865
153,0.7560392144349557,-0.22221773862838745,-1.942689209499804e-08,90.0,0.636369641551022,0.4338731218321392,0.2778945513899509,22.5481,39.92574308411219,0.7477476270647796,0.7629020821689229,0.7822362097258447,-0.2374807504969161,-0.216111235793224,-0.19995179780481084,-0.0509155929100285,-0.014942039443859731,0.0229241370616514,87.05342340733554,92.01490783691406,96.66817060967185,0.6160398452456167,0.6433063745498657,0.6663962738156688,0.3989209151179709,0.4412417992014873,0.4870445238095504,0.25045707787182914,0.2737204432487488,0.29988201957982213,22.394491161843735,22.516000747680664,22.635747105184425,39.40965363176168,40.83855438232422,42.38743785114717
154,0.7780113518232287,-0.1182640939950943,-1.0338975897639102e-08,90.0,0.7884862888175169,0.342458984072917,0.7952753269133017,22.7516,119.75490031096223,0.7668255142257339,0.7757148464287524,0.7851193386744838,-0.14462777283406145,-0.12204793935103325,-0.09821967423983918,-0.022995774437859943,0.005438892362204906,0.028608628887955984,83.07002989454324,88.66645050048828,95.93959171060487,0.7467989604639468,0.7812819480895996,0.8209140477620424,0.3037283057027648,0.33512214604721685,0.38291774094130504,0.7483589616417802,0.8224524259567261,0.9019914351248175,22.612134583549096,22.793441772460938,22.922979890545633,100.29491982154735,114.61636352539062,128.22622470560395
155,0.6959272946879675,-0.06441280990839005,-5.631146660078912e-09,90.0,0.8789702483848734,0.3826758060690643,0.45461026027975115,22.7815,118.06763650919237,0.6742866116725925,0.6887786865449341,0.7007468260831495,-0.088476395587144,-0.06652568635681827,-0.03995298647524608,-0.033301487901963446,-0.0019169436405578118,0.02955730472019567,77.4855201559051,90.75845336914062,104.1089902849368,0.8322850456753329,0.8726369738578796,0.9221429759966554,0.365267108438288,0.4150047437340473,0.4566968111422392,0.3949048613364011,0.4387642443180084,0.4714558774004469,22.572624221471496,22.697227478027344,22.86407698555353,113.5962872489495,117.19367980957031,121.462226320825
156,0.7203874726174602,-0.11837689578533173,-1.0348837342633033e-08,90.0,0.7883058930147356,0.22058396846568704,0.7970223018681337,22.7379,30.559508728815793,0.7021994477164247,0.7165202671692819,0.7299256606670216,-0.14583697490106906,-0.11839711038404743,-0.08575398188897856,-0.04102188784093261,-0.004924486766410329,0.03449764888496173,81.8422464638069,91.2283935546875,99.32448428442443,0.7402564590497378,0.7875968217849731,0.841448094325391,0.20377007380617324,0.2178626329747838,0.2307740194773732,0.7407949553291854,0.788802981376648,0.8432955498927751,22.638567752474465,22.736225128173828,22.840909235439373,18.410900310311753,28.123531341552734,35.54464237858251
157,1.0324050809747058,-0.21592411398887634,-1.8876685103919044e-08,90.0,0.6448394834815656,0.23679555043482978,0.403978821124621,22.7328,101.26503255750399,1.0219808078345043,1.0333620729936919,1.0429605614930009,-0.2252778516525458,-0.20775706142289102,-0.1904802130495518,-0.010630893680242386,0.005523220671592459,0.023969059657095053,86.73873605588419,89.22016906738281,91.43046781912314,0.6322603225708008,0.6556597948074341,0.6798609065126306,0.2213097495358468,0.23374456164441326,0.24820993562653476,0.3727971885100965,0.397590696811676,0.4205043092494597,22.67290385803532,22.738964080810547,22.800926066461383,98.8889214717581,100.79301452636719,102.670979652752
158,0.7041677167944453,-0.09357418119907379,-8.180514932121241e-09,90.0,0.8288654177950655,0.39681774016004145,0.20140023699500753,22.2828,129.2119307429947,0.6803689357298381,0.6980110142012187,0.7152826322549708,-0.12814359374997344,-0.10208956302473685,-0.07611711439687219,-0.05949651150872697,-0.008240080117460382,0.03630134059291595,79.32496226781721,92.21504211425781,104.21571946541961,0.7695492632819894,0.8128553628921509,0.855531485954171,0.3795964942479133,0.41241183194498116,0.4439225610260876,0.17259483409505808,0.19161972403526306,0.20601755380630493,22.173501555763654,22.262779235839844,22.36357471309299,128.50675896872178,129.3842010498047,130.39824645698835
159,0.5032317606044943,-0.4986482262611389,-4.359321081892631e-08,90.0,0.3345359925515271,0.23728327724849876,0.812991100075217,22.7815,95.45142164637795,0.5003311232941308,0.5069420014233395,0.5123176997198007,-0.558274490677707,-0.5064865227509681,-0.4601625379890612,-0.03052902648970234,-0.0015025141705561095,0.025357100272972735,88.54549079700814,90.08491516113281,91.76779394237589,0.2834742415788274,0.32734423875808716,0.36968571498142466,0.21536258241642908,0.22931130350760617,0.2437911351091742,0.7689151315682383,0.8233860731124878,0.8920679001397573,22.7489324522211,22.816143035888672,22.90851463555148,88.10764043677847,98.333251953125,106.3986583000851
160,1.1284656523960124,-0.22006146609783173,-1.9238385107200884e-08,90.0,0.639261666469439,0.28403450756249343,0.9663978898697091,22.7379,110.18226690663872,1.1077285532843775,1.1301867852077465,1.1467953043828853,-0.25180137858494783,-0.23113182672249089,-0.2025069245294401,-0.014101280224907097,0.009394706401801792,0.03577399993005099,85.59492008554415,88.82369995117188,91.80085369542364,0.5976037903631005,0.623938798904419,0.662861309908456,0.27088426550534,0.2863833621200223,0.3029642259566,0.8506671431850136,0.9333411455154419,0.995324564882714,22.659993645309452,22.747623443603516,22.82852751243676,11.496367047053717,98.84199523925781,144.87634872625486
161,0.7108963181298982,-0.1708301454782486,-1.49344447919475e-08,90.0,0.7081896941141319,0.3805597529406955,0.8508982747179998,22.6404,163.33233635793886,0.6965264343321451,0.7085375517364854,0.7190287433823801,-0.19430185989056098,-0.16227564462574928,-0.13596249413595882,-0.030529044327748833,0.0005408775718028774,0.025406745511404923,85.31960892751071,89.90494537353516,95.22585648065777,0.6746090228197744,0.720508337020874,0.7605744055637416,0.3416532100431214,0.3685399851969695,0.4016984314431833,0.7276826934971259,0.7960252165794373,0.8692121735216937,22.54879308147879,22.661087036132812,22.774064776071736,145.18659004652915,155.72396850585938,164.87138194464026
162,1.181216644577294,-0.25062429904937744,-2.1910272707259537e-08,90.0,0.5992012772930566,0.2827866287615999,0.6641876849994559,22.7379,99.97200890959411,1.1647231089798298,1.183670799948839,1.1973140601692762,-0.2721175565532121,-0.2520544865240864,-0.23591320826042167,-0.030698679320881352,-0.006179730251725406,0.013613278357412842,88.51562774680083,90.70005798339844,93.55755431109822,0.5720619866283962,0.5969552993774414,0.617824930174192,0.2520095435956607,0.26873866461137597,0.28646740100893614,0.5784901403991483,0.6295061707496643,0.6807170702754533,22.73479020955082,22.81478500366211,22.89109031922947,96.38622292751609,100.47589111328125,103.5672630879463
163,0.9913755155079491,-0.042289745062589645,-3.6970868588781514e-09,90.0,0.9188522253732364,0.5763206470324843,0.6532616811837728,22.1821,155.54265172036943,0.9696466305457668,0.9902614407122514,1.0128399723021457,-0.09523015010965141,-0.05313305300089075,-0.01922810993404685,-0.03807248945000053,-0.004569762640742777,0.03345666400832074,73.2305175280026,92.3103256225586,110.3650389708858,0.8259013663090928,0.8946373462677002,0.961100123385377,0.5307030158977372,0.5793789708497699,0.6327972954212169,0.5916911449857682,0.6423299312591553,0.7080394522222867,22.054274720373314,22.164485931396484,22.29563980740124,149.31593213575246,154.2276153564453,159.5162485775406
164,1.0706277737508927,-0.19929718971252441,-1.7423113618519892e-08,90.0,0.6676433606075859,0.6893375755827346,0.697564876463581,22.1036,25.01549964292712,1.0484092233247762,1.0709884735989568,1.0881834224510238,-0.2276971549673012,-0.1956134333883044,-0.16856394295000096,-0.01829148335837218,0.00992934653247348,0.04074379553258187,84.14085780213838,88.54668426513672,92.60135265620401,0.6285243123372348,0.6721893548965454,0.7101593480064226,0.5974745404984474,0.6578440332207593,0.72510054130243,0.608840726955639,0.6641349792480469,0.7292532198027779,21.994884159345062,22.149580001831055,22.29083217198651,20.443336249661215,26.419273376464844,32.22251353778525
165,0.8347767453967211,-0.10232020914554596,-8.94511664739639e-09,90.0,0.8143548288591029,0.5121544433113384,0.7190642399708533,22.0524,108.28515919433168,0.8097519236929236,0.8369031464240728,0.8694783966860549,-0.14415497665964794,-0.0888982451419518,-0.04199409732547266,-0.025553992266916525,0.01367343640102733,0.06062042851262467,71.81495666503906,85.32267761230469,98.67556189411745,0.7464113615862031,0.8315531015396118,0.9174508851103252,0.48290540961735656,0.5388428266412191,0.5979456802949283,0.667188901487003,0.7245370149612427,0.7985950431344316,21.865410913064935,22.011974334716797,22.17901260468224,98.77196186936834,106.38720703125,115.3727227776923
166,1.8420118306046398,-0.3191589415073395,-2.7901760901727357e-08,90.0,0.516117530105073,0.22959788682533924,0.7595296708905163,22.9976,135.78945687284954,1.8343459157501996,1.840390781215655,1.845620939459731,-0.32714096697302664,-0.32055614169768865,-0.3134111128408646,-0.009524688112120623,-0.0018179759274806325,0.0036215953685965734,89.67833905884149,90.16188049316406,90.8430509406864,0.5069796937662454,0.514508843421936,0.5227329618141762,0.21845479548848937,0.2289096626996736,0.24268069960098573,0.711061238455894,0.7526607513427734,0.788843101398539,22.941141457567213,22.999042510986328,23.048319303730988,132.36041759238984,139.04104614257812,145.55365450403343
167,1.4164669633250264,-0.2528536319732666,-2.2105165697894336e-08,90.0,0.5963556707556696,0.518157068210206,0.48022133874053785,22.1231,124.48781120992197,1.4005906971114703,1.4169010315555806,1.4343340744276365,-0.2668642488798752,-0.24209818323870672,-0.2158691957433648,-0.021748222256912596,0.0006685150794841464,0.02440486677738454,86.99296212684595,89.92048645019531,92.52725954964649,0.5784361861172618,0.60992431640625,0.6444699395014871,0.48225177730131713,0.5262863188758239,0.5695012988666404,0.45872742267314887,0.4897688627243042,0.5153433703467767,22.023987720283692,22.108863830566406,22.21746233584068,122.77900369718235,125.43240356445312,128.14253023455086
168,1.1284882947551624,-0.5705052018165588,-4.9875147567490785e-08,90.0,0.2734755505771065,0.3050309609916355,0.6993209122623133,22.5088,102.3118169776234,1.1204797995891442,1.1276221417215497,1.1352697062914694,-0.5863079578486879,-0.5695366807643688,-0.552871492347205,-0.02055411187708277,-0.007769159719865642,0.005592178868646833,89.72240807566709,90.39165496826172,91.03900471522454,0.26077153346713267,0.2741395831108093,0.2877454756595756,0.293433491084068,0.30706425606711113,0.32562876941681185,0.6410034592372952,0.681333601474762,0.7218911401654313,22.429588284113894,22.48296546936035,22.54405996068363,97.0073156010854,100.62608337402344,104.84276354630586
169,1.1714287481387184,-0.025767983868718147,-2.2527086862567103e-09,90.0,0.949758649812578,0.5075064128248267,0.6846105978833998,22.1036,124.88218510737883,1.1615906202372384,1.178556273310808,1.194608364879472,-0.05732027604864009,-0.028539511701150405,-0.004934866504018443,-0.018220185576778746,0.008838897522666981,0.032941742235893044,53.631112748773795,81.41444396972656,109.04566249371065,0.8892741494002867,0.9387810230255127,0.9792126276555925,0.4486537557127471,0.48562718401944865,0.520054312961855,0.6855437159538269,0.7202968597412109,0.7729967816680621,22.05520235558015,22.138336181640625,22.23559269134468,118.52309355019355,123.55630493164062,129.04232643003297
170,0.7581733504594412,-0.16262632608413696,-1.4217245158931746e-08,90.0,0.7202431822413349,0.37771090229435667,0.8866908968343971,22.8826,175.67589649627485,0.743803742706598,0.7616989987902663,0.7763115071191085,-0.214014207523348,-0.18164598050098152,-0.152358323079569,-0.01313850035456106,0.014287194270603591,0.04033061307210012,83.30935951068064,87.75516510009766,91.98226921279445,0.6466913773043438,0.6911381483078003,0.7338276230646043,0.3395176597690737,0.37969314596003884,0.4164164529933062,0.7941421680569686,0.8822184205055237,0.9801762644643986,22.754346304529925,22.877330780029297,23.0362361139799,0.1808637313403145,11.1702880859375,179.82214546273613
171,0.9619947631193833,-0.0858900174498558,-7.50874384891631e-09,90.0,0.8418071529633484,0.2511799532405223,0.8981411445836732,22.7618,24.711704786926557,0.9523248510922115,0.9612241417477643,0.969537848188575,-0.09068521384835986,-0.07988823894648753,-0.07032880957753633,-0.015714408826476525,-0.002806045234074637,0.010216500011030269,86.44644192876048,90.99954986572266,95.45317166925476,0.8331006263061597,0.8516640067100525,0.8684097497980451,0.2358216663090504,0.24742913454232518,0.2635167163768894,0.8386987399804018,0.8870958089828491,0.9341450323191981,22.698552937575496,22.776817321777344,22.836221201483305,14.77604041766788,27.219375610351562,43.40016242661578
172,0.6107997392878356,-0.12529726326465607,-1.0953834284066488e-08,90.0,0.7773081466158178,0.27629612289145083,0.7954281765876683,22.7129,16.396595278884224,0.6043779551358923,0.6146349351357934,0.6232994005468633,-0.1627924569079768,-0.13878447322441234,-0.10649139431035021,-0.03740231487763982,-0.0076640660714971795,0.0183047287055233,86.23464411486688,91.61442565917969,97.23365713232378,0.7189468790724917,0.7555856108665466,0.8071112524576034,0.25916281542698383,0.28203308373918357,0.30796157745027974,0.7553931125850963,0.807335615158081,0.8548961013699103,22.58594419716572,22.688705444335938,22.79958538927616,8.855535580675499,17.161022186279297,25.773277699677614
173,0.8288248982370192,-0.22586752474308014,-1.974596663956163e-08,90.0,0.6314976560824473,0.17656405454957347,0.7184532465776905,22.9649,86.33858455421617,0.8171059830609979,0.8287237742029412,0.8415052653968764,-0.25581506409164595,-0.23423093753147933,-0.2096432102902487,-0.02979316712339447,-0.004977006309299578,0.026669960235500337,86.89277181334079,90.60130310058594,93.88151459377403,0.5925472641646448,0.6203927993774414,0.6531529225035331,0.1608442372302875,0.17053625893596958,0.18106811860469157,0.6710533869207984,0.7048590183258057,0.7635904045987754,22.920263445240614,23.012447357177734,23.100753387871443,80.64639180572725,87.4004898071289,94.32498789208813
174,0.6895259111953768,-0.3462260365486145,-3.026804051842191e-08,90.0,0.48563461655435436,0.4406088078831866,0.6717435609015054,22.2828,29.905366556741612,0.6724555784719488,0.6956633570442603,0.7191966485442836,-0.39046984015620007,-0.3466779767621494,-0.29375377687625853,-0.035473434572900864,0.00787748501612469,0.05481632645113498,85.59439849853516,89.32666015625,92.71492769198503,0.4368436164414394,0.4842456579208374,0.5457822208151445,0.408598313842701,0.4392834115997849,0.471293279619879,0.6051228642463684,0.654998779296875,0.7172283228590252,22.240329055264773,22.321819305419922,22.419797012895692,24.14302208748254,30.047245025634766,36.5758493310702
175,0.7550056895147268,-0.1168886125087738,-1.0218727197752742e-08,90.0,0.7906888663374897,0.24990514926768329,0.5387983495849245,22.5088,58.85755617058192,0.7306134926542351,0.7464505574044589,0.7592324223305273,-0.1705532103045864,-0.13748814656710406,-0.10685573097831716,-0.021940911714764522,0.012468142604446179,0.05371930656446886,78.69746984883419,87.4443130493164,94.57975903680622,0.702675708832727,0.7567192316055298,0.8058110115361106,0.22759615862336693,0.2392549253726814,0.25604901338077485,0.4958717023344596,0.527964174747467,0.5682972808984866,22.45165609161278,22.544490814208984,22.62887741345946,55.72914212795068,58.68951416015625,61.28075333384056
176,0.8948929687926065,-0.19567961990833282,-1.710685637590359e-08,90.0,0.6726888704134881,0.41163402237031693,0.8398903906323751,22.5481,179.9363409987933,0.8851738490832516,0.8951290063814494,0.9058203037001359,-0.22089863710180155,-0.19602280734770988,-0.1720946556867233,-0.02818512981565755,-0.005051998384662016,0.019409113235954217,87.00097521883582,90.7379379272461,93.76977297632938,0.6362862133187394,0.6719855070114136,0.7060700133044765,0.3574372296881179,0.39153772931705155,0.43161189081216667,0.8178256942786385,0.8733088374137878,0.9321139516757816,22.477185329371423,22.600078582763672,22.725505666860617,0.05312414951440461,7.708471775054932,179.95672798164517
177,0.9666553197716319,-0.1518743932247162,-1.3277281496471005e-08,90.0,0.7363004199658205,0.5308261061125242,0.8430343742682319,22.2824,169.7465183512136,0.9448866700372043,0.9618696381028862,0.9733404155378409,-0.18996980194487278,-0.1558829740078777,-0.12522647553310864,-0.03544031808130646,-0.009848556467256051,0.021782885437480855,85.81626862241848,91.83113098144531,96.19220159470096,0.6800802628717658,0.7292890548706055,0.7768647584489851,0.5225325483318399,0.584124647662173,0.6661158550745774,0.7760194960245915,0.862676739692688,0.9353800971708987,21.965256238829227,22.151111602783203,22.31996741559899,2.4346056081087912,166.9261932373047,179.41056657571195
178,0.5447963376452091,-0.09766650944948196,-8.53827764046855e-09,90.0,0.8220470277147027,0.21947444080184456,0.41759599008960324,22.8826,45.666686280251014,0.5370589402107289,0.5461445887404429,0.5576748134192515,-0.11857354470121483,-0.08825469118351437,-0.05628059967328137,-0.030089710498317664,0.003838830290543451,0.039663694830442485,79.36443955845934,88.7898178100586,100.21704719619267,0.7858107442077781,0.8356795310974121,0.8902360853719298,0.20505266522622345,0.21816539482100106,0.23332982594275298,0.3848338653400705,0.4210033416748047,0.4499378952935142,22.835493156805256,22.91480255126953,22.98946692728243,43.07883774702648,45.357627868652344,47.82286874154238
179,0.6625470051624924,-0.24566154181957245,-2.147641353644758e-08,90.0,0.6055725684452073,0.3569301522218136,0.8456703961381149,22.2828,79.0168450592621,0.6511909489892773,0.6675442747905942,0.6841209305134016,-0.25760989833920384,-0.22172878480690017,-0.1888569837151299,-0.009997640239192604,0.022091340217542076,0.05551705285874142,82.94558504881192,87.18828582763672,91.22322849696965,0.5888146483088699,0.6355055570602417,0.6807437436765758,0.32311300791015674,0.346463771183486,0.37493119204919023,0.7804546214348771,0.826898455619812,0.8860590129186598,22.23847922807786,22.333999633789062,22.443951285156995,70.75359268647614,78.41925048828125,88.55340598450645
180,1.4155683930739371,-0.05710302293300629,-4.992104951639931e-09,90.0,0.891963180611086,0.40677806906293407,0.7065248761889814,22.6825,85.00209750225046,1.4049802138789034,1.4157052880313588,1.4263656081871123,-0.07437919406322374,-0.058050167844989745,-0.046333458432669505,-0.018848701178909383,0.0002457042454021223,0.013333681433571856,83.05346055428258,89.88015747070312,99.52792933539575,0.8610868839038248,0.8897401094436646,0.9102402985310216,0.37782297822087446,0.41611095102906237,0.4646776466556764,0.6777140277088183,0.7279086112976074,0.7702052157761998,22.515164521867906,22.64503288269043,22.76253596084596,78.34080201267388,84.24481964111328,90.87197478205971
181,0.5573828707757951,-0.1930195540189743,-1.6874304620273506e-08,90.0,0.6764184530225796,0.38447415479800057,0.6403752593319627,22.2824,133.21229985891569,0.5363257119226483,0.549523199189377,0.5669389936409919,-0.24604049912097994,-0.19854280576184608,-0.16203016136119258,-0.061597091400655474,-0.015814841369162964,0.030931753937292715,85.35792560113747,92.30108642578125,98.16786221842308,0.6015804018980951,0.6664226055145264,0.718600407996369,0.3426845832929444,0.3728472254549901,0.39998443579951076,0.5829893776885899,0.6364278793334961,0.6825531528906066,22.21637093084757,22.314624786376953,22.424453735351562,127.5005360210909,133.0443878173828,137.3772910300227
182,1.0667705411011796,-0.3033623695373535,-2.6520780238570296e-08,90.0,0.5344926655311872,0.258036379012664,0.8794225496516903,22.7129,11.930305864705222,1.0391790983023597,1.0743781223891231,1.1102378451520176,-0.33277127777201926,-0.2976915986411106,-0.2679882246114181,-0.053253161287019624,-0.011250008802499474,0.033840947613600694,86.58608955602122,91.07022094726562,94.85475253082593,0.49990025225877144,0.541155219078064,0.5760275664203381,0.23454562261674558,0.2506736359232193,0.2703544832136582,0.8167333647523789,0.8993028402328491,0.9902215975665704,22.617166634604015,22.76371192932129,22.888753095469056,0.022287998753376986,11.460145950317383,179.94203534785507
183,0.5270151386173887,-0.021213430911302567,-1.854537079459817e-09,90.0,0.9584544612154162,0.33252539084187044,0.683484125718271,22.8826,14.838629292822617,0.5145199226389574,0.5263106747728818,0.5365783480729638,-0.050139470811351165,-0.013759468585788137,0.024055188113914907,-0.02869192037823773,0.008904072816635933,0.04680976388288588,1.404929054636371,71.93525695800781,174.5321478361213,0.8965905046917315,0.9548165798187256,0.9963255071344096,0.31841528270365516,0.34968269105539446,0.37979447740859984,0.6133957840879685,0.6650804281234741,0.7421688709122647,22.69118785251461,22.801227569580078,22.911534380062875,9.984036148412724,16.25286865234375,22.635404940613963
184,0.7809117358283937,-0.09837537258863449,-8.600248513346287e-09,90.0,0.8208711191787171,0.4905900995469204,0.64482085505785,22.6927,179.45854117281016,0.7753636101240167,0.7888605047743028,0.8028154457040874,-0.1516416429238779,-0.11851566614066446,-0.08300514936735007,-0.033613512656264326,-0.009263999404546945,0.013078464459388492,86.9275200980549,92.3076400756836,98.28684183394279,0.7355214671523402,0.7870944738388062,0.8452259019687728,0.43926218617176654,0.5206410880684358,0.6386741263444587,0.6116884418712283,0.6972836852073669,0.7898403899422446,22.40201789109277,22.658557891845703,22.882482915116416,0.2531238768697863,173.87557983398438,179.93932001068177
185,0.8115170386713271,-0.12059229612350464,-1.0542513528832842e-08,90.0,0.7847704397327868,0.38626822043752135,0.7146733659910288,22.3777,16.64568529112132,0.7916611999637874,0.8070848585887964,0.8197487757058104,-0.13883874043941682,-0.11408597751152755,-0.08759302772047194,-0.01783996781636065,0.0032601617758787173,0.024510201952327382,83.70755182029242,89.13662719726562,93.95314461040137,0.7555334817822384,0.7941316366195679,0.8386772963072229,0.367706529510461,0.3937112969283729,0.4219371780193417,0.6433319188797525,0.6851984262466431,0.7352847105341919,22.27414606702202,22.362512588500977,22.44784854575166,9.94658452735229,14.808185577392578,19.29267281448603
186,1.72120879646781,-0.06727719306945801,-5.881559239639955e-09,90.0,0.873927420399962,0.4968675118449524,0.7880052996343965,22.8826,11.739104727430075,1.7165507941256084,1.7265699531932168,1.7373999289456938,-0.0869935666863961,-0.07376943243866142,-0.062054004980182466,-0.01412299550048315,-0.0017515742912354517,0.013422881891606465,84.18865534476065,90.67984771728516,95.66380655739874,0.8399280307385365,0.8621490001678467,0.8817755515596285,0.4198823169066769,0.4890789925438693,0.5685317318094061,0.7140540731955903,0.7788781523704529,0.838494288125168,22.73588852299778,22.923492431640625,23.130198280544608,0.04165176020952219,6.459743499755859,179.9120875228668
187,1.2491771430048035,-0.1490369290113449,-1.3029222145632957e-08,90.0,0.7405880912005516,0.24351772019502238,0.8330655079057858,22.7645,71.34917642911529,1.2340382474698028,1.2497559829836855,1.2609879615249182,-0.16255335660594236,-0.1459603935159848,-0.12690830645347584,-0.012574751964539463,0.0006559874860992804,0.020154401655242564,86.29360326674309,89.8691635131836,92.4810473541908,0.7202323556604758,0.7451729774475098,0.7744409309500433,0.22968849677317085,0.2416507640611879,0.25627913635285215,0.7452499556618114,0.8112484216690063,0.858792275370223,22.67172011202492,22.751907348632812,22.81933033600442,57.83054231685225,67.88398742675781,77.03944133733096
188,1.0580083972212488,-0.12893573939800262,-1.1271920286048953e-08,90.0,0.7715800318764957,0.685896948740507,0.718794256667332,22.2824,24.92236797524887,1.0342448531827022,1.0581814142044124,1.082475252496066,-0.19343157276348452,-0.15579503501365205,-0.11835907808144738,-0.0645896317952852,-0.028962566187886007,0.011610454371490025,87.56942384570118,95.17452239990234,100.89904786778528,0.6719324489861158,0.7267839908599854,0.7881009915844298,0.6168185181696696,0.6932343804496729,0.7596256365050089,0.7303411140365744,0.8096308708190918,0.9239646985752807,22.081612102451484,22.231826782226562,22.405289908470436,9.637295726948778,23.84654998779297,124.5776115852823
189,0.7885242905193305,-0.15158137679100037,-1.3251664654490014e-08,90.0,0.7367422192346078,0.4956376876277499,0.26136339350695703,22.0504,138.39471842604405,0.7652417956159976,0.7852001846600037,0.8049277134787121,-0.18266438098326637,-0.15423880163235515,-0.12045676399947843,-0.04415645808084762,0.004816562342928562,0.043271799831991975,81.43597276991773,89.09410858154297,98.15279432100587,0.6895894408128793,0.731148362159729,0.7806794316125554,0.45415367496404285,0.49345476496759305,0.5263444921396003,0.24626738131718695,0.26497793197631836,0.28469872610553665,21.99047670435885,22.0625,22.15903142226472,136.93968731389518,138.3575439453125,139.87631018389143
190,0.8937390277950394,-0.28085222840309143,-2.4552882393891196e-08,90.0,0.561460382852699,0.43136778105744983,0.3619708913111851,22.4766,4.83472076385919,0.8693791727368299,0.8925242178982002,0.9133096364462077,-0.307374206040232,-0.2739705477902348,-0.24124751926169988,-0.042084601197335814,-0.0069601256022164895,0.02018567913929831,87.81800097906613,90.7213134765625,94.62655920277581,0.5294048032880055,0.5695302486419678,0.6110596562940538,0.4128594759648686,0.45001076560923237,0.48575324848543916,0.31225902577248915,0.3411291241645813,0.37328582789562337,22.305952104906275,22.394371032714844,22.49118676284805,2.0278977403135494,4.474572658538818,6.697303023663387
191,0.7347728142282077,-0.10139357298612595,-8.86410767009238e-09,90.0,0.8158813019182378,0.4207093902148769,0.8036971765938122,22.2828,156.2803757714563,0.7163362728313802,0.740617746118591,0.758060530664039,-0.13049243059476365,-0.09952578847327717,-0.059676590307153915,-0.0634829829357363,-0.03240537604749774,0.0019220615994815715,89.47821597333291,98.84468841552734,111.97657665781728,0.7627960956504395,0.808077335357666,0.8564198488344739,0.39446738491143185,0.4268124970322129,0.45844223872163026,0.7225880606022689,0.7747365236282349,0.8274826882162296,22.221689526830154,22.31351089477539,22.42779581173139,144.38206398080723,153.644287109375,162.5842888053667
192,0.700758305528872,-0.09736700356006622,-8.51209414065579e-09,90.0,0.8225443213830963,0.31478209159165604,0.4903102714816119,22.9893,66.09705004017039,0.6860548021424085,0.6989425595371691,0.7091823594841908,-0.1334222865348522,-0.10852896066598716,-0.0795838821178894,-0.02232273655263476,0.005160868946261788,0.03410980758938948,82.03952094588371,88.66983032226562,95.88016359226648,0.7638147671553337,0.8035275936126709,0.8525742867244533,0.29218355899996296,0.3255936320390116,0.3578470903295,0.47002499599580844,0.5100440382957458,0.5543389866089294,22.800072937934885,22.923072814941406,23.06868507953855,60.237298175393654,64.29405212402344,67.70050573662616
193,2.2372332128603154,-0.15750133991241455,-1.3769204443292438e-08,90.0,0.7278597625090228,0.20979058559624492,0.8614077992295719,22.6111,142.49370983246757,2.1875960909047034,2.2223188082212717,2.267489029079487,-0.17392362906742403,-0.14252578683960784,-0.10165669611034388,-0.011102493053606204,-0.0013478196707824813,0.011001113306087136,87.80464145842,90.28089141845703,92.8912389742277,0.703555941648223,0.7504746913909912,0.8147346958642391,0.19781486620295918,0.21578337531264524,0.23470640191955652,0.7435966210971061,0.8163775205612183,0.8743461038408443,22.41250200816581,22.55498504638672,22.718724602571722,132.61383887446055,152.83474731445312,164.93554080532175
194,1.2147648230817771,-0.20609374344348907,-1.8017287217730882e-08,90.0,0.6582459021671568,0.3816230866715903,0.8329660301606773,22.3044,140.0384513423545,1.1998204575563505,1.2127809381636516,1.2237271864111676,-0.22389544249425744,-0.2051525766819857,-0.18573548614814162,-0.015087445666440838,0.0001655210646512765,0.012862159743476485,88.21745000153894,89.97621154785156,92.042695321968,0.6341154010730081,0.6594364643096924,0.6866375657148605,0.35086340771475105,0.3750474785515116,0.3954197581019921,0.7714108529328461,0.8236860632896423,0.8716806835415799,22.25839947204382,22.33016586303711,22.416323704517385,131.74309466324817,140.7653045654297,150.19147428020688
195,0.8679710569190823,-0.16080330312252045,-1.4057871311479175e-08,90.0,0.7229447784422575,0.48747261159125754,0.8069961936042229,22.3341,3.9488670382386704,0.8472181621555169,0.8652766254948486,0.8830643838584992,-0.21188949203071464,-0.1730315908115318,-0.1296388387894562,-0.03782864690870689,-0.009124966187084806,0.032131270287455195,85.11014635453073,91.45719146728516,96.50857231485557,0.6479041311622635,0.704056978225708,0.7700195659558544,0.439301029024601,0.4858055219229732,0.5255047836696314,0.7502319508233771,0.8079982995986938,0.8794369680382369,22.23576354896576,22.351722717285156,22.48724096738493,0.14306246072970255,174.26730346679688,179.8845097905154
196,0.6761932305316558,-0.09579002112150192,-8.374229309993098e-09,90.0,0.8251671935430294,0.26085433620639,0.5319939577362045,22.9428,160.73768873815047,0.6695069103537531,0.6796729822431808,0.6890041619389322,-0.11419779614069055,-0.09458262938425824,-0.07428664703132838,-0.027587573969942478,-0.001133605415859848,0.028158809607651512,82.47172173055417,90.35334014892578,98.90707915639283,0.7945219876566175,0.8261531591415405,0.8575249170344525,0.24182113656833115,0.26045055631214903,0.2838352740410632,0.5014527904144118,0.5387540459632874,0.5818650482205425,22.861547972550632,22.962024688720703,23.05817179489222,157.81075950666576,161.21115112304688,164.74436056164382
197,0.671902135297048,-0.027110498398542404,-2.370075025126539e-09,90.0,0.9472101609587363,0.25085445797457495,0.36825118234214715,22.9976,105.49164383398366,0.6600888307774875,0.6745978757322086,0.6838038166959199,-0.04063903193346109,-0.020077331136564854,-0.00042736298241441087,-0.027912454246222688,-0.008122619046404086,0.013265534115987975,61.953725140811684,100.78409576416016,134.04026221872215,0.9201590565933963,0.9548746347427368,0.9933339094120153,0.23101898251189526,0.25364712615746887,0.2740668345748385,0.3085263811314662,0.34109896421432495,0.3814716012419167,22.908459827943588,23.01234245300293,23.125297347510333,103.40859191528405,105.2260971069336,106.98560502364614
198,1.6082436796952357,-0.07469762861728668,-6.53027409924789e-09,90.0,0.8609885626318516,0.19455801929940825,0.7845241654818015,22.9915,76.47664027003673,1.5967718431182476,1.603782143758878,1.6113608463225626,-0.0817333445090465,-0.07435502621219212,-0.06729355494906923,-0.01876201650845289,-0.007960945628245944,0.00368414005168438,88.54307231965426,93.00022888183594,96.74907360805865,0.8480825895937851,0.8607126474380493,0.873823335808964,0.1856993730291727,0.19420677017882887,0.20065895149887947,0.7476392263244002,0.7859576940536499,0.8257733535876725,22.9517350847009,22.988502502441406,23.041407908726494,73.03094872643177,78.30055236816406,85.32609289101096
199,0.7582553740425236,-0.24704818427562714,-2.1597637456238772e-08,90.0,0.6037872714503261,0.27089358045814005,0.3120569389690392,22.6638,172.64713348719044,0.7466988343613196,0.7578657497066332,0.7677891560931448,-0.2739066564870186,-0.25108579376332224,-0.225805671363459,-0.011943882149419905,0.0029271022011485783,0.018786063757242566,87.9094438255898,89.66563415527344,91.37847238644996,0.5698123925221956,0.5984750390052795,0.6315750390082651,0.24524836880883064,0.26283338167823905,0.2772464184598439,0.30166179392834214,0.3223417401313782,0.34290552894327503,22.62326248951629,22.683624267578125,22.770218979527357,170.5820176089348,172.05291748046875,173.60500530680625
200,0.537066374058413,-0.12050136923789978,-1.0534564331976526e-08,90.0,0.784915268607014,0.2663486191425463,0.7345353531066174,22.7815,44.02783713586223,0.5353330973141402,0.5432991552330569,0.5520159142488436,-0.1357829800470066,-0.10363814080971642,-0.07295934334442748,-0.016421950161822584,0.01155681445422558,0.03948453463130048,77.87906458606106,86.83836364746094,94.37295771746903,0.7607780322459093,0.8106720447540283,0.8572580820877465,0.24185503840771422,0.25992860268261675,0.2799747340260153,0.6686177012937153,0.7252646088600159,0.7915778516100399,22.718879083549215,22.818012237548828,22.910461639447224,37.83847488280182,44.01100158691406,50.71634960648354
201,0.8362322735213881,-0.16708718240261078,-1.4607225651275257e-08,90.0,0.7136680445214735,0.1714764543218756,0.8891180620741559,22.9649,117.15992652681962,0.8319030597264989,0.8434446878143324,0.8548588624490697,-0.20893826012302885,-0.1807785813217485,-0.151743815232687,-0.04902181164502648,-0.010798531348324251,0.026000157404330093,85.3631482578888,91.66326904296875,97.07060588542764,0.6482497072148452,0.6922247409820557,0.7361960907089017,0.15577630105457918,0.16720134481237703,0.17697989215260193,0.850798467021129,0.9073367118835449,0.9666944328686025,22.88557058144242,22.993160247802734,23.093686857407533,88.96570062859537,116.7676010131836,140.64507641580124
202,1.295007764607549,-0.18570974469184875,-1.6235262023656105e-08,90.0,0.6867534378263407,0.5121662353848523,0.6776658955286835,22.2334,86.62562456415932,1.2752040874447794,1.290377138331309,1.308708375925123,-0.22684766594773728,-0.19885669306503534,-0.16556380421528405,-0.017496753605209678,0.007478675726558046,0.02979935669433268,85.89912198380259,88.930908203125,92.5977639259645,0.6301474797209611,0.6678158640861511,0.7151257840836933,0.4397181402720628,0.48709207325025017,0.5278931197203591,0.6347333349171586,0.6834871768951416,0.7274876753692459,22.182246043560667,22.277938842773438,22.41257783481044,81.8468968893885,87.20438385009766,92.1117933236346
203,0.9211714295833876,-0.14351177215576172,-1.25461978583985e-08,90.0,0.7489981685408595,0.21140782307227024,0.5312286827839621,22.6847,70.51702856232225,0.9153602756864456,0.9224175931775394,0.929502440759481,-0.14826558850009763,-0.1302229801451351,-0.11086049791659124,-0.014889564983999994,0.0006371662117832988,0.014982735481713893,86.80974927867831,89.8660888671875,93.2934122841765,0.7416480893959,0.7694867253303528,0.8003019693291472,0.19643305803270705,0.20517129505730808,0.2137475210776023,0.507097036495265,0.5302917957305908,0.5618631094984914,22.67039359368621,22.71824836730957,22.765377689325856,66.67669342131398,69.11236572265625,71.33941412441214
204,0.9818831154457343,-0.14841754734516144,-1.2975074348275939e-08,90.0,0.741526847390004,0.19135150406890927,0.4095482121354408,22.826,145.17338546428354,0.9728040920349996,0.9839839132286903,0.9966826506889391,-0.17269273249489392,-0.1519591620393163,-0.12881113108288408,-0.022313681880691754,-0.0027545151449549356,0.023789983899000902,84.96294737601454,90.50848388671875,94.20291247582871,0.705289168911814,0.7354309558868408,0.7694299592442351,0.17754349213259396,0.1866914452299323,0.19880537732051873,0.39091911025627896,0.41529396176338196,0.44642829837706666,22.775698436976565,22.835954666137695,22.906741726079204,143.05476123790947,144.78842163085938,146.58687050326313
205,0.911809715887759,-0.14710897207260132,-1.2860675191461723e-08,90.0,0.7435135290419068,0.21074512026629935,0.6474671679757047,22.8826,18.332016824578123,0.8932049106492139,0.9070421274658691,0.9198396966999803,-0.16056548374531496,-0.13954081681626235,-0.11639711765690995,-0.026726008030751026,0.006737289070581644,0.03640767682401242,82.06483895156421,88.66079711914062,95.65679965186546,0.7227991329456798,0.7542704343795776,0.7914683445588836,0.19728035272169606,0.21059252175721876,0.22562849941424598,0.572773864975883,0.6195334196090698,0.6621807683108514,22.780019972414447,22.86882972717285,22.95117733133849,14.278491168421322,18.335824966430664,21.75366270074255
206,0.9881499819372778,-0.217378169298172,-1.9003802975703366e-08,90.0,0.6428748699499949,0.3220692255271702,0.7778314259080908,22.2824,8.764101932311572,0.9753192557991559,0.9923097405138854,1.006509673705565,-0.2437323642631495,-0.2192975149550231,-0.19620441266995184,-0.014673089286803751,0.011339397487404996,0.03804491603303993,85.12054312904125,88.53225708007812,91.93208243311548,0.6078839563837974,0.6401366591453552,0.670824924146794,0.30386221913975286,0.32553572346995807,0.34826610269303965,0.7525102495034312,0.7983441352844238,0.8395404812916732,22.20320928528529,22.297897338867188,22.36944277124452,3.3413533734972063,11.611187934875488,20.654928322657476
207,1.7521606750432874,-0.5779399871826172,-5.0525120087741016e-08,90.0,0.2674753127347489,0.3798914989129768,0.5151657257641591,22.2501,128.0735286813693,1.7408421613980734,1.748225736372935,1.756481399374798,-0.5906134247604335,-0.5765848546240915,-0.5642362028737521,-0.01452475011769482,-0.005570705025234381,0.004251945590460396,89.78732133749921,90.27406311035156,90.71842736663345,0.257318694442312,0.26856017112731934,0.2785350092747059,0.35184608624909725,0.374551550593486,0.39768026288615305,0.4983466111623294,0.5264754295349121,0.5612006601651817,22.21844554506504,22.275001525878906,22.3409912915881,124.5251485456536,127.15402221679688,129.80775398021962
208,0.6799072093420304,-0.0776127278804779,-6.785120021390867e-09,90.0,0.8559543229051608,0.43981804461509116,0.5079275522595242,22.4619,168.61013096852005,0.6591247307236456,0.6750342172630939,0.6886614459986312,-0.10266594065701633,-0.0686742957681386,-0.027296339601456866,-0.029107743734190332,0.006060259767567116,0.03232468522060157,76.75100615712206,87.59690856933594,106.09098671092973,0.8132041061170002,0.8705238699913025,0.9427564207962096,0.4174704462331844,0.4532319589383119,0.5085849907931045,0.4645811253306311,0.5121557712554932,0.564522107872735,22.208046535534123,22.394744873046875,22.521690527760097,166.67923814064994,170.45779418945312,173.50454439794106
209,0.9142006907990451,-0.12856508791446686,-1.1239516872763033e-08,90.0,0.772161844046137,0.19155461627876383,0.509775222059259,22.7645,122.99017859712124,0.9018387472851204,0.9159126196839428,0.9248774822781134,-0.16666581543075612,-0.13437859550252354,-0.10077898467730774,-0.023654467093999536,0.0032679872411642734,0.03317239548680599,83.75664214668774,89.29307556152344,95.74849401275252,0.7112300340947305,0.7625580430030823,0.8167087099323839,0.18728159988566262,0.2003169124646569,0.21326085045927418,0.49094922473693703,0.5226494073867798,0.561425511240712,22.621863106666282,22.714099884033203,22.809062128112046,118.0709728761372,121.12903594970703,124.65460308658702
210,1.0367164919317875,-0.1600237786769867,-1.3989723157692424e-08,90.0,0.7241025865849637,0.1963485305179596,0.8983115159875482,22.7815,100.37335900976629,1.0300582913650307,1.0388896277932296,1.0481459534067081,-0.19584915657961552,-0.17100933457362832,-0.1531107191620343,-0.013094811533549144,0.0033750001751857005,0.019287405474626654,86.94526420586595,89.43338775634766,92.24672935352787,0.6718865989839118,0.7076392769813538,0.7340628065297636,0.18760091500681614,0.19578061574537087,0.20331215026337673,0.8236250581227106,0.8643882274627686,0.9163271720742696,22.723532760173075,22.7703800201416,22.82179446012971,92.0136924654951,103.83871459960938,113.53860865527439
211,0.5753572260059716,-0.28506961464881897,-2.4921577690406593e-08,90.0,0.5563359346395835,0.18688301512994798,0.5226849724940086,22.7645,59.95322893573393,0.5720071398762886,0.5786092430406294,0.5844885127507773,-0.3374133862788533,-0.29045680744469526,-0.2520309544363081,-0.029078304847615942,-0.002992211641434775,0.02331248579032195,87.73677760164585,90.29839324951172,93.03714687114018,0.4952987561719795,0.5496434569358826,0.5970493748963799,0.16641464159323638,0.17625439531606224,0.18629439429904976,0.48198796265785393,0.5111026763916016,0.5414634602035122,22.732344348600115,22.803142547607422,22.894631942408143,56.79933709988258,59.5496826171875,61.90231456776474
212,0.6080700959204509,-0.09451718628406525,-8.262954764859387e-09,90.0,0.8272897204881222,0.41866380382159973,0.4544759041511004,22.6404,168.3898982164121,0.5932065640804167,0.6086271121493879,0.6212539732301945,-0.1448522051125935,-0.11182640003587888,-0.06551218050158511,-0.03512172946738892,0.005965386138929491,0.04071536343690066,80.34825242229402,88.46198272705078,102.84586584780412,0.7457398458911911,0.7975172400474548,0.8710606130006245,0.3687563647357394,0.40864697942123396,0.4470291699607254,0.41936695806707025,0.4674959182739258,0.5096494898404959,22.55785470524626,22.663715362548828,22.794861286221085,162.80366240944488,166.78297424316406,170.33712136537142
213,0.8306939980670324,-0.2502133846282959,-2.1874349442896346e-08,90.0,0.5997269213521645,0.5578942141985881,0.6229339323014854,22.1036,102.70978064223696,0.8207615816164147,0.8383332521592916,0.8550737217978667,-0.2854623316274845,-0.25337474398759396,-0.22266784072909235,-0.042152898978526525,0.0003340159579296944,0.043413690458616434,85.22647107376167,89.96315002441406,94.69384994913901,0.5555564652795472,0.5952327847480774,0.6349700412875154,0.4973884644632687,0.5415237603827195,0.5899288787143905,0.5510832485522599,0.6054497957229614,0.6550824710476392,22.066538293443646,22.177989959716797,22.282088944606553,96.83029979475153,101.18865966796875,105.63351508350638
214,0.7297769145359613,-0.265209823846817,-2.3185378950074664e-08,90.0,0.5807654623060801,0.19719172559518286,0.5550610129786228,22.7511,26.035383693208583,0.7244474659280662,0.7344818584412944,0.7432688841329624,-0.29722395494298975,-0.25582627409793335,-0.21497215116057214,-0.03533030084458047,-0.010374670901101626,0.013094804054365005,88.5029988531872,91.12748718261719,94.20162433136797,0.5417675947956077,0.5922203063964844,0.6457503339494385,0.18207256927169238,0.19228590425310865,0.2031359936024468,0.5223519192895398,0.5572813749313354,0.5881882298534596,22.724741767138422,22.794641494750977,22.858122650630687,23.328411257030584,25.891117095947266,28.681282715261936
215,1.2584785617752534,-0.21603891253471375,-1.8886721520061656e-08,90.0,0.6446842114118179,0.4683177452930145,0.7668923331164369,22.1036,171.73771310250805,1.2280731675039578,1.256041742353165,1.2864051021843246,-0.23782779718900554,-0.2101575739842218,-0.1760295959282854,-0.04788425011956636,-0.015338509434350701,0.02313100183280833,86.80207667170511,92.05027770996094,96.92699566117254,0.6153794455437532,0.6507247686386108,0.7001782998541622,0.4304989123881782,0.46220085884730355,0.489658991127208,0.689826779051072,0.7394261360168457,0.8078246571637603,22.017817055248546,22.12199592590332,22.210254048853614,162.90904769501572,170.9228973388672,178.58654022336708
216,1.6770084829564385,-0.1366884559392929,-1.19496839090516e-08,90.0,0.759497065692987,0.7294427055173853,0.7361541421195118,21.8479,141.48867165092335,1.6548551122450805,1.6833877054898352,1.7127703461696373,-0.17333728584379174,-0.14927802134990875,-0.12686557500508494,-0.03519833681000472,-0.014289084018542782,0.0066832559377356295,88.68480272346413,92.64971923828125,97.03902904678912,0.7037845084007325,0.7388541102409363,0.7740623595202962,0.6391638968102014,0.7072765138880823,0.7856386214037919,0.7012594894652887,0.7622916102409363,0.8132431347456944,21.781536835102912,21.913318634033203,22.061908830745775,130.34899703992014,137.6727752685547,146.20342292515903
217,0.7220206728134311,-0.04903912916779518,-4.287136867731078e-09,90.0,0.9065065784210069,0.31687789379157216,0.2451711313849565,22.7328,97.07253239749544,0.7058560084022456,0.7180573246116113,0.7322650644985417,-0.09986439735577432,-0.06506986025710511,-0.038681650418377775,-0.02033476895322283,-1.5232968353592425e-05,0.018988145993686308,80.73931855750969,90.00596618652344,100.05541801218024,0.8180188653323369,0.8769131302833557,0.9236733839082922,0.2911146994872466,0.3163241453297261,0.34763996652270396,0.21953798419308634,0.2381204068660736,0.26737912438752237,22.63235886329063,22.732017517089844,22.823399253175804,95.50518104254232,96.64031982421875,97.9317853985092
218,0.944597351920293,-0.11210452020168304,-9.800488420808051e-09,90.0,0.7983921173834747,0.20128260820231558,0.6102249014278524,22.9893,99.9184174463442,0.9336327223934555,0.9395550538905778,0.9467218487535728,-0.12989069677215517,-0.11667956979294691,-0.1025022188420847,-0.005751328850450211,0.008193120687514741,0.024216653968060674,84.50853621013877,87.98848724365234,91.38428031587269,0.7672886360316525,0.7905113697052002,0.8139753082622226,0.19173051380445388,0.20258876734202014,0.21659465550193666,0.5903216323260566,0.6281428933143616,0.6632078468845063,22.88496408877378,22.960208892822266,23.020305526789713,94.0450169277274,98.12425231933594,102.02559999941649
219,1.0211389519260874,-0.408062607049942,-3.5673966891636155e-08,90.0,0.4203913977573508,0.263658884327983,0.8261673746783152,22.7815,24.42833215216929,0.9916388401135975,1.0183981841518244,1.047794126593229,-0.4558033453757041,-0.4134272308408872,-0.37719415999303735,-0.042784667848177985,-0.006733496481282049,0.02869887205676713,88.05445376781658,90.46408081054688,92.88454751600068,0.37375817323715527,0.4146191477775574,0.45209701142802566,0.2521305481649565,0.26829183912425913,0.29342292126288627,0.7205908675740045,0.8050092458724976,0.886596100322073,22.631660103130535,22.753305435180664,22.882551998437705,10.18372964776003,25.329011917114258,34.824109021167324
220,0.5258853709708361,-0.12387864291667938,-1.08298152667885e-08,90.0,0.779551571392248,0.26505113101950534,0.8578335294621693,22.7065,150.46034826424344,0.514879900178485,0.5243054284167834,0.5374196808373054,-0.1470425774822631,-0.10636735988251791,-0.0727596238560992,-0.01846679584521456,0.015966479267094335,0.04650917279464084,76.17413893314799,85.52095794677734,95.799277084042,0.7409440730777337,0.8049978017807007,0.8641461913849086,0.24114354669666943,0.2660489603368077,0.2874262336919712,0.7830090411802437,0.8517575860023499,0.9115924448517644,22.621161623751085,22.711624145507812,22.847005618566314,139.92722877872947,151.906494140625,163.81789379272413
221,0.6093869489591054,-0.16438570618629456,-1.4371054568584896e-08,90.0,0.7176439015577772,0.21573544361646455,0.6163791425759024,22.7815,103.81785856012924,0.6062829598503419,0.6114273094001188,0.618782609568975,-0.18048937023430078,-0.15223600367319529,-0.13258301850794174,-0.019486090647927848,0.002990786369608738,0.021040183968391014,86.06110986047395,89.44715881347656,93.5641689262185,0.6940700970379406,0.7355703115463257,0.7656980527612757,0.20190682063702212,0.21472683610126084,0.22873428083364075,0.572563184420345,0.6062635183334351,0.6467554771287088,22.72274242899437,22.79120445251465,22.87907467069103,98.9269806506637,102.10670471191406,105.529841320257
222,1.0890417616791683,-0.22018851339817047,-1.9249490890160814e-08,90.0,0.6390909853333617,0.2284390283820287,0.6335609447918642,22.7328,42.39884744517897,1.0699541629570186,1.0834407616571617,1.0972452575244924,-0.23854273134563364,-0.2235910934157564,-0.20624053126995115,-0.014102124543878668,0.0029263378576238927,0.018102990825874573,87.63002927482518,89.62406921386719,91.73200200228823,0.6145123894051164,0.6344531774520874,0.6576796405640486,0.21746458123424658,0.22890117850785818,0.24237931114479824,0.5956473930438657,0.6333178281784058,0.671654826131884,22.666405752432386,22.721792221069336,22.78227674769344,38.73415074951297,42.091468811035156,45.41998510588523
223,0.9666508027492177,-0.26613473892211914,-2.3266236937047324e-08,90.0,0.579610701426178,0.38532315163184017,0.6298246635614195,22.0012,164.51134879694126,0.942205996581667,0.9597583396213478,0.9773004516164989,-0.2979907777721983,-0.2692401574556492,-0.24323199928369968,-0.03428815381057937,-0.0024665865844233003,0.02135018340354523,87.66381228016728,90.26629638671875,93.97503224874612,0.540678829851095,0.5753369331359863,0.6076402973201372,0.3621879720818387,0.38594212518537074,0.4073365436288681,0.6061874934384064,0.6411560773849487,0.6760108069060331,21.923462560232924,21.984371185302734,22.061491805734168,160.6616546928119,164.24169921875,167.50481863385636
224,0.7532309337972276,-0.2664531469345093,-2.3294074225077566e-08,90.0,0.579213568925028,0.29443194581426413,0.350788326169603,22.7421,166.83351059122123,0.7437487394448459,0.7571482180514886,0.7687664781558384,-0.3022146185585678,-0.2799824595369934,-0.252606212857494,-0.039920429000787135,-0.0017538383618171506,0.023700485750803482,87.6249947940349,90.18123626708984,94.15258142933153,0.5357761348360508,0.5623006820678711,0.596581139707078,0.26570916111058257,0.29323159276416677,0.31405353944376097,0.32927799638927613,0.3541896939277649,0.3913211849691608,22.672735725530575,22.75398826599121,22.86648101086824,165.1463303606398,167.3408203125,169.65064406874538
225,0.7030622681461731,-0.06360454857349396,-5.560486293632039e-09,90.0,0.8803981316010965,0.23050047118120676,0.6697036991047206,22.9976,15.07554082920266,0.6991830222470824,0.708098866912213,0.7155895025069249,-0.08300014923978262,-0.06450697489652188,-0.04815114030500558,-0.015975816969918347,0.0012490701370092023,0.019181680182729335,81.8601189980854,89.50270080566406,97.11884476129474,0.8467080219564861,0.8781633973121643,0.9075844165895829,0.20444101589058322,0.22382142833092555,0.2425143372317047,0.6241705008066256,0.6625874042510986,0.6961906285334704,22.971843371020977,23.060012817382812,23.175848668317713,9.485270488632562,13.336898803710938,17.641927747228205
226,1.137978175534124,-0.31922632455825806,-2.790765130100681e-08,90.0,0.5160400890926429,0.39039551364157515,0.6784642082365964,22.7044,57.91827925575056,1.1168238973789972,1.1315244580641204,1.145903890191005,-0.3492578220912198,-0.32786346116689125,-0.30920359601270114,-0.010512089721083386,0.005327924358070781,0.024436067320894747,87.97725688637473,89.54264831542969,90.92901554732013,0.4819823412125224,0.5057733058929443,0.5274576761846864,0.3565477567600427,0.38807055577428906,0.4147802805539141,0.6183754523830469,0.6656312942504883,0.7083110134834868,22.631926305176556,22.703506469726562,22.791845592240698,53.72011702885528,58.443878173828125,62.78768508464965
227,0.6738001271800671,-0.22450536489486694,-1.9626883229761916e-08,90.0,0.6333125711126131,0.19762052149700587,0.7361595699505002,22.9915,88.09646415806506,0.667416506224614,0.674158901307769,0.6825114124988962,-0.234542610125922,-0.2194159342072645,-0.20545637064525998,-0.02058152834348051,-0.0029382161020315416,0.015092533784486118,88.06461264091769,90.38333892822266,92.69269946372975,0.6197656222813683,0.6399854421615601,0.6588874321759921,0.1880535113238217,0.19927801062313705,0.21272792671168195,0.6930112270354579,0.7413617372512817,0.7844772672487602,22.882534680120393,22.977828979492188,23.046328936396925,83.58475629338055,89.69021606445312,94.52024307918101
228,1.663267999375503,-0.39482367038726807,-3.451658159292492e-08,90.0,0.4338729936910083,1.1289165946645856,0.6915433619779205,21.2863,136.66788098936237,1.6005492923277629,1.6616504097396683,1.7350492030907265,-0.44749335529266,-0.39452274797420595,-0.3480415318194343,-0.060269127056345864,0.00274901651438622,0.0702073033509558,85.04927832394799,89.79234313964844,94.34437355629484,0.381217602136872,0.4331938624382019,0.4832238004063905,1.066333640992492,1.176651695516893,1.3222514997873687,0.635825813665458,0.6992860436439514,0.7749855906672278,21.07781451059835,21.226524353027344,21.400195976156812,124.23196996123907,134.74246215820312,143.2643857016105
229,0.9685051116981206,-0.3866764008998871,-3.380432289645796e-08,90.0,0.4422975646718996,0.5651895932806169,0.9005745831638254,22.0862,83.27645550300169,0.9384336111151227,0.9803811694260989,1.0128856985867496,-0.436676729495165,-0.38670402614919014,-0.3321646631794685,-0.052788485211313,-0.005228839988823219,0.048134604660277344,86.44170603640895,90.3912353515625,93.94972792582494,0.3917622172686625,0.44169482588768005,0.5008544088105005,0.527847680823958,0.5685274650415364,0.6219142699314896,0.7962121903444234,0.891052782535553,0.9826975613145736,21.953408301430468,22.070024490356445,22.177209879882785,37.5633576911889,84.43853759765625,123.80713075418876
230,0.6594826062977784,-0.08993139863014221,-7.862052342488823e-09,90.0,0.8349778721275755,0.3856939361487985,0.6679939680700577,22.7516,21.324112881640044,0.6518888254856412,0.6635564240178435,0.6756696147124729,-0.119710524380305,-0.08665650179210452,-0.05934676554644018,-0.02785258055580203,0.002815108638629076,0.03255473882768877,78.79086340555178,89.14173889160156,98.50686413171891,0.7857075789155835,0.8393449783325195,0.8871524089957468,0.3312012737003605,0.37136586291784524,0.41410398508690155,0.6056242903353994,0.6637592911720276,0.7268224358558655,22.680137597847807,22.820213317871094,22.9727373752255,14.73054230486887,20.948068618774414,27.686798511006167
231,0.6567240645474297,-0.05439392477273941,-4.755267735134794e-09,90.0,0.896824282483928,0.28522895365484346,0.5287709289268967,22.6404,26.67330943016605,0.6472480042228513,0.6581189657497306,0.6692522830178395,-0.07910382988756215,-0.05486990115125276,-0.02085402103518986,-0.0317632223349644,-0.008715545658748526,0.015290596465696176,77.39155609457715,94.58203887939453,107.01247726192506,0.8502120634684165,0.8937714099884033,0.9578603457696785,0.26296477936901846,0.28091470137439123,0.30150112829639086,0.4973778628643168,0.5297819375991821,0.5708328485488892,22.55512559582323,22.65863609313965,22.735083069597728,24.334819310605848,27.434097290039062,30.2685348092686
232,1.5468615396612042,-0.13816356658935547,-1.207864297469996e-08,90.0,0.7572166787536215,0.6672281753821405,0.8521499251131573,22.0064,73.18202801676993,1.5225104506983391,1.5489621859204243,1.5800462653177754,-0.15151265842392617,-0.12865902719125294,-0.10382620058680284,-0.03545301669741174,-0.002357499248001397,0.023196355089573552,85.03767812799938,90.53684997558594,97.5353932959421,0.7364632404501352,0.7714456915855408,0.8103592618848857,0.6261668818967678,0.6904209417398004,0.7645242311093713,0.8184033415434634,0.8837330937385559,0.9475018523436859,21.81614023654652,21.956462860107422,22.087610779599284,55.563911815932975,74.62722778320312,92.214754215808
233,0.6667342915690595,-0.22922161221504211,-2.003918986304143e-08,90.0,0.6270459219680836,0.37896741138780704,0.47414411108508636,22.3044,146.4654251352929,0.6605958262182313,0.6751610431044628,0.6885902435444406,-0.2752646542016487,-0.23188674870888318,-0.18635858737101937,-0.027115794752115195,0.00951935456748718,0.041812445327513596,84.53993920367157,88.76844787597656,92.88538586180033,0.566975683723391,0.6229305863380432,0.6852776518226845,0.33117656120009387,0.3671062147687759,0.39430912162703263,0.44485543760741014,0.47827404737472534,0.5077337206071834,22.255617261729515,22.34834098815918,22.478384324198142,143.96192843306807,146.725830078125,149.79361343537076
234,0.6242245557317411,-0.15359891951084137,-1.3428044454144583e-08,90.0,0.7337048226996139,0.2362981378703725,0.6487741276638448,22.7379,5.54985288805784,0.6113440071685987,0.6227082056891187,0.6384580864187285,-0.17862078121393007,-0.1510939934484638,-0.12321038836464804,-0.026818916021070734,0.0015953598950716207,0.029601866666142857,84.07404372548166,89.6885986328125,95.3834957450081,0.6961576967161931,0.7368351221084595,0.7799791280719339,0.21606969124497427,0.2279289787463861,0.24253125803197828,0.6180698767642372,0.6676069498062134,0.718777566871968,22.686554866039256,22.768627166748047,22.868041105383096,0.2967705045813493,3.3587493896484375,179.97102968662483
235,0.8897796342249334,-0.3937389850616455,-3.442175611212406e-08,90.0,0.4349889322102828,0.2849855889232958,0.8636994565482341,22.7815,147.42143954795037,0.8818696967097656,0.8894714836564733,0.8960796906103137,-0.39688204453705117,-0.3809698842435549,-0.36418926067718255,-0.005753128133507207,0.008214647405822322,0.021293461555039302,88.37715708744223,89.37567138671875,90.42105860693836,0.4316764243349171,0.44801467657089233,0.466057360151518,0.2605434181200869,0.2800948123235992,0.3036834238054867,0.8307193018238788,0.8850310444831848,0.9503853577395227,22.70919642924811,22.799747467041016,22.885499733101703,134.67128102461442,146.5264434814453,160.17022491418797
236,1.5630831102616733,-0.18414749205112457,-1.6098685051701977e-08,90.0,0.6889787989118429,0.4213090727934871,0.4908173540983277,21.8278,58.2650743127822,1.5538473115782603,1.5646265732433804,1.5758957062324979,-0.18818416721617656,-0.17083501441672827,-0.15082905271411504,-0.022089336247087237,-0.005580290510707131,0.015015957659636873,87.50340940079883,90.94998168945312,93.81756937987099,0.6829768765206257,0.7077956199645996,0.7373802065849304,0.40390373659920864,0.4273013549698599,0.4495594173976637,0.48222770438398743,0.503930926322937,0.5301585211046613,21.76009948484768,21.81086540222168,21.87281577355019,53.83851286153141,55.61741638183594,57.79608675335577
237,0.8983301866646088,-0.35516247153282166,-3.10492893618175e-08,90.0,0.475837806783605,0.2975314624941383,0.4522702280170958,22.7618,133.7550931857066,0.8812614494842732,0.8906845145066928,0.9003051520269535,-0.3801834447594294,-0.3572388355053917,-0.3352480219227149,-0.02629542518569773,-0.00552398258618623,0.01685062113067949,88.61151680565251,90.44001770019531,92.06806025258057,0.4489609877256407,0.47339436411857605,0.4978253551870378,0.278468228355912,0.299303005216015,0.3208180983301566,0.4053210654900113,0.4313456416130066,0.4625168238717903,22.663411639738484,22.737995147705078,22.83113278334432,131.17321792815656,133.6951904296875,135.92156491944596
238,0.9612978523587385,-0.26738858222961426,-2.3375852364893035e-08,90.0,0.5780479942962029,0.23132894723157058,0.7118718982449138,22.6847,119.50899910048481,0.9211330004900874,0.9475465802331903,0.9757891602788522,-0.29011495488120836,-0.2551495110228519,-0.22513945378764819,-0.016875830637232057,0.012292291248721568,0.0380744752290366,85.82783412593889,88.64823150634766,91.93311301562912,0.5501651763916016,0.5924522876739502,0.6320663671003528,0.22420254283218827,0.23788554398397166,0.25174284682114817,0.662338137626648,0.731201708316803,0.7859448201908583,22.508491279129505,22.617942810058594,22.749088036963514,113.83084463880637,121.91102600097656,131.800828636401
239,0.9977060969754746,-0.1997193694114685,-1.746002098457211e-08,90.0,0.6670565278474442,0.42519442711237293,0.9690153010607667,22.0504,63.57517423698045,0.9642424640116345,0.9980961579255629,1.027569829165466,-0.2306688350679673,-0.18412229005271794,-0.1387560007773809,-0.0663921104771667,-0.02661718474361702,0.018660269719271993,87.10903218416061,94.02700805664062,100.17926501987168,0.619905501404436,0.6849746704101562,0.7507984153957712,0.386812998507658,0.4147453971015757,0.4427555950721988,0.9123201419925743,0.9663738012313843,0.9993980448798784,21.97876041659566,22.07840347290039,22.171604635867524,1.3885758533839954,89.65377044677734,179.56783645050362
240,1.0886812046431549,-0.18052878975868225,-1.578232833310267e-08,90.0,0.6941560517297398,0.20887687410526756,0.5499940875447511,22.9428,32.96835944312679,1.0801436975481173,1.087333599860977,1.0939468395264822,-0.19278002415748785,-0.18398099401113488,-0.17648850285802892,-0.01711450921729976,-0.0036358794880266424,0.0064966016752066365,88.99280135453367,90.5652847290039,92.6186785676962,0.6763132210710951,0.6891195178031921,0.6998970859045666,0.20021399129953507,0.21032357380983802,0.22206384978168847,0.5165969456700147,0.5472249984741211,0.5786985467714805,22.88165475530289,22.938434600830078,23.000765827188474,31.278447222293185,33.48377227783203,36.13849496374376
241,1.0863729728713891,-0.10184922814369202,-8.903942472215931e-09,90.0,0.8151303777325621,0.17730738137554902,0.9080272083095513,22.7618,104.79296117873585,1.0762189464250818,1.083971915258232,1.0917429256025561,-0.12385013486104658,-0.1053966237924488,-0.08941578844326588,-0.005743423219081224,0.010133102705055252,0.027923688778204836,82.81123533795227,87.27490234375,91.67671388477842,0.777554425594535,0.8080086708068848,0.8356335076039274,0.1685295944261609,0.17747428175332025,0.18494316226765609,0.8585542262963067,0.8961879014968872,0.9384701622843732,22.68198031364879,22.732017517089844,22.782899260232718,70.79697472589278,85.968505859375,99.22454103879831
242,0.620051488202743,-0.22556258738040924,-1.971930707611591e-08,90.0,0.6319035920870648,0.3943366097491165,0.7918148423064939,22.4493,84.62431700415046,0.610183001258319,0.6272411797862693,0.6417626463717766,-0.23585913929400293,-0.19283784531075482,-0.15150034019144223,-0.05322646819275092,-0.019145045567841024,0.017443672148450357,87.57101169583147,92.91758728027344,98.08772400731345,0.6171986263849747,0.674828290939331,0.7367473412123116,0.35459862830328565,0.38934947805978115,0.4274716129227273,0.7301084080279185,0.794043242931366,0.85481403478351,22.382686834062042,22.49236488342285,22.627765824536908,77.30041782106656,86.48827362060547,97.86425522674907
243,1.3599721611442572,-0.2297724038362503,-2.008734156788705e-08,90.0,0.626317181262096,0.2588717536259108,0.7184146922667358,22.3044,8.924529073139889,1.3410748352424748,1.3557430932503653,1.371010647033277,-0.2408684851808987,-0.2260763009029857,-0.21396932982727043,-0.03195755668997885,-0.0010489744470480204,0.0241248124650289,86.9071732986567,90.13077545166016,94.09563906889564,0.6115197020029883,0.6310456991195679,0.6471863589278437,0.242134210979626,0.25385763655147797,0.2690334838895023,0.6946156042171554,0.7287634611129761,0.7806576928105843,22.2472140266576,22.320842742919922,22.400138497307434,5.007200075604005,12.1329984664917,18.07543182373047
244,0.6465603985404738,-0.15236537158489227,-1.3320203606781433e-08,90.0,0.7355606627146635,0.16586635575852754,0.7144824084939114,22.7618,126.73606131064373,0.6376489854217229,0.6484724985405257,0.6567006115902444,-0.17649913979580306,-0.13820109961072946,-0.09582957845184302,-0.02278783794275106,0.010230611703112642,0.04085229438647069,81.70321360105706,87.92323303222656,94.31197901581962,0.699732759052898,0.7557079792022705,0.8226376902863691,0.15394114535034037,0.16324788377142932,0.17521174403314121,0.6498072125906558,0.7020072937011719,0.7525464402210692,22.688592986203616,22.79400634765625,22.889144958497248,122.497188813594,127.55677795410156,132.68942170168836
245,1.678577444261207,-0.15359793603420258,-1.3427958300837872e-08,90.0,0.7337063024698223,0.3301294742485825,0.20132988031411958,22.6404,9.327828388237737,1.667250841914328,1.6769339414287612,1.6860070187926268,-0.15988605792772637,-0.15084905698364587,-0.14265035971164566,-0.005362155695899861,-0.001537639300148409,0.0025281398430482297,89.50580570222529,90.29084777832031,91.0197013131878,0.724272238435654,0.7377923727035522,0.7503109004661641,0.31366929646708075,0.33564446321898833,0.3555798674442015,0.18589639085287207,0.1990828514099121,0.2109603322646712,22.568212432801552,22.63212776184082,22.6985744460973,8.460520368636033,9.012809753417969,9.652888624417068
246,0.626179009300588,-0.44412514567375183,-3.882665211563108e-08,90.0,0.38492152783710676,0.19933639787336316,0.624675743217004,22.7618,35.534924193093254,0.6193892437167937,0.6247214124394995,0.6292334082930452,-0.4736407859872465,-0.45242208339283496,-0.43550454311097414,-0.012293972563477015,0.0007031628936035836,0.015603798053949475,89.01354342739853,89.95393371582031,90.78234011159661,0.35716708935527247,0.3770032823085785,0.3932133501605997,0.18264877475407276,0.1918862603264187,0.20025295184304345,0.5934723674836853,0.6271592378616333,0.6560986135178287,22.72101854061429,22.77832794189453,22.83534343721571,32.69752467124148,35.72252655029297,39.04911711171307
247,0.6338845248531908,-0.13928955793380737,-1.2177079788955325e-08,90.0,0.7554799748587553,0.3600224792141277,0.6491072050109041,22.7421,116.91673223324287,0.6240645526865933,0.635253267268114,0.647126412347913,-0.17356614642750756,-0.14383245002867334,-0.11004700294737782,-0.05341172797071601,-0.019060329571922545,0.010930849751416267,87.90271066863883,93.62646484375,101.40523492006426,0.7021501777022833,0.744992733001709,0.8005553964311009,0.3409581566531067,0.37609589459963333,0.41661625238084116,0.5837307883274104,0.6325961351394653,0.7190075394364638,22.601442122686784,22.708873748779297,22.831636428833008,112.81320189745256,117.71194458007812,125.0242509208272
248,0.523708225584424,-0.023586636409163475,-2.062009230030526e-09,90.0,0.9539137458113328,0.242221647118314,0.5769022135776216,22.7306,108.81518511380163,0.5144177520924935,0.525776620159338,0.535836155803647,-0.04062269467177405,-0.012455877060660118,0.01718493601382214,-0.04416671979683997,0.0019559714586901726,0.049992747452658436,6.2879951731816615,85.99089050292969,178.84202946421544,0.8995509833415511,0.962151825428009,0.9962179240872095,0.2256997739369404,0.2407195830674239,0.25733229537294,0.5247966008797581,0.571501612663269,0.6149022630028783,22.61202928710513,22.72957420349121,22.83726805852471,105.7944051050049,109.10769653320312,113.13305277016889
249,1.1569443122312744,-0.5444839000701904,-4.760029526096332e-08,90.0,0.2949309529729959,0.3583185829244898,0.6572516329183775,22.2828,2.5582717952204215,1.1440068212376058,1.1537572733102157,1.1616421420586138,-0.5619731115450145,-0.53786185033834,-0.5210065597388134,-0.006581701935377392,0.003176739483695286,0.012739462259527372,89.32460001031639,89.83456420898438,90.34711597970181,0.2804083756933088,0.3004956841468811,0.31489913259983443,0.3497377723832877,0.3717789441420061,0.3962119212738345,0.6043793237595214,0.6377075910568237,0.6742743235029763,22.17451821578706,22.24602508544922,22.3095782221582,0.13707928780245282,2.1695826053619385,179.97559269427413
250,2.3718359328861522,-0.1877901554107666,-1.641713609501494e-08,90.0,0.6837991131233452,0.6634144991337357,0.6756166244224331,21.698,25.777414077646217,2.345679784419125,2.372388028767875,2.393837575121973,-0.2004772606853495,-0.17853841877256926,-0.1617044438345004,-0.009521169054526166,0.006114783115182994,0.02388206480353493,86.3920738631481,89.02474975585938,91.56486315318645,0.6658770910203705,0.6969311237335205,0.7215129291892223,0.6034990029625846,0.652384851509273,0.7137711862517114,0.6189489429549103,0.6499112844467163,0.6983875701171233,21.60812254059754,21.7174072265625,21.814934201903963,23.486368265109352,28.251007080078125,31.493858560184762
251,0.5599901913662361,-0.19887951016426086,-1.738659882732918e-08,90.0,0.6682243645866857,0.2773624109963288,0.830510215299787,22.3044,159.5513069465404,0.5545671885438368,0.5644276479431563,0.5751312780093251,-0.21977078253398696,-0.19003615253609873,-0.16262001381733562,-0.017845103029655553,0.014533369009906982,0.04396395699974209,83.77102190483215,87.85376739501953,92.80094788982034,0.6376205532405238,0.679290235042572,0.7198847532272339,0.2512098497175609,0.2657416538694684,0.282400769195004,0.7968243405497311,0.8448042869567871,0.887164013516386,22.285201490679952,22.36722755432129,22.43541316072484,152.90733509428523,161.86647033691406,170.5220153465544
252,0.8455079440431775,-0.07409892976284027,-6.477934189064172e-09,90.0,0.8620258763555486,0.3285598216688171,0.7083359689040416,22.8712,13.388180642391623,0.8285807411494012,0.8403362904932843,0.8518779782271203,-0.09573523188228661,-0.07128800174671554,-0.051775431890871665,-0.021617453529798405,0.0007607926484738358,0.024122043561252984,80.2895392524877,89.6851806640625,98.51165922480433,0.8250135660930678,0.8649705052375793,0.901407229334221,0.30866792429107637,0.3502582986760241,0.3905705695489612,0.6191403775705732,0.6770336627960205,0.7346749519223295,22.645804745773507,22.79465103149414,22.96355103534974,6.800937823699627,13.991958618164062,20.543885246429486
253,0.9032223554602173,-0.4545261263847351,-3.9735937207296956e-08,90.0,0.37501826485122425,0.3611055221109311,0.8232575326422176,22.5088,8.350620792877251,0.8933481711912625,0.9009034002553551,0.9094342895726154,-0.45243552354613964,-0.4342062175112957,-0.4126963025306603,-0.0089338925176543,0.006039791500750608,0.02639382986774344,88.27247918225744,89.59535217285156,90.57568382149425,0.3769624059148829,0.39449071884155273,0.41559673342453424,0.33445143410424144,0.3583170635525377,0.38633488035887875,0.7354496624804524,0.7929903268814087,0.849271122651337,22.424478062866505,22.521305084228516,22.615279726940905,5.530678389480802,12.700090408325195,18.790123999388733
254,1.9478450455358485,-0.09506828337907791,-8.3111331150576e-09,90.0,0.8263701251045537,0.2573592909525218,0.7827596261054484,22.6404,42.03129139826221,1.9415418161426277,1.949249688812995,1.958759655676945,-0.10158315853705548,-0.0938997323843814,-0.08604359978292724,-0.007550663917951072,-0.002201697912075373,0.0047735011280422525,88.51043814561936,90.677490234375,92.31911779438782,0.8154508662960114,0.8282066583633423,0.8413833854450918,0.24043964279813965,0.2546564493427876,0.26905072082404935,0.7652532529765446,0.7985384464263916,0.8341118893955257,22.59747356667408,22.654823303222656,22.7274761443074,38.843618700392724,45.189125061035156,51.292005385043694
255,1.3543195640026118,-0.31417858600616455,-2.746636518224932e-08,90.0,0.5218631620692142,0.46820173474703314,0.7961865390908078,21.7984,77.39099670645405,1.3450938357004782,1.3588307690181323,1.3737527963469252,-0.34739887209206594,-0.3224757536927613,-0.30063082947218134,-0.024028204295270913,-0.004881575674295667,0.015530958982592026,88.60845029543086,90.44397735595703,92.11602426014569,0.4838949998368407,0.5122600793838501,0.5377075873199393,0.445273083342171,0.46750729443005845,0.4904922638435058,0.7527349039077337,0.7948812246322632,0.8285410105734106,21.75466634203084,21.811555862426758,21.873065166681503,72.41767883900943,78.92428588867188,87.85132036551545
256,1.4125884146049221,-0.17646552622318268,-1.5427106703214122e-08,90.0,0.7000073086439632,0.7173389146983907,0.5463596421279973,22.146,159.0586746707228,1.3908848194302998,1.4113393427308871,1.4285275038356324,-0.20754873515345068,-0.1822134426612545,-0.15296104235327293,-0.017612013458860806,0.008762846849845123,0.03217118299768098,85.11447286019511,88.62372589111328,92.7954108506614,0.6553115714362691,0.6911278367042542,0.7341439579935253,0.6131048597103016,0.6844740966517862,0.7707777875414977,0.527333422160075,0.576265811920166,0.6321153834199217,22.009856675415456,22.181041717529297,22.336032978103606,152.51394651106932,157.58087158203125,162.69643384956495
257,0.786348205241747,-0.25324803590774536,-2.2139646560503934e-08,90.0,0.5958532849591389,0.2877905768869114,0.8668852321994013,22.7645,156.392930580437,0.7753479575989574,0.7839081215844954,0.7929722926028524,-0.2808681403891322,-0.26322057072865157,-0.24306593125259499,-0.02461152814524765,-0.0033801819840947305,0.013595219624438494,88.47861436941872,90.3687744140625,92.67407262442013,0.5610914720183107,0.5831111669540405,0.6085656711975109,0.2735938238637389,0.2944684880792523,0.31669049625187234,0.8324378378750779,0.887592077255249,0.9427137333764777,22.645937197892593,22.7469482421875,22.85612243916623,133.3801223168996,152.04275512695312,169.83094449727537
258,0.8188210074599384,-0.09910867363214493,-8.664355455323403e-09,90.0,0.8196562767270581,0.5038673331598291,0.5990341955075058,22.5099,117.5620627106787,0.7976832285701718,0.8126192805094151,0.8284533350461966,-0.13879859555230628,-0.09958653634090439,-0.0629183539583273,-0.056343354333653055,-0.009510469843904988,0.03160623808352746,80.1375817867393,92.68429565429688,101.61312336493904,0.7448927499849529,0.8174406290054321,0.8811558688105265,0.4767531337695515,0.5440795340177609,0.6099411558306941,0.5575754000892823,0.6120995283126831,0.6908871739953079,22.284319253505192,22.423904418945312,22.620561300439,113.06893100651861,119.3599853515625,125.39483642578125
259,0.741681874595727,-0.22694824635982513,-1.984044573077881e-08,90.0,0.6300605972152526,0.46087013291817086,0.7128582278291723,22.6361,152.41689783795542,0.7283971599673184,0.7447881490693017,0.7589107464658832,-0.24948650004132894,-0.2160981802688911,-0.1762995144234518,-0.031588535615269836,0.004861105467165232,0.035936362627598833,85.08880973056316,89.38243103027344,94.53837546296153,0.5996577204269316,0.6444201469421387,0.6984049723260669,0.385186990823658,0.433392923008573,0.47725503276641423,0.6142492749927537,0.6954034566879272,0.7733061543129783,22.61431185643175,22.75253677368164,22.922089134499604,144.4511321558185,153.81631469726562,163.52221114322018
260,1.2917873970109346,-0.0314963199198246,-2.75349565370675e-09,90.0,0.9389308117826337,0.3473174237416148,0.6331470032626692,22.2738,12.745371383777233,1.2627020007241718,1.2814449647230712,1.2975379488222405,-0.05511855092752551,-0.030138613640708467,-0.0054555734611867815,-0.02180318394171811,-0.004623489265807135,0.010759172377791287,79.60264954302521,94.16825866699219,113.58685760507531,0.8943149732977751,0.9394428730010986,0.9866540272688895,0.32642069170113436,0.343391061901088,0.36614539091552556,0.5841947479651862,0.6210122108459473,0.6577681647641707,22.198669267324533,22.28156280517578,22.342258646917468,8.100529822075654,10.979150772094727,14.613036419743453
261,0.8153750527555694,-0.4234549403190613,-3.701960693547335e-08,90.0,0.4050321727724904,0.35278395204952867,0.7626634756059956,22.146,69.74964602855566,0.8006643679471775,0.8128817933173145,0.8261620051008082,-0.4489891089593754,-0.4209934196709846,-0.3938543877538766,-0.03198742632653439,0.0056556085475821145,0.0323082285518155,87.86026473930755,89.61608123779297,92.20413054704741,0.380111875370816,0.4073340892791748,0.4348602629984196,0.3228167247942596,0.3389141438668803,0.3553462947647381,0.7415666462043388,0.7769253253936768,0.8167430172154213,22.124337476419328,22.19365692138672,22.251769667947425,62.893608757705806,69.15270233154297,76.37523268428683
262,0.871508093765183,-0.3783915638923645,-3.308004181690194e-08,90.0,0.4509665047559702,0.3027913080110064,0.5459890251157941,22.7065,55.859658293301706,0.8623564462426427,0.8828974261873244,0.901507001350654,-0.3785798495523591,-0.35230879128960335,-0.3246351972825967,-0.0544349570799701,-0.01576597217990104,0.014452846613415204,88.86996913496415,91.27728271484375,94.45192099373212,0.4504840325635547,0.478519082069397,0.5086843332010885,0.2764858445532774,0.29749980944371657,0.325389353133997,0.5262859069049192,0.5620383620262146,0.6170994464335937,22.64696017889112,22.747535705566406,22.84300773239453,50.6959065932915,55.01769256591797,58.478846915733335
263,0.9202979787023771,-0.09021450579166412,-7.886802322332187e-09,90.0,0.8345013635038491,0.6441794824955083,0.7237372297985504,21.7472,55.861566358879124,0.8999993480393735,0.923998673161069,0.9521093546540477,-0.126316587868933,-0.08189635162196957,-0.03343680066065274,-0.04029522555802323,-0.0029604921071584665,0.0395937909679531,72.47561673951603,91.09100341796875,104.58556353690517,0.7755017045768611,0.8460649847984314,0.9316290271340287,0.6057618017659003,0.6642991983349862,0.7410441403991633,0.6739456800155955,0.7323863506317139,0.786501307958872,21.55214976604929,21.725730895996094,21.85196421783131,49.641848210836805,55.88690948486328,62.82308709717427
264,0.7758276493530704,-0.46971985697746277,-4.106421513938585e-08,90.0,0.36080355097736017,0.3798632170659442,0.4208037832533954,22.2828,0.843708356932098,0.7543129415440984,0.7699219283824384,0.7837805665154278,-0.4934673671286088,-0.4709330495882851,-0.44494868078231914,-0.00951614802017472,0.012244352757404882,0.03416006886010613,87.89808839307501,89.23693084716797,90.57138639940545,0.339100868445565,0.3595644235610962,0.38378705340273783,0.3483246291274672,0.3712788289483896,0.39644528059623385,0.3998361396201537,0.4290279448032379,0.4588559269788756,22.204560596872778,22.295103073120117,22.365451263728456,0.1700684283448898,2.37707257270813,109.16029932944637
265,1.344877299218771,-0.16922380030155182,-1.4794014902008712e-08,90.0,0.7105365076206376,0.34930853969713316,0.6721695277420188,22.7815,143.86629101629808,1.3363516098566435,1.343461826038216,1.351360556298176,-0.17940240201081373,-0.16824889360190126,-0.1590685664045715,-0.01548001210764274,0.0008190114717407967,0.0092294270696721,88.46542490064883,89.86165618896484,92.66770691337726,0.6957597346926172,0.711895227432251,0.7255115502630105,0.32129149119283923,0.34770081089729443,0.38035328084833026,0.6345596795981105,0.6718742847442627,0.7083950391791983,22.685471452697232,22.77798080444336,22.87558532530787,142.38633099934557,146.02882385253906,149.10627859116403
266,1.3491220101295076,-0.042878177016973495,-3.748529486813368e-09,90.0,0.9177695403276285,0.22951046847612966,0.745633265033794,22.5481,10.310990931722095,1.3408955367030098,1.354595296803371,1.3656137398063948,-0.05246864048637878,-0.04194099041531772,-0.03013851677891918,-0.017166826487412457,0.0016030998646444764,0.019323457904032493,75.24653552865105,88.94877624511719,100.13023957839869,0.8999017082106533,0.9180872440338135,0.9372141126209476,0.215754625865933,0.2281306600345893,0.23815511515344098,0.70340564067215,0.7460670471191406,0.7980436183237501,22.510314760580773,22.559646606445312,22.617049246142198,7.184801687218892,12.35782527923584,18.031564158073444
267,0.5152659219541637,-0.08007194101810455,-7.0001116014850595e-09,90.0,0.8517285068469617,0.264205481922488,0.6617820595911473,22.5088,128.43206606357,0.5122445669410103,0.5232498863455162,0.5330903138002114,-0.12868766684402824,-0.09776997897624498,-0.07305238990657133,-0.0448276604409317,-0.011743354384245595,0.023296522494109424,83.20704305399994,93.39765930175781,101.86154546111689,0.7713820165829474,0.8193087577819824,0.8618755719098034,0.24710093363540372,0.2635864618827326,0.28012515100376123,0.587781811953893,0.6310198307037354,0.6843925792124966,22.480763500244723,22.559589385986328,22.647728908137875,119.9080698319623,124.39789581298828,128.38682270373954
268,1.198993724925863,-0.03637470677495003,-3.1799778366092823e-09,90.0,0.9298039479925273,0.11323338312113239,0.7775947310800526,22.7618,176.05497902625476,1.1921469283971062,1.1983125797296597,1.205711498412538,-0.05058831060549414,-0.036219513682845955,-0.01887398972358812,-0.006809292096430406,-0.00043246223674906067,0.004907543249975216,83.53640779465444,90.32420349121094,94.34800805321197,0.9033232217095023,0.9300568103790283,0.9623052401107033,0.10930798168044593,0.11357117391266662,0.11739115881359503,0.7353747775775109,0.772424578666687,0.805101752644397,22.719181683721416,22.751850128173828,22.785966421230224,167.55762805216403,173.8817596435547,178.26149225903617
269,0.6013612405589278,-0.1743331402540207,-1.5240686934703263e-08,90.0,0.7030942428537965,0.29983227599199336,0.6846869265381493,22.6404,30.015396641623116,0.5872697991093488,0.599085249777761,0.6078634996735905,-0.18587983164520785,-0.15900661878404304,-0.1310906054064556,-0.03139432128278035,-0.004103300746226071,0.02398794221602807,85.69921014184676,90.7767105102539,95.9048639219367,0.6849302810806271,0.7249009609222412,0.7676834895946644,0.2811749778475713,0.30210035657298384,0.32526098840262924,0.6294681136897455,0.6749471426010132,0.7248881959288268,22.50120768551198,22.59612464904785,22.699812549671435,23.087602371794905,28.234783172607422,33.23670377970923
270,0.9229552993737262,-0.05194318667054176,-4.541017784021051e-09,90.0,0.9012433579204955,0.3047048501594595,0.5789595116190782,22.7379,47.4262569242517,0.9203970795586817,0.9289910087949224,0.9372671163779617,-0.05959289641666279,-0.04628750436798858,-0.03279621937632678,-0.023722488252806914,-0.009797090950202019,0.0027712998814028392,88.17205220104789,95.99244689941406,106.12455086359168,0.8855077057178737,0.9086036682128906,0.933080608423634,0.27021799453683737,0.28898865603461127,0.3126371398527205,0.5510726827081698,0.582979679107666,0.6152045911621901,22.713900094844746,22.803180694580078,22.902316600136206,43.05674625584375,45.959327697753906,49.36206297503746
271,1.6864303907776292,-0.0849706158041954,-7.428367254647128e-09,90.0,0.8433678922578569,0.38232681869165586,0.46155999798912617,22.5088,73.57561677282338,1.6710875706680743,1.6813647293673077,1.6919719751179212,-0.10121212498415946,-0.0912326188000633,-0.08094801659900733,-0.0007754403257209201,0.0100777401178312,0.02039957341915864,83.98183916420898,86.80145263671875,90.23345498541407,0.8149915327154075,0.8318865299224854,0.8494934251906875,0.3556513545891122,0.37587303144438733,0.4017635092971568,0.4393371343612671,0.46443137526512146,0.48696163119095254,22.438528359227664,22.518245697021484,22.5805783842734,70.74224342872976,72.99806213378906,74.53357642770567
272,0.9814699564563436,-0.32643091678619385,-2.8537497698266634e-08,90.0,0.5078056305466915,0.34328625422517656,0.697134609834971,22.7516,15.062520811819205,0.969941913932309,0.9799874311721083,0.9882431137754202,-0.33873282002629107,-0.32058366628126056,-0.3069144527060145,-0.012309574844328307,0.00114545479649891,0.020255785124822966,88.19834089960605,89.8970947265625,91.10898914548159,0.4938810677847488,0.5144698619842529,0.5303035005222622,0.3206180077635239,0.34688585926849025,0.37790222248373867,0.6430967819830159,0.6835627555847168,0.7239124584953042,22.635766436299996,22.73751449584961,22.83327362303801,10.55491595357898,14.234553337097168,19.306072400771043
273,1.1617537174729116,-0.12738795578479767,-1.1136608968342898e-08,90.0,0.7740122096683053,0.2744881009708809,0.6806801130974267,22.3777,84.90765573028077,1.1540156329355893,1.1608020923995936,1.1678951996692788,-0.1418010399023211,-0.12521048551285036,-0.10747719110761408,-0.013692999359059743,-0.0009307917172338171,0.010140513208468514,87.67033707992879,90.20706939697266,92.8766147418204,0.7509167307847715,0.7774146795272827,0.805861474934106,0.2575203728307453,0.27004924646237033,0.28232651718364665,0.6573578578937582,0.6887621879577637,0.7243396639823914,22.349050628605795,22.391864776611328,22.446371708816404,80.59229889707733,84.91929626464844,88.29139635011242
274,1.0914620374673079,-0.14931048452854156,-1.3053137237761803e-08,90.0,0.7401738105835667,0.5667425416564562,0.265825127318457,22.4521,129.4733781086041,1.0765108550794276,1.093977615010575,1.109953412676662,-0.1478158812099692,-0.13236837806050689,-0.11754484853944272,-0.026073066106198743,-0.0015918727363591345,0.0299263467114225,83.39791941316223,90.34379577636719,95.39538200240472,0.7411559964236033,0.7658603191375732,0.7893554217282231,0.5170884714058891,0.5752522323046688,0.6455617370201177,0.25148307944848614,0.27446305751800537,0.30945528602557393,22.313180408420145,22.453128814697266,22.593165319745744,128.70286664663703,130.11627197265625,131.91995388491745
275,1.5071685963767132,-0.13472621142864227,-1.1778139352713879e-08,90.0,0.762539704345845,0.4554433343496927,0.4276805499246652,22.7815,84.66962276884648,1.493537632920283,1.5048809372436223,1.5162864738115769,-0.15587107227340147,-0.1428144151598397,-0.12468246743439206,-0.00970022696307532,0.001926711332369659,0.012494850817914613,87.61864120733992,89.62394714355469,91.96621676351263,0.7302499983433056,0.7500033378601074,0.7782664554249322,0.4162057308986503,0.4489813192432395,0.489978325281415,0.40233356908208473,0.43305155634880066,0.46725451222706077,22.698278860995224,22.81463623046875,22.926084646983327,81.90022462689947,84.34098815917969,86.72245274658017
276,0.7866976664935997,-0.0754520371556282,-6.596226675981143e-09,90.0,0.8596831218456584,0.41710066173253485,0.6972177187149718,22.8054,57.93349117096014,0.7780185721360924,0.7912735884027329,0.8054611563918248,-0.0889743144656802,-0.06074938764624652,-0.031091487981386595,-0.02055311981268897,0.004265126589762755,0.0340366476873984,71.62889527977758,87.96195983886719,102.28653437080598,0.8305249930014679,0.8841779828071594,0.9395137275031834,0.3720375616103631,0.4140919356907118,0.4690302918626187,0.6340327942665167,0.6949428915977478,0.7705872951986287,22.65724716902232,22.833362579345703,23.005226168249955,49.24937638191448,57.51996612548828,65.23364785173588
277,1.2492644029940445,-0.1909867823123932,-1.6696594329346226e-08,90.0,0.6792797550962291,0.17866303064511918,0.6789798456171923,22.7044,0.33881478939902676,1.2411770917526004,1.247262731783766,1.2538085484163528,-0.19913969350926822,-0.1931799671527408,-0.18597096777772162,-0.010826286278182998,0.00012018898014270328,0.011083175545119254,88.34185845418293,89.98220825195312,91.58216744040146,0.6676984237810167,0.6761718988418579,0.6862217385833836,0.17072613626901062,0.17809588086321948,0.18471280752297556,0.6490692608878175,0.6786433458328247,0.7056892190032417,22.652078032049822,22.68817710876465,22.73075506512197,0.006969490923622273,1.6310553550720215,179.98225014946436
278,0.8109464823329,-0.2648220658302307,-2.315148073250839e-08,90.0,0.581250095168397,0.3398467516439546,0.4851248964793561,22.7516,13.69345363226291,0.8050712792450997,0.8162910948134623,0.8276174261867623,-0.27371811398081153,-0.2548240042734057,-0.23124162055881212,-0.014937351680901143,0.004460964322234887,0.021403436218851605,87.583251953125,89.48855590820312,91.65091306140523,0.5701981224295684,0.5937873125076294,0.6239780767824262,0.300013031354842,0.33441148560599043,0.36767752617693544,0.45704023207113736,0.4903659224510193,0.5310765371467591,22.71246563859986,22.82132339477539,22.953701620655337,9.730430904867529,12.975817680358887,16.176628075568303
279,1.0475717823033162,-0.19712582230567932,-1.7233286797591063e-08,90.0,0.6706681541000569,0.41754475073817837,0.7520114296292031,22.8054,179.55031594204442,1.037318480180079,1.04941596057697,1.060504298437979,-0.22601804735596803,-0.19685752032926973,-0.17550683348948057,-0.013754313028414447,0.004610089905520254,0.023208974006095697,86.75642567212438,89.33111572265625,92.04038354135476,0.6311210190831502,0.6707455515861511,0.7012756010594939,0.3711289034748522,0.4141316916938775,0.4656151300025766,0.6796827859885395,0.7377685308456421,0.806442812150156,22.62394700669248,22.803146362304688,22.952479696509645,0.0887853130698204,175.7044677734375,179.9853293488382
280,0.6595347080336004,-0.2436497062444687,-2.1300534669421722e-08,90.0,0.6081698752305109,0.192797495688068,0.6556171947609463,22.8483,83.54314218677816,0.6564856228680598,0.6621886540779324,0.6683679377015121,-0.27800084981255135,-0.25617477403957245,-0.233111330264357,-0.019645755062248013,-0.0016467322891799787,0.0176050132099464,88.0618139736342,90.18147277832031,92.30013483294415,0.5649035582695392,0.5920223593711853,0.6217400393481762,0.18816987399499355,0.19838682624604398,0.2089062036458634,0.6060115376868004,0.6427123546600342,0.6768413581629034,22.73996005146321,22.808208465576172,22.880260750231972,78.29929014321326,82.37594604492188,86.75839054120786
281,1.5238461162712464,-0.11972539126873016,-1.046672615245825e-08,90.0,0.786152229118882,0.5498873997675285,0.6120348412217778,21.8278,145.9316814796306,1.5164045600560283,1.5416261935618047,1.563861855226994,-0.15067587734241722,-0.13376847098255795,-0.10588697628695018,-0.033074738882806286,-0.014803118648107424,0.009595886327307493,87.7095020761305,93.1544189453125,97.31607891611493,0.7353756957986971,0.7626245021820068,0.8063950772585846,0.4982080499155078,0.536330251912312,0.5829483629972039,0.5680341018916639,0.6013823747634888,0.633756696063769,21.768349057159853,21.871273040771484,21.958268007669545,141.5151547084282,144.98851013183594,148.46258042017294
282,0.7214582772003935,-0.11780350655317307,-1.0298709440803577e-08,90.0,0.7892232346851172,0.36626529205408614,0.4986918810780844,22.2501,22.922685800440203,0.6981344412485234,0.712254307149233,0.728168178683672,-0.12995200261336473,-0.09448327823731284,-0.06062055023290776,-0.033045088973004164,0.007068656115538566,0.0507573306976129,75.49012585499449,87.61375427246094,99.39874118208574,0.7680596908091024,0.8260446190834045,0.8824466105550907,0.33873169380770035,0.3658086856820003,0.3847390435182141,0.44444919640387076,0.47586703300476074,0.5166618319449007,22.15779024890195,22.223655700683594,22.311200355767152,21.70341384843503,24.343719482421875,27.286704066759533
283,2.5482765520216883,-0.14827196300029755,-1.2962346751521636e-08,90.0,0.7417476543802111,0.24138959527974096,0.5948768180178038,22.6847,122.5191252791504,2.5386864793538266,2.5434512119683443,2.5481460487895125,-0.1522003140617118,-0.14897380324933562,-0.14529497000182692,-0.00819393402817331,-0.004668173108348057,-0.000650338850249289,90.12658230363769,90.89639282226562,91.58103123117756,0.735610949864864,0.7405465841293335,0.7460931273885405,0.23467858057130167,0.24425599451915625,0.25391258947070683,0.5658521010265005,0.5854769945144653,0.6025818586349487,22.623215877624986,22.662662506103516,22.699606512583646,120.95505359540323,123.3909683227539,125.21210160887435
284,2.5282767918607836,-0.0576862134039402,-5.043089057465977e-09,90.0,0.8909199848548526,0.35462725369559833,0.6185202946669632,22.255,43.94409185119093,2.5151554530172557,2.525034503221468,2.5372554712299777,-0.07217990854944747,-0.06374481003052007,-0.056010732290763296,-0.006002720096617946,0.0017434433293120417,0.00859614849715281,86.26289415311453,89.21331787109375,92.70742536587673,0.8652900756174576,0.8799183368682861,0.8938862455245866,0.316257248119275,0.34339086132054,0.3750958256570231,0.5964564878165233,0.6369175910949707,0.6827728480317125,22.180138121495567,22.279130935668945,22.377191701847927,39.575381233395504,43.5244255065918,48.620475459848
285,0.9897114346037316,-0.1503475457429886,-1.3143799826309532e-08,90.0,0.7386050076246232,0.34168163274612134,0.5429192490566903,22.7973,26.20683546360012,0.9811676685873998,0.9930538520282233,1.0054842505444457,-0.16405743966351694,-0.1510195199688868,-0.13451174855927067,-0.027195875219242837,-0.009392733968970501,0.009854232411188744,88.03280560624648,91.7933120727539,95.02110114598756,0.7174105752212255,0.7368184924125671,0.762728431640666,0.30792690641964404,0.3303295325538783,0.3559365274663321,0.49315716849673785,0.5287215113639832,0.5628983125984797,22.74740167163121,22.832382202148438,22.920286178588867,23.98841518367619,27.40984344482422,30.672096865720743
286,0.7813927977974758,-0.25917258858680725,-2.2657587805952062e-08,90.0,0.5883446048196561,0.2844837124793696,0.4030545951251606,22.7328,78.0694256326615,0.7713199631492224,0.7786748564523371,0.7861375882937538,-0.29093361958027525,-0.2658470080938381,-0.2369701974204082,-0.026655187606050155,-0.009862184666810485,0.00919072640219732,89.03263554536933,91.05421447753906,92.9569547686454,0.548858417867863,0.5797935128211975,0.6163727587401509,0.26655395996866166,0.2888656586802717,0.30976151058316354,0.36499763318015854,0.39500099420547485,0.41743856157188375,22.613743244111657,22.705196380615234,22.82364100563426,75.90257057962471,77.36199951171875,79.11236099529206
287,1.4309455723040947,-0.21556685864925385,-1.884545319796871e-08,90.0,0.6453229023677088,0.32484654392901563,0.3445299380302361,22.6361,113.98007816781133,1.4226941419215395,1.430684713628491,1.439421510594802,-0.22401590520536166,-0.21458485726098744,-0.20521085242344,-0.011092261090082784,-0.0012828702187893787,0.008705511118773848,88.84888523386246,90.16877746582031,91.48579900055681,0.6338881645406239,0.6466385126113892,0.659383237361908,0.3117272846637791,0.33092523899455895,0.3547550089550515,0.32855017524069935,0.34455257654190063,0.3648365547903022,22.53357442773598,22.59796142578125,22.666805756307838,113.11554883338982,114.57109069824219,115.85756972725949
288,0.765280904651007,-0.12188006192445755,-1.0655093696243512e-08,90.0,0.7827217558500934,0.20112411682111306,0.9127700165753236,22.7516,5.908001976859412,0.7569979620668297,0.7652271023750286,0.7740192361627529,-0.1281668113275206,-0.10769022346499103,-0.08512405709142007,-0.016875865839826247,-0.0022033568734749044,0.01540971358477444,86.07797678590077,90.61964416503906,94.49341836419853,0.7725424124248773,0.805171012878418,0.8426682421887649,0.19177635094791545,0.20281117547311128,0.2123002684821189,0.8544173044369081,0.9040024876594543,0.9529708253144006,22.701959497590977,22.75845718383789,22.84728987189319,0.22710481456220616,7.926201820373535,179.85497172836793
289,1.5185041095864864,-0.10359977185726166,-9.056980054822361e-09,90.0,0.812251194667016,0.20542858919765933,0.5052201245552903,22.7815,73.50034470951825,1.5113243895297572,1.5171362537187045,1.5238946178409778,-0.1114159020358571,-0.10324909910944743,-0.09721023863756195,-0.0037023026238839334,0.005116888433395332,0.015116367376937851,85.78316293848384,88.60517883300781,91.03469433208046,0.7991474287767649,0.8125057220458984,0.8223555274024488,0.19941109003293836,0.20707925378697156,0.2160261218819432,0.47862985408940256,0.5005806684494019,0.5222145996613535,22.706298612175573,22.74893569946289,22.786002403225005,71.90112865132683,73.75827026367188,75.51656811064531
290,1.3627860063931134,-0.36821961402893066,-3.219077981952978e-08,90.0,0.4617536337125614,0.5356147084008703,0.5169054975767808,21.9411,21.880564319052244,1.3377712216385536,1.3624167132812355,1.38473359935352,-0.3794880858360198,-0.3597041598585228,-0.3387996730246602,-0.027093810672499292,-0.00309254598658971,0.022142108314867334,88.26942789882328,90.24493408203125,92.17714346531943,0.4497912318675248,0.4705738425254822,0.4935551862151987,0.5225667715708132,0.5574866090741053,0.6049561436432284,0.4900827798818683,0.5210164189338684,0.553147521477399,21.782876207146657,21.881526947021484,21.961852560165394,16.089064202836557,19.701431274414062,22.39513847152589
291,1.3900906275670086,-0.1124899610877037,-9.834185021873054e-09,90.0,0.7977690291361208,0.4847797130458945,0.35210470781597325,21.7984,98.56258249142518,1.358572608574056,1.3869872608608662,1.4197333192327237,-0.14206847346879387,-0.11775980003495617,-0.09192108138160719,-0.024119090209990205,-0.0020824598718072575,0.030899789170389533,82.24657459771291,90.52604675292969,95.8090364966268,0.7505738415016688,0.7886641621589661,0.8311346728065171,0.4471071493003394,0.46741213310451035,0.4906159072664727,0.3372221659319349,0.35828274488449097,0.3767076291656363,21.777023746411835,21.83193588256836,21.90534811815546,97.1684005469162,98.62561798095703,99.92316396781172
292,0.5952308674060932,-0.21323442459106445,-1.8641545196373954e-08,90.0,0.6484860399483383,0.26199324049463724,0.6324622017128562,22.5531,4.892237338842353,0.5860402007453219,0.5957476169391809,0.6060591076544249,-0.23212947731237893,-0.20737585804425296,-0.18188370618574726,-0.017965818087621703,0.00017576874265246684,0.02448225086085446,86.68523427816817,89.9754638671875,92.62538925763987,0.6231175763645863,0.6562033891677856,0.6915050182184292,0.24087817338195677,0.2603886123704463,0.2805245133592877,0.5781045775744127,0.6156429052352905,0.675204069385897,22.41728440998247,22.52994155883789,22.64327379298697,0.10470996052026749,3.3220572471618652,179.86417139259376
293,0.5402457974429686,-0.24563351273536682,-2.1473963940366048e-08,90.0,0.6056086908851916,0.2674911237987607,0.8577419886222967,22.4458,75.6853045823151,0.5231475582804567,0.5390494147038637,0.5537434430266824,-0.2981734766622651,-0.2621995737303723,-0.23083123409040293,-0.04658054371362713,-0.0010936849043038563,0.0498634242179014,84.52176770418453,90.12274169921875,95.10863497633126,0.5405457643411045,0.5837112665176392,0.6248437926245825,0.2461509428126771,0.26365436954817434,0.28283543250991294,0.7828221575323234,0.8331126570701599,0.8935717063332813,22.33910885704887,22.450305938720703,22.546712451623304,65.61296851367514,75.20584106445312,86.79283408300611
294,1.3722100405913602,-0.08355569839477539,-7.304671090224701e-09,90.0,0.8457749775481685,0.38877389816247954,0.8546625317058163,22.6062,103.7074472279979,1.3598032399809272,1.3712508837769044,1.3805261166390927,-0.09914994643321164,-0.08786107699370505,-0.07284088323271425,-0.012383750268045812,-0.0005770133402042821,0.010203068830752289,86.5856830351161,90.1972427368164,93.96823773089041,0.8195421276657536,0.8382529020309448,0.8637169690534003,0.34925794493635437,0.3755819911038748,0.40838209896529426,0.8125839195370617,0.8605051040649414,0.9111762422649994,22.529750413637927,22.630489349365234,22.729134643946573,95.05729782985269,105.8123779296875,118.15123046515966
295,0.6303634454934471,-0.1563682109117508,-1.3670143239608024e-08,90.0,0.7295529162733565,0.42390711810123094,0.5470009909168612,22.2988,94.53919487693983,0.6236275366611496,0.6349665684531274,0.649478640088396,-0.17274400387543426,-0.13546496805410968,-0.08365459711169397,-0.03366005081978438,-0.011635027604885573,0.020702868765575484,85.79877794437422,92.3797836303711,98.17567126503245,0.7052034143918192,0.7600387334823608,0.8421050283985895,0.3734522826451877,0.4070975026722566,0.4514197795540303,0.5174494212936642,0.5656055212020874,0.6184729042123971,22.198038558307516,22.354246139526367,22.484096503253987,91.12574589520003,95.5981216430664,99.5855395436239
296,1.0327484298748004,-0.19976592063903809,-1.7464090618091177e-08,90.0,0.6669918432058406,0.4568322320003371,0.5324544500975266,22.0064,4.417857981681381,1.010072080231331,1.0329605526053278,1.0544763037470883,-0.2469071144883078,-0.21710203845299647,-0.17886480873896513,-0.030448637804337916,0.007725837094463452,0.03807980192521353,84.68738210113656,88.97129821777344,94.17713404230264,0.6026705312996171,0.6426213383674622,0.6961244098594942,0.42576042084230775,0.46020527207352746,0.5024206458969026,0.511751790035773,0.5456682443618774,0.5783100000080714,21.896924376571786,22.0015869140625,22.079265579398342,1.6326682579811718,4.749433517456055,7.258039045089943
297,0.7421173072954687,-0.09591569751501083,-8.385216965223208e-09,90.0,0.824957889198811,0.24006961323407047,0.8005980306182088,22.7516,133.00208700861094,0.7317774089941156,0.7405576284807709,0.7498734133437062,-0.112986776551583,-0.0938229676651381,-0.0769364402388323,-0.030709481043707135,-0.005170468329724344,0.016664823850721593,85.10386341959486,91.64753723144531,99.05542880924078,0.7945154355078928,0.8275285959243774,0.8562776117829901,0.22757766019968415,0.2421820681753546,0.25561632203123774,0.7590215202189463,0.8060950040817261,0.850379738261928,22.664200859012933,22.736846923828125,22.83946455194536,122.27562305494456,131.81057739257812,139.8162815352917
298,0.6980136049484325,-0.23721805214881897,-2.0738260886332682e-08,90.0,0.6165299253567902,0.1929016729529868,0.7455286009226582,22.7618,19.85833658687589,0.679896018131859,0.6938081111312089,0.7078886992874664,-0.26089044725417576,-0.23514481866066356,-0.2060193941286064,-0.014079305801776507,0.013716296864223553,0.045526229661261734,84.41153575598611,88.27899169921875,91.68667191258946,0.5858219487978186,0.6184648871421814,0.657989353165297,0.17872142580367636,0.18822953450106233,0.19680218034866226,0.6800523182351702,0.7231152057647705,0.7891737915929188,22.696817275237517,22.76755142211914,22.849005221051026,15.9184982916997,20.67900276184082,27.062324283161164
299,0.6503138846056047,-0.14088648557662964,-1.231668811385589e-08,90.0,0.7530227911594445,0.416279330249911,0.8984188488402706,22.3044,123.62744986895318,0.6403220469419287,0.6519063584125735,0.6633819994793001,-0.16161884162406137,-0.12300471896148847,-0.08332365009304443,-0.037696589807414305,-0.014158613203002289,0.016885284258085262,85.73311304617602,93.26307678222656,100.07730250550622,0.7194304128394279,0.7788288593292236,0.8451265156707249,0.3855489394506014,0.42832055499428845,0.4735579498764008,0.8085718388599193,0.8736355304718018,0.9490917018860654,22.157884286040904,22.296085357666016,22.443497711689613,111.65429738581084,135.06422424316406,151.3590560231004
300,1.0785061906948403,-0.27749907970428467,-2.425974088282601e-08,90.0,0.5655588751168724,0.24634357715894106,0.8056485880189238,22.5481,32.75099005651529,1.0740781442932594,1.080368659223744,1.0852978272368095,-0.30013958302566746,-0.2839706640360686,-0.27081580590680915,-0.006553766006042675,0.004053628404445257,0.013062625777956147,88.7178572593017,89.59257507324219,90.65311992325418,0.5382145812426596,0.5576528310775757,0.5737589184608861,0.22966230060803408,0.24088186368454137,0.2559374064557506,0.7570765763322447,0.8094489574432373,0.8521265066144397,22.50123927163669,22.55792808532715,22.607813874501517,23.71965577359023,29.783946990966797,36.99038188895352
301,0.6345917763753949,-0.2890210449695587,-2.526702225225108e-08,90.0,0.5515650616137995,0.2567054931409737,0.5043843671837787,22.7815,173.51727412729696,0.6268362674940732,0.6350472813821276,0.6461393965144963,-0.3079433808532903,-0.2865457851877125,-0.26603767944036477,-0.013241520672338067,0.0077054184815526705,0.03001662329175725,86.9215447700409,89.23279571533203,91.32584530741886,0.5290460424524335,0.5542103052139282,0.5797260432882781,0.23303066311142387,0.2508198446301568,0.2687227275165392,0.4710534120722368,0.4975297451019287,0.5257878199857813,22.73600510863704,22.809778213500977,22.892170325010753,170.44338217077924,173.5806121826172,176.2479979940366
302,0.5968703137987742,-0.4315526783466339,-3.772753487396585e-08,90.0,0.39708445894970434,0.2965013124643195,0.9030677971948027,22.3044,83.346419807704,0.5894228230574805,0.5971644666367764,0.6071577872636319,-0.47001254310676444,-0.4374058772066757,-0.40545397849424564,-0.024138536167624257,0.009439953468527315,0.03214939133654757,87.91309165604596,89.38402557373047,91.5858352362091,0.36034684441803544,0.3911440074443817,0.422624547639798,0.2747413181536072,0.295235518102319,0.31577239723629896,0.8428266474358601,0.8974181413650513,0.9453467548285545,22.220590553556605,22.293914794921875,22.380869381593854,63.54653937363399,80.74276733398438,93.50615054298622
303,0.5754189536515644,-0.153488889336586,-1.3418424593680811e-08,90.0,0.7338701964112113,0.30639983341459315,0.868297730405951,22.7516,167.63613946133245,0.5601419062835634,0.5721753347233276,0.5841730242502469,-0.20408924349961205,-0.15089131923166768,-0.10257784961283387,-0.04188519040864434,-0.005641162895977908,0.03215380853577752,83.4574037105766,91.03646850585938,98.21109783784604,0.6593036733877513,0.7364190220832825,0.8133385278658999,0.27370632784319154,0.2972928651786516,0.3212036501874619,0.7534174785736555,0.8203667402267456,0.8920455986269747,22.66725197689977,22.785280227661133,22.897081029177407,0.41467340853330364,167.52357482910156,177.51573534974014
304,0.574538626919745,-0.04443028196692467,-3.884218724437005e-09,90.0,0.914919586087943,0.304295232549008,0.5429922639250493,22.6638,134.39069705244555,0.5676909231913329,0.5768219550126817,0.5867017126324866,-0.0759909552003167,-0.050411055552684256,-0.02715807290125339,-0.03048410788657288,0.00492078275705796,0.037079855329651926,67.2901509346328,86.90095520019531,104.23256105550182,0.8570916731921177,0.9013218879699707,0.9448541402816772,0.28036532031258965,0.3008648502337905,0.31959507181257,0.5099722042880405,0.5494257211685181,0.5888895776773467,22.607713171887305,22.68201446533203,22.784051093996897,131.36451311109195,134.6385498046875,137.58414936762904
305,0.9795221426702728,-0.07084739953279495,-6.1936762385528255e-09,90.0,0.8676797461742269,0.41003651309330436,0.5455325284399483,22.8826,99.803350672265,0.9627793923507676,0.977420874290035,0.9890787561538604,-0.08523613150878562,-0.06750987898352084,-0.04736768765663229,-0.008766472743092826,0.01248736929346703,0.030366640455736137,77.7727866283499,84.83578491210938,93.85951626009334,0.8399581705740973,0.8713452816009521,0.9080386708237077,0.371239266563918,0.4046549768546157,0.4569300781601124,0.4795928594684547,0.5409137010574341,0.5832424885929978,22.792791679820255,22.918136596679688,23.034231416496546,94.49179851179552,99.19923400878906,103.85674915503759
306,1.6049522465898887,-0.0765182301402092,-6.6894361161473626e-09,90.0,0.8578412759352816,0.38266923000072417,0.7226388800500145,22.1821,127.53257863421392,1.597643698068936,1.6087107543490382,1.6233361574888863,-0.09609735850569129,-0.08188381628690534,-0.06768953371875495,-0.009485174960753052,0.002888609271357504,0.017383753562129123,84.16422393421163,89.03369903564453,93.73047820281644,0.82399769697788,0.8482068777084351,0.8730937708120899,0.36146413846245745,0.38435666520087314,0.4092144524148491,0.6723328262645143,0.7039351463317871,0.7398059943892542,22.09663639553739,22.16518783569336,22.23691726065495,121.63417474052197,126.13358306884766,130.60787302359267
307,1.4399379674816633,-0.18645994365215302,-1.6300845118166762e-08,90.0,0.6856869104822838,0.3375398041697903,0.4183634345826033,22.9067,4.8566995970491895,1.4343391728882458,1.4443324509574766,1.4565039648794813,-0.19724299450518745,-0.18633512485817136,-0.17735137570400025,-0.004604015426708066,0.0026200541546291213,0.008473873880100553,88.68765713120125,89.60035705566406,90.71092132074372,0.6705040269549565,0.6858103275299072,0.6986780288569425,0.3027452047325662,0.3236742121742253,0.34921666154790515,0.3940713158042368,0.4165586233139038,0.44163555700286544,22.833973869303996,22.936012268066406,23.021997212670552,3.0562787269036775,4.8192291259765625,6.525777116632424
308,0.5068944999999023,-0.1514829695224762,-1.3243061758316799e-08,90.0,0.7368906400080738,0.17852418024954828,0.39551510623643293,22.6847,8.804176878826308,0.5027237936620584,0.5089135993004874,0.514512189126861,-0.1835799872584408,-0.16281685756756703,-0.14366330490830248,-0.00657986633520512,0.007803606162769247,0.028107851159994587,85.08046467764193,88.59803771972656,91.15585289933286,0.6895054656071373,0.7196156978607178,0.7486389400459962,0.17208161445295764,0.17894279763090637,0.1909427359276378,0.3818930638454509,0.4018643796443939,0.42434450908866517,22.615269279531102,22.675491333007812,22.72597522689149,7.530534160885721,8.965081214904785,10.731321208070971
309,0.9507071033923179,-0.051260806620121,-4.481361948194262e-09,90.0,0.9024774725540495,0.2831277092451737,0.369284495916811,22.9832,151.70928158649855,0.9476726506075706,0.9555476135267023,0.9659935258365181,-0.06608322313895637,-0.055899491823607095,-0.04400195015601104,-0.011279734168916344,0.005996709214668342,0.020739188432252052,79.50089618531155,86.96846008300781,96.55341205842538,0.8740306353359732,0.8934473991394043,0.9142914698251263,0.2531362205030637,0.2721863837860762,0.28998845943326396,0.3497401803117671,0.3716669976711273,0.3978865160075918,22.939908992446014,23.016868591308594,23.103589952393776,150.47759250510808,152.25860595703125,153.82100667467506
310,1.4204971293292492,-0.38158297538757324,-3.33590435275255e-08,90.0,0.4476148418390006,0.6090671273051134,0.7078286022289784,22.3616,131.20356250720596,1.4073107493612835,1.4221897242168438,1.4393241096783917,-0.4224406887328412,-0.3872086461647275,-0.3657640072629117,-0.03634710663419083,-0.015289724742684535,0.004177139804881883,89.6880415647171,91.14335632324219,92.56828019586935,0.4056130523842589,0.4414122402667999,0.4639326373749813,0.5484423539227096,0.6060279454472022,0.6651539583983187,0.6042429951428997,0.665041446685791,0.7175460441302661,22.2496114658176,22.362836837768555,22.494807276770988,125.69038111833066,131.6688232421875,138.18448671633126
311,1.3777748854576106,-0.24583275616168976,-2.1491382895533206e-08,90.0,0.6053519055123011,0.3566742838341687,0.8158651560402247,22.0504,123.77028849485937,1.3266109719913783,1.3597509744735339,1.3903890420323999,-0.29543326296343575,-0.26643414573464347,-0.23638239333701214,-0.05872848881258319,-0.017924854105969876,0.03079222883849735,86.55125327377033,91.90679931640625,96.10944353145506,0.540899801621001,0.5778601169586182,0.6155612371098368,0.33706933533269184,0.3593338160986679,0.37971491449811023,0.7221636912685303,0.7721903324127197,0.8147230070924424,21.929628887450868,22.02501678466797,22.148810179819826,114.95249773761236,124.3980712890625,133.4321411422243
312,0.5652641542437947,-0.278838574886322,-2.4376841878392952e-08,90.0,0.5639190486495063,0.26719891739477913,0.7143221732107985,22.8864,51.32761885647733,0.5553404403211107,0.5642280873388068,0.5708294109774752,-0.3305302635350783,-0.29431773606742956,-0.2573228114008616,-0.03969900163275157,-0.012936776977703826,0.021081953099853175,87.95815491254592,91.25811767578125,93.88787067070152,0.5029695161849317,0.5446984171867371,0.5906421800609074,0.24848526597272433,0.2704709156852242,0.29242320390777543,0.6587066549993535,0.7073734402656555,0.7620694210446132,22.789471977065524,22.8754940032959,22.98013306555772,43.92249328070556,51.851654052734375,58.2472403263942
313,0.5706574401214378,-0.2510571777820587,-2.194811621336612e-08,90.0,0.5986479698927476,0.20497121735079363,0.5096021534079967,22.7815,68.95765279134635,0.566467426556014,0.5720215367311178,0.5788136996686046,-0.2715602032712985,-0.2467644539367998,-0.2178341535753916,-0.01894660035925934,-0.0031917860338557262,0.01766704205117495,88.01692950808169,90.36939239501953,92.31518726695857,0.5727550817235106,0.6038756370544434,0.6416518411789107,0.1915874495700504,0.2042174486197021,0.21296989609065403,0.4734477263546474,0.4952446222305298,0.5202998827698424,22.74436216882785,22.798297882080078,22.873090133516513,67.011239865942,69.41024780273438,72.03194059932204
314,0.7934942512522946,-0.061290279030799866,-5.358166355051708e-09,90.0,0.8844985549663331,0.14547477060006284,0.7054451037726743,22.7618,118.06512948615816,0.7684717109448703,0.7867009291176801,0.7997936128478211,-0.08787973669760077,-0.0540557068289967,-0.01304666538230503,-0.08645232971614385,-0.03093647072925096,0.007154010929837768,86.41062567366326,105.02755737304688,128.25885587211056,0.8153905622603398,0.8794764280319214,0.9625181767178361,0.13658598164134564,0.1463348548103159,0.15668384386637896,0.6677318623746028,0.6979160308837891,0.7381055217205894,22.581680167623,22.720911026000977,22.858864135825733,113.17243900576975,122.59275817871094,131.1882446286477
315,0.6675187664876928,-0.19761477410793304,-1.727603304857439e-08,90.0,0.6699860815332175,0.3355626041485467,0.5629123349393457,22.3106,103.22682635226671,0.6546542338110862,0.6701992521838649,0.6878565229007104,-0.22587907468087473,-0.18693683379768142,-0.14982979800030943,-0.048559405118259534,-0.005053260102107432,0.026794351763758655,85.59312235112886,90.81245422363281,97.50088431501896,0.6297983788908256,0.6843982934951782,0.7370367904139382,0.3110265811685063,0.3289337283387273,0.3573797404351136,0.5299931113911249,0.5693347454071045,0.6132747029235628,22.236253631942603,22.344810485839844,22.449136401409188,100.2179665165001,103.09002685546875,106.12451580974962
316,0.7290472371968263,-0.17511257529258728,-1.5308827983062656e-08,90.0,0.701964606774825,0.4215432871723541,0.5148239267505805,22.0012,6.853762597420044,0.691751118839303,0.7106101344238116,0.7314029635819176,-0.18057120059548185,-0.1439318730265358,-0.09882983724411006,-0.019743337627610345,0.009894710632332875,0.04578016618133235,80.57887053238167,88.07748413085938,93.62781112482526,0.69405724829757,0.7461826205253601,0.8177453909478933,0.38933003885277473,0.40874812189706844,0.42737140465081835,0.4719174409109662,0.49869340658187866,0.5247982266542274,21.93659347234543,21.99903678894043,22.07112647084341,3.0152291828331568,5.76617431640625,8.516321470181657
317,1.01283170995842,-0.1635456085205078,-1.4297611095059892e-08,90.0,0.7188840684000476,0.2389017717833542,0.6643960983019143,22.7511,117.75862057335107,0.9953281344144677,1.0106946423713574,1.0245066989428175,-0.17044615148034098,-0.15251282648422054,-0.12891307835764848,-0.007286726775041225,0.007335464225972362,0.02150474127742131,85.58622041687325,88.6424560546875,91.32018660874547,0.708128612410055,0.7348902225494385,0.7714159530997656,0.236592389062121,0.2504223696450988,0.26367865174935123,0.5883847384879218,0.6329009532928467,0.6718902368491005,22.59670089700724,22.680957794189453,22.75091664404824,116.09116932359848,120.12211608886719,124.91396509829099
318,1.7993148826422722,-0.10830710828304291,-9.468507755627797e-09,90.0,0.8045539756880049,0.35183699241823263,0.34122867465735685,22.3616,115.21185116752848,1.773052868035899,1.800629005356439,1.8239429509949876,-0.1246350142962419,-0.10877296694819025,-0.09751507406398806,-0.014856002098113521,0.002121151004244229,0.019452138609347972,84.63801650355177,89.4493408203125,93.67856702320951,0.777640596654489,0.8036594986915588,0.821650079989792,0.33587897229972613,0.3539641693390516,0.382029117171058,0.32787647813377124,0.3500681519508362,0.37459982885196474,22.267766017163456,22.3546142578125,22.41864767703671,113.37140465837226,114.63604736328125,116.09115043787634
319,0.9582185767167888,-0.03497060015797615,-3.0572269160700216e-09,90.0,0.9324220405014295,0.4654868435295769,0.8842658176593581,22.5184,119.14879265556813,0.9456710017503089,0.9581737576040075,0.9690176110938109,-0.05894751519731782,-0.03858665532486677,-0.01770512777508091,-0.020732193942954828,0.0011265163360796439,0.01958493610583963,71.65773677386491,89.1634292602539,106.41937123455035,0.8877745562191207,0.9245562553405762,0.9629968323344008,0.43631489312038474,0.4858144542355042,0.5311695190715625,0.7935931184038159,0.8519401550292969,0.9321704473664103,22.35348186985833,22.46953582763672,22.60989905309007,102.41921483454342,115.95574951171875,133.37883815458784
320,0.8569362881603684,-0.24015314877033234,-2.099485563178405e-08,90.0,0.6127040503944888,0.49350354377361094,0.2233836983186651,22.1231,179.92957641969463,0.8314470186114546,0.848972209694622,0.8669000326240393,-0.2593155508392692,-0.23188598807761385,-0.1981967025340876,-0.014802335881468454,0.0017560472555092068,0.017229762297952308,87.80445593554457,89.7882080078125,91.8665385016846,0.5879522288190758,0.6234395503997803,0.6691711848668477,0.45992553256525787,0.5007681612628614,0.5422225716022949,0.20767949596371832,0.22528275847434998,0.24159622739818218,21.994199637057534,22.092926025390625,22.19281489527977,0.008274726252731525,179.38221740722656,179.9859103837256
321,2.73420485616865,-0.09859468042850494,-8.619420732713934e-09,90.0,0.8205076290753807,0.6446987577481762,0.270822519947314,22.3616,130.75898398285753,2.717959590555984,2.7351302149959382,2.7533004162962045,-0.10135738431874654,-0.09513121245801856,-0.0877486284320463,-0.012236120156814974,0.001504499043741885,0.012913712465313655,86.12112538365511,89.54254150390625,93.55442185174725,0.8156558241143005,0.8260365724563599,0.8385598267218423,0.59332540415591,0.6499235327868982,0.720097877344814,0.2570895376229895,0.2725031077861786,0.2925110459327698,22.209137850145073,22.34018898010254,22.46298147640013,129.35600029233916,130.59860229492188,131.74861330281885
322,0.664283158459889,-0.3001170754432678,-2.6237067629608646e-08,90.0,0.5383229889823402,0.40379559525265774,0.45028421564544485,22.6638,74.36414748942144,0.6536923917392099,0.664665119019795,0.675167942940048,-0.34711670834235253,-0.2977718432452514,-0.2551125809240055,-0.026177972242410356,0.005350521108930133,0.03991922688715063,86.41870455317377,89.48065185546875,92.85354182427825,0.4835540698441459,0.5408316850662231,0.5932012083922733,0.37133769033837205,0.4085845486352212,0.45586751405403586,0.4221737555097082,0.4653143882751465,0.5125509147178997,22.55035875028789,22.676115036010742,22.808136008062462,71.18632230490863,75.02467346191406,77.59045615439594
323,0.5455492382538831,-0.576932430267334,-5.0437034104788836e-08,90.0,0.2682851483420602,0.2904747644878221,0.9639729210015335,22.6404,95.63751622635364,0.5407420080871647,0.5495555632985205,0.5574107615578071,-0.6263358675330606,-0.5930679996369951,-0.5641820433166792,-0.03130966283332109,-0.004690049006782706,0.022473565062670977,88.89834251580942,90.222900390625,91.5185816907954,0.2297569216238283,0.2554240822792053,0.2783674668358194,0.2720463973926931,0.2934021838589588,0.3164286244703085,0.888376858116933,0.94379723072052,0.9974861280454911,22.52552646218434,22.610916137695312,22.70791702800867,16.20905559856017,114.66119384765625,154.48897163910843
324,0.7961005728974042,-0.2227722704410553,-1.947537064950211e-08,90.0,0.6356275350623213,0.361376172765071,0.8803454455614583,22.1036,122.74621882736832,0.7863102065116248,0.7958852946878534,0.8089252158106064,-0.29651494191644556,-0.24072776620459674,-0.18766255118760636,-0.04412353832567086,-0.01525938569267855,0.010630041155305282,88.70737355637259,91.8284912109375,95.18689544938712,0.5420492785505869,0.6115401387214661,0.6830166601436265,0.3509651586266917,0.37455716473935124,0.39765557485523484,0.7887076220073893,0.8352674841880798,0.8939659385126664,21.97621629194975,22.058073043823242,22.166502933335853,107.01459543189229,116.81761169433594,126.94743600249183
325,2.304163986685714,-0.1647627204656601,-1.4404014869739967e-08,90.0,0.7170879185363512,0.4690977680341095,0.7390677314297369,21.8479,156.8385446376157,2.2909275868080683,2.3115698596853167,2.337292818805958,-0.18057312294276529,-0.16634354114889127,-0.15068366047853907,-0.019866431527316285,-0.005643518461762608,0.008865589367032675,88.41644254510061,90.97288513183594,93.32125081014416,0.693190621721735,0.7146576046943665,0.737970734687004,0.4505342077548047,0.4804491984406774,0.5129803068615657,0.6996506909841457,0.7356998920440674,0.7946325906499667,21.75746208459444,21.847471237182617,21.93707026874052,150.28849125825718,155.6468505859375,161.2943714604944
326,1.5258571972074177,-0.26253193616867065,-2.2951271105853266e-08,90.0,0.5841183596307906,0.43939104499781767,0.2863626819675029,22.5677,19.335833300854787,1.5198169802323462,1.532694716738992,1.5491283625564356,-0.29222689409824215,-0.2721885794155331,-0.254619352002023,-0.013367022398965176,-0.00404966235962827,0.007349314593007679,89.19298966673652,90.43136596679688,91.38155329055145,0.5475049466630046,0.5719667673110962,0.5940409790723142,0.43439453399548295,0.47247709743988164,0.5183239890077955,0.26365572214126587,0.2856331467628479,0.30756480198971736,22.40282481096434,22.50971221923828,22.612555068940647,18.402797898656697,19.52214813232422,20.662204661977672
327,1.1405693024309924,-0.23067249357700348,-2.0166030623158804e-08,90.0,0.6251277281494585,0.5094676772571334,0.5806639228558621,22.4493,129.17232665455344,1.1264941719635742,1.1395493065437612,1.1523655357419083,-0.2531824933240261,-0.2295981985002927,-0.2101385379723431,-0.027451786472662793,-0.00257993998664672,0.018370327465440046,87.67077189030242,90.32102966308594,93.34345944473131,0.5958076378213326,0.626315712928772,0.6524537683682966,0.46541766760795317,0.5152688705486711,0.5828120131293022,0.5224741211697456,0.5611575841903687,0.6253948893260205,22.254527465242642,22.43380355834961,22.58880728063767,126.19880673484987,130.2744903564453,134.0074699487059
328,1.4831728092347236,-0.07456571608781815,-6.518741990646504e-09,90.0,0.861217024168877,0.3843151888628363,0.706590677458891,22.7815,143.0073393553207,1.473718099561799,1.4800344043041687,1.487880675334976,-0.09237500176556013,-0.08159233947427871,-0.071331166368211,-0.008528710118645469,-0.001236120118864031,0.006313369162097605,87.8302039332951,90.44267272949219,93.12567702890495,0.8307707801491702,0.8490726947784424,0.8666989880017592,0.3570391189113501,0.38695103634671213,0.42815502880978507,0.6591579611863004,0.6946284174919128,0.7386387664715438,22.63051785092833,22.752197265625,22.849718717719174,136.9197238429363,141.34979248046875,145.9770536441445
329,0.6175241903342713,-0.15923091769218445,-1.3920408825640607e-08,90.0,0.7252817931839831,0.3204046005615315,0.7855297272418693,22.7379,56.08024434122947,0.6138290535480492,0.6209570435619866,0.6298006499984011,-0.18365113131059174,-0.15921232963797194,-0.12480840995126724,-0.01753344006656138,0.006461669347366455,0.0319980031166378,84.43792098878876,88.80598449707031,93.25399425815965,0.6893186963234836,0.7247716188430786,0.7774248108775837,0.3049283835146833,0.3322316163274599,0.352600844584103,0.7040156353915531,0.7591966390609741,0.817140904306678,22.623386185391453,22.706602096557617,22.806689463683252,49.761532559037825,57.97418975830078,65.6805641329993
330,1.2910992405867165,-0.0896635502576828,-7.83863640663185e-09,90.0,0.8354289246912048,0.3049814795467473,0.6185534778875914,22.2824,58.61003708987027,1.2781387660953918,1.2907271259151365,1.3034510503645869,-0.1005622076684496,-0.08872487611594271,-0.07666032915786962,-0.0075834618354137925,0.006260120220824879,0.026891317904469348,81.82911526639337,87.96504211425781,92.66397511042358,0.8150112866564746,0.8361956477165222,0.8573658049938564,0.2864719377349051,0.30427001035213597,0.31691920817491753,0.5872643379161084,0.6187577247619629,0.6457739865653193,22.22507446768509,22.281946182250977,22.358237836862777,55.69124305577002,58.055152893066406,60.55369509289345
331,1.5575403584503633,-0.0823320746421814,-7.1976984372668085e-09,90.0,0.8478617119086713,0.22537342063628021,0.4011770642290119,22.8934,70.24035844788258,1.5435956484788818,1.5542997072149825,1.5651750479293502,-0.09189676518225617,-0.08473915200060614,-0.07682104575491283,-0.010601232018948496,0.0006864728001159811,0.014279731001230152,85.47015336530782,89.76925659179688,93.74155122526075,0.8312279155995891,0.8436034321784973,0.8571183362059209,0.212277322609411,0.22190585684353503,0.2320872854874571,0.3949920846414435,0.41717833280563354,0.4418761837610755,22.847548906222812,22.90542984008789,22.960997703671218,68.57888976305324,70.0958023071289,71.37992413640538
332,1.2196023541061245,-0.03772694617509842,-3.298194384271369e-09,90.0,0.9272892608764071,0.5069045783875296,0.5769917800202556,22.6399,152.17710061063136,1.1914099962083207,1.20850760088083,1.2242468226890335,-0.053297235669482135,-0.032286286606603945,-0.012594741403894978,-0.03424084581376325,-0.006810795630156017,0.01554818526441571,76.11176291395265,95.6104507446289,121.0452463133819,0.898266438738099,0.933569073677063,0.9696263812667775,0.46345914403115707,0.5330038631361194,0.5963760150318818,0.512090899162874,0.5565112829208374,0.6084812427403117,22.422527285642207,22.579425811767578,22.75497753132221,148.18850041064306,152.81687927246094,156.77713112393414
333,1.4942720070861069,-0.08166693150997162,-7.139549840218251e-09,90.0,0.8489980019161941,0.27884539850781387,0.5965578962456561,22.7815,128.8213106261159,1.489428500735954,1.495363198423227,1.5015249196479243,-0.08337662063634763,-0.07534496076084202,-0.06848047465080484,-0.008886583459699981,7.7527914136665e-05,0.0071434911262955375,87.20585513351779,89.97151184082031,93.42125899689397,0.8458744473369708,0.8598018884658813,0.871807105144383,0.26706196279785305,0.2817210096131041,0.3004078341928235,0.5642990697697144,0.5925008654594421,0.6235348662045859,22.72026430062458,22.785070419311523,22.84187009681206,126.09470234011829,128.825439453125,132.37103161661153
334,1.2824472663156536,-0.06313785165548325,-5.519686485655484e-09,90.0,0.8812235779535768,0.40466249246102165,0.8077680039454973,22.7973,81.03791010066001,1.2734292922187824,1.2848364152558571,1.2972179203516154,-0.07891771113119088,-0.06518185479347022,-0.052909468103108016,-0.013653341586055738,-0.0026276059231386695,0.010574683372805985,85.33384578372575,91.177978515625,95.98529110748281,0.8532858526086264,0.8770287036895752,0.8993627492351844,0.35201198347475077,0.3834258252877992,0.4222933845276872,0.7863853298219788,0.8426425457000732,0.9040253798350796,22.72433413066828,22.847898483276367,22.979604355551462,69.92502027693529,82.16084289550781,93.27326410611488
335,0.5492140440518827,-0.2256164848804474,-1.972401975081084e-08,90.0,0.631831840179268,0.20087383091211244,0.32915530378861935,22.8826,23.895922558823703,0.532589260478305,0.5442652026713724,0.5559312852219435,-0.24051857816896322,-0.21426473225837417,-0.1912115511796001,-0.00795071882136457,0.02832976288900864,0.05745092175852033,82.29316228715565,86.25418090820312,91.01486794036624,0.6111772554871574,0.6439672708511353,0.6756891602545161,0.18491281542211238,0.19628376128417652,0.20621590123694314,0.29672786862495926,0.31868088245391846,0.347083364463463,22.843314711052656,22.905517578125,22.984339167434726,21.9787842763712,23.858688354492188,25.51092456533855
336,1.0319328015702132,-0.412761926651001,-3.608479204331161e-08,90.0,0.4156666828625022,0.32704570842051034,0.413191562936699,22.6847,179.62128533471085,1.0196750578441223,1.0316211519024598,1.042419854591654,-0.42714049817206,-0.41205693561826895,-0.3975172174910177,-0.007541318183757603,0.003302788924931152,0.01508616860255351,88.96566203730987,89.7730712890625,90.52257517578566,0.4013640697712962,0.4163395166397095,0.4309688790501763,0.3068532197432142,0.32502588651378805,0.35104213247107524,0.387937517465352,0.4066249430179596,0.43223246238531826,22.603639467321226,22.693708419799805,22.77616331318441,0.016779732556850852,178.85684204101562,179.97548315297306
337,1.0777309288177837,-0.2543846368789673,-2.2239010633029466e-08,90.0,0.5944072647733496,0.4068624824193755,0.3684716810055261,22.1036,116.81640474853398,1.063511205664302,1.0841498106609784,1.1033825219958846,-0.2786085161931928,-0.25538699312642205,-0.23378778971289776,-0.012468836737933068,0.010846167635822988,0.03500530189810814,85.9783619528346,88.77407836914062,91.37465714671319,0.5636931501368649,0.5927587747573853,0.6206522968152102,0.3746325184704433,0.39538061951954706,0.42277551437706057,0.3445790884905345,0.369087278842926,0.3915982866340599,22.07083510376937,22.149539947509766,22.224968801900886,114.51494099217658,116.06375122070312,117.94952538414061
338,1.4629955358156859,-0.11859359592199326,-1.0367781300146817e-08,90.0,0.7879594613959982,0.6606724361717325,0.6758441193345184,22.2332,66.12524692760213,1.4493337569593174,1.4669762193258435,1.4858792268640881,-0.14341179212063496,-0.1186650309959835,-0.09710668404363931,-0.013041793876639859,0.01587640325371955,0.03346635789726858,81.22208204582405,86.14839935302734,92.91796367026214,0.7473302395387743,0.7861192226409912,0.8171613444553616,0.5576676046001654,0.6292771028169538,0.6854734088005142,0.6108061523236075,0.6682146191596985,0.7308957549193019,22.15295601683375,22.281566619873047,22.46217688114201,62.75419576609514,67.99024963378906,73.7027146293288
339,0.5736773837585826,-0.08347474783658981,-7.297594084576531e-09,90.0,0.8459128847443902,0.2409034957071754,0.2279929148757015,22.6847,87.37902990053203,0.5687072133083204,0.5770442103402988,0.5839016691415251,-0.09796274705334591,-0.07637617594900042,-0.05685788750654275,-0.01971839960925973,-0.004242424039003919,0.011109014606221056,86.00830403783175,91.60762786865234,97.6947607872758,0.8212287471860028,0.8570712804794312,0.8916844129562378,0.21861051986283786,0.23414035527541777,0.2520613576461496,0.21276171961918838,0.22843369841575623,0.24101566428156956,22.63927753915043,22.723392486572266,22.801643794035968,86.51632395473084,87.77670288085938,88.87604618660853
340,1.4904239194725855,-0.20740805566310883,-1.8132187307173808e-08,90.0,0.6564408262790693,0.5232031436915617,0.8756258032137771,22.1036,82.30435024573845,1.474264434722875,1.4878912952289092,1.5015103342718203,-0.21818002824015592,-0.20455802080176005,-0.19117798225927027,-0.008025311611696385,0.006570199160230078,0.02404715863110761,86.71022105679381,89.07475280761719,91.13474141835177,0.641455043313515,0.6602081656455994,0.6784448241544816,0.47073575407998647,0.4988150908331319,0.5256468106511374,0.835836720981193,0.884113073348999,0.9312700480096752,22.07135907158862,22.138824462890625,22.208245570430194,69.24071552023538,80.33209228515625,95.57062850666166
341,1.126480785545174,-0.07296668738126755,-6.3789502569022716e-09,90.0,0.8639907621040237,0.4786607187595253,0.787525513864914,22.4766,133.96112904245052,1.1181724204103258,1.1316211149340774,1.1449058985036875,-0.09506661385646838,-0.07226938209348183,-0.053837309057964945,-0.030675980551671627,-0.010557683608885447,0.00842256116996242,86.51775036067296,94.21771240234375,102.9716382252977,0.8238670229911804,0.8635364174842834,0.8957536271282142,0.4194780385943991,0.46517045653417505,0.5191046327640069,0.7515814869124187,0.8131324052810669,0.8805320595305364,22.403430938720703,22.537181854248047,22.660138323014053,122.05674802900097,135.76414489746094,147.39163208007812
342,0.5993835833958419,-0.1351296603679657,-1.181340980593859e-08,90.0,0.761913261197563,0.33445986538209677,0.46709256296629964,22.2501,71.28440704263882,0.58582852621459,0.5967577616077713,0.6098351188687773,-0.17761115255104742,-0.14905603408665885,-0.11309539087646363,-0.016027867249974615,0.010135683733362095,0.034380152873629256,82.73232494564864,88.00827026367188,93.47223765706103,0.69764261632486,0.7392376661300659,0.7942865995154961,0.3047377767306265,0.33150644033360194,0.3579067459163451,0.4350818749190949,0.46354615688323975,0.4976212759946123,22.145397892786043,22.26593780517578,22.380043229733797,69.21178704488085,72.31598663330078,74.83854829927148
343,0.719406308404148,-0.35837677121162415,-3.1330291250242226e-08,90.0,0.47234556451644083,0.4366341299968609,0.42941230624933446,22.2273,78.72511881511551,0.7010828799152138,0.7167986713424455,0.7329450081046928,-0.40891025607338777,-0.36196940085177143,-0.31384738445796856,-0.029231112272903412,0.012585487579911531,0.045032885179015866,86.22545854477234,89.02075958251953,92.24021779079023,0.4194813373769926,0.46795567870140076,0.5217324489813394,0.38536566214047296,0.4265452492777847,0.46549412768132226,0.4132557137122182,0.43906980752944946,0.4750492729727701,22.145880149030884,22.269271850585938,22.40931741132634,75.80702536393073,78.47027587890625,80.68771829958611
344,0.5765426553623556,-0.2675178050994873,-2.338714999439162e-08,90.0,0.5778871142473689,0.3436805946054672,0.8802735309846279,22.7065,54.40579584014077,0.5698337151144158,0.579136185684946,0.5867667005158372,-0.2911126839493435,-0.25766854995432686,-0.22233442190170807,-0.029296542820807087,-0.00438591961105979,0.03545076979540673,85.92488830771445,90.49845886230469,93.25728279921746,0.5483891406598238,0.589786171913147,0.6357853432139513,0.30834129646293224,0.3387833508686267,0.3720008761209847,0.8291987629744122,0.9071489572525024,0.9869410624167908,22.634158330253342,22.743255615234375,22.866545659545306,13.830863260825119,48.46269607543945,76.51282368569593
345,1.3509601602804588,-0.35732197761535645,-3.123808056670896e-08,90.0,0.4734897197672786,0.13640825714890176,0.7705351727411935,22.6062,23.845036341341356,1.342337706518355,1.3501739648858313,1.3573909540083948,-0.3654494328840369,-0.3589844493430827,-0.3516753175187722,-0.012661005864207589,-0.001983909537502726,0.00975668226254089,89.23013291303377,90.15950012207031,91.01312166006097,0.46471599335879626,0.4716618061065674,0.47955084974461953,0.13190026884184147,0.1364494098333013,0.14254819759513293,0.7302814369658557,0.7713627815246582,0.8083173876510314,22.54608275895588,22.596569061279297,22.632866553609997,18.985042594762376,23.606016159057617,30.498629511424742
346,1.0343994333702131,-0.2023869901895523,-1.7693231768589612e-08,90.0,0.6633579845165951,0.19397705483674713,0.8218572961914686,22.3777,33.13954128023185,1.0268230701970367,1.0352832773410257,1.0414187577883105,-0.21200429590580094,-0.20216366565793775,-0.19192606066937407,-0.01716497121180742,-0.003728844691921954,0.012145659336439244,88.28086150964268,90.52828979492188,92.41147777635598,0.6500804667405407,0.6636119484901428,0.6774679320324929,0.1849055419666274,0.19213439118049375,0.20044491083091937,0.7861095370410953,0.8230339288711548,0.8594600581952233,22.322042073390847,22.36252784729004,22.4035913215917,29.513519385981233,34.095008850097656,39.805566081429696
347,1.0119046839221555,-0.22855080664157867,-1.998054521834547e-08,90.0,0.6279343105176125,0.3323289910874474,0.4431845679286206,22.9067,73.40874248128164,1.0009510004217836,1.0096707406317194,1.0184092922747852,-0.2472967157082369,-0.2287918858715287,-0.21375793331867973,-0.014981457898788986,-0.0018889180769663335,0.011732221639620802,88.57864197733929,90.23414611816406,91.91754150390625,0.6034584052933176,0.6275515556335449,0.6475957285751002,0.3223156271996819,0.35082224667371154,0.38451885523085216,0.41664093928086476,0.44208207726478577,0.47903238939445075,22.720155217212504,22.81771469116211,22.934520241084293,70.05847340448297,72.56869506835938,74.64442183552724
348,1.0155514324224943,-0.10223241150379181,-8.937441009493341e-09,90.0,0.8144993529047673,0.6885807010794187,0.5471150029461552,22.0862,159.13076090957168,1.0031998055195865,1.0245910437235768,1.0495618454383062,-0.1391134569393072,-0.10737858890940433,-0.07336907279869358,-0.01464074545753833,0.017270014212066878,0.04604331207488805,78.59530585914797,85.5408935546875,94.49317522050924,0.7494443174273621,0.8030572533607483,0.8591385262987898,0.6357922823414704,0.6866773633074399,0.7665803673573354,0.5062808370799007,0.5582191944122314,0.6192202623749473,21.98753254406925,22.097518920898438,22.24320854752082,154.39410435187915,158.59820556640625,164.45764944665575
349,0.8431330183885932,-0.21002188324928284,-1.8360696074637417e-08,90.0,0.6528626631863409,0.33579373388315875,0.3800789548944422,22.5677,97.79682140946115,0.8344566128568678,0.8452371887124894,0.8544595779097095,-0.24277835109885565,-0.2025232397010501,-0.16800885748107278,-0.03202362241993489,-0.007828922993897643,0.020309238366286234,87.05989268152061,91.13790893554688,94.44719933429812,0.6083123226179771,0.6627154350280762,0.7112988873984657,0.3187590454074508,0.3427202877183382,0.36663259403347276,0.3578975694792687,0.3894282579421997,0.410829975265942,22.472236246359678,22.559398651123047,22.653024673461914,96.99546755988693,98.81309509277344,101.16946416919674
350,1.231442256963354,-0.19883368909358978,-1.7382593142656333e-08,90.0,0.6682881245421539,0.4854532431718581,0.8439644570647982,22.2988,166.33239774295333,1.2137726222870342,1.2277258957737072,1.2385890211196475,-0.21370138008166129,-0.19341618549803086,-0.17375928522902237,-0.005733524133617994,0.00894802482639965,0.02887768466296081,85.61710204963106,88.68473815917969,90.88805572591004,0.6473649950151306,0.675414502620697,0.7034669157685732,0.42937054185791684,0.47062660353528657,0.5118893850507295,0.787342624046818,0.849942147731781,0.9112464682430177,22.195038597005965,22.324378967285156,22.441005867417164,63.00498460614711,165.99685668945312,177.9740141496413
351,1.4617764997196274,-0.24399079382419586,-2.1330352595327895e-08,90.0,0.6077289491519459,0.48018307559500634,0.7481446740601496,21.7984,49.97798101648302,1.4536777252128572,1.4665749143210995,1.4806036855276716,-0.2641637222788633,-0.24959103796257318,-0.2365324848030523,-0.01535521213445109,0.0035844510816988194,0.021110913300313533,87.56966579666376,89.58914184570312,91.7277872869239,0.5820020505646738,0.6001560091972351,0.6171433774208072,0.45145103695036987,0.47511900193609735,0.49571811177513997,0.6957296691624218,0.7354440689086914,0.7760342487667108,21.744113721331573,21.80893898010254,21.870557880666617,44.487726378612194,49.35331726074219,52.915315602839385
352,0.5793612134545263,-0.2871245741844177,-2.5101227763002498e-08,90.0,0.5538511555982952,0.3883473461314777,0.750544704628939,22.5252,121.1304002774382,0.5689422594628889,0.5780739877820413,0.5873119437291687,-0.3118177754454637,-0.2731519588312008,-0.22554101079732386,-0.03304072470270908,3.879581118505805e-06,0.030818487171869517,86.63030747564578,89.99950408935547,93.4294750566104,0.5242995194833021,0.5706123113632202,0.6309183535258291,0.35711335999632793,0.39522242128909413,0.42660905202065214,0.7133018792020864,0.777434229850769,0.839263962181928,22.41157875382274,22.511211395263672,22.652264344913956,111.46997036244345,122.6810531616211,131.2114156796459
353,0.9221550465406706,-0.36135947704315186,-3.1591049776125146e-08,90.0,0.46911967250522024,0.37332688101248307,0.8206398579890265,22.2824,54.943306128108034,0.9016972889766512,0.9181801930898253,0.9300329773969951,-0.3913413504394611,-0.36489336545494633,-0.3412821020767696,-0.02137229769596932,0.0005939807704669867,0.018475898263250006,88.52469242059495,89.95308685302734,91.67242385191685,0.4374225304924632,0.4652206599712372,0.49082138879785076,0.35701700447184276,0.38030629145525247,0.41555034605297575,0.7979099558943573,0.8544265031814575,0.9029476524462218,22.135740818494327,22.237953186035156,22.319944967003536,37.463127346664564,55.056495666503906,64.15663595127823
354,1.0332034486109825,-0.4233272671699524,-3.700844430909456e-08,90.0,0.40515820591638785,0.6582982294026696,0.8531911789407916,21.7607,179.83393002424344,1.0188252406116733,1.0330472049623947,1.0493295476152495,-0.47994210242588137,-0.4357244471758577,-0.3961798020973859,-0.05684845544662178,-0.028114116448616937,0.0010454378223583422,89.9306929438873,91.84025573730469,93.77548261128842,0.3500301879507419,0.3919972777366638,0.4318475556993702,0.5878981065656155,0.6487458837199684,0.7066250541486104,0.8271055073573014,0.8824280500411987,0.9469429194002701,21.63932440074836,21.756084442138672,21.891373026997606,0.07058220411918144,172.0469207763672,179.8894358818829
355,0.7243813973327905,-0.10902205109596252,-9.531010647378935e-09,90.0,0.8033906570619118,0.1331400805417313,0.7833448378656226,22.7618,105.39955409244865,0.6996527843767508,0.7161736296328669,0.7315031990193281,-0.10690566956153184,-0.07346637369771769,-0.025445795288187273,-0.04538752256731119,-0.011502910101991753,0.064333937873233,64.06612258139943,94.3266372680664,109.39735682630791,0.8019747908703444,0.8595376014709473,0.9340858929509387,0.13003446487511292,0.13727549060439748,0.1439830743952425,0.7670269594840744,0.8377938270568848,0.9172020602062096,22.573148131454598,22.69150161743164,22.794243072552693,103.93357298776566,111.68251037597656,127.4761390351053
356,0.8379193033586522,-0.3375113904476166,-2.9506182386285218e-08,90.0,0.49531436619634084,0.5188816269203745,0.3166679247845283,22.1821,136.70495026092976,0.8257263105491913,0.8430385807885026,0.8572411660611785,-0.3465629131412843,-0.3252221383553254,-0.3042602846957141,-0.040915862764768586,0.00035952318743892174,0.037678974601461614,86.62812104170465,89.9688720703125,93.71887298084549,0.4846435487270355,0.5087934136390686,0.5334332213057913,0.47018791742257604,0.5072490335569722,0.5519464307240524,0.29323389581514275,0.3198535442352295,0.34469562751027066,22.097919079375902,22.203632354736328,22.3101988176706,135.85249795129405,137.41342163085938,139.1833543906299
357,0.547524356365119,-0.21903705596923828,-1.914882830078568e-08,90.0,0.640639216221464,0.3100001141653038,0.49183575673640334,22.6361,78.80977961628584,0.5359373044930683,0.5454531157546003,0.5557138703336593,-0.28781403040665643,-0.24643401728575248,-0.20133084622946393,-0.014214972118001398,0.008496297882758387,0.03104738715827808,86.46214106766668,89.00924682617188,91.7932446814427,0.5526771721078514,0.6043800711631775,0.6647263667592442,0.2777971548257433,0.3051284807508356,0.337279417543888,0.42669422635624643,0.4631737470626831,0.5053997131187203,22.486297507283695,22.634748458862305,22.76591153998849,76.2555299808814,79.52954864501953,82.30895444533495
358,1.0424918221085708,-0.09474808722734451,-8.283141283982332e-09,90.0,0.8269043109649334,0.47298340075990686,0.7166677018426237,21.8493,18.89812675534782,1.0110315755456922,1.0325119053548018,1.0555793529741593,-0.14019467521976864,-0.10470334817101062,-0.07190472103898334,-0.05805001915882169,-0.02163194762213734,0.00844000056560609,87.5658807078206,96.0150146484375,104.85703255155681,0.746427829422461,0.8061854839324951,0.8640121462725963,0.4547666742482982,0.48092536043183176,0.5092551573227858,0.6883534889187511,0.7191672325134277,0.7572010812072859,21.70388228384937,21.781084060668945,21.854099536188894,11.259037540361899,16.0775089263916,20.845647954813124
359,1.60199053903314,-0.0945703312754631,-8.267600826172838e-09,90.0,0.8272009977532438,0.43130822989294887,0.533519639660176,22.5088,59.14776734608937,1.59627741143529,1.607346734454004,1.6138953132617153,-0.09714654521448983,-0.08819397477745625,-0.07766051899159643,-0.013294008434605719,-0.0016188192484393423,0.00783502132514796,87.51972852500535,90.52974700927734,94.15980783226406,0.8221948841187288,0.8377530574798584,0.855781083380706,0.38880518252735646,0.4103123344233509,0.4367845541305219,0.5189510704150804,0.5433295965194702,0.5713349364122248,22.50169509008587,22.57681655883789,22.636914651493182,54.99132537841797,57.411746978759766,59.413724605110886
360,0.9219422484575804,-0.16536235809326172,-1.4456436048249088e-08,90.0,0.7162043972359384,0.3147324725401947,0.9347804865998645,22.7379,96.21376514568112,0.9154755738880446,0.9224464265326465,0.930394898250446,-0.17568211087733662,-0.16013698934093173,-0.14589835914437851,-0.013497724494398459,-8.290180527425621e-05,0.014199648246213087,87.41373884636181,90.01480102539062,92.45709712636992,0.7009334121486005,0.7237579822540283,0.7453396797829853,0.3017718248328681,0.32412642944610226,0.35509938400036023,0.9005893136255559,0.9546478986740112,0.9951803575675497,22.592212859799776,22.704975128173828,22.80256333434777,7.995480580490656,84.28010559082031,156.55962078833457
361,0.7570745031540291,-0.3625161945819855,-3.1692170665564845e-08,90.0,0.4678724533019464,0.4454760856352728,0.4804761953332122,22.0504,47.3927036837421,0.7410959136965595,0.7555339559244107,0.7695470776193732,-0.40003742080954685,-0.37358198586462266,-0.35037114598024793,-0.027272666112492648,0.009934914332950445,0.04627494066610913,86.45112557734099,89.25016784667969,92.12444400657739,0.42804057889496394,0.45594334602355957,0.4809612251649021,0.41655216717728716,0.4459643552291289,0.4858105257083518,0.4536948320422944,0.48108112812042236,0.5119177924485424,21.95034696587836,22.05004119873047,22.14721224731962,45.383778999386905,47.58551788330078,49.69186001324318
362,0.5241348257994272,-0.3033749759197235,-2.6521883356167564e-08,90.0,0.5344778152386064,0.14816064513114027,0.6639397975452,22.7618,149.97941986827232,0.5192013687425976,0.5249797623181722,0.5310593423761469,-0.3276173688259487,-0.3071702880641404,-0.288447126297003,-0.00895147116622493,0.006038811258796625,0.023999906221649006,87.83120966284056,89.43010711669922,90.86800241061124,0.5061036058030172,0.5299619436264038,0.5522504151190389,0.13950449178557126,0.14584130162589043,0.152260197025611,0.6252714198096921,0.67180997133255,0.705021870935564,22.69871783975594,22.76112174987793,22.81191623412375,145.67117688282224,149.20729064941406,152.70381718350995
363,1.4363279006723793,-0.444659948348999,-3.887340582764409e-08,90.0,0.38440882383132235,0.44136598544666916,0.5258837424553253,22.3616,69.12351120907115,1.4293701503820648,1.4390429817945802,1.4513460914388128,-0.4731156804967853,-0.45233775094848805,-0.43387849399639816,-0.0139688941728694,0.0049644306803214855,0.019736465112886806,88.7481576726292,89.68620300292969,90.85632414992054,0.35755613356812915,0.37700220942497253,0.3947738877333368,0.41781057091181384,0.45097915147462164,0.4863991849167224,0.4921822188379515,0.5316214561462402,0.5643527468087256,22.252649706076003,22.345855712890625,22.434082544380583,67.44701003508351,70.81326293945312,73.74977369291153
364,1.447399907802955,-0.10599735379219055,-9.266583056444233e-09,90.0,0.8083225851269198,0.4401319961271561,0.8003306259692868,22.7511,68.19707428357896,1.4400992177776104,1.4517287939444108,1.4619371703429702,-0.12835819454231306,-0.11301965171818856,-0.09490249149829914,-0.011518307325366801,0.0027448803130672482,0.017805820792694424,85.46758815994778,89.30264282226562,92.92256682189374,0.7723728363651454,0.7965277433395386,0.8264009963222659,0.38020386568010617,0.4170433924172172,0.46769864219775237,0.7473908126082354,0.8052260875701904,0.8660843858429208,22.68901701514596,22.814971923828125,22.926792892217417,58.558336866987545,69.16908264160156,79.03986991868904
365,1.594116194265791,-0.03646404296159744,-3.1877878114983105e-09,90.0,0.9296376107958589,0.23934809678999894,0.7578507422427591,22.146,67.04552272664873,1.5780117226355375,1.5944924857500056,1.6090638746327597,-0.05893675242868214,-0.04140700575306095,-0.022190876850428844,-0.008830624803250463,0.004855396607748211,0.022446781441862414,67.62491216511997,86.62933349609375,94.51825902964985,0.8886752873830155,0.920050859451294,0.9508913866811194,0.23176938272231357,0.2444986231766308,0.2574632015438421,0.7125756040433571,0.7472579479217529,0.7790368005052468,22.03396592302401,22.10245704650879,22.166893307274712,62.31877727801595,67.72305297851562,72.53781047981342
366,2.069173357664384,-0.08407295495271683,-7.349891362196104e-09,90.0,0.8448942829361998,0.37834664125826,0.8298395353462173,22.0012,49.461595603687456,2.06155678004635,2.0715078079182767,2.083793267491597,-0.09612090601440289,-0.08729978578808337,-0.07897075481468761,-0.01162292648392761,-0.000593895714951853,0.012924772128825108,85.6533882441046,90.19114685058594,93.80974047784815,0.8245956904162999,0.8392255306243896,0.8536171169825961,0.364133547289196,0.3790624174843421,0.39509506304427056,0.7799434573689131,0.8161898851394653,0.845219600112829,21.94935286957828,21.999975204467773,22.048865498168226,45.052069711332145,51.226524353027344,56.962588503245215
367,1.1910625884286588,-0.1638239324092865,-1.4321942742867577e-08,90.0,0.7184729854068138,0.20699281884049586,0.7342611817460807,22.6404,70.61156622497984,1.1872105123354255,1.1933207387717322,1.1994459749534687,-0.17261916551963039,-0.16086874958346775,-0.14861126020739324,-0.007202324841571511,0.006002079204284016,0.01730148949666137,86.98846250868976,88.92125701904297,91.37488182974393,0.7053771606614803,0.722691535949707,0.7411294819019315,0.19644095955662932,0.20390168518898222,0.21245743672600526,0.7227361963556692,0.75431227684021,0.7922633438405692,22.6029152580803,22.647825241088867,22.69253946555567,63.55941397627119,67.65330505371094,71.81045644729822
368,1.403020800064524,-0.14623810350894928,-1.2784541425503448e-08,90.0,0.7448381694743891,0.37995284983360056,0.8432828807461599,22.1821,160.03332025367058,1.3812674781649927,1.4002123006943363,1.4194308925601202,-0.15195998757399823,-0.13828695344256456,-0.12239600677078497,-0.030291180155011043,-0.009002273643396029,0.01445596392723162,87.02913578396176,91.88925170898438,96.23954789163245,0.7348944883921591,0.7564483880996704,0.781230463236027,0.35413144433812555,0.37308286561610193,0.4008039560050872,0.786699477807035,0.8338284492492676,0.8864047439716913,22.111593939949366,22.196598052978516,22.270411732378015,146.72018853020242,157.52818298339844,164.9977982276661
369,1.2307798200132603,-0.11136876791715622,-9.736166539653368e-09,90.0,0.7995826910261778,0.5729913773688599,0.6284571282069672,21.7472,43.13966849726243,1.2070623593760499,1.2251800014483547,1.2429888712753248,-0.1507921521690711,-0.11744641178047918,-0.09109910331428987,-0.017387342499986504,0.0015910870393562719,0.02546216579077614,83.18794872432053,89.60260772705078,94.47170664754873,0.7373771004609603,0.7895578145980835,0.8313260287914255,0.5417218108523933,0.5848368359681219,0.6244492957964881,0.5831432013035794,0.6207371950149536,0.6480063796043396,21.64310692134933,21.72525405883789,21.822458462438096,39.43375780295032,42.6753044128418,46.7946316853043
370,0.9563719399948989,-0.18130366504192352,-1.5850069701173197e-08,90.0,0.6930447750383653,0.49312206449527723,0.6164560570137751,22.1231,6.729670464216704,0.9266015611251747,0.9479499712657963,0.9681712295967037,-0.2246435931989651,-0.18833434575449062,-0.1573270460998051,-0.012663470259298358,0.01389286327405296,0.04292039127588871,83.68255615234375,87.9324951171875,91.8893469213632,0.6330158306951457,0.6821047067642212,0.7276164376570993,0.46927767150478195,0.503296105723503,0.5338877009992806,0.583908499412787,0.6284530758857727,0.6817013539338275,21.995349764849635,22.087732315063477,22.17345824627796,3.0160939771023356,7.160515785217285,11.495774620954005
371,1.579874155712582,-0.24752534925937653,-2.1639353420255247e-08,90.0,0.6031738400020017,0.5193632119566214,0.6068893144781692,21.8576,38.59308520195172,1.5684882642532079,1.5788909937677071,1.5907675676565411,-0.26107294819149385,-0.24849813211908195,-0.23271833273433729,-0.011815205967155852,0.0024357018845687136,0.01910937355373647,87.81063828443862,89.72528076171875,91.36245508970612,0.5858321103060163,0.6018468141555786,0.6223234618837129,0.49036935725056346,0.529641958541001,0.5905639187486237,0.5654982836208807,0.5976418256759644,0.6385091130210419,21.71040018142369,21.8568172454834,21.956537082951666,33.79998435835769,37.35356903076172,40.93009039447191
372,1.006628141676113,-0.14214633405208588,-1.2426827566969223e-08,90.0,0.7510890939353962,0.4389438665371428,0.6345426579174857,22.2587,106.64101650898556,0.9930873940306257,1.0077056100673893,1.0236649454401388,-0.1512149414452233,-0.13259807803145013,-0.11347464390503727,-0.025236018679595747,-0.0032744389267545604,0.015986004066976305,86.55277657361593,90.72567749023438,95.78918282629193,0.7371739106629771,0.7656682729721069,0.7960155994912061,0.39659170976802505,0.4253681666205411,0.46838947588093155,0.601108336465461,0.6460534930229187,0.6868038122225373,22.18625962034259,22.297645568847656,22.409771543704373,104.06314626940463,107.65206146240234,112.42803646483024
373,1.236238134672252,-0.1817738562822342,-1.589117459843692e-08,90.0,0.6923711627772737,0.17814967074993432,0.695898575618052,22.7328,40.023367206176054,1.2254003267006106,1.2364594475750095,1.2483548985573454,-0.20094756375120834,-0.1825485321863454,-0.1677785698217445,-0.02262144157445834,0.00016021576579611826,0.021761276378136622,86.65156621981284,89.97415161132812,93.5966388435064,0.6652844031302702,0.6910696029663086,0.7124950068244894,0.1653059719570572,0.17545678880712784,0.18263854091447856,0.6321996520233185,0.6764591932296753,0.7314851807606332,22.686932057090356,22.74620819091797,22.813256487799393,39.33238449396065,42.67293930053711,47.564084429106686
374,2.1015535715250495,-0.1785961389541626,-1.5613370152323114e-08,90.0,0.696934117166635,0.24470236981503615,0.6731220577024688,22.1036,82.2963838657466,2.0928751433333295,2.1138019897765625,2.1376139967153422,-0.18507796265996132,-0.1789652108064419,-0.17100204187557022,-0.009021462144550333,0.01543672920206923,0.037794399689098236,83.99654651245037,87.52843475341797,91.46231079101562,0.6864815893123526,0.6952166557312012,0.7075126738691798,0.23201569375926778,0.24233363035141867,0.2541154401278189,0.6556596020815387,0.6833154559135437,0.7163892635034528,22.065556035493483,22.126026153564453,22.195270508689738,76.69760949935886,80.8648681640625,85.78635486815813
375,1.7209438228285459,-0.08286076784133911,-7.243918354049583e-09,90.0,0.8469595156731373,0.25921960981014897,0.5379344945985909,22.7618,114.28196485596924,1.7149993494129645,1.7222210369156354,1.7285293509625779,-0.08946614633952066,-0.08226028622585704,-0.07679872587844516,-0.005205074565828512,-0.00026100504554299556,0.004916632703499337,88.32039389066107,90.09112548828125,91.74563401676521,0.8357625712035331,0.8479841947555542,0.8572824590217721,0.24789065267911523,0.2576000852320631,0.2724124517294498,0.5141467774832423,0.5398740172386169,0.5670489725413085,22.69760066647201,22.768234252929688,22.812360647955273,112.83137091604324,114.59364318847656,116.88131093196833
376,1.2451337362816262,-0.17410078644752502,-1.522037429424472e-08,90.0,0.7034312858914813,0.3656740668758523,0.49789310591927616,22.146,83.5240281632401,1.2324449872468926,1.2443154023775778,1.2576506415356483,-0.1834180649158842,-0.1696034311136338,-0.1561541772890684,-0.014037853487444725,-0.002169952656786647,0.007158267342147246,88.793453366649,90.36366271972656,92.3410672882405,0.6898962027454902,0.7097354531288147,0.7298495701575505,0.3460918910581409,0.36766919394070624,0.38842366955826413,0.4705640462450892,0.49290764331817627,0.5181395770588755,22.060083233452406,22.13145637512207,22.21458925630866,82.28476205216361,83.99465942382812,85.73048626600969
377,1.5426535703598943,-0.19562968611717224,-1.7102490090792344e-08,90.0,0.6727587243728832,0.7102914009036283,0.6255868019554387,22.0012,96.8831537343362,1.5361518138458476,1.5487208310348528,1.5635876260045738,-0.21176753575817855,-0.18938905920924512,-0.16936694950162862,-0.01787469775592728,0.0007272411380671038,0.013798789522074745,87.86187439148003,89.88672637939453,92.57144874731469,0.6503670934969943,0.6812509298324585,0.7102609599459145,0.6462239713038435,0.7218277856372016,0.7915968780210287,0.5947801061816472,0.6376041173934937,0.6812892792873874,21.838108684757835,21.962045669555664,22.11055791368644,92.74149372318946,97.26718139648438,101.83901914382554
378,1.5527180322125924,-0.20047910511493683,-1.7526440743154126e-08,90.0,0.666001509572496,0.3938309885231252,0.9719076466681895,22.6404,81.32060851672776,1.5508314379161594,1.5585496582536869,1.5675957222593964,-0.21651275369263237,-0.20609378881879026,-0.19585774993072594,-0.007507493870062067,0.0018962871984144457,0.010711785346815952,88.5109313087291,89.73393249511719,91.01234870829705,0.6440244045282811,0.6581738591194153,0.672380751542815,0.3495742749378609,0.37440684678683056,0.40297684616623813,0.9153553747210592,0.9594545960426331,0.9952617980226861,22.60213637107117,22.696773529052734,22.780158813628653,1.4089125224761492,53.62359619140625,179.08581521883053
379,0.9364755696952594,-0.11158334463834763,-9.754925756055854e-09,90.0,0.7992353042850335,0.25968069090968865,0.43218931729979615,22.9566,25.579444694873413,0.9334869551393484,0.9405840220206978,0.947154264345319,-0.11971792915062338,-0.1060997930202174,-0.09433867023262835,-0.01833563975028376,-0.003846511833887461,0.005731824346921846,88.50544852092841,91.02548217773438,94.94292870809409,0.7851536404836005,0.8078935146331787,0.827504983287545,0.22829288049132068,0.24492003928347833,0.266094012796309,0.3972299237327696,0.42001837491989136,0.4447545355102708,22.9243357875736,23.016592025756836,23.10092207251425,23.05776087629571,24.96623992919922,26.63323665463723
380,1.1608572511762942,-0.331225723028183,-2.895667172708727e-08,90.0,0.5023748280331544,0.331393619959989,0.8400802029967999,22.3106,102.61700762994482,1.1018671528607724,1.140762282364346,1.1825776782092656,-0.36108189559296955,-0.31479842393257973,-0.27632047457505926,-0.011731057749243014,0.019144095441797897,0.06629240842445909,83.40320020110637,88.25149536132812,90.99002790194633,0.46927007301253926,0.5196846127510071,0.5642143454143838,0.3158416073581576,0.3383692503323398,0.3655132275146252,0.7954473402209831,0.8715768456459045,0.9713728934309148,22.119521991854885,22.227375030517578,22.327565265529792,79.63574222248272,102.38955688476562,137.3547399193383
381,1.2892182311173934,-0.1939336508512497,-1.6954217585407605e-08,90.0,0.6751349642447885,0.8079792261120705,0.6970486075340732,21.7607,108.13092747020359,1.2733564607064591,1.29623996557308,1.3120703443800859,-0.2241857509260572,-0.19806669537391602,-0.17015078377289364,-0.018419250166146248,0.005160043412123641,0.02947909441763669,85.80937141421619,89.23275756835938,92.72252694322209,0.6337274105291061,0.6691642999649048,0.7089210988293483,0.7661186630575024,0.8366150118579937,0.9123193590031873,0.6455648999424345,0.6973779201507568,0.7418054486408866,21.618176711456154,21.7396297454834,21.878804062491092,104.78292706348503,109.9075927734375,114.9599535100038
382,1.2285669878019125,-0.24009385704994202,-2.098967222252668e-08,90.0,0.6127811539836696,0.3234884846022721,0.4185036112361137,22.7379,166.41644542598019,1.217878975648272,1.22627751925691,1.2343414518083657,-0.2463020384634559,-0.23192697877143875,-0.2178037858796764,-0.0031175935165041976,0.004735017643065964,0.012941154700643496,88.42327868300987,89.41273498535156,90.39585885885296,0.6047224799516514,0.623413622379303,0.6422524988588059,0.30263858994716325,0.3211048142450582,0.3469859010397882,0.3720915906606754,0.3978884518146515,0.42613133464489844,22.67034251809933,22.762386322021484,22.820135652031055,165.9165336690804,167.5041961669922,169.07876353084836
383,1.042378910874229,-0.1626288890838623,-1.421746897989351e-08,90.0,0.7202393748628955,0.6901688956948494,0.5872038080262518,22.0012,87.32759706045012,1.026308379084812,1.0397102849691446,1.0524285564993319,-0.2058408596002189,-0.16557360796791679,-0.1321229310436902,-0.01971024777662425,0.008322199525594098,0.031231916013271015,84.22337183069821,88.57131958007812,93.18244069097594,0.6581669856374753,0.7155545949935913,0.7663761994921976,0.6472882362746608,0.705622309623235,0.775336125412503,0.5560658809431798,0.5969001054763794,0.6511088259935247,21.8465295817305,21.95532989501953,22.11025559416679,81.5895501201613,87.43230438232422,91.20849273127462
384,1.2486320327546174,-0.246146559715271,-2.1518815174204065e-08,90.0,0.6049476493191097,0.5830652724836448,0.3136910962662067,22.1036,28.863712923325153,1.2216868220593256,1.2411156996018424,1.2628232891849056,-0.2420039876643415,-0.2262608993831683,-0.2100569756772383,-0.01626903574463963,0.004507888599940616,0.03009058314618219,86.08485915040109,89.43602752685547,91.96993601123141,0.6101977950078894,0.6309199333190918,0.6524136649692592,0.5435573432276407,0.5891983570219053,0.6421419348744853,0.28179847128107327,0.3046380579471588,0.33112392992229356,22.009650928658466,22.105445861816406,22.213661499712583,27.922292160301676,29.351516723632812,30.769037297550955
385,1.4228992330033172,-0.19506479799747467,-1.7053105594300177e-08,90.0,0.6735494216084339,0.7447678967937715,0.761650957558556,21.566,160.83566648028292,1.3893204128245522,1.4218886197621403,1.4464148782169546,-0.1989286988620186,-0.17151573873314663,-0.14080017881183235,-0.017603143648426998,0.011073687020077546,0.0429538517376325,83.13159989024848,88.21635437011719,93.29088961873917,0.6676406829532449,0.7061808705329895,0.7511998914828315,0.6828934799038452,0.736623077573321,0.8003467499556476,0.7129893771728573,0.7619543075561523,0.8129943441297158,21.47038692574748,21.584129333496094,21.686671536482674,152.86355489619842,159.35287475585938,166.34616726813857
386,1.0689592302697815,-0.1861664354801178,-1.6275187419978465e-08,90.0,0.6861040157394996,0.28737255609833473,0.722475274151619,22.7815,150.09932106370852,1.0546590508710478,1.06175165609249,1.0674174097487974,-0.2037315183732113,-0.19103591482423102,-0.18178988963311776,-0.015630830317410787,-0.004431524898168433,0.008090471705102555,88.7665458374476,90.67463684082031,92.34830796660326,0.6611812458737634,0.6791253685951233,0.6923189074412007,0.27404496721776833,0.29211270682793933,0.31638295351518764,0.6816402562589154,0.7110865116119385,0.7482339147857311,22.65333596599723,22.75579071044922,22.84041439090242,144.13306082891907,148.83438110351562,153.03810694976943
387,0.8240474251756463,-0.006508754566311836,-5.690133919600271e-10,90.0,0.9870666706988207,0.17207965502482572,0.6402942468706716,22.7044,170.7857308155418,0.8139951388478415,0.8220449233597034,0.8300076043406707,-0.03685653853106129,-0.010476091439394538,0.009671765889286619,-0.018633445934477046,0.00028098975582155686,0.02293039500073158,3.5782715958141043,88.82696533203125,163.54189165205963,0.9285495771062987,0.9745917320251465,0.9981641634702952,0.16233679023477016,0.17241830886129872,0.18119181227844625,0.5963937991511264,0.6390023231506348,0.6785944349965303,22.61472317173143,22.68993377685547,22.778714428899264,168.72595393505836,171.66769409179688,175.1055844647133
388,0.6761196140767982,-0.19790281355381012,-1.730121290677289e-08,90.0,0.669584523451186,0.4562576447946439,0.7865798164271579,22.3282,56.557404904236854,0.6636825960005156,0.6796195144645722,0.6952330400853244,-0.23737266505319363,-0.1950967592791809,-0.14933941052992294,-0.06292127947446473,-0.01869684054178316,0.021889393825535987,86.59473501069068,92.71150207519531,99.70103325725763,0.6152794771136256,0.6712687611579895,0.7378959635349203,0.41492224468221084,0.45763095838357315,0.49351717072670415,0.734469184098377,0.8006819486618042,0.8645400470125855,22.23528539035419,22.325237274169922,22.448425535297194,47.01916608930595,58.989036560058594,72.30588951110069
389,1.0567544998950031,-0.09413507580757141,-8.229549486316046e-09,90.0,0.8279278756499424,0.314504592482806,0.4303544758464314,22.8864,60.81365275825691,1.0475008229059561,1.0558384671987033,1.0637562145321025,-0.0994160511902333,-0.08609040643384824,-0.07361676141712022,-0.010456942746289846,0.00024337800985411304,0.012050675314036948,85.94906986691244,89.92243957519531,93.63570379533704,0.8186754921863674,0.8412625789642334,0.862719942156666,0.28698170202130346,0.3149221764623295,0.3489540260626302,0.40202707151107786,0.43731561303138733,0.46756157285933286,22.78932226684312,22.91237449645996,23.02133990311653,57.776900711024744,59.68510437011719,61.937958548598324
390,0.9679101581425961,-0.10911622643470764,-9.539243173151135e-09,90.0,0.8032375261138962,0.1382333285395584,0.767693479975581,22.9893,15.882705629465448,0.9504844577372792,0.9676318300903732,0.9805727570512863,-0.13022395769635922,-0.10048302786273151,-0.07174407576618304,-0.026579552672198685,-0.0036243277969583597,0.017645666535116154,84.70432662375032,91.0283203125,97.32182410323136,0.7693818138609243,0.8164925575256348,0.8652351193180872,0.12998182014645362,0.13665838682572465,0.1425798894534281,0.7042177728878266,0.7420148849487305,0.8018671888150865,22.932950942192548,23.004859924316406,23.084934669034777,10.279737672271768,16.477497100830078,22.912853453315858
391,1.3134549857837645,-0.18387256562709808,-1.6074650943664892e-08,90.0,0.6893710253320586,0.472696076393979,0.6378704224582146,22.9231,108.42940104620916,1.300251576133887,1.3147135183196572,1.329215430163801,-0.19737903493143727,-0.1751037237614662,-0.15445721516110425,-0.022385417695500807,-0.002414006177487311,0.020309767980213347,86.7952593333569,90.39364624023438,93.70101501461147,0.6699983233282,0.7016398906707764,0.732120996341461,0.42732105809284826,0.4866090589030519,0.5614557267307113,0.5725310478663379,0.6376227140426636,0.7098849148649689,22.70545233840025,22.88039207458496,23.063761079250835,107.85393523132099,113.65376281738281,120.37381407201495
392,0.9464948603976013,-0.3340536057949066,-2.920389441385396e-08,90.0,0.49919012565779486,0.19615765316314443,0.669841754658575,22.6361,83.11716181764356,0.9389805842350702,0.9441800674420566,0.948458688027053,-0.34896716744845685,-0.32970075560053314,-0.3132880947041222,0.005599149029218494,0.017285517788682453,0.030371924862942903,87.37976241702488,88.50657653808594,89.50530342498112,0.4821928849140762,0.503495454788208,0.5224624421538071,0.18756958353751566,0.20014313243239248,0.2111738020311978,0.6410976075424355,0.6765168309211731,0.7133702855312177,22.574305156144344,22.623090744018555,22.688851566172126,80.13686203899282,83.7043685913086,87.39295730739215
393,0.8475966043001959,-0.4350486099720001,-3.8033157068184664e-08,90.0,0.3936810164985465,0.5704799566228175,0.2436001051459551,21.8921,94.20541061336773,0.8369287232727433,0.8444167681703874,0.8514127117098003,-0.4805324078895082,-0.4478227541155258,-0.4195217397787158,-0.013325418276884816,0.009815390939190843,0.02797962587641798,88.14748003916553,89.36580657958984,90.84475253378935,0.3508200866303051,0.38113996386528015,0.40842873788535533,0.4938718315916523,0.5401152054519972,0.5907678914296525,0.23571837099930049,0.2518002986907959,0.2682054818755927,21.828386483315757,21.95537567138672,22.0754853215522,93.21129691967298,94.29524230957031,95.63419597440115
394,0.8039876164958281,-0.2609741985797882,-2.2815088485117485e-08,90.0,0.5860752697963691,0.32930145011967266,0.8102737420347405,22.146,91.15863885387233,0.7924285346937495,0.8133304674308621,0.8321044360707894,-0.2884651951204067,-0.2605441098960173,-0.2335882071495824,-0.03071419117940276,0.002182670116961552,0.03694209426233896,85.78800411688523,89.75552368164062,93.37921226579903,0.551814427992137,0.5861402153968811,0.6209883820496024,0.30373606202090203,0.31627763452583535,0.3308939299705282,0.7310984012968483,0.7785896062850952,0.8449842056133967,22.118535887578155,22.205507278442383,22.28551361380021,85.90934444867568,94.27583312988281,101.34396187758253
395,0.6493626693572134,-0.3530113697052002,-3.0861233568657553e-08,90.0,0.4781841849090206,0.13693708498168466,0.8284269493720502,22.7379,129.3194620932962,0.6487208826686772,0.6531795837884076,0.6579328200301496,-0.37213764077835987,-0.35236627375942636,-0.3333986545257405,-0.009823134171349186,0.0052073392081016445,0.020920466002819195,88.28072975879063,89.57121276855469,90.77451423196565,0.457563733488549,0.478828489780426,0.4995871244910299,0.13211807480778998,0.1375328741766828,0.14250109792952392,0.7853504666465609,0.8269515037536621,0.8761588692898334,22.69578152549367,22.738306045532227,22.79251087576716,124.77649080631087,131.31805419921875,138.7414509605455
396,0.9749688726808918,-0.2628577649593353,-2.297975498777305e-08,90.0,0.5837096395045205,0.4695380850600812,0.7605135132302929,22.2738,78.44320328738984,0.9595413936529884,0.9721423374128408,0.9824875445271186,-0.28949836590600286,-0.2639833879947536,-0.2307080960038886,-0.010088768468706122,0.009166797012040338,0.03112875196411245,86.61176702586279,89.02391052246094,91.10884911282587,0.5504636684821185,0.5820555686950684,0.6249606961649863,0.4301354235815222,0.4601091250765338,0.5005154811341437,0.6938269350662543,0.7401125431060791,0.7899842560148881,22.169393581558573,22.290882110595703,22.387136820612657,69.86912712803095,77.95142364501953,84.42275804729168
397,1.1661546721314593,-0.30039361119270325,-2.6261243846192883e-08,90.0,0.5379958713359638,0.2177422899342688,0.8817074805151963,22.7044,139.53951499981738,1.1583478833068426,1.1640246812558919,1.169530813561115,-0.31192826353478975,-0.30337603917356787,-0.2942695917551456,-0.006045234512658896,0.0019109157972100658,0.010447266190049495,89.00806023326702,89.81853485107422,90.57789737151404,0.5244450765886404,0.5344481468200684,0.545271663616829,0.20805708062900374,0.21951092001560207,0.22929260578133165,0.8402084562883887,0.8774988651275635,0.9118765233177321,22.65847744121977,22.700916290283203,22.751041183914566,133.2735994186601,144.61375427246094,155.40108066471595
398,2.12131709348595,-0.12324957549571991,-1.0774820147219089e-08,90.0,0.7805481930368817,0.38264446453882367,0.4011761503193708,22.0012,55.9606596775282,2.116018405968352,2.124396765369499,2.1317238593241083,-0.131422570503114,-0.12031377415899057,-0.11057716318303816,-0.01011872885527477,-0.0027991104150252325,0.006125121271415127,88.48186290723467,90.66856384277344,92.49365512199664,0.7675506199135056,0.7850590944290161,0.8007727281296223,0.3621066295567111,0.37723677537957667,0.392157484581613,0.3822473997226439,0.39950358867645264,0.4157306065060551,21.962223316930295,22.008771896362305,22.057939421063658,54.605039301565526,55.584285736083984,56.694694718419235
399,0.5371458621541455,-0.2866736650466919,-2.5061808628379367e-08,90.0,0.5543956839131812,0.2643764894671433,0.8258694747817812,22.7645,26.704675830405943,0.5297225411339531,0.5371420204611401,0.5466666257288387,-0.33375968861029953,-0.3093531444003661,-0.2866214776041534,-0.009345637542954819,0.0127561971281449,0.03679300240867302,86.64660516325021,88.81649780273438,90.88500914572788,0.49897706199029507,0.5270023345947266,0.5540490370031798,0.23864519242739016,0.2548658340272003,0.2690770276142827,0.7726661868323452,0.8214201927185059,0.8681306964530099,22.70272881089959,22.78347396850586,22.872785284401207,21.899945875130854,30.423168182373047,39.41232002751294
400,0.7385505018681277,-0.11778555810451508,-1.0297140917714387e-08,90.0,0.7892519621161678,0.386972483684688,0.551464907599057,22.7129,50.556625151158705,0.7313511077284436,0.7391211485776166,0.7490395049169876,-0.14221779693911893,-0.12238538183582547,-0.10042848559000464,-0.02947155290678767,-0.005648544547208511,0.02338428156217996,84.52701740214381,91.28228759765625,97.08901574685974,0.7497466427266233,0.7809598445892334,0.8172286765164631,0.32894849696775436,0.3577696630224553,0.3872065659827062,0.5249525077290448,0.5664056539535522,0.6147035070735272,22.697633254390055,22.780925750732422,22.890498208907115,46.20033489768952,50.12701416015625,53.8658122478213
401,0.6366584342819283,-0.1916225403547287,-1.675217475849422e-08,90.0,0.678383817398677,0.24915940865824093,0.39098305693233093,22.146,118.82760669681699,0.6225554545466142,0.6375445966935583,0.6502672816237035,-0.24849296806078094,-0.21396918775417018,-0.17184881926529585,-0.0376042011754528,-0.0019053269344261278,0.030512628979116923,85.79857426585643,90.25129699707031,95.25847103173531,0.6015517991608061,0.6472008228302002,0.7066352844703665,0.2366672705493688,0.24955582343695737,0.26282309241453794,0.35811761218950316,0.3835332989692688,0.40926766344584753,22.09504623194965,22.1728515625,22.23936244304478,117.04918844227242,118.56663513183594,120.23558956426962
402,1.692585272899931,-0.2300151139497757,-2.0108560150333687e-08,90.0,0.625996284740953,0.4818377349485185,0.6334887152124739,22.3616,101.5191397022816,1.6737692221620815,1.6862151863184969,1.6995766493924853,-0.25145696908178466,-0.23526193778039464,-0.22018659366422608,-0.010215867466657034,0.004258657635465315,0.019689482805601562,87.56620723893293,89.47700500488281,91.20549886915421,0.5976939002416487,0.6189848184585571,0.6390472342992112,0.4334860053676424,0.46398828349343,0.49763842421130805,0.6026920875610909,0.6399532556533813,0.6746915034332929,22.31579294989917,22.39535903930664,22.476037055969815,96.27211025932063,100.25190734863281,104.35132113124247
403,0.638867022913914,-0.21727941930294037,-1.899516988146388e-08,90.0,0.6430081496501705,0.2776614750423541,0.34198139446533926,22.7044,122.87446613281884,0.634635949502663,0.643478484224499,0.6513768724116199,-0.22133806305888534,-0.20547131566875027,-0.18654215703615087,-0.011165938484485223,0.014455907682630484,0.04201436158123172,84.17686037574947,87.97972106933594,91.50943359170795,0.6371305584907532,0.6580257415771484,0.6851614640621825,0.2496619423845844,0.2675974054893718,0.28837608403874054,0.3061355140492099,0.3313818573951721,0.3565694322619883,22.688597360433743,22.757129669189453,22.85001322572984,119.69270946366278,121.51992797851562,123.07400631629997
404,1.039666607895928,-0.09818924963474274,-8.58397708469738e-09,90.0,0.8211797282006544,0.3837452569676374,0.36292242865591195,22.7973,111.82526242722439,1.0314518679100557,1.0418821337851312,1.0510032627850427,-0.1096231327139761,-0.0916382669744919,-0.07860817632684312,-0.017944195972628096,-0.002412615783385353,0.014287579009316723,85.28277381227241,90.74883270263672,95.15461556159599,0.8012888925215559,0.831683874130249,0.8540468650597246,0.34664316249165356,0.3736678050759196,0.41364938784515654,0.3223968684065823,0.35176414251327515,0.38261815781397834,22.704163372982983,22.831645965576172,22.940693198109113,110.2401235940829,112.10177612304688,113.83213576554452
405,1.0088329173678903,-0.09433810412883759,-8.247298843855333e-09,90.0,0.8275887465288203,0.26452473998058773,0.3171401356702912,22.6825,4.662769523944572,0.9965442328879025,1.0062576498033464,1.0141946255303573,-0.10768978711261916,-0.09443834887803966,-0.08072170528881006,-0.01591060653947984,-0.005113435762053755,0.007167112345566722,87.88800111140118,91.56071472167969,94.64259021176757,0.8048410937327657,0.8269982933998108,0.8504066674243156,0.24846619211783566,0.2628797539701697,0.2785050031347333,0.2982958986137564,0.31707608699798584,0.3378093995729731,22.608327252115103,22.676897048950195,22.740500371691546,2.7116910670730907,4.117429733276367,5.4024371552523816
406,2.088240138878512,-0.13707534968852997,-1.198350751963062e-08,90.0,0.7588983883819398,0.5421906721971813,0.6675579554502065,22.3953,32.796318324381616,2.056785317139392,2.0833844526905096,2.104050640990422,-0.1474270181447112,-0.13470569469852534,-0.1219966629942758,-0.020291374643707335,-0.00041655507724907106,0.017543058729204614,86.30116472071414,90.08753967285156,94.37908270012103,0.743027831851348,0.7622981071472168,0.7822889232412495,0.4967988546666107,0.5423417010124307,0.5899506657618823,0.6354370465773963,0.6803767681121826,0.7249055270587548,22.278953202106795,22.37766456604004,22.483991324454674,26.291287221864927,30.8414363861084,36.35738412916905
407,1.2004096680484437,-0.16856278479099274,-1.4736226461309343e-08,90.0,0.711504104876032,0.40907615937026776,0.7173563720289147,22.146,93.04128307856091,1.1944823195758638,1.2014782103227621,1.2082773846191077,-0.17954242699063547,-0.1645231398105145,-0.15049072747143494,-0.00747072661255992,0.00892211145757664,0.02223209983302973,86.09381079952261,88.42953491210938,91.2823129809836,0.6943214660438046,0.7167268991470337,0.7381760758127124,0.39099492622736653,0.4110789719208981,0.4369627688835585,0.672360929515446,0.7056858539581299,0.7428274716558496,22.069948611998097,22.144685745239258,22.207899792989824,90.99152244570158,94.56793212890625,99.094043095858
408,0.9339401042296654,-0.2038121223449707,-1.7817821884591467e-08,90.0,0.661388812164144,0.557640160499519,0.5971326157667254,21.5836,47.396548054028706,0.9135650998132522,0.9373000885140513,0.9588165561781916,-0.2340991208396586,-0.18248809225425106,-0.1418851032234908,-0.028630799470244744,0.01276053464561101,0.047795406836745664,81.92854174235664,87.96337890625,94.3957215325725,0.6182884259049622,0.690396785736084,0.7496762917298281,0.5110516165021606,0.5499786771687527,0.5892155777492074,0.5573840499951064,0.5888884663581848,0.6295325906689632,21.499194471829693,21.593921661376953,21.689408819360132,41.98977151889082,44.70509338378906,48.02736137170397
409,0.7349652078830421,-0.3529089689254761,-3.0852280730186976e-08,90.0,0.47829605797654684,0.37238752892614485,0.49308647374023074,22.4493,79.55451077095181,0.727231077875966,0.7356863832072713,0.7430232517367529,-0.39471537581758115,-0.3575700276306393,-0.32208514523531384,-0.036282839527379075,-0.010065225772110086,0.01918411621160216,88.54694307514501,90.80238342285156,92.88833639993996,0.4338493165133914,0.4729410707950592,0.5124539187729344,0.3501858933417712,0.3817296213145158,0.41245331790913853,0.47111987982666437,0.5082613229751587,0.5382226120015597,22.31890098146336,22.427330017089844,22.537378049800004,75.93073026913093,78.708740234375,81.76564104038245
410,0.6566065512024907,-0.14818479120731354,-1.2954726180680609e-08,90.0,0.7418798907409561,0.19962374087872503,0.9154187767069604,22.3777,21.293227791942495,0.650381569718355,0.6566604504881116,0.6630434795511112,-0.16510058594655813,-0.15105033719571237,-0.13832020180279586,-0.020751381462825767,-0.004243426363533358,0.011464962622765017,87.8035763235088,90.81584167480469,93.87830095490588,0.7161364213906563,0.7372463941574097,0.7568526529127423,0.1941147475678317,0.20266648636494305,0.21430925212228158,0.8827793836934985,0.9152300357818604,0.9611317059272766,22.29445310202423,22.36395263671875,22.420816297152715,10.217694522691877,23.028663635253906,38.43345205882936
411,0.991838012395706,-0.21237307786941528,-1.8566243653594938e-08,90.0,0.6496572150409923,0.14962968335246232,0.6714671734938222,22.7516,142.06099338182597,0.9794949584975002,0.9931463269566922,1.0039808862909407,-0.22332329588249888,-0.20784281383338818,-0.1968600921323103,-0.014038480135359459,0.007716280289330229,0.026587109891952336,86.35051849305322,88.94712829589844,91.95136083933231,0.6344493047424448,0.6553673148155212,0.6710250801041997,0.14145639698805956,0.14773029590631964,0.15411699699915504,0.6385747719748202,0.6889997720718384,0.7286024759285388,22.672031948247866,22.746023178100586,22.816362877955694,139.85267317909106,145.3674774169922,149.42379480879632
412,0.9761215852416807,-0.12697584927082062,-1.1100580898926182e-08,90.0,0.7746609298488959,0.6611069985727654,0.6970793692607541,21.943,25.643630626452865,0.9504600993998183,0.9728195898729133,0.9973927260563691,-0.1728716177823744,-0.13377284563808695,-0.09836572221155017,-0.031755230940614214,0.005828112059871682,0.04113456709578294,81.87513710626855,88.7528076171875,96.38596783668817,0.7019050090762693,0.7624982595443726,0.8205817570770425,0.6033361415859267,0.6648807230113651,0.7078064370991325,0.6156089376936855,0.6675215363502502,0.7167414670952652,21.82320566829568,21.925952911376953,22.052158921273794,20.570333531570814,24.910253524780273,31.259926251748173
413,0.7909307330458143,-0.05123119056224823,-4.4787729081008365e-09,90.0,0.902531070226466,0.17587469703351544,0.8120355236353956,22.6847,33.50487098715053,0.7865424566888654,0.792175827336368,0.7982807203967275,-0.06791018096492239,-0.05564989689047204,-0.043274072489311206,-0.007196102635072875,0.0027774260845711248,0.013522267801559911,83.43591258204644,88.54464721679688,93.66191970092153,0.8726957666557498,0.8939540386199951,0.9170376824692478,0.1645984091349945,0.17120355067035187,0.17822803591735153,0.7760914330216786,0.809394121170044,0.8399884462418015,22.66226501650631,22.711740493774414,22.762421028437352,30.859853859518417,36.0458984375,41.89989209268243
414,0.8578982095743829,-0.11111579835414886,-9.714051785181255e-09,90.0,0.7999924028785912,0.331080024260392,0.7746516722615604,22.0504,173.91656264648083,0.8388069932556937,0.8561104072674883,0.8697808178960943,-0.14988670055033174,-0.1180155603543331,-0.09325553599055073,-0.06756701391136288,-0.02214000456893159,0.018567448498528184,85.04121413699964,95.25249481201172,103.67185495982012,0.7231364325706156,0.785632312297821,0.8286904188283207,0.3300424824571556,0.3428040272467574,0.3587300442165412,0.7245773179186246,0.7681725025177002,0.8074230506174016,21.927226345058507,22.00274658203125,22.065607146593198,164.76114660288007,169.91183471679688,176.4826980719002
415,1.2009905795074947,-0.16518449783325195,-1.4440887596833818e-08,90.0,0.7164663583509336,0.3300209421003904,0.7005563581221677,22.8613,48.915551892606665,1.1895993753337506,1.19591394577636,1.2023953795650206,-0.17431476355346168,-0.16009670298511225,-0.14862433131139355,-0.007890600037597372,0.0032616556050209505,0.013765379154997972,87.48545725352452,89.42330169677734,91.41032527111462,0.7031134875675472,0.7237451672554016,0.7412123138543125,0.28136326456561067,0.3035760887668132,0.32849306222186614,0.6484727309880222,0.6989910006523132,0.7425640619573722,22.872989304168385,22.97844696044922,23.075917634293223,44.08290579674467,48.276729583740234,53.34519935504952
416,1.1640109792373283,-0.3998362421989441,-3.495479461435025e-08,90.0,0.42873853574884324,0.37134957714948813,0.5068685206625265,22.1036,50.76503750365582,1.1569267605854974,1.1650480874137563,1.17595971292408,-0.4118071708649082,-0.396586648139313,-0.37775681924312116,-0.016899424482777304,-0.0036127708499180894,0.008665434693764736,89.37032170348027,90.26231384277344,91.23415576199015,0.4165363978868713,0.43201470375061035,0.45163153732034084,0.3481180503992904,0.36641781972165033,0.3885267845952071,0.48582957314862923,0.5090311169624329,0.5381607245011146,22.05241892547296,22.123775482177734,22.18492421806478,48.22080290894718,50.19272232055664,52.17004581784829
417,1.020826783723299,-0.3274502456188202,-2.8626610415471987e-08,90.0,0.5066477896516735,0.4397393074736755,0.5321524095579366,22.0862,8.775801179869699,1.0001999059875621,1.0133797004140876,1.0259669132856555,-0.3297520142038345,-0.3113185760523991,-0.2960692654250379,-0.012227711993548631,0.006213380749709307,0.022799882684815344,87.88476092683743,89.43519592285156,91.10250146173175,0.5040109501434943,0.5251189470291138,0.5429182380270653,0.4218107214172042,0.4517731839318157,0.4806526260637053,0.4946261440131234,0.5218634605407715,0.554919452075515,21.950981461085725,22.027843475341797,22.110503001156744,6.671839458292212,9.097112655639648,11.719538520914965
418,0.6699678701981092,-0.3560355603694916,-3.112561586249285e-08,90.0,0.47488758000337294,0.2893320094701845,0.462139413470114,22.6825,6.24662276747584,0.6592770315919371,0.6678498613042438,0.6784453187114526,-0.38968083161057365,-0.36221451824383044,-0.3373193012438236,-0.012878096177634519,0.0028912760595306707,0.016033937452677775,88.73080404740679,89.77442932128906,90.97063314402942,0.4391672881464191,0.4681088328361511,0.49546367787263274,0.2703768487533156,0.28821419993909303,0.30722589824458585,0.433379623489154,0.46241137385368347,0.49617060003381963,22.589543715014067,22.663799285888672,22.754164035440834,3.4226304241422407,5.818026542663574,8.528818534290592
419,1.146398755125166,-0.05137272924184799,-4.491146565754889e-09,90.0,0.9022749475593731,0.301601439336986,0.7504802384227052,22.7815,120.80234880647521,1.1378547567738153,1.1478927740445801,1.1566063990891116,-0.06292130381387492,-0.054145827122155224,-0.04427479095861568,-0.013204997849329547,-0.0024716209365576673,0.01039273479490654,84.81006295107396,91.30499267578125,96.88532718042518,0.8814597816634827,0.8968185782432556,0.9144031657598369,0.29231529082252256,0.3076002843119626,0.3226983368016852,0.7193570357975768,0.760784387588501,0.8087643978542093,22.666390467047588,22.739425659179688,22.806058620398588,113.5242185192915,118.99839782714844,124.9060387047101
420,1.4352152381671857,-0.09104786813259125,-7.959657821743349e-09,90.0,0.8331001361298598,0.20520046907588319,0.6785009688951485,22.2988,40.241949735106,1.4242166772640141,1.438272165855333,1.4514218896501523,-0.10091069232482937,-0.08458801639637144,-0.06799649234062403,-0.011350182464605186,0.00559499163353714,0.02114036652895066,81.67579881088133,88.0419921875,93.43556213378906,0.8161617054334166,0.8435430526733398,0.8682491167266237,0.19283110220603367,0.20026187317103056,0.20860837471337026,0.6317073481586153,0.6669543981552124,0.7061959505081177,22.273397495436697,22.32405662536621,22.378075671185005,36.085112177769666,39.54443359375,42.43491253443316
421,1.1068958889075615,-0.4129529297351837,-3.610149335031565e-08,90.0,0.4154753310519924,0.22812694883337245,0.2792654137802738,22.2824,53.369408553483915,1.10526290326674,1.1124151806035836,1.1186615943706961,-0.423409712941355,-0.4058808260322075,-0.3895863384004648,-0.021947497724685683,-0.005618599115441162,0.009552816631076752,89.34028088368753,90.39723205566406,91.585415178444,0.40506818158904057,0.42248499393463135,0.43898544825756763,0.2109464909610817,0.2200400759039276,0.22960756948722333,0.2629129425095131,0.2750830352306366,0.28794431686401367,22.259513463161355,22.300003051757812,22.349045903786326,52.09327099293607,53.060543060302734,53.99954739690204
422,0.9895552724830688,-0.19659116864204407,-1.7186545520075924e-08,90.0,0.6714146432297134,0.3748004250895102,0.40825261890128395,22.6404,108.44134769489332,0.983277113192072,0.9918399424903679,0.9994383130672151,-0.20616384526140488,-0.18470992681569545,-0.16595269727938827,-0.014702882188573862,0.0012805259846055067,0.011100830727436853,88.22621283493685,89.80404663085938,92.1490593498123,0.658023186303498,0.6879931688308716,0.7152818120743368,0.3400691526628166,0.375799436112246,0.41952219935272456,0.3660673490404716,0.3929077684879303,0.42128045922893254,22.521828065182962,22.657846450805664,22.787271675581255,106.45657370902823,108.48844909667969,110.70011043675783
423,1.1602804557613013,-0.29508742690086365,-2.5797362468438223e-08,90.0,0.5442973019147173,0.4556308383817273,0.8735772157017728,21.7607,173.16470912024954,1.1120323090497477,1.1502508949445507,1.1815970526383617,-0.3476068684455021,-0.29449069820575235,-0.25370005984986177,-0.05765592890204829,-0.019521850431520472,0.030310619044076878,86.98885024750103,91.8865737915039,95.11939492185375,0.4824723534460666,0.5439297556877136,0.5931732072579573,0.4238338816345562,0.4514380448762312,0.47759122147081995,0.8125994712883401,0.8812288045883179,0.9494598022064047,21.687016820910102,21.778148651123047,21.87129223991947,0.5333393555174513,169.96633911132812,179.63762353384166
424,0.6346196419207476,-0.3889375925064087,-3.400200299097378e-08,90.0,0.43994949604926226,0.3534405483915444,0.5097085065397184,22.2738,17.898276038704523,0.6009796401926063,0.6257886136766923,0.6523591654802516,-0.4348276486386687,-0.3765535819738759,-0.3244523961439174,-0.035314059676248344,0.00855620978397538,0.0510560469732443,86.1653527289182,89.326171875,92.48521148393056,0.39351083648902935,0.4528539180755615,0.5096903738401213,0.3340322262345349,0.3584484199596898,0.3838059734733529,0.4481396057246395,0.4858339726924896,0.5316180529244338,22.12691358761505,22.224966049194336,22.3180808508971,13.742992128082005,16.730117797851562,19.966436269196954
425,1.0444062797838307,-0.06562481820583344,-5.7371036810138776e-09,90.0,0.8768331622663529,0.47586051258691964,0.6295042635498054,21.7607,128.9628272426644,1.0268930383711072,1.05011009268406,1.071594150573306,-0.09736985483410825,-0.06852520511947548,-0.039902745743243345,-0.023462081112316513,0.008524996052886157,0.04198427265801413,72.455530388984,86.47579956054688,100.05885119566919,0.820467662040897,0.8683311343193054,0.9226579767401273,0.4618609366157366,0.485537997776724,0.5127031014817337,0.6075170110585462,0.6407533288002014,0.6813298102685725,21.653308868408203,21.72916603088379,21.806761097106726,126.67875302633199,129.86700439453125,134.04346656242575
426,1.8126667610543978,-0.17093496024608612,-1.4943609016881965e-08,90.0,0.708036792615693,0.5408036241613698,0.6507970738331293,22.1213,140.09245020558635,1.7969478683690792,1.8120829531195395,1.8270539389039135,-0.1867907821285169,-0.17368691329377875,-0.16000869953422076,-0.009540218229009693,0.006079353840361813,0.020444018030224755,86.52799988624193,89.01362609863281,91.56412117033302,0.6851859667276909,0.7036969065666199,0.724057991898796,0.49261842622916596,0.5320682143550918,0.5887100973976224,0.6193047579750325,0.6575192809104919,0.7005703425055302,22.005764253763722,22.121673583984375,22.223809466315018,134.261122139286,138.47434997558594,142.2147035114227
427,1.3347442565442609,-0.04291365295648575,-3.751630561765751e-09,90.0,0.9177043022962584,0.746509060203488,0.7047016923251395,21.7472,14.03296763352153,1.3193449709810108,1.3392029181948735,1.3649121224796161,-0.07879231741897628,-0.05133565146903324,-0.030472358802693434,-0.024948916093167513,-0.0012815871374558514,0.0216619834599803,78.19733507578961,90.75936889648438,103.4312561838817,0.8534310747250539,0.9002509117126465,0.9384982989365885,0.6928963117105067,0.7650905713598013,0.8629212105566383,0.6480961321600834,0.6906005144119263,0.7307379964058729,21.54419644950539,21.73053741455078,21.879068117999026,6.957548587495688,12.277341842651367,18.46853789499791
428,1.4052238845445624,-0.22044983506202698,-1.927233661547234e-08,90.0,0.6387400240670456,0.2849568462272836,0.8269060119342874,21.9048,165.76289797000376,1.3974407822395811,1.4070222685295284,1.416599207338271,-0.2292345073992677,-0.21697491878395447,-0.20733528761248762,-0.01139672011840589,-0.0018962245945187699,0.01227824678973852,88.43764923479371,90.24995422363281,91.51994774954706,0.6266765212291905,0.6433570384979248,0.6565330177605425,0.25880994842980953,0.279193472447774,0.3022790424634299,0.7690066494522969,0.8163139820098877,0.8742484819167226,21.840363127561925,21.930397033691406,22.013848281547396,155.66839240418568,164.24319458007812,172.23938104046888
429,1.158036339300975,-0.4725101590156555,-4.130815156599965e-08,90.0,0.3582249240153247,0.7198172366142956,0.6501157498828245,21.4868,109.97063793056127,1.1447716890028734,1.1581508133948315,1.1715827891929378,-0.5033414203606102,-0.46463699566070166,-0.43401156743444486,-0.005586167672983751,0.018571657416063314,0.04179824816975333,87.40569850002053,88.8616714477539,90.3389301499058,0.32984671267955795,0.3650606870651245,0.39428198375108686,0.6998969883935049,0.7432678544230114,0.7940451244682347,0.6389347251854158,0.6768584251403809,0.7186291650318082,21.370970177719762,21.44331932067871,21.50491663355599,110.11191052377647,113.19050598144531,117.2047607512899
430,0.8335248313540754,-0.07339680939912796,-6.416553066657116e-09,90.0,0.8632438464363859,0.5869274116961055,0.40421880618508854,21.8921,178.07075028626465,0.8191672148558925,0.841972306283286,0.8628008117349852,-0.1244724224833579,-0.09061492488954832,-0.04811419694474682,-0.022327323191566637,-0.00027460195963653616,0.023198805442118626,82.69606215016053,90.07818603515625,97.13012344544194,0.7780152127877461,0.8329954147338867,0.9074735265929696,0.5332690521973578,0.5861552653814385,0.633917297128943,0.37336151735528245,0.4055767059326172,0.43886788134573057,21.794667589863295,21.900165557861328,22.027718431045265,175.02937125231864,177.268798828125,179.2864688606766
431,1.0703894992985201,-0.04592989385128021,-4.015318744166052e-09,90.0,0.9121740504466609,0.7177401374106752,0.647495683649129,21.8686,83.24477272135567,1.0538662481487,1.0783052852524504,1.101017423714767,-0.09788883906202708,-0.04795251968762287,-0.010662815643657321,-0.03085716243439425,0.007504483453696109,0.046002209568077296,65.94055628234503,85.88864135742188,117.4996635945536,0.8197862345144634,0.903826892375946,0.9771543591616455,0.6325276436746979,0.7019714452133944,0.7825183758671194,0.6112523011302353,0.671764612197876,0.7541527585847949,21.692832117714705,21.906795501708984,22.069538535553303,74.90855644557564,81.6197280883789,89.1750608543116
432,0.9025132845077524,-0.29017704725265503,-2.536808274555824e-08,90.0,0.5501748484242759,0.622412968914577,0.3964241831065678,21.7984,109.97101109646364,0.8933743720131055,0.9026612339670026,0.9156504064844178,-0.31069665581201195,-0.28239165213824236,-0.24714797877015424,-0.026986980449707487,-0.002351212754289648,0.02464470673179984,87.43065701304518,90.23834228515625,92.52934424275583,0.5258959187803767,0.5595065951347351,0.6030999105717599,0.5863843341066977,0.6371381403611421,0.6792276219966782,0.3621821850386347,0.38932669162750244,0.418516490832307,21.711499461401097,21.782455444335938,21.888943912402997,107.61468987667385,109.87220764160156,111.65641377550321
433,1.0873142776284592,-0.18971630930900574,-1.6585525841605886e-08,90.0,0.6810730339226989,0.42485798817401693,0.7271617266443138,21.8493,148.91473073400988,1.0674666630447136,1.0840494823750904,1.1022628312418998,-0.20850178683797813,-0.18329555547203746,-0.1583404669023902,-0.03167521801943003,-0.012327169940006797,0.010883058492029517,88.27251954324936,91.90162658691406,95.15248729862688,0.6539638531781162,0.6895400881767273,0.726496867108094,0.4001154052708422,0.4227692020896948,0.4465842866574559,0.6778049405560638,0.7165012955665588,0.752249666018386,21.80289476487691,21.865161895751953,21.92809221489566,143.19592396943966,147.9214324951172,152.55401335407848
434,1.6283481948641503,-0.16367851197719574,-1.430923024514641e-08,90.0,0.7186877475241954,0.3838009305608,0.9395699235030415,22.1036,147.52656212014827,1.6188826136876027,1.6323516883062659,1.6473372649338254,-0.17794252920614306,-0.16355499134363294,-0.1515657088719611,-0.009456725707405274,0.0013020409638536193,0.013085521328636511,87.71963999743139,89.77677917480469,91.73400585540814,0.6978126011804244,0.7188321352005005,0.7367599049950352,0.37181337808727033,0.39040588764376016,0.41090427712056865,0.8833274491373314,0.9323031902313232,0.9815693889364333,22.030535879173645,22.093523025512695,22.163622682903895,126.13874599835393,152.0308837890625,171.74464636465686
435,1.6912881388677583,-0.10547008365392685,-9.220487484640216e-09,90.0,0.8091850940138968,0.5914478815181377,0.26345259940870447,22.1821,20.254351586150506,1.6644480154739867,1.6817167661401553,1.6993563546894805,-0.1158521529346169,-0.10106714903459493,-0.08936905856785118,-0.007095598576841057,0.00927356079968385,0.023550823832616426,82.84020680916203,87.40089416503906,91.86355590820312,0.7922941206290902,0.8155337572097778,0.8346003761720485,0.5764189113677869,0.6237518811296332,0.6873619083034149,0.24884343074053972,0.26686471700668335,0.28246353117779005,21.96407132424507,22.095378875732422,22.199736209168297,19.280586266521404,20.449419021606445,21.597785445354603
436,1.0867023912986105,-0.4045632779598236,-3.536804626946832e-08,90.0,0.4239301500685433,0.2651350703534204,0.22290145040558007,22.9832,64.4283747914326,1.080545472709117,1.0870843409329067,1.0932863383322025,-0.42051051597369693,-0.4013881404936938,-0.386855656891332,-0.010000972178552291,0.005682980548064197,0.02225844990056557,88.47225801938902,89.59715270996094,90.7198361419583,0.407565964025403,0.427121102809906,0.44210414836440776,0.24492455883393704,0.25931919661860237,0.2815754729854006,0.2040870128984561,0.2195136398077011,0.23546627787250526,22.953021952343587,23.034839630126953,23.110738757550394,63.530662169781024,64.51700592041016,65.61601512692208
437,1.876488212288308,-0.03872876241803169,-3.385775881881159e-09,90.0,0.9254304595914884,0.6060654773076029,0.5586010123549912,22.7508,46.88723147200693,1.859489354512269,1.8751040336614069,1.895234045061692,-0.0532998822409711,-0.03871257427982447,-0.023347367697316466,-0.017696003844570436,0.006692424839817997,0.026051919449630128,72.3756352995809,85.06901550292969,103.38654460089597,0.896555910145035,0.9234232902526855,0.9518940897159562,0.46644814616457775,0.5464915049669881,0.6451683869199718,0.490207703143833,0.538952112197876,0.5968060364530637,22.678771521539844,22.891921997070312,23.12700199767378,41.71337231678413,46.663780212402344,51.72182961830443
438,0.7946528651607266,-0.24383987486362457,-2.131715959308167e-08,90.0,0.6079240118194742,0.2849271414800984,0.6329363820782758,22.7645,2.725151816938567,0.7872262340166324,0.794287399554634,0.8008527791763428,-0.2629457690689961,-0.24645906552099608,-0.2281681231978228,-0.01357602450069874,-0.0038015760747678647,0.013674345254800581,88.40927447363725,90.4407958984375,91.60029725676814,0.5835727673155761,0.6044379472732544,0.6284379454566136,0.2646791096084891,0.2829242046245158,0.3042102866944903,0.590202667946366,0.6281142234802246,0.6683199789171507,22.70341050824371,22.787200927734375,22.87024236477521,0.002417787388566627,1.9704210758209229,179.98013826565034
439,1.4771577453946563,-0.24473936855793,-2.139579535764824e-08,90.0,0.6067620628191837,0.32015499466568287,0.7333588036321512,22.7815,143.27851774473757,1.4644723824167263,1.4743687510015846,1.4843399233324943,-0.262839161168181,-0.25017393842917995,-0.2382981704798901,-0.011464220290044319,2.6737486241039933e-05,0.009527221923302291,88.91914216646197,89.99693298339844,91.32996721309847,0.5837022091034261,0.5997526049613953,0.6151142909807772,0.29994381864885566,0.3192401404035374,0.3391462302567302,0.6837749688119292,0.7297099828720093,0.7720927184167592,22.694699260857703,22.783451080322266,22.86211251757778,138.71441239152793,143.47482299804688,148.5799555715076
440,0.5130249082844383,-0.06802559643983841,-5.946986458837955e-09,90.0,0.8726142918982784,0.28202213291516814,0.8554654939863937,22.3106,61.46795422154415,0.4986203204693748,0.5112674903710556,0.522248430407722,-0.0855247909683113,-0.048244384120008775,-0.010021257178697831,-0.009389827306786403,0.024320554604763595,0.06439186656189912,53.48129741208561,76.87174987792969,96.92572915214346,0.8330178732282921,0.8918957710266113,0.964749484125929,0.26330652884331035,0.27911991486371185,0.29353494419417425,0.7975517290404155,0.8614614009857178,0.929305404555384,22.23337997810475,22.309009552001953,22.404409408569336,42.66081818338127,55.29629898071289,68.49991212020002
441,0.5859523865976566,-0.28770148754119873,-2.515166208638675e-08,90.0,0.5531549974714105,0.256804431422265,0.8099479515485715,22.9428,160.64783207270244,0.5718153230061365,0.5805045218362718,0.5895096197445772,-0.31855548513818605,-0.2929876435855858,-0.27102428261962985,-0.03254787836935221,-0.014787011972700093,0.011449719953311427,88.89022334244535,91.45429992675781,93.17047118289464,0.5165706931984723,0.5459588766098022,0.5728371039757884,0.23744610918510714,0.2554625742445427,0.2764756751131885,0.7858004930592722,0.8464893102645874,0.9100233561532394,22.828284618278158,22.926822662353516,23.02110567161954,138.3396303385652,152.15536499023438,165.61338022940598
442,1.1527007821532478,-0.4258195161819458,-3.7226325133588034e-08,90.0,0.4027020816211895,0.39969126513377584,0.731497471572832,22.3777,154.2895599712429,1.1486378398871602,1.1582419621637856,1.1675572070503315,-0.44539304364075716,-0.43050265842316177,-0.4185448362036069,-0.0130399508102844,-0.0006193875809350395,0.010855594725497889,89.29083188918945,90.04114532470703,90.86598473641692,0.3836364344307652,0.39807868003845215,0.40988416697835617,0.37754156434698355,0.40699133042472363,0.4320299195001886,0.6692501532122976,0.7019834518432617,0.7373083473982179,22.27300963417601,22.350425720214844,22.425270947114225,149.14084132855828,153.6336212158203,158.04961175844062
443,0.8323907099737182,-0.1455482542514801,-1.272423233444897e-08,90.0,0.7458889263568453,0.5592024482598017,0.7190603571722353,22.5301,119.50616026821332,0.8301725434895957,0.8449583498285622,0.8590558519770948,-0.17758558474947697,-0.13636561544720355,-0.10170312688694712,-0.05759879139915745,-0.009006569534286982,0.026791726035282164,83.29552459716797,91.91389465332031,102.02925549784727,0.6971119319365267,0.7571261525154114,0.8153262747137697,0.48498341147740354,0.5403587515012448,0.5971597140317394,0.6297566142617581,0.7158676385879517,0.8015550772891225,22.479736483643716,22.628040313720703,22.778934755745503,112.33314629532532,124.13626861572266,136.21705147733206
444,0.6494135766073101,-0.16045743227005005,-1.4027634165358904e-08,90.0,0.7234583123758014,0.2760095954369608,0.5686944217606337,22.4458,92.62118817446479,0.644505421632253,0.6527195643292314,0.6595850761976139,-0.1809264208805496,-0.15241224098285416,-0.1265271871430238,-0.009148042394555033,0.010494941427267363,0.027979935281439126,84.30934822179569,88.03719329833984,91.68239001865867,0.6925462225786422,0.7349937558174133,0.7752211873173215,0.2596880263894555,0.2791805087702459,0.29803335321297214,0.5369545805918038,0.5635373592376709,0.6112676215747037,22.39126866352699,22.4559326171875,22.542906931594402,91.42228732525575,94.45172119140625,96.85445684468634
445,0.5546685420784954,-0.2951951026916504,-2.5806775383330205e-08,90.0,0.5441689069903801,0.33813535475971007,0.828272319876346,22.333,73.94014754917342,0.5437498601952224,0.5554122587308882,0.5663382265365474,-0.33777451964243677,-0.3019283213674339,-0.2683619467402591,-0.017395989200573093,0.014324783689843839,0.048948549284590574,85.32526126783027,88.64842987060547,91.67406991384344,0.4942657612528341,0.5355271697044373,0.5745580060368756,0.32491744938669875,0.3491978400456356,0.37082627970032983,0.7872809435000305,0.8381288051605225,0.8916036247341406,22.1918538497259,22.28110122680664,22.380345032317106,55.88729420516391,71.08170318603516,81.08607650622541
446,1.4785367741160775,-0.012944822199642658,-1.1316723114163096e-09,90.0,0.9744412097384297,0.9335498954508968,0.9264721793092976,21.8662,23.016722869623383,1.4678804462047013,1.497298686519784,1.5288207212312992,-0.023769909687915976,0.0034802789889338687,0.030016192698505192,-0.03603557903287452,-0.006338265706858436,0.030262028528629095,1.2698885598848637,127.20132446289062,179.48714581659138,0.9241745239880673,0.9689997434616089,0.9983008470868843,0.8061082873583552,0.9176761511751534,1.0655957631305153,0.792825836369687,0.8865492343902588,0.9760790967517563,21.702743530273438,21.919233322143555,22.14131468495612,0.1047349893531338,14.702449798583984,179.81913981486224
447,0.9939012216043477,-0.021583933383226395,-1.8869272810917437e-09,90.0,0.957744178750065,0.4872907866222224,0.40912830629106756,21.9516,4.234680598171261,0.9793720364298643,0.9993343198253969,1.0161180836194255,-0.05339471084705727,-0.0278496241992557,-0.002128344777205074,-0.021011595529808014,-0.0010542367369045986,0.020900763811252054,56.70195536226939,91.34014892578125,129.33851924549552,0.897720497046878,0.9431514739990234,0.987102811951043,0.4699075941063128,0.5039165856842757,0.5390255157427932,0.3881404167111358,0.4199104309082031,0.4469226353195495,21.80244138823579,21.897932052612305,21.994421513657148,2.8727953432754925,4.286029815673828,6.084926173959105
448,1.029300006364501,-0.28237995505332947,-2.4686439559218343e-08,90.0,0.5596001718194741,0.33253659620147485,0.6879354638391113,22.3044,63.693038862218465,0.9969974605391835,1.0226837657952905,1.0454109029809104,-0.3046522678760905,-0.2793906381757987,-0.24834313766222993,-0.04501873338494625,-0.015842028635837044,0.018601856256056568,88.19650067204863,91.59813690185547,94.91123645877981,0.5326619277857965,0.5622755289077759,0.6014186802742252,0.3133675667823102,0.3306832168973631,0.3483839154911248,0.6467182279403471,0.7046362161636353,0.7646192906147963,22.207991156059403,22.291671752929688,22.38642659046502,58.5718364116449,64.58303833007812,69.1711454270862
449,0.7562976146851291,-0.11149770766496658,-9.747439300156202e-09,90.0,0.7993739302045989,0.44128085335245687,0.8225654699585894,22.5088,12.639664539297218,0.7504634012636876,0.7577395786244934,0.7649359059607447,-0.13864985958723894,-0.11078571136743083,-0.07956211972743647,-0.03804582694945452,-0.011879877460971683,0.014880533426651073,86.5183898632575,93.13638305664062,100.35788696662945,0.7537831249888111,0.7993812561035156,0.8481069911977555,0.42155259843313725,0.45503605948644876,0.500474448669231,0.7845532655857383,0.8521901965141296,0.9271373152732849,22.369073065408724,22.482736587524414,22.57905455962851,0.21466626625570073,7.672167778015137,179.6813872088554
450,0.720697967177854,-0.12368863075971603,-1.0813203665804849e-08,90.0,0.779852480458509,0.3067605601725065,0.7902286250359327,22.0504,171.49695087281376,0.7060950393935849,0.7212441731555386,0.7339228913892387,-0.15775773662372028,-0.11493820537092217,-0.08459803845482985,-0.021332195799803208,0.0026889474775052616,0.03468500606932263,82.67800352380154,89.37324523925781,95.4249298347626,0.7268143774431792,0.7930556535720825,0.843542507271022,0.2888140173291756,0.3027071885503178,0.3212316752935897,0.747745185103269,0.7836742401123047,0.8317325865724844,21.97217140122862,22.061159133911133,22.139583587196437,163.0380131039467,168.25640869140625,173.82933419282966
451,0.9516991647063592,-0.10745549947023392,-9.394057975953274e-09,90.0,0.805941638838695,0.6152376127927597,0.5714764869833011,21.9516,47.23329911555884,0.9395808047648376,0.9582209200524513,0.9714423467821588,-0.145137558793349,-0.11794941659128025,-0.08899679692101323,-0.03428519299701572,-0.0016041002736781975,0.0316081543946124,82.86611803594555,90.37448120117188,98.77671222542625,0.7462823170925836,0.7884485125541687,0.8342400973358375,0.5853307890266848,0.6338279430259521,0.7078828898008926,0.5279544729988559,0.5771102905273438,0.6205864328837324,21.725737023950707,21.89932632446289,22.03227709447703,45.47398918355762,48.97408676147461,52.99290246872219
452,0.7298410181117535,-0.21891969442367554,-1.9138568063681305e-08,90.0,0.6407971892627216,0.2536104441214274,0.6556097671932475,22.3106,107.9105559104757,0.7167187997737223,0.7328412724767479,0.749426297503926,-0.2509987601262647,-0.22907798717851208,-0.20379375442645012,-0.03963059924215766,-0.009082977352960788,0.02238433110252857,87.05524556710012,91.1575927734375,94.8998066129669,0.5982680142724175,0.6268197298049927,0.6580542180699045,0.24034507537130514,0.25278349791124965,0.26847931224487037,0.6159203196192732,0.653258204460144,0.6887008188623005,22.242817435584854,22.322792053222656,22.40992137241036,104.1242651478301,108.95135498046875,114.01358923341134
453,0.6030250808438464,-0.5081034302711487,-4.4419813605145464e-08,90.0,0.32616898617620405,0.24190732550480237,0.6701647806254456,22.92,51.93205698380944,0.5969176434192313,0.6050484182448125,0.6165939388399648,-0.5333436121153872,-0.5111337360564749,-0.4815952758955871,-0.02193999282718552,-0.003624042065057494,0.017373766073438917,89.01179926990729,90.20449829101562,91.26937821408741,0.3043225491053291,0.32340916991233826,0.34986297383350906,0.2222707578839487,0.24099305860765233,0.2581321516837488,0.6170146683447649,0.6620415449142456,0.7072271007311592,22.814583315964338,22.90009307861328,22.99803933567652,50.22343004995047,54.85575866699219,58.911710001754805
454,1.5836484893570195,-0.03451038524508476,-3.0169937659252355e-09,90.0,0.9332817014367296,0.2516211196762669,0.7076715995837758,22.6847,131.25171742842375,1.5787829833968936,1.5843000295168863,1.5895856872183196,-0.037290761387801984,-0.031077547771007345,-0.025026373062073004,-0.006460779202001268,-0.001144333846509196,0.004530000477719168,85.70400336104173,91.04466247558594,95.97480423933123,0.9277176975340686,0.9395966529846191,0.9509679477698502,0.23947463342651326,0.25160674366229857,0.263345397026338,0.6863550853553704,0.7117836475372314,0.7387769178519529,22.647925723636792,22.696929931640625,22.7541770430645,128.64380724711407,132.3564910888672,135.92632849257168
455,1.2148974408063047,-0.2207683026790619,-1.930017745621626e-08,90.0,0.6383125209047033,0.2180085795550592,0.5820129837936541,22.5252,115.31817657405256,1.192988750517864,1.2220932756603853,1.247058238134287,-0.2530659439595844,-0.2291995188293817,-0.20427495483338365,-0.037851804615943646,-0.001378543597633096,0.023452368465347838,86.96148040767147,90.17630767822266,94.77945282318524,0.5955510522364237,0.6269431114196777,0.6606978555624211,0.20194953438543176,0.2148098397604472,0.22674329505070515,0.5218830095499649,0.5694515705108643,0.6121056001652314,22.464824332852462,22.56490135192871,22.67104529153858,110.9185562133789,113.6348876953125,117.49760566746895
456,0.7804231856420238,-0.25713667273521423,-2.2479602179714675e-08,90.0,0.5909169180409899,0.22959172897625293,0.26590866322665274,22.826,103.24100170489336,0.7767632405196239,0.7831841987949928,0.7900369451976578,-0.265707569663514,-0.25166911657914215,-0.2390418006563497,-0.011139196272848635,-2.5806561609707988e-05,0.010768523520647796,88.76495917213047,90.00297546386719,91.24837185412535,0.5801069854840692,0.5978543758392334,0.614056743673747,0.222327139771238,0.23716689682423436,0.2536843936255753,0.25055197640671967,0.2719612717628479,0.2901422044737907,22.707123417353277,22.785797119140625,22.855179700161226,102.04828226042886,103.08705139160156,103.94691672295151
457,1.019723994126356,-0.09994973242282867,-8.737883305798277e-09,90.0,0.8182649040306594,0.5864360470842185,0.5048414337988414,22.4056,158.74912611580703,1.0006039392227482,1.0252895091530427,1.0464848207146782,-0.12531161345404973,-0.09226990496153586,-0.059817162774961144,-0.04163898569610981,-0.004014672096949332,0.028815425752550076,81.52896588916052,91.37554168701172,101.9091591198062,0.7759227236030202,0.8294211626052856,0.8860080438675112,0.5270131946246704,0.5884738284081378,0.6724796019549297,0.45911340165492037,0.5091192722320557,0.5664966766078803,22.223140344462383,22.399673461914062,22.559931531993914,153.3500079071597,157.80047607421875,161.78684849493573
458,1.202038691888856,-0.1070999950170517,-9.362978836691127e-09,90.0,0.8065215548788226,0.19944126422043384,0.8016188266626278,22.6062,43.23798492429676,1.2006583560089443,1.2070012441347524,1.2126072060630777,-0.1139871598903228,-0.10626832020717007,-0.09696253145482531,-0.017119752546168397,-0.004995842213908298,0.006325014941649155,88.36864940207336,91.33859252929688,94.91014594627407,0.7951013093121697,0.8074816465377808,0.821736752986908,0.18827665042520075,0.19533718242893458,0.2048957672630602,0.7634639924412443,0.7990902662277222,0.8360906345053194,22.576691075775532,22.626203536987305,22.66538469806121,35.25431461585068,41.30397033691406,48.18271905460283
459,1.6455406050906256,-0.05175739526748657,-4.524775221170785e-09,90.0,0.9015792163101906,0.6868798128012583,0.5259830048847268,22.2332,109.05033702735379,1.6289983548317815,1.6470177884371395,1.6688653480624323,-0.07906916202961928,-0.06047067152344206,-0.039807315185250255,-0.0239875641770519,-0.0059763603699658115,0.009550241575616514,85.33294618135946,92.90860748291016,100.60486425105478,0.8516800451408074,0.8851932287216187,0.923025130335429,0.6119251060944012,0.6818973073615258,0.7617003671092417,0.4505177271878622,0.48551812767982483,0.5263348256601719,22.077756916076666,22.245861053466797,22.39765199186776,106.41562385394876,109.575439453125,112.34354177201593
460,1.646958285821941,-0.19548514485359192,-1.708985486459369e-08,90.0,0.6729609850005732,0.16200864280694846,0.6151779232888941,22.7516,16.79918160006183,1.6355487772213537,1.6527157668423649,1.6722984889377523,-0.21979361602694553,-0.20252091892049687,-0.18408419577740529,-0.0016538530411182029,0.010114908051680109,0.023520069164133364,86.86271989280634,88.56707763671875,90.22603756716127,0.639096636522858,0.6629369258880615,0.6889177426785782,0.14900117185866357,0.15651347416626982,0.1626018682781149,0.5856042623554302,0.6193860769271851,0.655718606611262,22.726319437288726,22.80388832092285,22.887834443795064,15.581586153704812,18.908096313476562,22.490461851045072
461,0.9954248957786435,-0.18082843720912933,-1.5808524267413304e-08,90.0,0.6937261379531109,0.5947048425705721,0.8774518033145478,22.0862,113.14994485493153,0.9956731403902271,1.009242433503362,1.0222291239325507,-0.19759859687703654,-0.16914877545289395,-0.1410865852775859,-0.037027695126514736,-0.009362713969136674,0.0149615288185372,87.36544647610722,91.58717346191406,96.62098664663856,0.6692107480101858,0.7098532915115356,0.7516590914586548,0.5475110376419584,0.6031863992160654,0.6467755906173737,0.8003247489925314,0.8670037984848022,0.931153191802668,22.014847227939725,22.10541534423828,22.232022862789588,94.0041078532183,111.0245361328125,128.5164427247437
462,0.9228546813349936,-0.020681271329522133,-1.808014182813622e-09,90.0,0.9594755559886381,0.4581549008484372,0.374243006098283,22.2501,15.237483927695116,0.9041251422560853,0.9164281191860794,0.930511664099763,-0.04185738129211176,-0.015341081180017592,0.007608538434236636,-0.018042937221589186,-0.0006951789569321044,0.0163372985034274,8.41201946713003,91.32197570800781,149.1975497739714,0.9160817417285343,0.9670694470405579,0.9989626539402287,0.4327746449842174,0.4659424359703328,0.49610999700484754,0.3338553011417389,0.35478752851486206,0.3763457886286495,22.139345905992233,22.22259521484375,22.318938265788344,13.119005817404975,14.792976379394531,16.663441029211466
463,1.2989919393779408,-0.08399128168821335,-7.3427508517909246e-09,90.0,0.8450332864504351,0.29735981170673215,0.26131338994037656,22.2738,118.2115600532221,1.2865990581447255,1.2985181499962404,1.3077770915443259,-0.0974221836141386,-0.08084054916554279,-0.06737400123185011,-0.01731561123366064,-0.0006710403333961629,0.01105484904729861,85.55887160836002,90.2375717163086,95.55613483987342,0.8223951929863685,0.8503915667533875,0.8729225355772895,0.2807770106854815,0.2942701586779978,0.30982898851067797,0.2480593621976923,0.260945200920105,0.2764512855851737,22.21837562641974,22.278663635253906,22.33010856714111,117.71701181682262,118.73993682861328,119.80817726269781
464,2.0622692361005606,-0.04516233503818512,-3.948216864557708e-09,90.0,0.9135783360394063,0.47726212679023394,0.4635021829892829,22.6725,2.2750069082081814,2.056235964751171,2.065808617907136,2.0759823011383935,-0.05521190227497098,-0.044667346147448335,-0.03545465990227591,-0.0035792970362866277,0.002123526645364332,0.008377406584832754,84.2506981563589,88.67259979248047,92.22628786964232,0.8953301005260474,0.9142647981643677,0.9307384829106546,0.42026666778051713,0.45864273279188916,0.5100652541762323,0.4253568758928443,0.45445042848587036,0.49070559479666076,22.57934617859824,22.722270965576172,22.84149155170043,0.11040416549368594,2.0713372230529785,179.95951659714976
465,1.1097345791413966,-0.05522547662258148,-4.827964694698039e-09,90.0,0.8953295223292588,0.28164901840596535,0.9512706528609396,22.0012,127.0525891064357,1.0962605082355106,1.1057112560830284,1.1170797134772752,-0.06649530131751234,-0.054103973648092295,-0.0384776099357297,-0.017671045942557105,-0.0019284432363615243,0.016148350196731685,82.01016261288389,91.01687622070312,99.55604013531827,0.8748522376733315,0.8960313200950623,0.924276401693114,0.27389922854330945,0.2837802127338569,0.29642440696593697,0.8976091194393363,0.9331473112106323,0.9851084179449295,21.920430338890473,21.972332000732422,22.019802743793147,102.6501849235632,127.1078872680664,142.31019584369184
466,1.0214122173402413,-0.22593867778778076,-1.975218566485637e-08,90.0,0.6314029741836467,0.2748009167155708,0.6741802163879327,22.4493,123.5999723422118,1.0042356770976677,1.0180959092483222,1.0302404203267586,-0.2384847192103958,-0.22227850247486192,-0.2059340649901941,-0.03481897401212801,-0.00943015596378258,0.009939693933611101,88.72659888139822,91.22607421875,94.48806218426401,0.6147898212041814,0.6357972621917725,0.6584125764387886,0.2633005039971256,0.2825914791216986,0.3008835445967378,0.6127934029581688,0.6473768353462219,0.6889093023618214,22.32728313741216,22.406591415405273,22.487046145033283,120.41432972652966,124.05916595458984,128.23712881853893
467,0.626353516259641,-0.2460486888885498,-2.1510260239665513e-08,90.0,0.6050737096801913,0.40460913660783854,0.669858739229303,22.0012,135.76563698917167,0.6188113330847211,0.6331526758307263,0.6442928763361353,-0.2595114348105455,-0.23568293633234047,-0.21019270935670975,-0.035869440962858226,0.00887758333609085,0.04379924855539552,84.5300472994656,88.90583801269531,94.35107682394352,0.587768513132348,0.6178017258644104,0.6520136544231635,0.37326722704635396,0.40598314851908257,0.42443066399737883,0.6544063695352761,0.6925666332244873,0.7359992850344398,21.93271443096208,22.013715744018555,22.115078134642243,130.53308156297933,134.28265380859375,138.5121099647797
468,1.785253350977802,-0.18769237399101257,-1.6408588265903745e-08,90.0,0.6839377223845466,0.4104111268844118,0.8401986774481021,22.0012,87.23049474677087,1.7791680608099985,1.7873123261084707,1.7942958036544896,-0.19555696268494135,-0.18684190448010457,-0.1784933286731106,-0.004806233786977674,0.0042189953015936334,0.012680094574901308,88.05312402697047,89.35057067871094,90.73098220087815,0.6728577720768089,0.6850827932357788,0.6969340993844587,0.3761682494246796,0.391947912616984,0.41106333412222273,0.8209293778158776,0.8565186262130737,0.8843859343380319,21.985816131848438,22.04117202758789,22.082354827418122,83.78776326895438,90.25492095947266,96.78743417591633
469,0.6952727301214678,-0.07638350874185562,-6.677658426212929e-09,90.0,0.8580738000305884,0.1715861275388966,0.7300811105409186,22.6404,103.73256013179493,0.6938380120755999,0.699479984909595,0.704541979244931,-0.07518074293748485,-0.05775873987833109,-0.042787277990808836,-0.002741218106514281,0.012522141749975329,0.02801718126606599,75.67758947888507,84.0538330078125,91.5428911323677,0.857634056922209,0.887850284576416,0.9151766146164368,0.1633220516724681,0.16976272499298745,0.17750997787475617,0.711858443326625,0.7503534555435181,0.7881390420223626,22.60905837921025,22.66931915283203,22.72653689774507,95.37514354389384,100.1427001953125,104.01919631014393
470,1.3424473418300544,-0.07299827039241791,-6.381711603609119e-09,90.0,0.8639359051542373,0.7875991681126363,0.76940806320796,21.7315,40.733401620084734,1.2877885500268649,1.329738119170554,1.366279503542851,-0.1269737722130494,-0.07629257225357172,-0.027542206242608662,-0.045592768012555275,-0.002660047792195844,0.043017792952370806,73.41194547596375,91.0185546875,110.272065117249,0.767590720509102,0.8556100130081177,0.9370642555545572,0.7376360174847788,0.8059455631356487,0.8725284015414587,0.7080379513238785,0.7630981802940369,0.8327603993007031,21.582924223826492,21.679615020751953,21.81433784040197,26.568275080848203,35.20560836791992,42.8553102304532
471,0.7716797464343452,-0.11594946682453156,-1.0136623984635662e-08,90.0,0.7921958492449402,0.2778183970412586,0.8245131013137481,22.5481,148.94128142437722,0.7667154761814746,0.7729802826744434,0.7794108911805184,-0.13226592145282728,-0.11561812250431044,-0.09962013881731742,-0.01103900954774339,0.0011613606973453052,0.014958270588799063,86.25733038538438,89.7253189086914,92.7787200914976,0.7663057087339018,0.792222261428833,0.8182720615186748,0.25934722528225695,0.2749723209260979,0.29129531199647557,0.7910484001978476,0.8437656760215759,0.8824444598544844,22.468996116621454,22.542675018310547,22.60840722779562,141.1815964387559,149.4558868408203,157.77586036329956
472,0.727586269960724,-0.06369677931070328,-5.5685491773260765e-09,90.0,0.8802350786763451,0.2687275053465099,0.8037854793370198,22.5283,114.35924885024569,0.7103888526494602,0.7269858346327436,0.7413825840916618,-0.08522713113971744,-0.04988094594595335,-0.015587190442619242,-0.04353554070106955,-0.0009148124848097713,0.030127634319466023,69.84619989604423,90.50981903076172,113.36121528030941,0.8398039826046941,0.9002823233604431,0.9656765865405967,0.249444018651314,0.266125976480307,0.2850461230158789,0.7548538953890628,0.8122989535331726,0.8680298940787162,22.447599719236898,22.531558990478516,22.615537275086858,112.45679718173517,122.35635375976562,129.96338241388776
473,2.0404592752992814,-0.197218120098114,-1.724135501035562e-08,90.0,0.670539376117538,0.2838500836338417,0.4488945282492808,22.146,121.30091123793217,2.0385365235830553,2.059565221130147,2.0829895542435612,-0.22016459325294002,-0.20466307404561596,-0.18895999195366495,-0.006515504479974577,0.0071490391633585275,0.017240906044415596,87.56189932817664,88.99917602539062,90.94386889290799,0.6388537287712097,0.6600044965744019,0.681862926374711,0.26233695771922416,0.2739895259679366,0.28443095939149315,0.42035029633912296,0.4408101439476013,0.4591017582719701,22.14605475422371,22.210256576538086,22.283238736210013,117.14474507350144,119.64472961425781,122.56815824505152
474,1.318166176423976,-0.15397751331329346,-1.3461141534776289e-08,90.0,0.7331360225763055,0.1611422669109234,0.6105202514226382,22.6847,57.74470727958767,1.3151627575421236,1.3198602033677376,1.3248985974953074,-0.1560639827918447,-0.14976477438196664,-0.14394314310436082,-0.0035567737590903145,0.0028623299131419104,0.009677779619852497,88.1068122069602,89.45663452148438,90.67360871144818,0.729962501412618,0.7394047975540161,0.7481374113455398,0.15805504517261074,0.1622777613210756,0.16806754518051947,0.564755634479787,0.5933340787887573,0.6148778794298297,22.655444679623177,22.68573760986328,22.71532908842861,55.654662604503415,57.818687438964844,59.91060043547564
475,0.5033820531897987,-0.24885344505310059,-2.1755459655992126e-08,90.0,0.6014689461204136,0.1709550697008842,0.6315728016452951,22.7815,175.25787394304902,0.49944458944247183,0.503728533868415,0.5085889657646002,-0.2722605989496079,-0.2518821015035454,-0.2314540359457355,-0.007951252031539919,0.006800593534827494,0.02110630183214458,87.59180293480743,89.22520446777344,90.91056982235946,0.5716151475910195,0.5973711013793945,0.6240404340665691,0.15971107699889026,0.16693196873310262,0.17449415749924113,0.5837702673372938,0.6145906448364258,0.6481511513177034,22.733573710269866,22.79831314086914,22.85696971861842,173.45738749578484,176.333740234375,179.42503077617738
476,1.0404406408633187,-0.14504896104335785,-1.2680582806012808e-08,90.0,0.7466501974228769,0.4570420122981129,0.7439821555166545,21.698,6.858208284836483,1.0248755267335674,1.0389245694464238,1.0527687397243124,-0.18676450002567996,-0.1666192935535132,-0.14668022310789847,-0.023558196290561495,-0.005707367177860283,0.013030310961851208,87.76663850321437,90.98304748535156,94.31190896126807,0.6845248569368371,0.7139039039611816,0.7436853662451537,0.4308244482071103,0.46008484674982575,0.49430151941580647,0.7163561378326176,0.7620495557785034,0.800746474045141,21.610858441979804,21.684757232666016,21.77918966069023,0.8193736548399335,6.125817775726318,11.475432666598257
477,1.9482852736463354,-0.4089564085006714,-3.5752105276287693e-08,90.0,0.419490325427719,0.6085012627639504,0.6438040886207392,22.0295,87.62141658391616,1.933391860485086,1.942883874932889,1.9511534671598065,-0.4247590980338041,-0.4106092403298005,-0.3921066089516046,-0.009764885673108369,0.0031873161940389485,0.014031818332168431,89.03077853139268,89.77395629882812,90.68350115761484,0.4037147818896699,0.41778916120529175,0.43662427256859365,0.5873202531756853,0.625867614710867,0.6805453338811359,0.5913631812233833,0.6365760564804077,0.673859055656093,21.881471812747648,21.981229782104492,22.072842923143956,81.58993350811537,85.84367370605469,89.21472062179024
478,0.8587784078220732,-0.12944123148918152,-1.1316111603321133e-08,90.0,0.7707871335828251,0.12655394094798403,0.8183053614014788,22.7516,103.55434680075082,0.844624275173916,0.8556352215574383,0.866584138681012,-0.15422140230735454,-0.12566666147361186,-0.10104102880385178,-0.016661273994346845,0.010289374425741543,0.04898257577358731,79.83496434582264,87.74005889892578,93.90188301669428,0.7268320887529781,0.7752256989479065,0.815746946956858,0.12270174195400349,0.129057570363397,0.1357499247852302,0.75675999646602,0.8278003931045532,0.9016492858276406,22.6195821046939,22.712974548339844,22.81523660538884,94.22804606068689,104.67147827148438,111.83706874449234
479,0.9853606486459913,-0.1746346354484558,-1.5267044517486283e-08,90.0,0.7026570929411355,0.3944947048880432,0.8834518080930237,22.0295,25.485776072675193,0.9681563448056716,0.9834015599964183,1.0015810288823621,-0.21421123670621675,-0.18639494566277015,-0.16374040842746357,-0.037212616533836444,-0.005871764011056881,0.021641035995355686,86.359788636275,90.90959930419922,95.6341737181149,0.6465974959497383,0.6853733062744141,0.7179239661014141,0.3699679157387138,0.39309360151873135,0.41622751467262736,0.848618222078628,0.8908835053443909,0.9529815405872656,21.9552401652019,22.03354263305664,22.11086466275558,4.8368112685722755,23.0965518951416,40.42882965733128
480,2.2586110386173592,-0.016729477792978287,-1.46253742450142e-09,90.0,0.9670915860838091,0.10984157353233816,0.4924800152457621,22.7618,46.188242278120654,1.7047829031720734,1.8410214164641507,1.942339302304126,-0.23542540243614146,-0.1903954799613553,-0.09470549347620705,-0.2243464563336026,-0.16865919996552065,-0.09658698384388588,104.16224375600345,110.92255401611328,117.54626099832555,0.5197529703998375,0.5927731990814209,0.7335954555674611,0.0994171241684947,0.10722107038649246,0.12036269329235545,0.42293021293792177,0.49667954444885254,0.5363227725028992,22.57777645803032,22.82207489013672,22.9792756843459,41.26847018787669,47.75571060180664,53.26542398700147
481,0.592145495961492,-0.16973063349723816,-1.4838323458832292e-08,90.0,0.7097953449514657,0.32370793421652244,0.4108164919702034,22.2334,8.779577059321326,0.5744517269067226,0.58839055328757,0.6012589677178565,-0.18819601884416343,-0.1412639149460252,-0.09885134129768709,-0.03616086944811293,-0.0038010522380190776,0.02697081991361968,84.31815121277695,90.82537841796875,97.18558340964934,0.6827005263781781,0.7520999908447266,0.820017903666433,0.2926914940589973,0.31962632565531945,0.33865589327904483,0.3702733836008204,0.39273279905319214,0.418785667325656,22.190779391193082,22.26422119140625,22.363629530595844,5.888741406686638,8.006698608398438,9.661297960434066
482,1.7113809802683675,-0.17189858853816986,-1.502785273999052e-08,90.0,0.7066323092664881,0.8938317527564759,0.5408769877530765,21.8576,107.60154330466133,1.6851638119398336,1.71931745747197,1.7482943167037766,-0.2005654802598598,-0.1714257086454587,-0.1475895808717422,-0.026804012788115738,-0.00383853659365133,0.022881529029804466,86.19383304487124,90.63301086425781,94.13223616943081,0.6644133938889979,0.7068642377853394,0.7424817888294866,0.7917323889576989,0.8838075279664253,0.9798168101571584,0.4777146215830548,0.5284014344215393,0.5788255285529982,21.760338478199273,21.910728454589844,22.067311004418034,104.0952753725928,107.4190444946289,110.57677438055707
483,0.7787124652105585,-0.39083969593048096,-3.4168291307423715e-08,90.0,0.43798023828214394,0.26552750124125074,0.5065156797065068,22.7379,3.3568471522124432,0.7760266805536904,0.7840129446503232,0.7904681937963165,-0.40838436850961896,-0.3914338882711964,-0.3778754463368778,-0.016377718779723507,-0.005888633089732175,0.006009392784784964,89.56978943947506,90.4285888671875,91.20003972235175,0.4199877509659163,0.4373093843460083,0.4514056646470482,0.2678412089335062,0.28291782161342766,0.30506362599969516,0.46872725256998,0.49276769161224365,0.5202941821329691,22.60112046709578,22.672992706298828,22.73695098356172,2.1554707627898377,4.218413352966309,6.024694887065097
484,0.8651343507188083,-0.1391546130180359,-1.2165283003184868e-08,90.0,0.7556879230126221,0.15444998052219577,0.6022768091333315,22.7516,121.8457158197089,0.8622378899032154,0.8671702545918709,0.8725268438134027,-0.15608854562520047,-0.14552331576494584,-0.1327700909777735,-0.006895520144062037,0.0026815704247719107,0.015030303472677328,87.09023189147527,89.45970153808594,91.35311142318622,0.7297307994869793,0.7457315921783447,0.7655238702908047,0.14773219233835602,0.15478497750651793,0.16129510846060052,0.5697058423083841,0.5943936109542847,0.6175580092738147,22.69904608431293,22.745891571044922,22.801997892993523,119.0069369529186,121.62324523925781,123.83714965432947
485,0.8320769379817268,-0.031425412744283676,-2.747296834471058e-09,90.0,0.9390641096161765,0.40065631676225233,0.6055960213526759,22.0012,158.76066501811476,0.8197043881637092,0.8304477915367413,0.8413667476486794,-0.05513642765296495,-0.03425581470665014,-0.017308515219867197,-0.017862639164990028,-0.00020009809885147394,0.018914243101134282,73.47596749281074,90.16111755371094,107.75857528546501,0.8948580839789625,0.931774377822876,0.9639473165980879,0.38145362596853805,0.40692294299465903,0.436582764573284,0.5537546078859517,0.5842702388763428,0.6195542695846892,21.886922057621266,21.980005264282227,22.061216145815486,156.79381941937885,159.27517700195312,161.4949907122614
486,0.6420771269558618,-0.1815495491027832,-1.587156539528678e-08,90.0,0.6926924497938329,0.1883637260503593,0.5506641793594047,21.3396,145.14200874136247,0.6334222443588279,0.6422305179953938,0.6514750395198875,-0.19987773449730156,-0.16573252388775317,-0.1351800501822301,-0.02310575567035027,0.0013186605737369487,0.02307651668923712,85.9859017200144,89.7781982421875,94.06394628766667,0.6658614777728727,0.715585470199585,0.761459570701708,0.18163042749728092,0.18891472903615764,0.195702400186988,0.5047836901184544,0.5288780927658081,0.5541857766042738,21.30200178769471,21.349407196044922,21.40371483991932,142.95767055297569,145.1496124267578,147.33670723587355
487,0.5992263035463564,-0.0839705616235733,-7.340939855993156e-09,90.0,0.8450685553389776,0.41003315735903584,0.7293197065115282,22.0012,13.320967029157442,0.5961504924291613,0.6068666222983801,0.6182554821777564,-0.12026978384064548,-0.09466410393325606,-0.07122518999887502,-0.028311432169908116,-0.006559359657138539,0.02126310666998423,83.19524737091128,92.0453872680664,99.70543268601021,0.7850383212658224,0.8259891867637634,0.8642461712185449,0.3807743778568416,0.4114726221006763,0.44116165449002237,0.6877214529360873,0.7330695390701294,0.7716078928555317,21.900777812733377,21.998455047607422,22.10873947732027,7.383201899746876,12.276269912719727,17.063635931226326
488,0.9894814359910458,-0.2675993740558624,-2.3394280290744973e-08,90.0,0.5777855757543647,0.2971887973069233,0.7344704970061549,22.1036,20.372717358061042,0.9881574557703185,1.001755086352364,1.0168652635816233,-0.2840986974287399,-0.2681333538141044,-0.24912681945090306,-0.005241803050858114,0.015290455219756652,0.038931087521666394,85.90791122955574,88.39361572265625,90.55208511278266,0.55646864400884,0.5764200687408447,0.5997659882132713,0.2870680976197525,0.30033285518316744,0.3135498237228418,0.6952696013260221,0.7354627847671509,0.7737011313438416,22.070597922289522,22.130733489990234,22.202719984641092,15.913874597472653,22.726646423339844,29.198226610494675
489,0.9335258265349425,-0.09441257268190384,-8.253809191671735e-09,90.0,0.8274643824449218,0.46142561428343665,0.5274198600517332,22.1231,155.60179141243339,0.9141329031310303,0.9265088640398091,0.9403269614766852,-0.09899236692174476,-0.07723525350191529,-0.05681275280648855,-0.025468269260024243,-0.006321082537197869,0.014630897072795182,85.18891368723192,92.29562377929688,100.58781181417584,0.8183977186072613,0.8559092283248901,0.8885806544644744,0.4396384268244953,0.4725577849210846,0.5110402766077341,0.4846769711745256,0.524639368057251,0.5595511782358691,21.993023722907093,22.101192474365234,22.202503385854556,151.12254007262524,154.23019409179688,156.37825792489554
490,0.5829375123496835,-0.3321712911128998,-2.90393362689656e-08,90.0,0.5013084217845278,0.17245226147628553,0.4269794782066543,22.9428,116.63806889361156,0.5722515194599583,0.5800767277091892,0.5862980330514826,-0.34401261715427267,-0.32344508131655486,-0.30359563175595117,-0.027765314307344635,-0.014327525174978494,0.0026545730392979225,89.76711729500092,91.27127075195312,92.50204445987904,0.4877598113878518,0.5109010934829712,0.5340067164676391,0.16119487048317585,0.17190563409964754,0.18142514312942623,0.3960144641508902,0.4212579131126404,0.4463480941289636,22.896768583352515,22.968685150146484,23.04007810314403,115.32709498264705,116.59172821044922,118.11800434935056
491,0.8922990251719386,-0.1583351492881775,-1.3842098134375647e-08,90.0,0.7266159880099414,0.16065427729256415,0.7065362822310413,22.7129,92.68213833715693,0.8878949200462146,0.8934883562011129,0.8986142448589877,-0.17035157681747667,-0.15388129662361277,-0.13777072085642017,-0.009348427547174644,0.004947349016563584,0.017275935532104738,86.76329423379374,89.08642578125,91.72722025929687,0.7088748118962843,0.733184278011322,0.7575376360475946,0.1486876111126024,0.15442086171968622,0.15922551994722708,0.697976746616639,0.728469967842102,0.7563578534693162,22.6925538949876,22.737247467041016,22.781789875217747,87.59174094667193,92.20451354980469,96.3639939308003
492,0.6840966928817149,-0.3402722179889679,-2.9747541319125048e-08,90.0,0.4922341599506822,0.34325207910286926,0.45732492448301243,22.7344,41.78317865971155,0.6722874736182411,0.6854419140146699,0.6962027408853664,-0.37406124602214597,-0.34497642094308706,-0.32470468847881906,-0.01811979845241505,0.010272869734021759,0.043594512802630325,86.45911608384979,89.15055847167969,91.52594160413166,0.45418349574968375,0.4869106113910675,0.5093913276522637,0.32099399189680206,0.34504711994850745,0.3673338508934866,0.41862174765636206,0.4507029056549072,0.48540388935672274,22.624127878457756,22.69447898864746,22.786787544456008,37.55656414307907,40.32029342651367,42.74751061759738
493,0.8109493777486811,-0.38746893405914307,-3.387361147133561e-08,90.0,0.44147370761514027,0.5053741621846755,0.21936765405673386,22.0295,9.25680084775044,0.7953120023708795,0.8192721939756358,0.8373721241385228,-0.42746827804053783,-0.4005127509298498,-0.3702655508950349,-0.026624614049191524,-0.009438787392161085,0.00899559046053725,89.35569979191919,90.6780014038086,91.86740709953847,0.40068429927276367,0.42794498801231384,0.4595743555870637,0.4548122461529872,0.48944886535299703,0.5321944751481825,0.204676726044482,0.21959561109542847,0.23695814463235612,21.952087296799736,22.050060272216797,22.129980015198967,7.928413117241619,8.858476638793945,9.841797841960856
494,0.6983225759171433,-0.10231811553239822,-8.944933682641931e-09,90.0,0.8143582800266829,0.420291871663591,0.7659758059261097,22.2501,128.66003706522056,0.6876876194643428,0.6985212192998438,0.7102386492650247,-0.12902239497517462,-0.10425830089743711,-0.07738492487056635,-0.03447658087199328,-0.004241883621283077,0.025320185567702748,82.7479680530425,91.25125122070312,98.96203726288924,0.7693071866596215,0.8097608089447021,0.855650953541402,0.38503145403106265,0.408543813157989,0.4300866941187553,0.695719583631899,0.7470934391021729,0.799107896128669,22.200424308174835,22.272354125976562,22.352824181519154,119.34226667614887,124.82893371582031,131.32661865395738
495,0.6064986852478,-0.07587067782878876,-6.632825400032516e-09,90.0,0.858959486842406,0.19778578387097664,0.736931261429154,22.3936,143.61687485685326,0.5925281698383796,0.6124751651976621,0.6278841006074305,-0.11555208584129192,-0.07996503868109761,-0.046769175537054807,-0.04500207241002434,-0.008798696539804874,0.030494874361260093,75.43458181511129,93.04486083984375,104.7080134071052,0.7901527790329731,0.8482540845870972,0.9024433237091238,0.18802707991582598,0.2020815859448379,0.2207552815499136,0.672072681036279,0.7286438941955566,0.7794029080736392,22.236837759997627,22.381683349609375,22.507756759946584,134.65586560101985,141.25173950195312,148.71770984284043
496,1.812824727985607,-0.05204543471336365,-4.549956411636913e-09,90.0,0.9010585783738485,0.7343080950732851,0.4467529442201652,22.0295,144.6502364434095,1.788526946841569,1.8089280752419632,1.8270120988919285,-0.07181085172455672,-0.05950246524773335,-0.047381261345090436,-0.013624436781944957,0.003999862857196501,0.020444848505557826,80.5235826192379,88.11564636230469,97.46699506093704,0.8645109650220688,0.8870102167129517,0.9085327930924283,0.6559952743295084,0.7561941850609015,0.8329663791532798,0.43677471215560343,0.4845997095108032,0.5263451018856031,21.846927111329666,22.00061798095703,22.176781180912517,141.0302834323436,144.29295349121094,147.75792649111696
497,1.5784132731489824,-0.09902229905128479,-8.656804162399112e-09,90.0,0.8197992912206374,0.39951394577664223,0.7132652164054053,21.8921,107.8828083937827,1.573295825300613,1.5827721619802446,1.5937833831378125,-0.11044600261984312,-0.09898526020217316,-0.08766019133347548,-0.008758880307258014,0.003041557121862692,0.014400921316939591,85.81333185435011,89.14036560058594,92.54298583214452,0.8004766282119326,0.8195734024047852,0.8387020152119313,0.3866878654385994,0.40012135676418364,0.42078067548588827,0.6815460220110527,0.7130687832832336,0.7419248613519963,21.83248889243818,21.883790969848633,21.933755560846247,103.83030155274768,107.93785095214844,111.4339457271531
498,1.424123187456427,-0.2754627466201782,-2.4081717953094994e-08,90.0,0.5680583250992851,0.3860240005744188,0.6778770942061308,22.1036,34.61903196672874,1.4164927070601634,1.42876105223691,1.4409250940061025,-0.28766001705260014,-0.27669683694198866,-0.26621146202605483,-0.014900349539370044,-0.002710612918786406,0.011863147891598534,88.76190260946136,90.27689361572266,91.54693105389079,0.5530736012779602,0.5664675235748291,0.5794349460353704,0.364429557959727,0.38199606353400395,0.400736356476078,0.6527896691716552,0.6817948818206787,0.7168185978275919,22.056366615406304,22.109891891479492,22.160718174521516,30.234760315203626,33.98015594482422,37.780069939236064
499,1.1562902444847687,-0.17014972865581512,-1.4874961706823342e-08,90.0,0.7091829775231779,0.12790218051598382,0.3226427946336713,22.7618,116.98174593354673,1.15229347952675,1.1557457445472452,1.159213480294088,-0.1836975906019734,-0.17310058967418332,-0.16231631491262433,-0.010280608465485076,-0.0011586615808311523,0.0069939230069723845,88.83743653195188,90.19825744628906,91.69465137751492,0.689573912849223,0.7048370242118835,0.720607103272194,0.12286323672466165,0.12678610560602288,0.1308363365415617,0.29848193332683953,0.3117023706436157,0.32495386228423995,22.71824353786279,22.748228073120117,22.77796237880531,115.75733492129491,117.10745239257812,118.31770776609055
500,0.9891858413945868,-0.29170921444892883,-2.5502028933033216e-08,90.0,0.5483360882833861,0.24619116215185693,0.6928815766584338,22.6598,9.744618854703068,0.9777910248941927,0.9943560207330349,1.0100056347062527,-0.3141972090929286,-0.2900193099702859,-0.26772504414830617,-0.02432264068105067,0.008965757035796725,0.041330072281436564,86.08634237993594,89.0938720703125,92.4183970428335,0.5208295302916257,0.549818754196167,0.5775778376790668,0.23208821824097403,0.2467459419380834,0.26453064973692636,0.6450094170423751,0.6874744892120361,0.7449065361976187,22.59279885672378,22.673274993896484,22.754275505791643,3.5738611839500436,10.049156188964844,15.646517420017187
501,0.711601152583893,-0.12389692664146423,-1.0831413099765541e-08,90.0,0.779522621640914,0.32306162829341245,0.886038355703057,22.4458,120.83975382812534,0.6983066794400242,0.7097332335780567,0.7200746878810289,-0.1512366312512368,-0.12714932308609567,-0.10696547265505392,-0.013399417538940155,0.009015072421906113,0.03585573346721866,81.69425374982316,87.95548248291016,93.00871829411261,0.7372205047777131,0.7733852863311768,0.8064293281761875,0.3000241504582828,0.3197881032104226,0.34010029986029544,0.8452148156857878,0.8988590240478516,0.9528274182862071,22.385822296142578,22.479984283447266,22.567705154418945,108.99679446159432,126.6256103515625,147.67842099725644
502,0.8613427040011731,-0.07789935171604156,-6.810177755056657e-09,90.0,0.8554607997866784,0.2689276861425983,0.6622481577167709,22.7379,103.05611358449254,0.8540334776170184,0.8585129100074413,0.8644308550908475,-0.0959887617825992,-0.08290788930234168,-0.07031571758026628,-0.013373579495544578,0.0002635958693411383,0.012412192409273529,85.90358074485343,89.90984344482422,94.51945773127787,0.8247508176228557,0.8466655015945435,0.8683520521091744,0.2503519307583188,0.26394257395285803,0.27722703372026847,0.6411948079043129,0.6727384328842163,0.7058793899242447,22.68593680065034,22.742210388183594,22.8056119451956,99.53638960067664,103.25578308105469,106.68933080663079
503,1.322944162643036,-0.40732020139694214,-3.560906236543815e-08,90.0,0.42114068631127544,0.31956233910047166,0.766386236368453,22.7306,95.94902854438482,1.3040100569860973,1.3209276530610068,1.3338354714893677,-0.4301137996648173,-0.4125296735886097,-0.39308570054253494,-0.01648593200983694,-0.0013119669757835624,0.010238666187137717,89.2986274131832,90.09066009521484,91.15706910183815,0.3984826408603105,0.4158198833465576,0.43562179501758186,0.29951235849775654,0.31986057130189954,0.3442678110444607,0.7202525531480175,0.765978217124939,0.8281172727968745,22.610373811052423,22.718917846679688,22.803436020828705,95.04812257034953,101.62276458740234,110.43837431137683
504,1.2638444060437786,-0.1491716504096985,-1.30410002796566e-08,90.0,0.7403840466816273,0.35507029680785057,0.9102297484653721,22.0862,69.03575308171395,1.2473228978445565,1.2599768421339186,1.2714290233319083,-0.1640768160622261,-0.15150302220471865,-0.13600236844556213,-0.011639379321940067,0.0019342136033721024,0.018022217978039514,86.58693628834023,89.64317321777344,92.17621442691629,0.7180826351118893,0.7368218898773193,0.7605607163372136,0.33987729881989415,0.35624979261817175,0.3770647715920902,0.8818387636540618,0.9187194108963013,0.961290729893616,22.00487072848254,22.06963348388672,22.132025669731018,58.93676358817722,73.45401000976562,93.27688488742838
505,1.2149247424383782,-0.12804065644741058,-1.1193669990916533e-08,90.0,0.772985753376985,0.7861111227666899,0.525682803438059,21.8576,143.2784074058135,1.1735242878316439,1.2036169627489879,1.23373062049986,-0.14765688515490658,-0.11955449283204837,-0.0898534062525109,-0.04203129966735967,-0.012455915496597851,0.018304864927801416,85.73473135514594,92.9261474609375,101.0781804661946,0.7422915756182317,0.7845524549484253,0.8331092040594564,0.724310478291755,0.8024220341853476,0.8888824121582714,0.4667112377864172,0.5046494603157043,0.5567048218249206,21.6993928363453,21.861324310302734,21.991049431074153,141.33722947086977,144.928955078125,148.70004563932858
506,0.7121204892548102,-0.12429998815059662,-1.0866649802210304e-08,90.0,0.7788846602998888,0.21577392062516915,0.9324161507174166,22.6426,62.528731502912706,0.7030629690374208,0.7112269273918714,0.7199638123376322,-0.13560451772350202,-0.11850451425341543,-0.10063386400435653,-0.02140639790285827,-0.0054575887331264755,0.009524950792174386,87.82934230415968,91.32644653320312,95.04331016874966,0.7605921124495387,0.7878164052963257,0.8156618890824858,0.2106769271449777,0.2235529353856594,0.2379242962440328,0.8874664168238133,0.9351943731307983,0.975615845854816,22.52600639914379,22.602609634399414,22.67959956613111,41.32693806263502,64.52703857421875,93.77475985137424
507,1.5478577061517385,-0.4221154451370239,-3.6902505939906405e-08,90.0,0.4063555903759214,0.699593316791929,0.8476509750844909,21.8662,151.64420189294566,1.5140583209529452,1.5365737332386455,1.5561601232120992,-0.4623574616044072,-0.4355058357238891,-0.4109421825029242,-0.01772697280766043,0.00333262299780465,0.02855632243380816,88.08119052215095,89.7803955078125,91.1680681004037,0.3676027460367177,0.3932083249092102,0.41743772206555263,0.6555201008043009,0.7111320245871268,0.7671841996223385,0.8132821415278481,0.86324143409729,0.9120140693071342,21.73435944143522,21.842559814453125,21.943909938944902,139.0223827310177,152.6105194091797,167.10299884746888
508,1.4002470786521708,-0.21895244717597961,-1.9141431550906418e-08,90.0,0.6407531027766336,0.41902637381008595,0.2115999895837537,22.1036,176.56409632399894,1.3775088027487319,1.3931177038569444,1.405117037056903,-0.22388613878639646,-0.20929852398923365,-0.19510996535320635,-0.009286836001398043,-0.00206274582560902,0.004994856175132127,89.3127105198733,90.28248596191406,91.28839870887403,0.634139654390756,0.6538077592849731,0.673428368318545,0.3803297678129818,0.4036518365500489,0.42962080882475334,0.19675256047266873,0.2087283581495285,0.21845984891023335,22.054941257449862,22.129911422729492,22.199277988601914,176.43767091536284,177.10330200195312,177.84203142182344
509,1.4490665617428005,-0.17441248893737793,-1.524762360816112e-08,90.0,0.7029791689493721,0.5721328212907859,0.462917661289477,22.1821,64.50042102688668,1.4267052760447285,1.4398530294468768,1.4517705070197615,-0.20076119539869397,-0.18120581103752187,-0.16509390327120715,-0.023244172602180608,-0.006669070513963151,0.008540031751517296,88.6643670602849,91.03558349609375,93.49216724192252,0.6654301080799734,0.692861795425415,0.7162938215317254,0.5375845998161857,0.5829128682326397,0.6389358778970979,0.4258253656067179,0.4499754309654236,0.48832780380892543,22.00764723647971,22.131935119628906,22.23830989086431,62.67471085300996,64.73728942871094,67.06783292819861
510,0.5537361592043096,-0.1886143535375595,-1.648919045749153e-08,90.0,0.6826315310550067,0.12309294347389607,0.6312035648255384,22.6404,41.68926291730764,0.5509849811427604,0.5567033299703372,0.5610982422140524,-0.2127807852833323,-0.18159871491018176,-0.14672801362155224,-0.0316600973527698,-0.009837223904724425,0.016447346634115602,87.58835558880138,91.57662963867188,95.82299453832506,0.6490839007480692,0.691952109336853,0.7414270019892721,0.11600780434944682,0.12149208843299805,0.1274557657645231,0.6057192250554762,0.6499344706535339,0.691279487928499,22.600555294649098,22.67401885986328,22.740535548408147,38.66037221105069,41.52851104736328,44.13910981129261
511,0.8363259916792921,-0.29577770829200745,-2.5857708862986328e-08,90.0,0.5434746074952389,0.4499897519828084,0.8521311658930173,22.0064,120.0632322552204,0.8292556526870974,0.8480577503240962,0.8700381218959031,-0.31706762273982464,-0.2898222596214648,-0.25767420903888727,-0.0032882771692771345,0.028841231768163226,0.06535212140820168,83.64016184828785,87.16781616210938,90.32329443504958,0.5157470252085662,0.5484641790390015,0.5864996617483653,0.4062775534220386,0.43429712034478946,0.4656883621762356,0.8138626416225118,0.8703590631484985,0.946043765981614,21.975205201948178,22.06999397277832,22.173412585055257,94.77577623966219,108.77303314208984,126.60034277065299
512,1.1433967592945027,-0.05163547396659851,-4.5141166360451734e-09,90.0,0.9017996721664345,0.17463381616492976,0.5037393919364266,22.6847,30.84291130257921,1.1426511142021185,1.1471862044660925,1.1524988624136046,-0.05661439173401194,-0.050913483221319306,-0.04450210079444895,-0.007926478995609854,-0.0002422602788518198,0.006801729167728873,85.94172715301649,90.14129638671875,94.22291524254862,0.8925020132542054,0.9029126167297363,0.914732790421325,0.16895658158763305,0.17441046279738714,0.18183177652725974,0.46995968668905674,0.4909766912460327,0.5152454178429741,22.628265219312617,22.685564041137695,22.72340846308524,29.125210798148018,30.679595947265625,32.10246507146703
513,0.6810448966354758,-0.045686595141887665,-3.994049091460283e-09,90.0,0.9126189493921424,0.26309473768646946,0.7214183583487321,22.6704,178.5914144867466,0.6742525603686956,0.6830053307610591,0.6930678317794454,-0.07309297511176328,-0.04787996821862035,-0.02749430571158045,-0.011108839613888843,0.00892571096898576,0.028009568548016266,72.19144087144784,84.82208251953125,95.75293659368022,0.86337210961271,0.9058035016059875,0.9441470372222514,0.24484708339862435,0.2574586798053709,0.2729193526650713,0.6493310120163055,0.6968056559562683,0.738570024739914,22.641097287741765,22.730270385742188,22.810467391354557,0.008463518902864254,177.3383026123047,179.96737172554117
514,1.076258258657562,-0.22040174901485443,-1.926813197883348e-08,90.0,0.6388046046333454,0.6926294635163116,0.8693172067699456,21.8662,46.4141146237486,1.0339772992350946,1.0651017333649866,1.0954773800294195,-0.23059027076523536,-0.192091645313149,-0.15811706327907835,-0.04120367096937512,-0.007329993334080207,0.03691570352944954,84.30185879911869,91.09625244140625,96.02298122686727,0.6236574867213851,0.6772777438163757,0.7255430288765726,0.6671227169856575,0.723692922083515,0.7848310575938335,0.8103342698472487,0.8746253252029419,0.9412470122089724,21.645018678575067,21.76707649230957,21.898927249771646,23.07037868700789,40.68137741088867,57.37321818833459
515,0.6545326219111046,-0.2308521568775177,-2.018173717033278e-08,90.0,0.6248905101767289,0.3833266896015764,0.5863030124218989,22.4458,130.7664862950539,0.6451126939795376,0.6542653248094131,0.6648683710286141,-0.25611034319711157,-0.22959932371914435,-0.20541048291340763,-0.03394758494296037,-0.004151515289059373,0.02615181330141062,86.73590087890625,90.51718139648438,94.16384166669005,0.5917379132925036,0.6262400150299072,0.6591678275005777,0.3375707057246253,0.36122639868954476,0.3894538652150167,0.5378383771303447,0.581617534160614,0.6334339572375871,22.382190608246606,22.49361801147461,22.594138525187528,129.45607011492027,133.44253540039062,137.18043685470101
516,0.5466270834072435,-0.26218774914741516,-2.2921181397350665e-08,90.0,0.5845503281661472,0.32071327408540146,0.7044987366718525,22.0504,97.98759920664777,0.5384897996339064,0.5475669941096879,0.5577930237232956,-0.28092733752098914,-0.25133406670318187,-0.22325715665923399,-0.04195838851367077,-0.01587681887314609,0.009011603710990168,89.01313413084738,91.81474304199219,94.77814151795218,0.560785785865625,0.5963178873062134,0.6332832385324686,0.29800468586244094,0.3135222214222217,0.33330878962435656,0.6575455800813744,0.6929082870483398,0.7288337248718226,22.012984551009087,22.093271255493164,22.17601269351094,96.123218719097,99.89414978027344,104.12424480839101
517,1.1379351834483662,-0.09900917857885361,-8.65565752405928e-09,90.0,0.8198210220695753,0.26304202988784153,0.7884515343320063,22.1821,153.88138584224126,1.1302356986222686,1.1396478450697303,1.1474118101990065,-0.11656667316694053,-0.09752121079318568,-0.08246041208597517,-0.012594989585876104,-0.000793163095061916,0.00903913990994133,87.13366157096767,90.23837280273438,93.85914768072864,0.7910169959068298,0.8221807479858398,0.8471990257443778,0.25326549668274656,0.2620238151316741,0.2767643337065903,0.7480162600028939,0.7849403619766235,0.8166043027714226,22.118190619834884,22.173114776611328,22.213577270507812,150.4838524500564,155.80816650390625,159.89874459440745
518,0.745980592978909,-0.21836870908737183,-1.9090398595267288e-08,90.0,0.6415392050109456,0.3075108180926907,0.20999070891476457,22.3044,53.43915059215196,0.7327169490338896,0.7444268615005406,0.7547787084147222,-0.23256633831690873,-0.21205531080149453,-0.1946464168020289,-0.02671349782350391,-0.003837939264646098,0.016473425974473717,87.84585534496168,90.51744842529297,93.75667243032065,0.6226028081571257,0.6499232649803162,0.6727634437295474,0.29370226438297137,0.3066360059919892,0.3240917367681563,0.19238307887276931,0.20683719217777252,0.21853394569663312,22.248193227869695,22.306564331054688,22.358912810739938,52.41331394739361,53.20988082885742,54.17057723660311
519,0.752887337269,-0.19560357928276062,-1.7100207472253715e-08,90.0,0.672795251922567,0.15325790453837382,0.3075302344944164,22.7328,17.498313190076978,0.7381120608564271,0.7508862000475902,0.7623213704093622,-0.20579203700396287,-0.1887024173585663,-0.16344116264249062,-0.0035912489617757276,0.016810789665122026,0.038266351309013694,83.63384011030335,87.42991638183594,90.54705336437061,0.6564861283249804,0.6813122034072876,0.7143903502650367,0.14561341025512523,0.15248083871815063,0.15949596145753564,0.2778503610384932,0.29534924030303955,0.31631244310969886,22.69190326675407,22.748504638671875,22.802635840874927,16.40899004381244,17.844877243041992,19.231704535516553
520,1.3863294383434526,-0.42863884568214417,-3.74727981977685e-08,90.0,0.3999339323340305,0.23579793141825497,0.5707434810520574,22.7044,35.440629086457726,1.382892380613748,1.3880104399532938,1.3923597464950335,-0.43505195306926986,-0.427279469187663,-0.42088276218186366,-0.0075825261730001455,-0.0006940796917279622,0.005230665714805929,89.64878383321202,90.04647827148438,90.5111088452815,0.3936721017313808,0.40126127004623413,0.4075541054500949,0.22106569170456922,0.231404068168658,0.2404333769143179,0.5601493766348332,0.5846971869468689,0.6136228943136647,22.68685573022677,22.72551727294922,22.775822625942443,33.13218591396757,35.56513214111328,38.228464008480884
521,0.6648592457321963,-0.08219535648822784,-7.185746220272904e-09,90.0,0.8480951644547879,0.41155888346434016,0.6777052157935317,22.3044,146.19065027636682,0.6596252204404982,0.6703932440322549,0.6809440224433135,-0.10819288749159334,-0.08222165194641932,-0.059987733162734834,-0.03717640346125661,-0.013521092831734815,0.01018958724978899,86.15198022477189,94.66885375976562,102.57916109360364,0.8035649723087742,0.84514319896698,0.883982780795842,0.3644419250873896,0.3968461461017816,0.4256622653450173,0.6250161003936796,0.6673446893692017,0.7130814853678299,22.265841830053375,22.36383056640625,22.4920949009812,143.09502975454038,147.6097869873047,152.81582385886827
522,1.2870836375181325,-0.19093374907970428,-1.669195803799539e-08,90.0,0.6793545424586578,0.6076043914352081,0.8241086801905793,22.1213,77.20199937306455,1.2683009519905992,1.289321352473038,1.3125591366840041,-0.21109330281409347,-0.18497517394586066,-0.1661713179067212,-0.012545276856584178,0.012529375616168948,0.03400390802704329,84.81452297149754,88.02322387695312,92.0347581059035,0.6507662205355691,0.6868163347244263,0.7139943011284019,0.5544722158506482,0.6172657786162712,0.7025850168091232,0.7550657821624928,0.8146959543228149,0.874059661889251,21.925058111728053,22.099685668945312,22.25156239963287,66.65830535359066,77.72181701660156,88.64845766798378
523,1.0493256441185372,-0.2620822489261627,-2.29119585526405e-08,90.0,0.5846827568711435,0.5876540074268325,0.43631898997007623,21.7607,165.94708547290026,1.0337977343745246,1.0506303869852252,1.0683567219159587,-0.28649051721313734,-0.2627362398243299,-0.23567028377738866,-0.025028214517511957,-0.002908993324906106,0.01618964669193726,88.18175125702146,90.31132507324219,92.80155025859372,0.5545842367590912,0.583843469619751,0.6184883241813769,0.5304405750989889,0.5590607970305903,0.5961826557227683,0.4129930589573606,0.44080284237861633,0.4652340097097547,21.722778024653643,21.811254501342773,21.888096629672873,163.0011110915987,165.33444213867188,167.12780732339527
524,1.1245086882162194,-0.03521426394581795,-3.0785287652435045e-09,90.0,0.9319671999353066,0.5980214563740244,0.6388773785665599,21.9411,116.62718501401733,1.1107843938068571,1.1279290292901596,1.141869499468691,-0.04860990697958413,-0.023400529475722506,-0.000292177229747504,-0.022969335029113164,0.0023784445338936853,0.02739790735454807,42.04426966726844,87.37333679199219,122.33026981426515,0.9058219412292663,0.9511547684669495,0.9904473836247033,0.5515785272002961,0.5924761671211032,0.6383022251485799,0.6037542122734505,0.6442533731460571,0.6966309134169747,21.849814731165687,21.94295883178711,22.039511498605243,114.65338815774416,118.48609161376953,123.13171723495167
525,0.8740871485525912,-0.22448736429214478,-1.9625309377602207e-08,90.0,0.6333365813846605,0.472402791558566,0.7928040787358963,21.7984,159.70155659806434,0.8579703876560905,0.878727304953018,0.8976532236863046,-0.25065238361354136,-0.228375625803858,-0.20407934995627552,-0.01242267882017965,0.015578913741194975,0.04245430316791301,84.99367935002356,88.05470275878906,91.54780417629834,0.5990051865797529,0.6272293925285339,0.660792255827248,0.4386214485295929,0.4676903898530824,0.489895430736144,0.744280102576033,0.7808040380477905,0.8292494563320304,21.742850806068873,21.81336212158203,21.918454543195217,154.99638280419725,162.232177734375,169.3778647233062
526,0.7647146093598738,-0.472252756357193,-4.128564867755813e-08,90.0,0.35846239227626164,0.2346968082245437,0.6914083158045495,22.6361,147.35321644288564,0.758015572601749,0.7635896910457638,0.7686961895018689,-0.47885151994211933,-0.4651971983831581,-0.4504848803891543,-0.02353721854321062,-0.00856175836587302,0.0042821309360449936,89.7344735379867,90.52664947509766,91.47913131028922,0.35231551074335116,0.3649637699127197,0.37876385494783693,0.2210567824682607,0.2347710379834841,0.2455271453727862,0.6424637028300009,0.6799913644790649,0.7119806580241179,22.58091556580541,22.64069366455078,22.713972212225123,141.63594448043895,145.1732177734375,150.26114144449295
527,2.38887191241221,-0.08318673074245453,-7.272415114556452e-09,90.0,0.8464037137803153,0.5071679004025953,0.6262844785036059,22.0012,169.76009193607834,2.3739431720111206,2.3841127891546225,2.393478405068025,-0.08688780920403133,-0.08172597321224592,-0.07261118728856102,-0.00813808134469957,-0.00138454043916676,0.0047323498141070555,88.41585708006338,90.48406982421875,92.76301745522012,0.8399678379811003,0.848811149597168,0.8645037305551349,0.49179634831495417,0.5185522714876427,0.5496414836482006,0.5903359772090573,0.6124085783958435,0.6441263033376659,21.899546279529883,21.966035842895508,22.02668759814691,168.04720527269532,170.04132080078125,172.22514788452324
528,0.5739439436076003,-0.18092529475688934,-1.5816992160466725e-08,90.0,0.6935872378659678,0.12600866508369638,0.42912488040553476,22.7815,70.60333531342253,0.5717508884447053,0.575959043569485,0.5803861284606228,-0.19911358889336578,-0.18107534407547754,-0.16214745468405886,-0.00928614156487832,0.0011770899948840992,0.012821042331385805,87.87602817988598,89.81465148925781,91.46949168846014,0.6678043662802767,0.6933501362800598,0.7206287562093844,0.11683588250431054,0.12197917974501576,0.12592850652788273,0.40633187599922477,0.421061247587204,0.4407900724754167,22.753266385091717,22.801666259765625,22.872993806965834,68.90875398363721,70.69850158691406,72.20860936645515
529,0.6767906205372041,-0.06734562665224075,-5.887541565385845e-09,90.0,0.8738072772305263,0.4585854351290905,0.7718449669992175,22.1821,174.1588808744316,0.6744560590415584,0.6855121688283179,0.6977587291502217,-0.10399079308985851,-0.06613829199970606,-0.03762871414836725,-0.01742366451552144,0.01670541386309552,0.04353836307213462,71.88529180645567,82.73097229003906,98.86538660597722,0.8061291096872023,0.8709752559661865,0.9232682362486568,0.4180821491860759,0.45522367103825506,0.4972403305408885,0.7250981923058473,0.7914934158325195,0.8557958406944274,22.102988597770345,22.20351791381836,22.331569682909183,0.09256680384990383,175.44715881347656,179.98725833994936
530,1.0286967022152165,-0.20357604324817657,-1.7797182394474476e-08,90.0,0.6617146995389123,0.11964349820086491,0.863560530050149,22.7645,105.86199038337037,0.9867859361512507,1.0180194888137843,1.0437634410578045,-0.2299118839136645,-0.19636555229405311,-0.16137374497956278,-0.03853409384375251,-0.01724243763070761,0.010302927671244003,88.61171529749375,92.54639434814453,96.62743238171996,0.6259380665309743,0.6703587770462036,0.7192243943117258,0.1132169511462049,0.12166539722609637,0.12905507530921453,0.7984374552447996,0.8954650163650513,0.9487016688687132,22.5848401728568,22.719722747802734,22.86694204349963,96.40702619201112,110.77786254882812,145.49652161478872
531,1.0836821106870735,-0.13130822777748108,-1.1479329486974166e-08,90.0,0.7678647960412259,0.5500239717171852,0.5021043471244999,21.9185,21.162086209859897,1.0564445338247879,1.0875044407200831,1.1191620664109214,-0.1544328035381853,-0.11636643293977786,-0.07319969141589835,-0.06911412026394141,-0.02704012244556749,0.019590166706132735,84.92381985841934,96.58912658691406,106.77148634620603,0.7266926359656544,0.7860637903213501,0.8558183016227888,0.4849385353790047,0.5243254488312745,0.5646975990164972,0.46734464168548584,0.5098403096199036,0.5559550194941436,21.839397168518264,21.945064544677734,22.05313078668348,14.921127598785974,18.55288314819336,21.755781732171943
532,1.1400526806140008,-0.3281790316104889,-2.8690323006230756e-08,90.0,0.5058210843908151,0.26758321997319406,0.4287466930934817,22.2824,73.16389605423524,1.1154262809469473,1.1384768336379798,1.1605547146830844,-0.3265053354432463,-0.2989451043470592,-0.27886404678206755,-0.01719801253967668,0.006522235553139419,0.030182209560022,87.02679769359766,89.37991333007812,91.57601620202523,0.5073209646743684,0.5395183563232422,0.5632487350297478,0.25310728194960175,0.26215080143296043,0.2758964393383586,0.42979373969232276,0.46077096462249756,0.49508865148749004,22.16802223752127,22.244956970214844,22.31633404773769,69.38409346557701,71.6266860961914,73.65195469723663
533,2.1103892252829106,-0.0998699888586998,-8.730911993382051e-09,90.0,0.8183967387040207,0.24704991066383258,0.6026501109951458,22.5252,84.74900356747413,2.1059105637735436,2.1107147021998203,2.1157503455437046,-0.10503344051782791,-0.09937172286354892,-0.09546041038201238,-0.002764661594570285,0.001114793683508115,0.0048380112119675,88.60424306827659,89.67997741699219,90.77664503183611,0.8098419537416669,0.8191959857940674,0.8257021878155368,0.23374574693424635,0.24236197264467121,0.2516725733684575,0.5739444105318741,0.5969058275222778,0.6189877849468941,22.506110164027216,22.547359466552734,22.589171459403808,81.86006064170361,83.65930938720703,85.78975424093385
534,0.6137813610319145,-0.41217848658561707,-3.603378928573875e-08,90.0,0.4162515703492773,0.1895818796309808,0.653670312051416,22.8067,134.03662909028134,0.6118341144520411,0.6169908820587033,0.6220239333675459,-0.4452390478029667,-0.42272570219112926,-0.40115888534714517,-0.003260211911904965,0.013672191327406533,0.03367548081238349,87.73614701289523,89.08103942871094,90.22278754929617,0.3836870016505803,0.40563029050827026,0.42720937470552744,0.17518604819378902,0.18727490902503824,0.2042036984996375,0.6365304761696704,0.6741416454315186,0.7190774018134325,22.73764862852301,22.82984161376953,22.905028619464158,127.82235269227124,133.18624877929688,138.0872226741352
535,0.904828076975976,-0.09473736584186554,-8.282203367571128e-09,90.0,0.8269222068085248,0.36770788335651833,0.6440969670305463,22.0012,56.952812312655006,0.8953901286937375,0.9074138054658498,0.9178266787365712,-0.11924990659444817,-0.10398814628561162,-0.0870308611557209,-0.03583700551206749,-0.017575499032972595,-0.0005364356260087363,90.14573917194603,94.78172302246094,100.15531125818956,0.783870757998943,0.8085683584213257,0.8362006497088785,0.3401022688778063,0.35851260952184894,0.37727407155075565,0.6160461984374186,0.6496285200119019,0.6797180482176404,21.950922954686206,22.021240234375,22.089518415423903,56.83064142823338,59.86177444458008,63.51123015696652
536,1.4572496516099565,-0.07848548889160156,-6.861419432624416e-09,90.0,0.8544523947868405,0.20123639006743982,0.5603030652224492,22.4493,164.00781169859277,1.4506122414451663,1.4604512055086827,1.4688923552416928,-0.08071436919116458,-0.07527270076617885,-0.06728942320717368,-0.017232803746030135,-0.004358489204752123,0.01104042415733411,85.87661053235003,91.68843078613281,96.89438468353606,0.8504734218728603,0.8595854043960571,0.8710226514243632,0.19068619241185095,0.19804768183570295,0.20616486199979606,0.5314782433648519,0.5574591159820557,0.5801224062664443,22.40378845339494,22.44806480407715,22.49139177039674,163.31394131633544,165.54269409179688,167.91281379830815
537,0.7861520671985225,-0.22281663119792938,-1.947924843648252e-08,90.0,0.6355682022164466,0.14955828413079722,0.7830085001509521,22.7815,68.00716393400917,0.7845085237147971,0.7877927152180916,0.7910826622328946,-0.22919765347921814,-0.21480180732312282,-0.2009993554171357,-0.008618713851545159,-0.00021773324015458373,0.01043750659175445,88.60042428398926,90.02859497070312,91.14353071250748,0.6270433347712701,0.6463488340377808,0.6652530491955202,0.1392443455995706,0.14495123402505988,0.15061645300697207,0.7656325349928761,0.7960675358772278,0.8344105436746692,22.768530144719005,22.808839797973633,22.85004631610574,61.18708984498524,67.99751281738281,74.25327524398456
538,0.769800407130139,-0.004234862979501486,-3.702234907532187e-10,90.0,0.9915659910436726,0.4386556617588468,0.6658737144687936,21.7984,44.25234011155096,0.7544937247975676,0.767144720218203,0.7784266481482637,-0.025195622988573287,-0.0005564333337410156,0.023261495293935255,-0.027935939960847544,-0.0015673239771693307,0.02282158523039478,0.4190045086097356,101.10121154785156,178.62090894644552,0.945290440420905,0.9783239364624023,0.9990804594741234,0.41650670046231997,0.43603349608838743,0.4603264566593801,0.6058858116561364,0.6349782943725586,0.670259492735223,21.71826558556648,21.783018112182617,21.85181194365045,42.53635767892888,45.56651306152344,49.84320423712257
539,0.5840323747017899,-0.04467053711414337,-3.905222367706074e-09,90.0,0.914479189658651,0.11582762006637005,0.9641386532267554,22.7379,51.946991062820075,0.5750589639506393,0.5813766677282092,0.5879555472786278,-0.08725112162072947,-0.052971049693509215,-0.02678177742689711,-0.024131551049752363,0.005970622614157405,0.03245471943332253,73.14940922159744,86.42646789550781,102.46668668155559,0.8369085665976097,0.8957692384719849,0.9458658767875524,0.11126004928432184,0.11663354443595401,0.12273539183928592,0.889793620115364,0.9418690204620361,0.9810935517015106,22.632436333143335,22.7186279296875,22.827967825068818,27.53843918245135,68.30729675292969,93.14283329058384
540,0.6086225362517453,-0.14849725365638733,-1.2982042107978486e-08,90.0,0.7414059952195646,0.18506841792618528,0.6012413189810157,22.4493,149.91698632631545,0.6094255681733297,0.618806074396881,0.6287735048237827,-0.16122244740152922,-0.12074893154146722,-0.09323254459621207,-0.030715257632640488,-0.008699777603160482,0.014382088737714144,86.77963870299219,91.99513244628906,98.2966751799804,0.7213965107565331,0.783859133720398,0.8282840612976646,0.1716701528731148,0.17956617203074032,0.1879291513753132,0.5645701576614582,0.592278003692627,0.6256710489774392,22.440605295169533,22.510805130004883,22.587892715379787,148.90693290683654,151.44680786132812,153.7710267059102
541,0.9291979600991579,-0.2795548737049103,-2.443946378605233e-08,90.0,0.563043550107636,0.29246937408946033,0.8928185183549208,22.3953,168.5544947251952,0.9221625517961721,0.9309868166171666,0.9436924300115345,-0.3049023532033026,-0.28417106082163635,-0.25942641944462447,-0.013835316694993388,0.003985714916151014,0.02333109879175551,87.49510459808579,89.59683227539062,91.3722553813307,0.5326226387447359,0.5572647452354431,0.5875901188091086,0.2622088492932205,0.2785468262524863,0.2937195985764216,0.8248141099328311,0.8708740472793579,0.9149517940604537,22.372736063810418,22.42925262451172,22.499748365692643,63.711992197057256,168.51217651367188,179.60883878467664
542,0.8660283080118806,-0.08814028650522232,-7.70546826345253e-09,90.0,0.8379983018962368,0.38238227539297803,0.5691870554819469,22.1643,51.60535622322222,0.857614797539958,0.8702788265445749,0.884758428820655,-0.1127899760946607,-0.09124583147275389,-0.06927024643074152,-0.03312761389400176,-0.0067954200928696095,0.021462882033023604,83.21190476626924,92.02658081054688,99.77535566042707,0.7966185004875271,0.8320179581642151,0.8702043555921065,0.3364697418686208,0.3687020527935375,0.396986702004762,0.5290024697690067,0.5735577344894409,0.6222161639863589,22.113633447775907,22.20286750793457,22.322352917359762,49.05788780993981,52.71519470214844,56.125309495147334
543,0.8816913442309209,-0.3873435854911804,-3.386265134963651e-08,90.0,0.4416039580384563,0.41159181802584566,0.5732288001087804,22.3953,121.13391263815431,0.8762458395159755,0.8855060262279267,0.8951547704256261,-0.4192338713788927,-0.3871815585276045,-0.3517897346640731,-0.01609364127075031,0.007745196430988291,0.03882013315994524,87.01703935237524,89.42637634277344,91.13389702739079,0.40916829233290003,0.44159308075904846,0.47929538394525034,0.36824532268262067,0.40398053407598256,0.43885317513845923,0.5301111195435898,0.5720002055168152,0.6148872048039948,22.325369705549154,22.43193244934082,22.54033581031996,118.94880169715957,121.80812072753906,125.97985222629082
544,1.3058891037181637,-0.31169238686561584,-2.7249013712093983e-08,90.0,0.5247477245472936,0.22617049587462665,0.7510098637941665,22.6404,65.58741441337216,1.2980343941723456,1.308932779463503,1.317571864450986,-0.31569866783447004,-0.30876423887852966,-0.29929414712017105,-0.012979154702272663,-0.0023134122467580644,0.00696355818253021,89.3564284541218,90.21317291259766,91.21168352596095,0.5200933144896328,0.5281082391738892,0.5392818221400908,0.21696588165345523,0.22732674619024656,0.23818465359031776,0.7226850214818057,0.7521529197692871,0.7866815781083633,22.593609792996887,22.642446517944336,22.697441081873276,60.21934342047021,65.38345336914062,71.25895920044671
545,0.6001897944734836,-0.12551924586296082,-1.0973240982536936e-08,90.0,0.7769576162119485,0.22734088003221814,0.4706902404858033,22.6399,23.345484174399335,0.5899768077148926,0.5990870396200536,0.608415433360254,-0.14406810821780347,-0.12343137979040272,-0.09908679538857608,-0.029544719372021442,0.0007936732086195957,0.02987202605069262,82.94414871538807,89.82577514648438,96.4229212357209,0.7481288874205545,0.7794405221939087,0.8181730674600557,0.21178455674768143,0.22469479365030048,0.23895925865257972,0.4242870645832551,0.45544788241386414,0.4802272260574658,22.584666378892422,22.6568546295166,22.725468661432554,21.687382485193147,23.93468475341797,25.708212370037764
546,0.6353286925749273,-0.3988134264945984,-3.486537636376852e-08,90.0,0.42978325324789424,0.2582495768563849,0.7645683331098507,22.3106,34.729188537673195,0.6112137277784758,0.6281838866027356,0.6459343162873593,-0.43387181936732083,-0.3971376811949222,-0.35868812233429354,-0.04509292358873733,-0.012781021322879824,0.021261086350984268,88.4768810831912,90.92283630371094,93.25556168253873,0.39471451828503823,0.4309930205345154,0.47186017160792837,0.23860491822778032,0.25872599053247913,0.27344331639253355,0.7332103414588967,0.7780485153198242,0.8318562246390773,22.19521876285348,22.27371597290039,22.39445678751626,23.93584493867643,33.559303283691406,42.87144067963881
547,0.5910254054216486,-0.17836196720600128,-1.5592897639749026e-08,90.0,0.6972713338306347,0.1757208198393433,0.7682654047394579,22.7618,153.82723845967266,0.5910097021189515,0.596283367885364,0.601359602474491,-0.20279821996186975,-0.18715934845719984,-0.1731718810717484,-0.007761116585819335,0.01221033351306124,0.029614531715065767,85.45513986816869,88.12506103515625,91.19922558066618,0.6622504806792622,0.6840174198150635,0.7040039257562277,0.16757196467838337,0.175684769602043,0.18276858476648208,0.7418077326124203,0.7811592221260071,0.8173031894411863,22.710278459572635,22.78204917907715,22.84553737593934,148.1779585294053,153.5968780517578,159.72862249954795
548,1.541650948932474,-0.2950882017612457,-2.579742996999812e-08,90.0,0.5442963569699683,0.9243928747316965,0.47549634703256694,21.5878,116.70588953106252,1.5087346486878108,1.5310745141818498,1.5530677962706954,-0.3202522983401467,-0.2847242829694707,-0.251913825207648,-0.03648626707341393,-0.008453801889271332,0.02582906281670573,87.39796403156194,90.84800720214844,93.37816038120164,0.5144361228787886,0.5565135478973389,0.5975457622747609,0.8931984183177895,0.9752301148921472,1.0663471258648787,0.41538307987870043,0.4647490382194519,0.5066804538074672,21.340426716998383,21.496826171875,21.61907047379889,115.81515184569803,119.0641860961914,121.68387728156917
549,0.6233626004345205,-0.21615897119045258,-1.8897218012625672e-08,90.0,0.6445218480855184,0.22282872836738388,0.4697810056278586,22.1036,7.8582413244049,0.6231742425673149,0.6308054734189465,0.6382567551262124,-0.2385927149026887,-0.217539783377469,-0.1959352225998526,-0.03601061988532294,-0.02100804438783776,-0.0020799950528611636,90.26396362839293,92.7559814453125,94.91646150653614,0.6136698744232806,0.6414408683776855,0.6711775701707743,0.21106670238511346,0.21888982548078795,0.22801748784249143,0.4499127721177936,0.47264981269836426,0.4928893380013642,22.08503488899767,22.126232147216797,22.17028702638579,4.574680361501486,6.244279861450195,8.081154146518555
550,0.7778766475212167,-0.0686245858669281,-5.999351682106635e-09,90.0,0.8715646461398696,0.08739543874775267,0.8557552995587415,22.9976,166.99523468965506,0.7635597806994782,0.8512360300180151,0.9043889069220581,0.19412095984001848,0.2648157985718,0.3441838880935822,-0.11802704461308737,-0.07530385413982331,-0.022247969411397717,167.76948179647584,172.16064453125,177.48173061566635,0.47449965078461,0.566901445388794,0.664753786663601,0.06973215632886691,0.07630800161054516,0.08482591047950479,0.536107580058788,0.6402133703231812,0.7922537180754851,23.077838065070015,23.293750762939453,23.49893400677471,165.84331464622193,169.12222290039062,172.50862173531195
551,0.5668787638461118,-0.15282748639583588,-1.3360603290379913e-08,90.0,0.7348649436343995,0.1997580473429717,0.8038038954588838,22.7973,159.63201542589795,0.5614480930042836,0.5682650086021208,0.5737377515481437,-0.16697618671202144,-0.1529656797567311,-0.13833683963300655,-0.019054792772239003,0.0012392098008490308,0.019272632111572766,86.46468983368936,89.76856994628906,93.80407253474458,0.7136896375502724,0.7345376014709473,0.7554358707957931,0.18669618586283168,0.19673119155352098,0.20644467925135437,0.7637498791464788,0.8075293898582458,0.846776328158009,22.7582153710265,22.827245712280273,22.901534533399683,151.9930953747069,160.3182373046875,170.03588424401167
552,0.9131116757301537,-0.08704826235771179,-7.610000629654223e-09,90.0,0.8398447164587773,0.31826945892212205,0.9077528177765666,22.91,76.25953297704291,0.9072198147400958,0.9138284515642106,0.9222013619267551,-0.09393532149015878,-0.07854743918722319,-0.06272032732422023,-0.010316727788074782,0.0022393281626137736,0.014630967692150772,84.43986895627152,89.18222045898438,93.81804645219617,0.8280380007600605,0.8538870215415955,0.8812064581905361,0.2873011635268766,0.3175046587925826,0.34918234890301414,0.8649451782802894,0.9175221920013428,0.9831231719227836,22.775733878561653,22.89450454711914,23.03404149034493,36.92806400516751,62.49111557006836,82.25882840528627
553,1.32189376773143,-0.28397664427757263,-2.4826027456015254e-08,90.0,0.5576607433419918,0.4692687683932332,0.5077920240712738,21.943,159.90134482833366,1.3150507331373873,1.323351923214363,1.334196867881818,-0.2949532158178964,-0.2825994652722351,-0.2696903476229804,-0.007014612409193861,0.003129333993470305,0.01458570829488921,88.53385546758959,89.68496704101562,90.71010518462795,0.5444340142316345,0.559241771697998,0.575186754722836,0.42739308621277783,0.44958689428324655,0.48238642262442377,0.49010709382887474,0.5134751796722412,0.5336325489137368,21.897937070262742,21.98534393310547,22.048191333063894,158.74977334560617,160.4437255859375,162.68561103253074
554,1.2582583215573937,-0.10959777235984802,-9.581341942066501e-09,90.0,0.8024549516245247,0.32015403454477387,0.715374861817273,22.5252,92.5936305424359,1.2555707620569645,1.2615524909519014,1.2670460653167028,-0.12459442090498951,-0.1138098010622781,-0.10525186033880198,-0.010652321074448096,-0.0007276136572921126,0.00790390819910314,88.0481634150741,90.18556213378906,92.63728112186539,0.7784079032005795,0.7954411506652832,0.8093897805281866,0.2950790289500212,0.3194291274718576,0.34117259251387183,0.6596916506954216,0.7020350694656372,0.7384206619858424,22.47350666734421,22.545743942260742,22.640095610066115,88.29839513369282,92.54509735107422,97.20525303517955
555,0.5645333184341849,-0.11796630173921585,-1.0312941611800852e-08,90.0,0.78896269131949,0.2714396014417277,0.6275696388426306,22.7065,178.86461586409095,0.5534677675496154,0.560809970339541,0.5681166668075944,-0.15341873615084212,-0.1269706283180289,-0.10061418865191035,-0.009980966969848295,0.00786397132537993,0.029915650111382818,83.66185048965588,88.23644256591797,92.12112160702597,0.7339170714904067,0.7738931775093079,0.8169741095798864,0.2557485578409078,0.2755965062215403,0.29802736842039945,0.6029875248276989,0.6371410489082336,0.6770621282823379,22.573594268159074,22.659835815429688,22.770400279446896,0.01681465671301044,177.71778869628906,179.93891075737727
556,0.6557412171972241,-0.34426596760749817,-3.009668603226601e-08,90.0,0.4878008067839763,0.22046738644115693,0.724192508801804,22.9428,80.35415769199206,0.6521438141869291,0.6562533706660982,0.6601549805355947,-0.3662326161463298,-0.33814372945877824,-0.309803146535383,-0.012010192284925681,0.007331967521253884,0.022723401112510304,88.13061113175272,89.3734130859375,91.01446809574352,0.46387667872358923,0.49441003799438477,0.526851955255798,0.20705151943579472,0.22120757707766409,0.23582206080373733,0.6726097730944273,0.7086156010627747,0.7546849250793457,22.859385027922695,22.941078186035156,23.013111452601777,78.01875534487033,82.41552734375,86.93900440147988
557,1.1487849881970533,-0.36526966094970703,-3.193288833358565e-08,90.0,0.46491207516547195,0.28276910457642784,0.621816274099223,22.7379,16.376812798872816,1.1443193896274118,1.1495422837298366,1.1569877215000495,-0.3762841941742022,-0.36566829146458374,-0.35572496335915893,-0.008696448615868433,-0.001300879193794072,0.00574762547868636,89.54695891022811,90.10160827636719,90.68218136352085,0.4531824337504703,0.46448424458503723,0.4751760121296979,0.257655665072706,0.2726018157166523,0.2907419726812873,0.5854788899968958,0.6178097128868103,0.6432069167766054,22.714636296820885,22.78362274169922,22.854614314809726,11.648573178585528,15.184715270996094,18.000298131936898
558,0.8123859029452751,-0.10472895950078964,-9.155696645279932e-09,90.0,0.8103988207571406,0.10097217503381511,0.5239817707387726,22.6847,134.3109544581932,0.8046677507635035,0.8087245670869585,0.8128533673077643,-0.10738839851765317,-0.09353758991584878,-0.08052049346669823,-0.008668170863822867,0.002119088331524801,0.013026897142969717,85.95536549471261,89.3775863647461,92.7631328670074,0.8057327404733129,0.828662633895874,0.8508898055089218,0.09857319523484491,0.1019189534897155,0.10508742944461863,0.4915300730379126,0.5184277892112732,0.5422371397875168,22.621844546916137,22.661645889282227,22.70586122736483,131.97703134830255,133.96453857421875,135.43289456939155
559,0.5128063153741451,-0.22133979201316833,-1.9350139268681232e-08,90.0,0.6375459211250138,0.31912815028007196,0.7990075252573602,22.0862,0.3288837138174938,0.4989632792696239,0.5150735883099238,0.5296893890654437,-0.2557092075216208,-0.2141596590630302,-0.17331020352239876,-0.040620393788004396,-0.013089684153062803,0.0137406032008244,88.05245444347293,91.74983215332031,95.44453249693578,0.592567470099651,0.6457536220550537,0.7034129948462978,0.2889279664253124,0.306446981189746,0.32527935952618775,0.7506776112424691,0.8092015981674194,0.8722585660769061,22.071038282234326,22.146621704101562,22.22645932205386,0.047025606722859645,6.177405834197998,179.99579477807703
560,0.5697497751603581,-0.22674547135829926,-1.9822719465878436e-08,90.0,0.630330050400988,0.3232553223867234,0.5498700338092999,22.146,60.054703514468244,0.5665251662199235,0.5733389037200796,0.581271174606842,-0.22937940262269851,-0.2022345760746403,-0.18011663012925652,-0.02679430864279691,-0.005459948366931125,0.020420089154759073,87.24031420516248,90.76011657714844,93.98301540665263,0.6259880660113688,0.6631606817245483,0.6943923411585329,0.315539939608583,0.3347139471248085,0.3559359079546533,0.5302166851699366,0.552186131477356,0.5827903126826887,22.04771207314302,22.123004913330078,22.197262989565836,56.40873123473823,59.32966613769531,61.8257377129685
561,0.5149989722368307,-0.2545872926712036,-2.2256728016145644e-08,90.0,0.5941497212005002,0.27376302579645034,0.2646040321140102,22.2738,86.4576383417748,0.5071591637813455,0.5160672387720407,0.5268814615911069,-0.29565424482242497,-0.26303107374731327,-0.2325404529806801,-0.037023767669232606,-0.0121225731025424,0.013086222499320253,88.66721588306109,91.33692932128906,94.23455493793563,0.5432968302166787,0.5830937027931213,0.6216353363267683,0.2629180734850013,0.27886908545191524,0.2922044382797931,0.22957964302814304,0.24902556836605072,0.26431659115396294,22.192240081540394,22.25638198852539,22.323144022481838,85.81872811177195,86.8517074584961,87.83550861138156
562,0.555286316561264,-0.44794824719429016,-3.916088076039159e-08,90.0,0.38126483104337405,0.2971105894915793,0.7713394955046291,22.5283,162.74566085112238,0.518151720525092,0.546940718418842,0.5695019632487074,-0.5003567814179074,-0.4291547617996311,-0.3551184520425578,-0.04342895568889437,0.015190892528247665,0.07458116545195236,84.68201077653126,89.01068115234375,93.03611693972482,0.332884013361034,0.3991638422012329,0.4743322079329326,0.28027918230668125,0.2996833787850659,0.3267266845287815,0.6970317686216598,0.7638379335403442,0.8337764116037746,22.37427214627572,22.49640464782715,22.595963649196722,154.9511435017052,166.52577209472656,175.8582019745794
563,0.566641648885604,-0.05431139096617699,-4.74805261774236e-09,90.0,0.8969727673831784,0.24040108629442544,0.9195114291434254,22.146,78.21481245182646,0.5549868683876085,0.5632904904204957,0.5722365892921498,-0.08507715642968462,-0.054409333182792875,-0.030067354448799214,-0.03401502857916204,-0.007993389040701952,0.018592594575937475,80.13756376294823,94.27545166015625,106.02405490921781,0.8381821758806222,0.8945445418357849,0.9369512035885692,0.2288525971478869,0.24001237447058943,0.25060839802654844,0.8665869997557376,0.904651939868927,0.9487856176400067,22.070631098541835,22.134733200073242,22.21126402991776,59.21245206769717,79.01317596435547,91.20851836141426
564,0.7287482128769673,-0.1470182240009308,-1.2852741093638542e-08,90.0,0.7436514640954948,0.3461563345264174,0.8111210984305318,22.6704,97.86446760791105,0.7203153034816046,0.7309028154499357,0.7398225679020379,-0.17461309350010662,-0.15135311395787718,-0.126801930425468,-0.03159814914722102,0.0005976507725505499,0.02159403303967621,85.82271281431144,89.88711547851562,95.69165692929914,0.7013651935572491,0.7366156578063965,0.7745498013947879,0.3072578959368592,0.3353305553416006,0.3620328732888349,0.7197639296877288,0.7850947380065918,0.8450912693144409,22.611442213028557,22.707468032836914,22.823251668240417,92.08424738021311,99.3023681640625,107.64393585107771
565,0.6603724196829848,-0.053879182785749435,-4.710267731411477e-09,90.0,0.8977507408121018,0.34373516557713796,0.5172232229049873,22.7379,177.46637865804604,0.6557851273794751,0.662498171223096,0.6685354039631283,-0.07703771255614437,-0.04988139898027366,-0.023587063052455778,-0.006974430014371523,0.013370966551723987,0.03114524792137834,70.17169599989303,82.44869995117188,95.45948985801604,0.8519990495067864,0.9007586240768433,0.9477685008783503,0.3224301474454886,0.34646841620000957,0.3729942023030535,0.48798855467310787,0.5237171649932861,0.5582441202339746,22.641490767493295,22.730783462524414,22.81345103050958,0.014130920619045426,178.27725219726562,179.99019494392022
566,1.1684271977446816,-0.0756281316280365,-6.611621472529805e-09,90.0,0.8593786670184015,0.13771531475387372,0.6046504221396495,22.5088,115.78676029511483,1.164969933381049,1.1686160288784362,1.1744227282785566,-0.0854826923745748,-0.07676510922550055,-0.06645812310152303,-0.006791673479913631,-0.0005097028561028091,0.009396479121125434,85.97615914364985,90.19156646728516,92.4609365277745,0.8423985737685491,0.8573970794677734,0.8746354096132823,0.13434730149063248,0.1391090328805234,0.1439354253851483,0.5712317717400229,0.5931656360626221,0.6135336169641118,22.459293072336443,22.490032196044922,22.5185770908266,113.87107840147364,115.93515014648438,118.10443243838397
567,0.7443118271987524,-0.12472444027662277,-1.0903757008406956e-08,90.0,0.7782133352833024,0.09385909211766057,0.6076927286276543,22.7379,59.980358025969544,0.7378466218204293,0.7480468108702605,0.7575620214700344,-0.15943899335007583,-0.12716818655748108,-0.09164553186710862,-0.021604778318865234,0.011172652464870175,0.039917101926396054,79.19807556290269,87.49481201171875,94.33455353112853,0.7240599570804672,0.7733084559440613,0.8230842233912858,0.08635736870559661,0.09185177109173433,0.09645685480447966,0.5609382226573838,0.6040741205215454,0.6427146849449287,22.642976352888805,22.744138717651367,22.86313919363996,54.256219307877544,60.04145431518555,65.02375240816666
568,1.3112613241559408,-0.045072562992572784,-3.9403684759520274e-09,90.0,0.9137427130054199,0.2743056352584997,0.7247052999469115,22.923,57.45576620053969,1.2963985875415176,1.3042325574510238,1.3110308716093269,-0.05847111705796075,-0.04955221500665617,-0.04109551983827239,-0.015763453382136392,-0.004248962564988925,0.0052988979717685245,86.64090642184571,92.42558288574219,98.80414242688701,0.8892406469129593,0.904843807220459,0.9204003146143512,0.25935427856565507,0.27530661179039445,0.29526005308730324,0.6787705141470601,0.7262663841247559,0.7655912650153843,22.814765113697053,22.890432357788086,22.970209489677593,50.76183603693574,55.98851013183594,60.78907764725023
569,0.555298640403867,-0.1909063160419464,-1.66895599562622e-08,90.0,0.6793932222430669,0.25583411478677986,0.702351342542793,22.0012,31.067400060511467,0.5459190455107865,0.5576327075718286,0.5657876567338797,-0.20397787971192768,-0.18306717339612077,-0.16234480792983,-0.035770697587349395,-0.01344690082400718,0.009314919613902574,88.55937392220588,92.11317443847656,95.66618117625653,0.6600563847209182,0.689623236656189,0.7198087152339935,0.2515926032156026,0.26305686104050174,0.2753582929780221,0.6751907517466055,0.7019602656364441,0.736179713791141,21.88961009141763,21.956684112548828,22.011637817033854,25.78052324984129,29.50710678100586,33.24201737139701
570,0.6483397912332957,-0.034832168370485306,-3.0451248189677926e-09,90.0,0.9326805474171864,0.32780041022446865,0.942706945951285,22.0012,14.962309328312802,0.6371084757492684,0.6473928799229913,0.6562978800218385,-0.05309837280274092,-0.029081907418408645,-0.00854608401008762,-0.025999543080289494,-0.007634379349337639,0.015283294981961583,71.8384142566328,96.81851196289062,117.41845548101789,0.8958151337547005,0.9401460289955139,0.98179824333162,0.30957549040237686,0.32549623135992223,0.34032732333433635,0.9016421772989953,0.9400637149810791,0.9852921546070134,21.935601256564915,22.00469398498535,22.065888166612332,0.06838004154338256,11.997739791870117,179.7894005745419
571,1.1212507505101732,-0.11461160331964493,-1.0019664209437451e-08,90.0,0.7943470159307147,0.2791102082669497,0.7319505183606303,22.7973,162.86106436494336,1.11479525553411,1.1201839839512573,1.1279549678244185,-0.12100244038149081,-0.11209545388110667,-0.10107735381589823,-0.016437843749095345,-0.0057668528464319855,0.0074391414532600664,88.14652390115117,91.46094512939453,94.27827421998329,0.7835971861340714,0.7981128692626953,0.815976014257575,0.2617940947108222,0.2739260496871439,0.2898577706350373,0.6781009135684284,0.7146220207214355,0.7484518812730434,22.735312945676654,22.801570892333984,22.852597569816226,156.12903510117764,160.7737274169922,164.4807428731985
572,0.6169349863007215,-0.5056143403053284,-4.420220989231893e-08,90.0,0.3283613992949902,0.21317319310321636,0.535859493655614,22.7815,56.83181871890096,0.612972354109215,0.6182101289498597,0.6237267535294954,-0.5201441588780755,-0.5047086058550765,-0.4882078407389107,-0.015944230422129745,-0.002659975047330567,0.012211659980135021,89.29799330777277,90.149658203125,90.912841796875,0.3156375460518567,0.3291110098361969,0.34385935312932253,0.20105927922224082,0.21116653847414962,0.22198015963208315,0.5023581365866828,0.5333051681518555,0.560660959652838,22.715210140535167,22.776443481445312,22.83607243309018,55.927596072140076,58.17389678955078,60.417245748784325
573,1.623473208970687,-0.11942705512046814,-1.0440644793163756e-08,90.0,0.786628252721626,0.19554130761410532,0.47825473183452205,22.7129,72.909461832274,1.618196924499628,1.6222888103836044,1.6273020490239465,-0.12381306679979773,-0.11720739893120735,-0.11017588024708799,-0.008150348999751611,-0.0021707056081642076,0.00500277351463725,88.74747151292303,90.53291320800781,91.96715470739515,0.7795987433247097,0.7900953888893127,0.8014452703650055,0.18713062399116226,0.19442001964707512,0.2015351991391141,0.4579494915361876,0.4759889245033264,0.4919522244937188,22.681046590178195,22.715957641601562,22.75429187572381,71.84042555628079,73.44267272949219,74.62823927740762
574,0.5484924802134278,-0.026976801455020905,-2.3583868191678903e-09,90.0,0.947463658232563,0.3618493298655028,0.4623890683600441,22.5481,7.742105114335455,0.5376540023219867,0.5462082775569281,0.5544664259058075,-0.0497285248508967,-0.015390919368131537,0.013863556500273173,-0.014167415732111744,0.005687152857287701,0.026620259807263964,6.25567695185066,79.29655456542969,168.23659869090469,0.9047134866063935,0.96072918176651,0.9968382870153408,0.33738308169317593,0.3635577784507924,0.3887017708161531,0.4209900072636785,0.453923761844635,0.48974231844501487,22.48925810548652,22.55803108215332,22.657819863380393,5.260685122233522,7.732028961181641,10.3822976987353
575,1.2724078183629262,-0.15082788467407227,-1.3185792901992954e-08,90.0,0.7378793259383265,0.33049024199200655,0.33791667200873066,22.6404,1.72011807973101,1.264074634267674,1.2728293847049779,1.2800856824326108,-0.15987581988101185,-0.1499261168490335,-0.13923142037862835,-0.00515491229170506,0.0005403760062676513,0.006351376476746367,88.80041169298812,89.90147399902344,90.99516707102315,0.7243046685880102,0.7392019629478455,0.755558620390228,0.3079160454829207,0.3260854346230191,0.34541370484136125,0.3273894347852364,0.34394848346710205,0.3592789576058198,22.584130111339608,22.65477752685547,22.71871952097931,0.18280419495006714,1.2555937767028809,108.28012387159616
576,1.1866988207948568,-0.16619375348091125,-1.4529119241046828e-08,90.0,0.714980892100683,0.24221574075958258,0.7849614048485558,22.7328,52.0384039329673,1.1787485640948039,1.18742147138668,1.193980183923565,-0.1780856127717075,-0.16796401815388595,-0.16007092560089853,-0.011501184076989355,-0.001760588593649671,0.009856885480685114,88.30247364723238,90.303466796875,91.93489151517441,0.6976465426765379,0.7123679518699646,0.7240203048628234,0.22621772510472418,0.24083357688103235,0.2535876214351195,0.7608193495255314,0.8057107329368591,0.8488381785670208,22.677515029907227,22.735694885253906,22.813228071507112,48.82685143800786,55.854522705078125,62.24221692115665
577,1.3655256912032991,-0.07533034682273865,-6.585588074869975e-09,90.0,0.8598935773080504,0.25049065481566124,0.8252773294760327,22.5088,62.44158010296296,1.3629575093902686,1.3682676336511963,1.3737259771929713,-0.08353796357856148,-0.07608307264880515,-0.06774121551486885,-0.010135604790614448,-0.0024590144253773994,0.004808102753476223,88.26470141604152,90.92115020751953,93.90466059534857,0.8456438776684955,0.8584464192390442,0.873020419609165,0.2435115706490617,0.25261732349067767,0.2630345146762388,0.8098733409910517,0.8387892246246338,0.8693538334558077,22.44924194480967,22.49561309814453,22.538960949899973,59.49005646240727,65.25061798095703,72.6333279713083
578,0.515081998947457,-0.07932879775762558,-6.935143570530045e-09,90.0,0.8530034594491867,0.2639661153458865,0.4599498646493606,22.7973,99.00903978620714,0.5069512176066316,0.5128040135064021,0.5180817020391406,-0.10296254484241293,-0.0781298026568007,-0.06096171603809033,-0.017643487574332976,-0.005260508453872123,0.010489028530291176,85.85016185720563,91.94596862792969,96.05454100145067,0.8127780545367458,0.8544438481330872,0.8850087749749208,0.2539435273231125,0.270283122842234,0.29019543063738495,0.4169254670934852,0.4451552629470825,0.48050640581065696,22.67475487888604,22.76636505126953,22.851145088513945,97.68872226151231,99.44857788085938,101.45975115255125
579,2.013829200718204,-0.20343154668807983,-1.77845507209895e-08,90.0,0.6619142267440334,0.7878586851090412,0.6801777623677334,21.8869,136.22675332143638,1.9879224425875037,2.011299607569293,2.0355092010594116,-0.2179818521556006,-0.19528544281209378,-0.1738359643025504,-0.020937403845746504,-0.0012239624620771256,0.019446970394167203,87.1235575749665,90.18049621582031,92.87106918791234,0.6418225531661369,0.6730248928070068,0.7036887833224635,0.7230478988947098,0.8065512396478263,0.8941699357659312,0.6549217617870884,0.691516637802124,0.7423802164217818,21.712781556749782,21.835004806518555,21.979382797772953,131.39337598446852,137.45948791503906,143.438323166569
580,0.9743345465606942,-0.3364368975162506,-2.9412246860260893e-08,90.0,0.4965166147683697,0.1628481359907492,0.4976489243444371,22.3106,45.17652661542688,0.9698461060718713,0.9735673358900095,0.9770777438351977,-0.3475467555969512,-0.3396615668280846,-0.33291849982154403,-0.006319750829747422,-0.0001986614862580775,0.008106114512979193,89.32005841075623,90.01663208007812,90.54025928442444,0.4841555568174599,0.4929139316082001,0.500417824978624,0.15635124064224526,0.1610881130484869,0.16555537609983276,0.4830665746540271,0.4974156618118286,0.5139470330934899,22.28108672414337,22.308155059814453,22.33301164891499,44.207094546945285,45.90325927734375,47.13592856945067
581,0.6263313355739976,-0.1771923303604126,-1.549064521100263e-08,90.0,0.6989577225214253,0.4011288640107097,0.377516206118757,22.4458,14.68683718781498,0.6171790416207512,0.6276416020568285,0.6370311593840001,-0.1974441694668388,-0.16783089412099347,-0.13450614588483503,-0.03592144887783136,-0.013720569278356135,0.007336634443667657,88.59531879313406,92.28616333007812,96.15247175691313,0.6676213142886176,0.7117079496383667,0.7629151471897361,0.36463245049443077,0.3938311596001362,0.42682682222014445,0.33966830600026554,0.3780971169471741,0.4186679050175709,22.388778123634868,22.490720748901367,22.590585190081747,11.599549471466192,14.079879760742188,16.017309906366577
582,0.9698610113669303,-0.12514030933380127,-1.094011370383896e-08,90.0,0.7775560742598133,0.4509349819314825,0.789167421646821,22.1821,97.19862571659726,0.9572927529188027,0.9695400478175342,0.9812225948790139,-0.1452757915144808,-0.12179662763315235,-0.10484515684678651,-0.03162696760870088,-0.013348403723219023,0.004340710445676492,88.99823585633436,93.14350891113281,97.52705753440986,0.7457172825734539,0.781471848487854,0.8101934477458821,0.4028569859663329,0.4297141474382459,0.464061228951355,0.7387282152913014,0.7868369817733765,0.833837413168642,22.109900853216836,22.222394943237305,22.30932473978289,90.8423720162465,99.09999084472656,106.76798197170662
583,1.0438834134757249,-0.31950467824935913,-2.7931985613349752e-08,90.0,0.5157202643622867,0.37945654785015054,0.9068991742894498,22.3777,76.15733302169465,1.03390034103184,1.043850767609434,1.050660820557166,-0.3391365067104751,-0.3254301166869856,-0.30960811361618673,-0.009000986766803281,0.003754073470566586,0.01602704606913013,88.58549358082604,89.67485809326172,90.78749836607086,0.4934083521824495,0.5089130401611328,0.5271019135351828,0.3541749345538716,0.3762429573061649,0.39795046214643515,0.8581637463758971,0.9024143218994141,0.950378976188001,22.313793895980094,22.37847137451172,22.446307195990453,63.067548222263966,78.06150817871094,94.82557787843207
584,1.1206915814207177,-0.17487159371376038,-1.528776039094737e-08,90.0,0.7023136828278683,0.3875505577550432,0.8589382108229651,21.8921,155.9388699973085,1.112376115734184,1.1268787501137068,1.1415535879977579,-0.19286993142916017,-0.17630558639765007,-0.16142949260535272,-0.018397645094256683,-0.0014326091182793944,0.018506947488974548,86.89624037484965,90.23283386230469,93.0482202850487,0.6765899024045559,0.700141966342926,0.7219223006803162,0.3725362709992555,0.3902890146857083,0.4162762088890523,0.7767176574822072,0.8166605234146118,0.8460779933346261,21.80106887566928,21.870710372924805,21.933516588451226,148.9981450384581,156.125244140625,162.43493809071396
585,0.7340902821744452,-0.28487080335617065,-2.4904196038733062e-08,90.0,0.5565767382698055,0.27082340054990156,0.49716071335213385,22.8826,92.56161234111164,0.7306531995082512,0.7362234572833188,0.7435535517864409,-0.3081750188382838,-0.286788774350928,-0.2667973893984385,-0.009808295236927899,-6.199821629057148e-05,0.013317522384365569,88.68578741987193,90.00617980957031,90.97088526215474,0.528734637026732,0.5541717410087585,0.5787314610301101,0.2485301082647832,0.2659271075126227,0.28153840548997605,0.4627875814698158,0.4963376522064209,0.5308457790012046,22.832657026465228,22.902542114257812,22.9887992093427,90.61404273700475,92.90505981445312,95.5124562431224
586,0.6454205502677407,-0.11012084782123566,-9.627070696183182e-09,90.0,0.8016056577841385,0.3673132630314399,0.5243446244175503,22.5301,2.98196620427861,0.6385155880069321,0.6494476689135145,0.6612787527013421,-0.13522030734063065,-0.106331604265492,-0.07670698031137874,-0.009801311028350922,0.011587955939540717,0.034700289308098355,80.64611924907123,86.89936828613281,92.75078486374463,0.7588165908928517,0.8051893711090088,0.8558727844006191,0.3258429230503065,0.34957737211829454,0.38249589162015063,0.47366712298535346,0.5115863084793091,0.5630208349142634,22.468062923276708,22.58325958251953,22.69626621866856,1.0097080277721882,4.198784351348877,109.91213796406265
587,0.7659006365981809,-0.3020361661911011,-2.640484098037632e-08,90.0,0.5360556267398949,0.22483016645016055,0.6650517224895408,22.5088,104.85907752345152,0.7576489192587531,0.766840123151987,0.7763896138285723,-0.3206467511227719,-0.30733542831316424,-0.2933021625706351,-0.00855164547710758,0.007982722292307978,0.02582384782043635,87.52449906320385,89.26868438720703,90.78813808264455,0.5142897849959307,0.5295782685279846,0.5464086677804706,0.21439720309008586,0.22518355124735895,0.23781563536932102,0.6310814652876748,0.6602379083633423,0.7010517062045821,22.47594996250305,22.53900146484375,22.609526050876713,98.29447657651463,102.36234283447266,105.76166875147055
588,0.6798267956852856,-0.12132479250431061,-1.0606550304714801e-08,90.0,0.7836045492634311,0.2716786477585155,0.47122018588888415,22.7044,83.24641485609938,0.6742165993687821,0.6788217905814943,0.6846178145082512,-0.14025278533468352,-0.12202376140725382,-0.10568491066558802,-0.01120962256257794,-0.002472946220214452,0.010413733132178,87.7479533717043,90.56973266601562,92.77213287353516,0.7539234009100492,0.7822956442832947,0.808671161563391,0.24162931401867793,0.2622725670578676,0.2832520163494847,0.42837894186048253,0.452414333820343,0.48150309766622457,22.622606177716523,22.727569580078125,22.82415218146817,80.88396018614034,82.9546890258789,84.79787266952972
589,0.7615778648305592,-0.1204538345336914,-1.0530408545150749e-08,90.0,0.7849909957487793,0.3270573291824988,0.8542322305361807,22.7379,131.67458378889938,0.7576808486877764,0.762499162720762,0.7683725469111892,-0.14744002273928986,-0.12633962539413404,-0.10665037479607256,-0.014983158366288139,0.0019432144938548086,0.020155620878328753,85.58290437047447,89.5618667602539,93.25906667729168,0.7428417703753317,0.7756049633026123,0.8066802311499298,0.29640329382506353,0.3181817173184381,0.3380074430518471,0.7879182723001869,0.8496431708335876,0.9006459133205522,22.690283005369803,22.756732940673828,22.8368444715929,116.8806137714185,129.46701049804688,142.19325724890496
590,0.6525628517240583,-0.3242398798465729,-2.8345951363917266e-08,90.0,0.5103003938307799,0.34481122401155284,0.7357143245807227,22.1036,78.61263730113292,0.6396722852360358,0.6502935100733132,0.6594833678337368,-0.3384399307168505,-0.3187038865870135,-0.29662018857011213,-0.03980279854364709,-0.016401391832417282,0.006621291650496103,89.42174859112048,91.47117614746094,93.67869016286373,0.4931180638871594,0.5161107778549194,0.5415398102333346,0.3370115731341309,0.35768086825224554,0.37980954504718734,0.691136929755632,0.7299203872680664,0.7769672915868973,21.969610219639232,22.05670166015625,22.135192042808875,72.1648293074657,77.35767364501953,82.11028385384016
591,1.1867435404601008,-0.32120823860168457,-2.808091537076507e-08,90.0,0.5137659009446742,0.36642834225662996,0.7828640919965155,22.3044,127.87241095553523,1.1726698962093347,1.183978358889728,1.1922211388961081,-0.33908645807403964,-0.328491286875575,-0.3169127769885315,-0.007384005733590529,0.004879081412579081,0.019119420285478344,88.34237367379187,89.57274627685547,90.64314152433776,0.49336326636119887,0.5054535865783691,0.5186280083047381,0.3435368620854365,0.3668890152865482,0.3905010259529864,0.7476042304919842,0.7899945974349976,0.8314936767275559,22.22978279523148,22.312942504882812,22.39424868869454,117.9070371426792,124.28878784179688,132.6465969454708
592,1.4470582250554604,-0.14368140697479248,-1.2561027773472233e-08,90.0,0.7487387553328249,0.260969888793475,0.6217018871103447,22.3106,25.870062551289724,1.4389147058918652,1.4466417973031147,1.4526043170913616,-0.15103427401136668,-0.1421749138341334,-0.13423025169558664,-0.009738142709126664,-0.00036656198206336504,0.010060126936156833,88.05473421292429,90.07354736328125,91.95928244485627,0.7373879867229306,0.7509318590164185,0.7632860363848909,0.253112711702208,0.26209800087799473,0.27081485922760684,0.5897364101730066,0.6120914220809937,0.641767754813184,22.25781628734038,22.29604148864746,22.331558820829123,24.476831542895823,26.486709594726562,28.36333920204445
593,1.3312541895403245,-0.14447259902954102,-1.26301955560848e-08,90.0,0.7475298131581679,0.20236926435005947,0.5358893831062894,22.7379,32.02016093950118,1.3250940429432754,1.329499210923471,1.334113581852787,-0.15395835345218958,-0.1470846065305615,-0.13832275814890826,-0.0030692610695586186,0.0033017190765306918,0.010761020942243642,87.96767212753407,89.35983276367188,90.60772727423647,0.7330509969272656,0.743510365486145,0.7569498920187089,0.1957977098962142,0.2030725964811196,0.21102873056180338,0.5204731119097609,0.5379969477653503,0.5614021311522087,22.66755549260001,22.71493911743164,22.76035325297027,30.440698623657227,32.42424774169922,34.13273348637741
594,1.0352483623760254,-0.08194165676832199,-7.163567072865362e-09,90.0,0.8485285095321485,0.3013955384230741,0.8015200932213356,22.9428,86.97691192365512,1.0301883726993712,1.0356183783832034,1.0418016563625234,-0.09558742601923353,-0.08044389801137398,-0.07222480855787158,-0.011007041709882414,0.0010878739909097224,0.01219050383161992,85.724046226386,89.6322021484375,93.98517608642578,0.8253990348059216,0.8509554266929626,0.8652160348932095,0.27810518248232896,0.29415202715999195,0.3144930137180366,0.7423970497349244,0.787179708480835,0.8227017161819798,22.905085786809448,22.97136878967285,23.044976408744535,82.57247042408316,88.87156677246094,96.23104072995665
595,1.4427599286737687,-0.10992347449064255,-9.609815165845248e-09,90.0,0.8019260349754153,0.33521482261771024,0.5481378440721151,22.6404,138.82880069591286,1.4329312851676108,1.4391937632521226,1.4449528446444286,-0.11882147587167748,-0.11364762235408837,-0.10705165340229734,-0.010324699653989747,-0.004011660371791903,0.0036252264270848315,89.06194866269543,91.01689910888672,92.5710681112509,0.7873854891984824,0.7957207560539246,0.8063734801352208,0.29608175479153515,0.31738552687026744,0.3389732789744498,0.5207991929976346,0.5450912117958069,0.5709332047168563,22.614228572784242,22.690114974975586,22.78536553669081,135.79764971496127,138.45004272460938,140.97034897380618
596,0.8210828105355459,-0.22887523472309113,-2.0008908308000173e-08,90.0,0.6275045286296658,0.33852502543140833,0.3416869996887688,22.9239,145.64955528334133,0.8010995556007087,0.8156589660656071,0.8275246464924726,-0.2535674342403618,-0.23291681492388192,-0.2126696860235012,-0.042872898912904446,-0.012469222379369274,0.008582009673692442,88.900523113199,91.53819274902344,95.26787831307017,0.5948599508193281,0.6219745874404907,0.648054399526497,0.29847075028456077,0.33040434576949473,0.36410645970289746,0.3131107981615546,0.34738868474960327,0.37380478389470323,22.826440819763217,22.946697235107422,23.07982931846394,143.8488607639798,145.92037963867188,148.29263032512927
597,0.6551969908706067,-0.14862433075904846,-1.2993151443652096e-08,90.0,0.7412133373756907,0.21790262587696194,0.6457067790436455,22.7618,163.5311340596495,0.6491080094303476,0.6547780750855705,0.6599885327143272,-0.1611067742322956,-0.14903491643347572,-0.13568032374594216,-0.018201640982128137,-0.00724605002043833,0.003811972151158264,89.27418062728631,91.38653564453125,93.62262804138325,0.7223304398833396,0.7403171062469482,0.7601934126076751,0.2011776125775834,0.2118270489363463,0.2225551083105144,0.6199608519127751,0.6498062014579773,0.6763672919402691,22.718905648512223,22.785274505615234,22.855885240007748,156.9639878846356,160.8174591064453,164.0714324078059
598,1.0160848232289927,-0.0918564572930336,-8.030346165810442e-09,90.0,0.8317426082260055,0.261785381761884,0.91002687329194,22.9049,0.6499169395695881,1.0127410948323232,1.0174061897274527,1.0241047237065477,-0.10266334463881754,-0.09065346145452305,-0.08043344421415809,-0.009823026135741075,0.001886700010823132,0.011319628280802341,86.42766083972283,89.39495086669922,92.96420928152655,0.8136385349076142,0.833672285079956,0.8507722686728632,0.24398209093016965,0.25932690631340494,0.2748748880659122,0.8465856211594727,0.9051424264907837,0.9586561932998889,22.85354869693611,22.917692184448242,22.993352951128735,0.3729683291857185,10.450555801391602,179.90819677673443
599,1.2829673560458625,-0.030283929780125618,-2.6475053260810455e-09,90.0,0.941212456682707,0.28527736724489616,0.4260151305299962,22.146,139.16528843934555,1.2775568155842778,1.2854907026323268,1.2922267458577994,-0.0439938178475957,-0.03382228005437673,-0.02484569777153033,-0.006209396321220555,0.003503913395558301,0.011909655273541554,79.2821217441412,87.03926849365234,96.58954271315277,0.9151173964790725,0.9340576529502869,0.9509183965964042,0.2693398163702977,0.27900654407841136,0.28867439664335187,0.40390378200780186,0.42278188467025757,0.4370435151824592,22.124195367706744,22.1611385345459,22.20120799750719,137.39503261926646,138.66607666015625,139.8099926781778
600,1.072561966275145,-0.2588199973106384,-2.262676268571795e-08,90.0,0.5887894978161157,0.4147488768733176,0.3225840258111722,22.3106,58.25389325512836,1.0607329123275129,1.07020416014379,1.0776030935707168,-0.2789835255891612,-0.26207601443500894,-0.24972674661623015,-0.010670519583238102,0.004965136210174458,0.02183036263793532,87.71039211071937,89.45574951171875,91.17533552220429,0.5635249733454054,0.584530234336853,0.6003359469664382,0.3679925087598846,0.39669416696188303,0.42152264748099866,0.3133031493448539,0.3306562900543213,0.35359638901527096,22.27009667603684,22.358888626098633,22.466618809521623,56.26765864309653,57.811767578125,59.24095647551574
601,0.5924556241603312,-0.3088260591030121,-2.6998431934543987e-08,90.0,0.5280869474131296,0.1671687193674194,0.8496479297454266,22.7328,143.12498853968103,0.586810793739497,0.5910897107863182,0.594519399381817,-0.3339500068112871,-0.31462199924247225,-0.29523901332262825,-0.017589938190552254,-0.0050381280326731994,0.007353693199559424,89.31685063179673,90.45165252685547,91.60001154082534,0.4990615059451276,0.521338939666748,0.5441181964511921,0.15638773526412408,0.16436086976218825,0.17171549250614523,0.8142008410897713,0.8474113941192627,0.8814530704050696,22.691887005332745,22.73977279663086,22.79411806566356,132.73159599429923,141.30810546875,150.4545583938585
602,0.5921683651367495,-0.1734251081943512,-1.5161305100264144e-08,90.0,0.704412147119043,0.26155552092847634,0.5638744197433175,22.7645,0.20900041370324196,0.5888762769457295,0.5951830117827316,0.6008788303201643,-0.17661669636427732,-0.16005135505137053,-0.14540063171194723,-0.003307546947613654,0.009158092904505496,0.025246928071388668,85.396315762995,88.34069061279297,90.61438510835609,0.6988835240622201,0.7237198352813721,0.7458287994127865,0.24488899993560334,0.2616911964579989,0.27906775611087176,0.5159135513889211,0.5443388223648071,0.5871103887795331,22.703791580589773,22.766029357910156,22.8368746593827,0.022788362774015143,1.4085443019866943,179.98438490288325
603,0.6428349968699392,-0.4135623872280121,-3.615477339735662e-08,90.0,0.4148650454677979,0.2069590157481824,0.26049223007000477,22.7379,131.77817854293926,0.6368416652690982,0.6430966594207467,0.6488673131525491,-0.42589510390001145,-0.4094797091349634,-0.3960701974967589,-0.011358122625485904,0.004135186282305844,0.017432385931128926,88.76791808427876,89.71281433105469,90.78672002259985,0.40256825105375676,0.41886651515960693,0.43253363822875546,0.1875440109872248,0.19716502182464896,0.20831999174221144,0.25113494222951577,0.2641940712928772,0.2791448577047519,22.715139431401276,22.78084945678711,22.835059062593977,130.67255153470347,131.61154174804688,132.83916842042217
604,0.6960380740728679,-0.3731006979942322,-3.261749981220419e-08,90.0,0.4565574231548638,0.3158048050159759,0.7114064804020767,22.146,126.46096829635717,0.6904614732498866,0.6971558512404141,0.7023949861803874,-0.397217458124065,-0.37432184173257277,-0.36284099825330557,-0.017307786382260316,-0.0011226995728873253,0.01758092604797995,88.62771719835374,90.08627319335938,91.33521516848398,0.4314140057722199,0.4551616311073303,0.4673677188367208,0.3025243029158002,0.3182923390610428,0.3339667418231052,0.6709914265523872,0.7084208726882935,0.7423574020655688,22.08127595906457,22.137828826904297,22.19773021942187,124.47515886557089,128.73291015625,132.7559638109408
605,1.1185530017503227,-0.39297887682914734,-3.435530615547577e-08,90.0,0.4357719537534198,0.22090223036542675,0.8345007294411539,22.9428,57.39951342766328,1.112621603158476,1.1171075596114406,1.1215785924173625,-0.40291994969628653,-0.3924872885064438,-0.38346582383425554,-0.007259095419685219,-0.00035422215248473085,0.0060362847800485234,89.55666600732758,90.0259017944336,90.53274106216274,0.4255968950582997,0.43627822399139404,0.4456264635972407,0.21524756527272637,0.226172045599152,0.2371656265351853,0.7992731247189788,0.8347904682159424,0.8712581257582193,22.865046745188245,22.91876220703125,22.97243501607616,46.93790387387548,53.70204162597656,61.68749776750168
606,0.5186985222366391,-0.13096871972084045,-1.1449649228723047e-08,90.0,0.7683955004829436,0.15316487900222067,0.589657249933689,22.7129,3.539563390165963,0.5141637764358564,0.5186255996466337,0.5228437427196276,-0.14020319170496962,-0.1271907451416073,-0.10951762481332397,-0.007169392581139137,0.005448365671280985,0.019499924908487953,85.47772671965807,88.78308868408203,91.62361250104588,0.7538154824318922,0.7737030982971191,0.8019770700827727,0.14656090828501553,0.15220649903568909,0.15907559413502834,0.5492482331613979,0.5709114074707031,0.5956355107574139,22.654148918890968,22.715412139892578,22.773945048284656,2.1649366300292923,4.412092208862305,7.479125777313467
607,0.7634393125327095,-0.3912133276462555,-3.420095495698661e-08,90.0,0.4375940463636697,0.24032136469668183,0.5067737418717133,22.6361,29.645235632828534,0.7537173620964461,0.7636293606802032,0.7723944130499304,-0.41972962985284745,-0.4024293127108374,-0.38551028628989836,-0.018583414218570155,0.001486365487210135,0.023328046297043672,88.35441003655777,89.89302825927734,91.33684348505581,0.40868843424585455,0.4260874092578888,0.443438434169051,0.22328279849662735,0.23594487901545214,0.24998409364653704,0.4797810039696498,0.511294960975647,0.5462763446665996,22.601675859492982,22.663341522216797,22.734557688887307,28.36368210390599,30.663410186767578,33.582102527389026
608,0.7281360668779125,-0.1839112937450409,-1.607803667980079e-08,90.0,0.6893157501991964,0.22112470673645102,0.831458425411931,22.3106,9.419674834523358,0.7216906742688581,0.7309707173296078,0.7388538313151355,-0.2042954783135599,-0.1891728199654376,-0.17203052159203785,-0.019547857736954787,0.0005347380889996013,0.019266654699278175,87.09677460444348,89.92068481445312,92.94696204322914,0.6606672425687168,0.6815643906593323,0.7064388329503609,0.21526464858791347,0.22450168801619264,0.2353976624369362,0.7994455341583037,0.8340556621551514,0.8727950720651457,22.21551752297411,22.280975341796875,22.333546018114042,6.50960537394405,13.311424255371094,23.036226552171605
609,1.9587372347866536,-0.1915169060230255,-1.674293947928618e-08,90.0,0.6785326258340091,0.5454561546109555,0.6077315849960438,21.7607,27.284132897046135,1.930430963571515,1.9546008698470694,1.9762680002247421,-0.20142424108196944,-0.1870396253973839,-0.17316897251726815,-0.012743350067650504,0.001635900909422437,0.018673222767398082,87.16396843409889,89.75102233886719,91.94651816045753,0.6645160135182907,0.6847561597824097,0.7044624957207478,0.5193564982785912,0.5450331274428413,0.5682544852208434,0.5639270872762671,0.5966224670410156,0.6273631401876126,21.692206053607627,21.746593475341797,21.816142313442302,24.57139327888119,27.612754821777344,30.662910870561838
610,1.5664904240558761,-0.08089903742074966,-7.0724186507220566e-09,90.0,0.850311573813131,0.409987902029103,0.7170259510489667,21.4868,31.562860258729685,1.5617181434076506,1.5695148396027165,1.5782679275053946,-0.08631869966129241,-0.0756876019897742,-0.06512678261661563,-0.006604893990391586,0.0007841517353953716,0.008635753826899368,86.83668444667282,89.7073974609375,92.63009531729215,0.8406987217582986,0.8592009544372559,0.8776321764773322,0.3874384674781217,0.40228214799714146,0.4174644991964289,0.6845264022592968,0.7110244631767273,0.7339409793414533,21.47165459334209,21.515274047851562,21.562123130131237,27.86896968180304,30.979358673095703,33.44343806469543
611,0.5117255277671159,-0.05339713394641876,-4.6681258858427555e-09,90.0,0.8986191806651022,0.2648628363213425,0.9032831838184487,22.5594,32.564197694091604,0.49432565237695353,0.5029226125054856,0.5117610609812688,-0.06832284570613745,-0.04131185441595942,-0.014845047143859601,-0.028824170550266044,-0.0059529209973020435,0.01636884124887001,73.95331368948122,93.85428619384766,116.18423318890456,0.872032094498708,0.9184787273406982,0.9588886750875472,0.24306061618110286,0.2606770685173364,0.27901706351652433,0.8072422295769798,0.8624324798583984,0.9329017249511888,22.44764663843765,22.54243278503418,22.64658363836064,2.87368169645789,16.977699279785156,29.576714869238806
612,1.1732886674443037,-0.03622569143772125,-3.1669504796383308e-09,90.0,0.9300814622336335,0.6420843229874953,0.6307015461425396,21.3298,83.27961747329421,1.1383688854827931,1.1640942039259348,1.195423646203671,-0.08203868289783721,-0.037354335851625696,0.008104444331966432,-0.048533672757346706,-0.004034749507537438,0.03788910751297589,13.44681249241058,93.19841766357422,139.4269842480206,0.8429716303907746,0.9213352799415588,0.9839888528990021,0.5882725149997267,0.6421176324267834,0.6964278442595174,0.5744369955667333,0.6238549947738647,0.6763800910391545,21.185411791796938,21.300518035888672,21.41558707300362,76.2345233593069,80.45481872558594,84.39486309961605
613,0.6809197009294293,-0.27146220207214355,-2.3731979936769676e-08,90.0,0.5729920853858461,0.47537022878634544,0.6787369508902565,21.7984,160.90595247613194,0.6717171170472912,0.6841244789758991,0.6943145430911342,-0.2960551331429316,-0.2730614263244512,-0.2467627725448179,-0.028096281696613844,0.0019922214281072295,0.02519265916389186,87.33000577018052,89.78590393066406,92.8660802613449,0.5429799775267196,0.570722222328186,0.6040531578949335,0.4418662880200531,0.46995640318071774,0.49671510889719195,0.6247455422277889,0.662940502166748,0.6952411642676439,21.759437743071828,21.83028793334961,21.901909393125912,157.8818642723506,161.25732421875,165.84642569954974
614,0.6718763455485546,-0.04783573001623154,-4.1819321339175985e-09,90.0,0.9086961255434992,0.21039771127330997,0.9007944980339989,22.2828,1.169497936237447,0.6633677697078094,0.6695531446538161,0.6765632209305493,-0.07128012224784813,-0.05037652416744593,-0.03224604088011212,-0.016009469922533128,0.0043447936848666335,0.023227844834280975,75.79027569480782,87.42958068847656,98.49724903019572,0.8663328032073767,0.9035276174545288,0.937043941403863,0.20393315714263888,0.21068412938679038,0.22003575777107076,0.8840175522397201,0.913566529750824,0.9635649036999655,22.218058851789127,22.275493621826172,22.332339551789346,0.049597516192943475,11.157641410827637,179.9395702448042
615,1.379188000570233,-0.02543969266116619,-2.2240085328917303e-09,90.0,0.9503828588332957,0.2564235811212508,0.4517025042690108,22.6825,2.6304306922962106,1.3746800245001278,1.3794965475212542,1.3853071099487264,-0.03211794758422987,-0.025842643992434015,-0.01903956728639899,-0.012351112627928772,-0.0037931881100456925,0.0053372291113142,84.04736057438843,94.23219299316406,102.68813743946043,0.9365619815812714,0.9486911296844482,0.962367281234112,0.23750407292745918,0.24863082665164676,0.25982143710607053,0.4353791192047825,0.45189934968948364,0.4691672596328909,22.664000495051983,22.714256286621094,22.764120208761696,1.1904282600671567,2.607003688812256,4.075985480168847
616,0.8262329556976731,-0.08773765712976456,-7.670269752679815e-09,90.0,0.8386786406386414,0.28792464265673523,0.6760635403129032,22.7645,20.036417798745923,0.8209351935741287,0.8263459158346909,0.831899622660799,-0.09626521017494395,-0.08429054149955835,-0.07136428225534854,-0.01293401381009183,-0.000912068279100946,0.009483142489444893,86.73998639392093,90.31298828125,94.20437983019013,0.824176427676719,0.8444235324859619,0.8667104215235947,0.2570014782213267,0.2766015273077863,0.3005883403239929,0.6310636735257013,0.672202467918396,0.7275007842424503,22.715655328171124,22.823278427124023,22.920051045731213,15.988708883210037,20.732160568237305,24.552983255110973
617,0.8925258627406767,-0.16932670772075653,-1.4803011261221855e-08,90.0,0.7103859844684042,0.28522244956179504,0.7632941650276297,22.8934,164.17891850429726,0.8874137700597712,0.8940542564494587,0.9004445175331952,-0.17541198016843326,-0.16439450671185152,-0.15303905471403398,-0.007737347384234885,0.0049935168356572985,0.020599473421345202,86.46745228142797,89.11518859863281,91.34835771914199,0.7013502834553385,0.717504620552063,0.7344462171446166,0.2611835445154431,0.27986949258822336,0.3022145993112463,0.7128762360039116,0.7622885704040527,0.8004809005261361,22.799178094556044,22.886255264282227,22.97824611894829,161.50320232716075,167.29916381835938,173.1494926060212
618,0.5555006433827588,-0.1765812635421753,-1.5437224831771346e-08,90.0,0.6998400993788386,0.18291038492340495,0.5060326914525748,22.5088,67.51297290377212,0.549766385934419,0.5546645053373296,0.5591126091247004,-0.1912351788286913,-0.1769524444114336,-0.16148316935523976,-0.010187630205405165,0.006307903442058816,0.0224173060174967,86.48973347357864,88.99795532226562,91.6660214333497,0.6781352188289504,0.699009895324707,0.7217893286311372,0.17377710468100588,0.18103404429690279,0.18821820974829917,0.4919634907060066,0.5127084255218506,0.5313716252178607,22.449389228074768,22.502605438232422,22.555175930679507,65.88956257777679,67.57757568359375,69.15915860409314
619,0.6714856450322843,-0.048908986151218414,-4.27575930217472e-09,90.0,0.9067431276691875,0.23745567012151406,0.5607559911241559,22.8613,102.99873969522811,0.6662822092134312,0.671037133644856,0.6762632447722609,-0.053408076935359074,-0.043181669706702314,-0.029949841230282544,-0.013916824911875333,-0.0014056772284322884,0.010738143044611514,81.92568345978378,90.95565795898438,100.01983389218728,0.8978462825450164,0.9166893362998962,0.9416729579220969,0.21630688154759384,0.23612732589464486,0.2520049759697918,0.5236287259559992,0.5541983842849731,0.5872776283261274,22.775369305148512,22.86158561706543,22.954535166604003,99.58190885413836,101.76956939697266,104.8606840628579
620,0.9459336648020251,-0.15485870838165283,-1.3538178578187399e-08,90.0,0.7318135800905321,0.17529812619536625,0.7427473726276237,22.0862,153.6310490645086,0.9308499713196311,0.9445083677728401,0.9563210964098298,-0.17914233378855085,-0.16663559796671082,-0.15379468558394044,-0.01757664507336975,0.015234937817451286,0.038664813859796934,83.24410333764777,87.38301849365234,92.89245263860836,0.694666467772004,0.7131272554397583,0.7325948370591744,0.16951921980203352,0.17634386730835866,0.18271910851652817,0.7255282178690908,0.7565746307373047,0.7921217544057586,22.005660687959775,22.060710906982422,22.128300439092396,150.49953497459674,155.61990356445312,161.19160451087416
621,0.6744222160598475,-0.14966900646686554,-1.30844801660146e-08,90.0,0.7396311405053393,0.3362700190351146,0.4428042603801231,22.4493,81.39792560201698,0.6692814613165168,0.6787031279332822,0.6875731026381937,-0.1707287280365548,-0.14734384838822212,-0.1216398863454751,-0.004628840314917847,0.016485011259472965,0.03643466473374804,83.01550583314047,86.77528381347656,90.87531550775132,0.7063881720818062,0.7406683564186096,0.779665679611287,0.3060860062260064,0.328146418238354,0.35054862570578094,0.39544368515370976,0.43144872784614563,0.4632566881663099,22.416628414409253,22.49396514892578,22.584073123219717,77.6619978319351,80.37042999267578,82.18071590800778
622,1.191875015765669,-0.0722765251994133,-6.318614520495203e-09,90.0,0.8651905104692842,0.41480590887368296,0.5909298488134476,22.0012,85.31431330568955,1.1858753608596204,1.1949363428719089,1.2023361624193576,-0.07703319446010956,-0.06602299950541124,-0.05201428895064799,-0.008849602649664366,0.0017227242804416874,0.011694749277759816,84.24455872647098,89.19830322265625,94.0715747644642,0.8563904085847928,0.8757131099700928,0.8999349158278609,0.39731800592203115,0.41967112663999984,0.4440390533009363,0.5700693353255855,0.595713198184967,0.6174549194601202,21.919522269343975,21.99454116821289,22.066335607463806,81.4820593514648,84.48072814941406,87.0592092929268
623,0.7385972570842457,-0.15921109914779663,-1.3918675989543772e-08,90.0,0.7253112950846747,0.448540012487694,0.3835140618283558,22.2345,146.80437589826337,0.7212793605345019,0.7327870674651977,0.7445116881108224,-0.190571258811682,-0.16392946112955709,-0.14393894495947243,-0.03356686546326014,-0.0033011068824220628,0.028102185022455494,85.04993770090229,90.55043029785156,96.0115840791611,0.6797516886374027,0.7176845073699951,0.7480194164360792,0.4122044152108048,0.4393997205690412,0.4682282497396661,0.36901104251379363,0.3931911587715149,0.41717054327950204,22.163531712786853,22.234121322631836,22.303409889520182,144.3369049556116,146.36354064941406,148.50572388509914
624,0.5416243877460594,-0.5403841137886047,-4.724187974147753e-08,90.0,0.2983774512021429,0.2025603921261524,0.46987935940859515,22.9971,126.68514688914017,0.5351486160841433,0.5444391668567584,0.5531967046822381,-0.5933086772835862,-0.5549843081595405,-0.5234437096500802,-0.02627509236291578,0.0027081271577612453,0.03285628483758919,88.35784487213111,89.8586196899414,91.35548631919059,0.25496088230263547,0.2861347794532776,0.31275912857871,0.1876996821386691,0.20263202661542906,0.21908006138883723,0.41233890710994947,0.44203484058380127,0.47403937716106825,22.90181577042389,22.996009826660156,23.074538868577093,122.83916121142765,125.85382080078125,128.014344894865
625,0.915461798124113,-0.47622156143188477,-4.1632610248143465e-08,90.0,0.35481018805029363,0.4823742954377436,0.8033401319512538,21.7984,5.110198394075072,0.9106916029639402,0.9235621600074194,0.9406634927244204,-0.5038411041244856,-0.4801599596606613,-0.45857940309402356,-0.018227143994669515,0.007429539783626761,0.03084237501132777,88.14930120308175,89.55309295654297,91.09076082486351,0.3298604532961822,0.35099083185195923,0.37111084232089786,0.4513991007419878,0.4742569589710621,0.4997167555561758,0.7362012728593592,0.7840697765350342,0.8251283216548487,21.753635078150342,21.813539505004883,21.87294823556424,0.3072382080718083,5.794325828552246,179.70289789585047
626,0.5217672739530049,-0.10466133058071136,-9.149784041539988e-09,90.0,0.8105096547207458,0.26313671971127867,0.3145013585016908,22.2587,49.36488105085974,0.5164360499282489,0.5244972508560543,0.533820288092817,-0.11823938928701683,-0.10352877241781248,-0.0869618133562207,-0.02626625030616405,0.0005479034561756924,0.028300217933539117,82.41313937759809,89.84733581542969,97.35987965160352,0.7881343544845927,0.811677098274231,0.8394899734486247,0.23986619487783772,0.25837383056661994,0.27453138317306486,0.29737252304847717,0.3150293827056885,0.33375593262065983,22.20899292068372,22.275524139404297,22.381570686433683,48.29460761131987,49.306312561035156,50.359825538619205
627,1.232029397732108,-0.5449168682098389,-4.763814587249726e-08,90.0,0.2945680416064653,0.4211472268797067,0.783109472812883,21.8278,47.28370376763226,1.2277367261793573,1.233620520543657,1.241359586131539,-0.5633472568096867,-0.5442892812820331,-0.5259391374873765,-0.011420681678023566,0.0008468918105051771,0.011109194774899843,89.4180405515261,89.95501708984375,90.60776383808744,0.2792792664528726,0.29509133100509644,0.3106583404569644,0.4073508700197964,0.4288735884868634,0.45073132899540563,0.7436386946712639,0.7709463834762573,0.7957066088364667,21.755526239959917,21.809398651123047,21.87095060657581,42.54247139150723,47.565555572509766,52.08823782587589
628,1.4018864373867372,-0.2099052220582962,-1.835049801002242e-08,90.0,0.6530220343679487,0.37516860880323144,0.7918448175671626,22.2738,119.31439138953742,1.3893482527543703,1.3989895404446795,1.406724160393387,-0.21383885726707508,-0.20600662887639226,-0.19646937930787942,-0.0049366249017155275,0.00591263071018193,0.01475234289956482,87.95963030556555,89.17176818847656,90.67914695486587,0.6474735166350336,0.6581476926803589,0.6714121548126155,0.35671258579907567,0.37528160505020913,0.3962508920459596,0.7654216595958836,0.811630368232727,0.8537844398528602,22.19451025267313,22.258329391479492,22.32093122916021,110.544385006603,117.52005004882812,123.53524908541887
629,0.7682594923446192,-0.5500519275665283,-4.808706677295049e-08,90.0,0.29027935838188834,0.31061261592029926,0.6589296072575905,22.6363,116.8091700001617,0.7614678790715047,0.777361154150708,0.7919184213751188,-0.6102722110584156,-0.5731438073117274,-0.533457651831683,-0.032615979315338106,-0.003452685253474608,0.02843836502136471,88.568043547677,90.17303466796875,91.62373334254345,0.24193979305565616,0.271305114030838,0.3042350754790359,0.2961561499795335,0.31709116452948927,0.34855661349027267,0.6032785233664228,0.6428999900817871,0.6877141893340535,22.50750118947494,22.60091209411621,22.706717545902563,109.90889236823479,114.31752014160156,118.59608459472656
630,0.8467445306840354,-0.08767450600862503,-7.664748835622959e-09,90.0,0.8387854023383057,0.14207456160552637,0.9081417826146184,22.92,64.21487959892244,0.8416622708797123,0.8461844457535664,0.8507951876448975,-0.0906391478963082,-0.0834755937547726,-0.07637358067073018,-0.00560880868875428,0.002384901547643779,0.009598671790684367,86.57973754462499,89.2005386352539,91.91398105011413,0.8336884452609227,0.8457201719284058,0.8579456474956617,0.13571721572881779,0.14165426198352257,0.1461926681433058,0.8863646924640843,0.9203712344169617,0.9614459807699207,22.888761847890613,22.924293518066406,22.967773581290345,55.01612511456182,70.39688873291016,85.88968762954512
631,0.5965776112940208,-0.05257844179868698,-4.59655336015885e-09,90.0,0.9000959181734762,0.29449741795743667,0.29793412849312395,22.3616,102.82518113030258,0.5884383534650426,0.5974349099993607,0.609191324489677,-0.07187142474271949,-0.04535158054730863,-0.022244159642657885,-0.045833586494711094,-0.0221907039938508,0.004344956263426104,87.76466919571713,102.67996978759766,115.31701001524091,0.8593586199848717,0.9023483991622925,0.9449619789149569,0.2758994163322884,0.2943707294017054,0.31296532584922737,0.2853373939135662,0.30116361379623413,0.31946222768847904,22.29075845716151,22.372465133666992,22.444764130067714,102.67317024567383,104.04313659667969,105.27066421139843
632,0.7587496996905304,-0.0361461341381073,-3.159995376478264e-09,90.0,0.930229661307276,0.23070707520456474,0.42360136343889765,22.146,90.88848962211779,0.7498242826087885,0.7560118335608754,0.7634906212484428,-0.056393274976705564,-0.03946069770570991,-0.026683399916085444,-0.008123624139647345,0.004797489747946691,0.01609845919956647,76.33308961811825,86.71461486816406,96.2802274866329,0.892966613861632,0.9232070446014404,0.9473798541970412,0.22037017227726166,0.2272351328614841,0.23509429702839907,0.40395682804406213,0.4204413592815399,0.43340674791071354,22.119207856619745,22.16216278076172,22.20324065233819,88.84166836208452,90.28009033203125,91.5117626458529
633,0.7305026396241223,-0.04979632422327995,-4.353332805351329e-09,90.0,0.9051314581166161,0.29125418208952086,0.4748581489208391,22.7973,56.55956804992063,0.7278461306768932,0.733522852876068,0.739982783901294,-0.06463644134609947,-0.047141172237534945,-0.030897209551434855,-0.020548094941287575,-0.004876588400074124,0.007503191240127285,85.22755880077474,93.0425796508789,100.71984863834595,0.8780764741504238,0.9087099432945251,0.9382099857940106,0.26221914389336703,0.2812607420636398,0.3075638731774806,0.44265069435170223,0.4761699438095093,0.5126415232936915,22.75900850283633,22.847034454345703,22.928582988706182,52.82379522101006,54.949790954589844,57.09583050871618
634,1.4984697272748742,-0.0012122205225750804,-1.0597568655956735e-10,90.0,0.9975784944055075,0.4334330446231364,0.8703911849719337,22.4791,151.84860696747185,1.490173063656957,1.5042372927593444,1.5207871822222017,-0.016693608660986,-0.0036394059792658477,0.011830746110564824,-0.01866433069187484,-0.00220361650226216,0.01737556882208123,1.420991274257207,103.2676773071289,177.7740148518587,0.9584864973254531,0.9855955839157104,0.9988066997408858,0.40287254631948843,0.4437395251164745,0.4834426671659066,0.8324064174500931,0.88277268409729,0.9501167112158684,22.342040541346343,22.461490631103516,22.576065969793014,133.5506719247994,148.025634765625,165.584317579921
635,0.509692415613597,-0.4458024203777313,-3.897328682000989e-08,90.0,0.3833148724269835,0.13658651748317266,0.7220756527506946,22.6847,53.02039639821028,0.5068082141847089,0.5104782052637289,0.5138912639634482,-0.4523698640850706,-0.4358878578018064,-0.41943420822545047,-0.018158804938672914,-0.0027181292907668443,0.007696015571141986,89.5011862185756,90.17839050292969,91.20497197221957,0.37703508813976416,0.39284998178482056,0.4089616637544298,0.13122681302285105,0.135334448034167,0.14002742417395492,0.6800769992414893,0.7104339599609375,0.7445398078518822,22.664339529374402,22.7120418548584,22.7517921612673,49.52872611824782,52.410552978515625,55.51233213623247
636,1.77793338459656,-0.19707158207893372,-1.7228545701186704e-08,90.0,0.6707438553495959,0.37521912960276343,0.853087647670143,22.146,30.366512165635257,1.770505583324513,1.7762068647945009,1.783204181511644,-0.20311691577329125,-0.1973353218078177,-0.19165079741990226,-0.007397206030246204,-0.0005294366874375774,0.005099590268805881,89.25072764808664,90.0780029296875,91.06517179509252,0.6623425567475063,0.6703451871871948,0.6783186058458127,0.35861345319943233,0.37660620003244394,0.3945435782456628,0.8253099618246705,0.8568129539489746,0.8913699202911635,22.076517275099736,22.129920959472656,22.195503674840303,22.177092299362464,29.001699447631836,37.13684167820826
637,0.5255465205404101,-0.08854935318231583,-7.741229879343337e-09,90.0,0.8373075991906391,0.31992956371542963,0.6747641296223184,22.1821,1.0655186511638193,0.5113553056806095,0.5217786063508862,0.5319815118842394,-0.10374854396731281,-0.08007507410014048,-0.046555481270221584,-0.008095998933119165,0.018131261065433703,0.0440807018474837,73.66636423312336,83.5736083984375,92.89188840071773,0.8044554423038749,0.8470302820205688,0.9046618862101811,0.30178086834422363,0.3180327630566761,0.3364655819356745,0.6423759475423997,0.6817814707756042,0.7166869855553436,22.094738237780856,22.159944534301758,22.235679257513485,0.05921814748634416,2.332937240600586,179.90936991611628
638,0.5522382888999153,-0.5513594150543213,-4.820137178285222e-08,90.0,0.28919188307005794,0.3598669392470149,0.6454499806748744,22.3717,76.43771356627502,0.5441567197930807,0.5540741429962222,0.5653530210815213,-0.6310929560249124,-0.5689304916725502,-0.5224494638848515,-0.03415217887013286,0.004204925516417995,0.04088152252567434,87.96658179030449,89.79115295410156,91.69558521728607,0.2260271567459961,0.27471354603767395,0.31330782258930867,0.3242383778355594,0.354083100245811,0.38451177510384704,0.6055165697589224,0.6503044962882996,0.6943531888583435,22.264047312621102,22.37672233581543,22.493812174249605,71.01776087371846,75.59522247314453,79.22587640834134
639,0.5680928841122669,-0.2737814784049988,-2.39347368591325e-08,90.0,0.5701280154079218,0.17030008011444378,0.7691929666972102,22.7645,93.17520864959306,0.5629384320979007,0.5687420308839806,0.577580112773207,-0.29492287504177545,-0.27679663853779757,-0.2621382942377403,-0.018560083063725856,0.0009512550626498261,0.01740142261904979,88.20205980015236,89.90243530273438,91.97433903194039,0.544341211874644,0.5663126111030579,0.5845860813437436,0.163178349340448,0.170579258849014,0.17761058611212716,0.7116972243286952,0.7617986798286438,0.8039224147796631,22.70507665587276,22.759761810302734,22.82971339599037,88.5772331824148,93.85986328125,99.8974903429126
640,0.8011184947635365,-0.06929350644350052,-6.057830681527321e-09,90.0,0.8703938544774367,0.5109294985369379,0.8528085817612047,21.8278,132.27337365574704,0.7874137977467781,0.7997949152952164,0.8132934688034147,-0.0986695316119122,-0.07642343567740759,-0.04719774740035749,-0.028606950290421457,-0.0007477580638186462,0.020961738928528564,79.36527457238671,90.25141143798828,100.38721851996428,0.8202858289882349,0.857542872428894,0.9052388423786174,0.46490092171566727,0.49324121308045665,0.5263211018183256,0.7711838098406206,0.8152480125427246,0.8595959204659986,21.772219750974717,21.85577392578125,21.949685836904617,125.21676439554899,132.10720825195312,141.49423557354334
641,0.5609844519950559,-0.2856684625148773,-2.4973930479177398e-08,90.0,0.5556109876895896,0.2740205429684194,0.6154072484964335,22.9138,70.47305893192033,0.5550166832314787,0.5611446392896979,0.5680175978342178,-0.30224067777243696,-0.27482762262867044,-0.2520735566305968,-0.003701908180168224,0.02064318055403607,0.045889210352944375,85.19092741583364,87.86721801757812,90.36921089007323,0.5334349520268877,0.5676110982894897,0.5970463814692281,0.2359053247211005,0.25957518944741276,0.2862349688715589,0.5742217090534278,0.6200772523880005,0.6649793637541033,22.837315747707528,22.95181655883789,23.07596219931796,66.31012755029282,70.70375061035156,75.62100102576355
642,0.586611216689918,-0.04493361711502075,-3.9282217478842085e-09,90.0,0.9139971843803458,0.1579432312769212,0.9530256475750769,22.6361,4.193843762169925,0.5819328280892869,0.5863313180106094,0.590606465742181,-0.05736717066495763,-0.0443955024400205,-0.03356274858266333,-0.010274609734328167,0.0006923431969981207,0.012412268270077714,81.2160380685276,89.5242919921875,96.84595061207693,0.8911365142884435,0.9144651293754578,0.9346814636614231,0.1516765606013105,0.1581719230139844,0.16456526248958037,0.9004598720915409,0.9440716505050659,0.9835696902085689,22.588722097330816,22.634817123413086,22.691126170893444,0.05193126521828308,167.8291015625,179.90689627078194
643,0.5575107546643747,-0.07200422137975693,-6.29480911840119e-09,90.0,0.8656643009344434,0.20374864888976477,0.4094106407536915,22.5088,95.25968052932643,0.5528302675033641,0.5583216975228538,0.5633776411352814,-0.08758309924139009,-0.07113062491398965,-0.055836951890653914,-0.02120354114867312,-0.004567060727657456,0.006099415724826973,87.33080167319785,91.9137191772461,97.78057622613939,0.838333076754016,0.8665376901626587,0.8940802502837182,0.19465842044364412,0.2031628719058585,0.211560947322402,0.3920149779793321,0.41171377897262573,0.43341808701336115,22.455274210891083,22.504697799682617,22.555942687191127,93.99405750661062,95.41190338134766,97.00561095018799
644,0.5075558670532282,-0.29626932740211487,-2.5900687816715617e-08,90.0,0.5428892580432638,0.2640126362544653,0.4840045187550128,22.6426,121.65026923983929,0.5054509738338224,0.5119166577826608,0.519103277228766,-0.32357113628294554,-0.29667336642344977,-0.2680301928795198,-0.011421368409138271,0.01381871931930127,0.03959800817905571,86.33894639956554,88.67048645019531,91.06754628234367,0.5109416006308737,0.5418456196784973,0.575967740318056,0.22912022773682003,0.2498814963114085,0.2746435102749268,0.45693231203475154,0.48995596170425415,0.5129622926793102,22.585879770977336,22.72077751159668,22.828880323403656,118.25738276056268,121.0076675415039,123.4772247933861
645,0.6834974124202245,-0.025767983868718147,-2.2527086862567103e-09,90.0,0.9497586521597368,0.23969429159888864,0.7203692719906789,22.4056,38.44083506572426,0.6714158160275066,0.6843954726158192,0.6943071670103212,-0.07440986266599664,-0.03719110021834664,-0.006203215101598263,-0.03602718573307016,-0.013256056931978174,0.0201048535317266,70.42556837466917,99.87797546386719,125.73175078611482,0.8589346072654315,0.9220972061157227,0.9838015389547375,0.22898769755210044,0.23921744559926955,0.2529162317616907,0.675403495135983,0.71277916431427,0.7595675670272605,22.311977780421625,22.390609741210938,22.44529950418248,34.67843528924927,39.27440643310547,44.06835935484309
646,0.8054083055384322,-0.07806365936994553,-6.824541820549257e-09,90.0,0.8551780152962527,0.29054459702626173,0.6060296517480813,22.7961,78.7869110492744,0.7925526992692891,0.8035632242296598,0.8141879202161181,-0.11293678552776114,-0.08217986635918553,-0.050710610879682816,-0.02520063499514117,0.0005182519845077897,0.025508947921657015,81.29698785350725,89.82295227050781,99.27506256103516,0.7964516684837545,0.8472990393638611,0.9025408447180808,0.26643625899055723,0.29159185231069296,0.3138920335858801,0.5528461168541398,0.6018723845481873,0.6491087594522934,22.692096085596823,22.786731719970703,22.90558747581373,72.94561036813614,77.75567626953125,81.12393143736587
647,0.6657311079322663,-0.4868850111961365,-4.256483876474704e-08,90.0,0.3450939391865031,0.2818971761719181,0.7092104542768096,22.146,138.6058388490121,0.6596668814238414,0.6737947372410922,0.6903331587215332,-0.5494899190982603,-0.5099687725751694,-0.4824921198150141,-0.03494297909969918,-0.00796400001743204,0.012340881846681051,89.30235221303978,90.44945526123047,91.99983938167281,0.29046116210858514,0.32436686754226685,0.34907882530034895,0.264218256347725,0.2784279435687901,0.2920113781098501,0.6721643301553937,0.707173764705658,0.7434726567583113,22.10540219259094,22.160627365112305,22.231068363916286,132.66281505139233,138.1925048828125,143.04952790937037
648,1.852078071998907,-0.16677430272102356,-1.4579872420483753e-08,90.0,0.7141275800228115,0.09546545878835414,0.533980782122434,22.6361,108.88834839931272,1.8489845007403205,1.8534131228297541,1.8578890079367167,-0.17201327436806,-0.16278763158625809,-0.15264616089657196,-0.003611249749049147,-0.0008380588633398512,0.0017762542689375087,89.68706050650863,90.14905548095703,90.63380526680177,0.7064424554236671,0.7199957370758057,0.735135670876447,0.0929453887737637,0.09585146797959795,0.09833516129272207,0.5167501957077091,0.5347995758056641,0.5517999300006152,22.612588635178668,22.631240844726562,22.651818855902203,106.47974951723562,107.98713684082031,109.40129198174093
649,0.7384493727109511,-0.14361073076725006,-1.255484871620638e-08,90.0,0.7488468241180337,0.2389267000175122,0.7067430261610026,22.3777,7.822793144948623,0.7317430456585312,0.7361653663021854,0.7417211229166238,-0.15679917007379213,-0.14360328584530294,-0.13309089286071013,-0.004342477996162445,0.00700921165601215,0.016254853024603905,86.77951780978167,88.60955810546875,90.82832958004987,0.7286633520412669,0.7485799789428711,0.764297974433068,0.22467812058435374,0.2344070419678692,0.24648204980401792,0.6848350845159998,0.7085553407669067,0.7305663116743061,22.325979263950728,22.386791229248047,22.432403135832207,4.280525368138824,7.727046012878418,11.389356310013028
650,0.8094467191055739,-0.4220508635044098,-3.689685712515711e-08,90.0,0.40641944425895415,0.196958077373472,0.8090410734189347,22.2988,89.6663079922008,0.8041566541990068,0.8075156258797178,0.8115030207003174,-0.43151224712255515,-0.4205228696064358,-0.40854267598145627,-0.01217707424340231,-0.0018254490430601815,0.006166219370488487,89.57428233143607,90.12275695800781,90.82259494144796,0.39711233964570397,0.4078946113586426,0.41990687277979294,0.1926362269543637,0.19831618908230086,0.20556213827976821,0.7831420446879023,0.8096376657485962,0.834179292873484,22.217883779495725,22.258028030395508,22.29254426149081,83.56551608242718,88.17730712890625,93.88792264219188
651,0.8038650525398277,-0.12328299134969711,-1.0777741366041482e-08,90.0,0.7804952206305272,0.21888623421139172,0.5954431186467053,22.3616,35.92450178705016,0.7966077256280482,0.8060390427994598,0.8174419121455819,-0.1674325338379254,-0.1295886125500894,-0.09680811361346124,-0.02730353660445272,-0.005898825524482227,0.017535075196153754,86.01499027100448,91.31788635253906,96.07229103655034,0.7125423429079051,0.7702443599700928,0.8211986389945135,0.21308781822014677,0.22413604919241303,0.23476321648223092,0.5590954149595436,0.5828437209129333,0.610543186467254,22.26204145058646,22.338729858398438,22.407167972740847,34.35095505341277,37.5888671875,41.12886481132089
652,0.5245437340390519,-0.03605296090245247,-3.151849892191194e-09,90.0,0.9304032504973235,0.20828353034116157,0.42917374393957997,22.9586,70.58402301492261,0.5164197424008243,0.524614979088242,0.5326296553416732,-0.06325795032486876,-0.039194236406333,-0.012485072368074598,-0.015637756054595435,0.007098536394293821,0.02621432487160746,72.41183302187055,85.07937622070312,104.72011289388558,0.8789574810981396,0.9224876761436462,0.9753321030779821,0.18760420717504173,0.19914773171594746,0.21630528793765144,0.405373627069391,0.4326832890510559,0.47026066204681516,22.88742778176137,22.985200881958008,23.063363601070897,67.82493772077437,69.72233581542969,72.12584517179926
653,1.0531217995570075,-0.1383536010980606,-1.2095256352040451e-08,90.0,0.7569233326200246,0.6582001956505662,0.6562016649610745,21.723,49.92918110479006,1.0382192853636318,1.0504455924422644,1.0633257967045848,-0.15999802054018997,-0.1354534954654273,-0.10885903192587541,-0.03482874591251094,-0.006776385329187039,0.021280017862741855,85.71296782161306,91.39146423339844,96.9102926674782,0.7238306235276923,0.7603862285614014,0.8031398076808297,0.594945146385149,0.6422654853541826,0.699038048947112,0.6010847055454294,0.6444311141967773,0.7024537403598258,21.611007568729338,21.743549346923828,21.85669000405187,41.460211914425805,46.35698699951172,51.313918113468745
654,1.5078604788779562,-0.26279523968696594,-2.2974289137778214e-08,90.0,0.5837880341375412,0.18407327372072083,0.8501611414948539,22.6404,159.7784497974776,1.5057475490717367,1.5086426631593501,1.5120902507388334,-0.2669166082398953,-0.262934106594623,-0.25853755011100155,-0.005285267221278158,-0.0015326527885261582,0.003404263749593251,89.63108145525962,90.16654968261719,90.57318150560543,0.5786116069740259,0.5836056470870972,0.589131580248184,0.17904452278696292,0.1831230337463764,0.1888783570415768,0.8203383554820459,0.8504167795181274,0.8818860020306107,22.62433703088092,22.64979362487793,22.67945263696662,154.28751526667483,161.27493286132812,167.01467973964967
655,1.222641609639038,-0.1578938215970993,-1.3803516552002293e-08,90.0,0.7272740913762528,0.3271602943844972,0.44547995746058167,21.9602,131.40994792944466,1.1911978452970478,1.211733422344135,1.2331006309130086,-0.1750234199195045,-0.15374401767204643,-0.134674164487173,-0.034690714511368535,-0.009759201428653334,0.014156887315136072,87.36604173842102,91.83589935302734,96.46443645670176,0.6993365834826694,0.732498824596405,0.7612215987532577,0.31741662734110315,0.3337395811214857,0.3555950217221435,0.4065407044250595,0.43445783853530884,0.4575518140140895,21.875830214119436,21.946044921875,22.019216172485535,129.76415687902355,131.61758422851562,132.96029663085938
656,1.5141415292989457,-0.031949058175086975,-2.793075326579242e-09,90.0,0.9380801620230033,0.2065277021773498,0.7330589999517303,22.7618,164.00713549659002,1.5106483994573907,1.51385554536476,1.517286381604793,-0.03343652697619704,-0.029609427448067632,-0.02557514247221796,-0.0030882320246755877,0.00022565359763776336,0.004494301372693634,85.82175878486672,89.78660583496094,93.0631821734222,0.9350150264213426,0.9423744678497314,0.9501077958611921,0.20251523958994763,0.20958660506949944,0.2179480344318864,0.7141409592649035,0.7347390651702881,0.7616020115232103,22.695368817264914,22.736888885498047,22.77458570239256,160.52732242616003,163.12930297851562,166.0347891053718
657,1.013306255369785,-0.2564702033996582,-2.2421337675382347e-08,90.0,0.5917608034865767,0.5259177254673962,0.4114367081387684,21.7607,69.63728708114897,1.0034132640450417,1.012455244765536,1.0233783189141288,-0.2777811231079563,-0.25576406395756773,-0.237414818003792,-0.01964074075624761,-0.0005521282519791207,0.0181797291523818,88.03391977461706,90.06058502197266,92.26535226146815,0.5651152052475882,0.5925112366676331,0.616204274155215,0.4765385658542432,0.5156204474004604,0.5466934254529834,0.3850639892527605,0.40508753061294556,0.42672143569028653,21.70314858479538,21.786724090576172,21.899999846596952,68.14292844345093,69.6714096069336,71.52041027147317
658,0.8619017307285831,-0.1237892135977745,-1.082199663215988e-08,90.0,0.7796931831951593,0.2052661864368512,0.5583419601899058,22.2824,157.16419750262165,0.8530649545577589,0.85963334191391,0.8674242807521549,-0.14211005235266852,-0.1249383177423043,-0.11204118643256744,-0.026974593726312602,-0.007853406993133251,0.01078805032157857,87.42699212573464,91.784912109375,95.86994542878482,0.7491877772293881,0.7773743867874146,0.7983810901641846,0.19962676818855132,0.20692033190758807,0.21428965598496577,0.5316684776004033,0.5539494752883911,0.5921515634102625,22.209446046484796,22.25082778930664,22.29222844674039,156.02304497693453,158.14590454101562,160.21148802588735
659,1.1107143375287116,-0.046333733946084976,-4.050623836349132e-09,90.0,0.91143603042006,0.30544689637894806,0.8654983664990884,22.8384,139.3492298542791,1.1020314955261137,1.1080087706291124,1.1141629937385884,-0.06090175816462703,-0.048441442619722566,-0.035477261196696516,-0.009929261817332249,0.0010328889553554614,0.010033839685692233,83.89233252992709,89.40885925292969,95.7553796947901,0.8849432875114756,0.9072059392929077,0.9312853291756961,0.28186440549570235,0.304358906499828,0.33295933101108277,0.8280141508005496,0.8898762464523315,0.9542556698618174,22.734627170894683,22.847368240356445,22.947400496370495,115.6943167587346,135.79864501953125,152.12615330623203
660,0.6839881804755308,-0.2320937067270279,-2.0290276125933815e-08,90.0,0.6232531673431224,0.15557843274853847,0.48943137334506626,22.8769,88.45365524675559,0.6805450307329348,0.683064141206403,0.6867187178472517,-0.24898396253224078,-0.23412719186319833,-0.2168052285162029,-0.012843490147515202,-0.000494192051801887,0.009703147498443374,88.83689408665853,90.06086730957031,91.52537615991629,0.6012292317999445,0.620543360710144,0.6436444790873178,0.1523660305820156,0.15850945800876595,0.16944283992366116,0.45153224931092495,0.4719991087913513,0.49348159494908833,22.78820930723704,22.8531494140625,22.896356223818536,86.76588743814048,88.66027069091797,90.87992596480498
661,0.8564705840106736,-0.06782931089401245,-5.929826851769349e-09,90.0,0.8729585166746024,0.28179345022408236,0.5027599599275229,22.7129,65.64222411617939,0.8516702459279853,0.8573045439122843,0.8620273160871301,-0.07524544374396895,-0.06454397726409747,-0.05355174673640267,-0.00249545205607925,0.0064892663553259965,0.017930106913927425,82.25776634992577,87.13246154785156,91.03428494430295,0.8596820554142955,0.877636730670929,0.8976761091894598,0.2674499303488419,0.2859605014401523,0.3041066471549143,0.4800405432994795,0.507277250289917,0.5402400704672051,22.657993925941234,22.7133846282959,22.79300725663465,63.26868389493863,65.43013000488281,67.69274153242748
662,1.5559824347535438,-0.3889308571815491,-3.4001416793216777e-08,90.0,0.4399564777141389,0.15894471039461366,0.31195610111018035,22.3106,107.89847565422039,1.5528960055326577,1.5551440509544139,1.5575146361155243,-0.3959259328619212,-0.386539837314904,-0.3804125298204899,-0.005661039719470978,0.0006697772244331427,0.005711990485786491,89.57795019142505,89.95001220703125,90.42167655924953,0.43271720998398117,0.442426860332489,0.4488401106321297,0.15377297915566113,0.15870744379890478,0.16357978385026262,0.2930811609486828,0.3062025010585785,0.31723419997567875,22.27195876607773,22.303184509277344,22.329458473522557,107.33134553682672,108.00206756591797,108.86092406734883
663,0.9027806940412703,-0.13763000071048737,-1.203199673227573e-08,90.0,0.7580408304271302,0.46830722719113,0.692449816937301,22.0504,21.5976016437965,0.8970474173224933,0.9047017500151626,0.9123227688025547,-0.14180765222554964,-0.12959689555302267,-0.11126318056349742,-0.013308078575842758,0.002601453697784431,0.01819834242075907,86.0283078136235,89.43553161621094,93.03753434096006,0.7515626316645155,0.7702059149742126,0.7992590380818861,0.4314369517808144,0.4602133455643362,0.49461715113894644,0.6535394981419403,0.690743088722229,0.7240197348313604,21.99181386982268,22.079729080200195,22.166637818345905,16.343261744102065,21.47870445251465,25.77628212585423
664,1.2732995248549674,-0.3567894995212555,-3.1191529359375636e-08,90.0,0.4740680144980164,0.3449640002876529,0.40749603010269975,22.6917,43.945092651072436,1.2675078792545953,1.2800601966905372,1.292872374690959,-0.3673775872675068,-0.35003277700293134,-0.3330587636833969,-0.02830643818106435,-0.01541686299470176,0.004936511199980451,89.5947993734755,91.26763916015625,92.33362855803618,0.462457550807783,0.4810294806957245,0.4993816991222343,0.3314192239556074,0.3556046052656384,0.39232807517558693,0.377053208993061,0.4164154827594757,0.4515870738288464,22.571684440760844,22.67496681213379,22.76823462950917,41.97975481193824,43.572181701660156,46.01121210505364
665,0.6049300385269404,-0.46042901277542114,-4.0251983079997444e-08,90.0,0.3694606105569399,0.1668180821321845,0.7207046924534992,22.5677,55.00743612590376,0.5885114351775538,0.6037265653879001,0.6194837931632364,-0.48320202244831195,-0.458693367771135,-0.43193987388579697,-0.022190371148927794,0.0015389276954074185,0.02392342945828811,88.53080855632486,89.90535736083984,91.40037938296209,0.34821459164772006,0.37107640504837036,0.39670523154586385,0.15830940209500483,0.1661094183356105,0.17295189341620534,0.6830458319869911,0.7185460329055786,0.7609503902691693,22.502463485955257,22.55968475341797,22.61772612699572,50.06025334446585,55.17688751220703,61.3557998056766
666,1.6673601547239587,-0.24991990625858307,-2.184869174470805e-08,90.0,0.6001025242340137,0.36266628065892265,0.6796942088635181,22.3835,85.3282634508073,1.658872815794875,1.6682692876223069,1.6758167399639774,-0.2611708181257611,-0.2516759184746433,-0.2403164553503795,-0.007140519219700396,0.0022317839254470187,0.011056876562411036,88.72747626681345,89.74746704101562,90.82064264879986,0.5857408955304947,0.5978308916091919,0.6124031195193838,0.3443474415306487,0.36588708876480003,0.38925729608123755,0.6483015883485119,0.683020293712616,0.7171059667785977,22.307789131424077,22.378063201904297,22.4460258268265,79.38067765019885,82.65864562988281,87.3236096396302
667,0.917019648910343,-0.232061967253685,-2.0287501456550672e-08,90.0,0.6232949784219541,0.2255955237334383,0.6791555119117632,22.7815,53.07575387194987,0.9139673546918384,0.917929307007056,0.9214634566344664,-0.2380291688425343,-0.23009120703884775,-0.2207260586386209,-0.011877902293675009,-0.0012950166961371613,0.004824529466656285,89.39445351827358,90.16229248046875,91.50336334115056,0.6154679570470754,0.6258370876312256,0.6383235153858883,0.21508881468477956,0.2250934868514745,0.23786479094723426,0.6357228765689253,0.6602247357368469,0.6882521395953672,22.711447261264887,22.769798278808594,22.82575241100822,49.98541013422561,53.288604736328125,56.5846664177821
668,0.8653993261407645,-0.1388753056526184,-1.2140865202070472e-08,90.0,0.7561185114202241,0.10305389824933683,0.6177301017298211,22.8317,141.0070889721867,0.8600681778436434,0.864447697345737,0.868480675499996,-0.1445501597164165,-0.1384035372426699,-0.13183164350886706,-0.0018127430309083272,0.007973721731379049,0.016668663329874107,86.58621745661787,88.34980773925781,90.38372255592118,0.7469168041625489,0.7565591335296631,0.7669185886734292,0.10122249597715818,0.10416749429904043,0.10742041303393911,0.5976344386734727,0.622172474861145,0.6462791423597898,22.79309432914484,22.819561004638672,22.85324773727171,139.67743730988124,141.42913818359375,143.40329448035027
669,1.1683143158078158,-0.0918377935886383,-8.028714582053453e-09,90.0,0.8317739303862823,0.11067025495736005,0.615998625451809,22.5099,22.687135743616214,1.1643068900804658,1.1692814926176407,1.1735500963197707,-0.10041949181058937,-0.09130932384899064,-0.08161332249094393,-0.011174485896060212,-0.0036719507949912237,0.005388851024899754,88.43782142177416,91.13937377929688,93.88084188970215,0.8174328511335176,0.8325036764144897,0.8479423848845329,0.10786798338615593,0.11064347558184988,0.11413986857494908,0.6002453622662861,0.6182329654693604,0.638611370621212,22.47742491692978,22.502185821533203,22.526751825753404,22.300844055592837,24.39842987060547,26.314721937578916
670,0.5840530788554011,-0.14405788481235504,-1.2593940112992641e-08,90.0,0.7481633024844779,0.3270777888993532,0.6037610809217018,21.9411,30.429713416379197,0.5674010524911454,0.5808915403687211,0.59255536113151,-0.16676171121661082,-0.1428084043888143,-0.11176938284352052,-0.031193478904815594,0.004644808646984678,0.02926627224910965,83.26055836786315,89.07015991210938,97.1333122534757,0.7136549213601415,0.7497594356536865,0.797200786184411,0.3113403894804379,0.3266404964957931,0.34263042375853237,0.5686529322757345,0.5996695756912231,0.6363107882738703,21.854119162729994,21.92029571533203,21.984067751517603,25.296312528252408,28.444133758544922,31.551290109709406
671,0.7066967110284867,-0.2821865975856781,-2.466953574753461e-08,90.0,0.5598353557118595,0.3010139063300697,0.7474902142977824,22.5301,27.03576092667746,0.6981759968921567,0.7094195383926496,0.7193822039584636,-0.30061194840483263,-0.28367887185482066,-0.2635401289236311,-0.03396082400194811,-0.009331615334935851,0.013558074868556076,88.58489169927692,90.94034576416016,93.45989662767258,0.5374737122153388,0.5576943755149841,0.5823313887482895,0.2833359961046628,0.306994897157287,0.32928270220219497,0.7201615248409585,0.7538460493087769,0.8013962473319173,22.438049633316172,22.516639709472656,22.616080843845953,19.16988903260907,26.641433715820312,32.66299012709053
672,0.5985384051113626,-0.26425427198410034,-2.310184221698819e-08,90.0,0.5819602389300408,0.24038322707877557,0.38880281998746,22.1036,31.897083834621917,0.5915899775402707,0.5973592051215015,0.6035734263449664,-0.2755097101032614,-0.25746149444032934,-0.23940729118830745,-0.010363539551042928,0.003054843175797291,0.017901954090429564,88.05041956061689,89.65067291259766,91.14960647040047,0.5678638424640253,0.5903517603874207,0.6135267075260674,0.22903676904992154,0.2389122060734104,0.24753448684353227,0.36704042688005695,0.3831448256969452,0.39986336844638354,22.063852613528805,22.10953140258789,22.155688223230136,30.632761580598594,31.705196380615234,32.88669020832923
673,0.7430288210667634,-0.21336661279201508,-1.8653102173971092e-08,90.0,0.6483064410585972,0.2590828637226235,0.47059900079016614,22.1036,90.77114253899882,0.7397017022164374,0.7451412271926736,0.7502952220217178,-0.22840483114585555,-0.21240778114002806,-0.19946239376575695,-0.015594124630687245,-0.001688767264192853,0.00902280499338786,88.80908581496811,90.22706604003906,92.14996282661264,0.6280506112239119,0.6494591236114502,0.6672583480136166,0.2425900985240606,0.25109140173063726,0.2613982609787279,0.459474096799213,0.47860342264175415,0.49833568649596327,22.094237759885694,22.14715003967285,22.197001920548068,89.07612225693431,90.78434753417969,92.35930813500362
674,0.5019983194437805,-0.1767876297235489,-1.5455265511832295e-08,90.0,0.6995419911799238,0.2751464503991772,0.5794662150992396,22.1036,52.44537877676766,0.49467100049087653,0.4996721361315851,0.5064955705180405,-0.19627722932693728,-0.17658882726678354,-0.16028538941410114,-0.015215929695254675,0.0033737757936284016,0.024907474472924438,86.09159426866917,89.4533462524414,92.5584845560043,0.6717635549101738,0.6995387077331543,0.7235121992164144,0.2635277054036128,0.2778126526701654,0.2925460271983448,0.5386685392930561,0.5666285753250122,0.5899208194805506,22.028281566520345,22.093643188476562,22.168969048480516,49.77710964206471,51.863983154296875,54.51604990149027
675,1.079418867382024,-0.022875413298606873,-1.9998320777148137e-09,90.0,0.9552723354477309,0.32909228430534637,0.6931417144208722,21.7607,76.027976092598,1.067088980764268,1.080385191480977,1.0954333333356872,-0.037510809103811174,-0.02190731103813326,-0.0053134748085701435,-0.013198973083689869,0.007358473519388305,0.030005532132266696,54.09329406676349,80.36358642578125,108.27696073270232,0.9229027865012603,0.9528549909591675,0.986869354724646,0.3147470781265565,0.3258389345121193,0.3391541274940588,0.6680579798798825,0.6966106295585632,0.7271676831604513,21.702353835423278,21.763225555419922,21.823366009486865,70.8049917332467,74.7183837890625,77.8734513786283
676,1.147143033402642,-0.1542607992887497,-1.3485907501831207e-08,90.0,0.732710667361814,0.17009490216986234,0.9290129558904605,22.0064,39.07212814302864,1.1388856922551074,1.1462115699249016,1.1546907927501084,-0.16512528217099823,-0.15771554086206352,-0.14918739298026684,-0.01510280817844231,-0.0005445057809630664,0.014790683152635136,87.3772572972217,90.09867858886719,92.82470068051674,0.71634384294774,0.7274760007858276,0.739758371446187,0.16293345025935785,0.1673614374954464,0.17180593357399496,0.9073155508140986,0.9446392059326172,0.9794806329547228,21.97543275540261,22.01125717163086,22.04436227128618,22.466663094494873,42.53570556640625,60.4936191338613
677,0.8889755052954789,-0.1124258041381836,-9.828576175152648e-09,90.0,0.7978727140056988,0.33720029574316857,0.5583186269886965,21.9451,2.883960485038566,0.876290442676792,0.8884920458757726,0.9004096010080821,-0.13058404282564828,-0.10976408404417272,-0.09037722253708191,-0.01729149440530544,0.0035612813165967682,0.024793273269706834,83.60742861461802,89.07919311523438,94.39296903791988,0.768594104702535,0.80182945728302,0.8339651785955171,0.3181949855906581,0.3308912419276892,0.3449723419771825,0.51669100087026,0.5397740006446838,0.561428818689961,21.907632466496718,21.96160316467285,22.017813535993422,0.16483005822479022,2.2737812995910645,179.61889083294324
678,0.8805559090729534,-0.27549344301223755,-2.4084402028279328e-08,90.0,0.5680205981475919,0.49455435193436503,0.8659833095693157,21.7472,13.456703340747627,0.8730227240691761,0.883244820107421,0.8919583641811212,-0.2907765865222781,-0.26877235847438424,-0.2459188986392091,-0.005718840277982716,0.013598670537458186,0.02880192795895749,86.87596834078799,88.5172348022461,90.58939864098988,0.5493887955072025,0.5757198333740234,0.6046041108445857,0.44726273363702657,0.47737731389792704,0.5079760080259375,0.8348947942364932,0.8779515027999878,0.9135753967484574,21.711218068080413,21.7921085357666,21.876895496876667,1.642458554411352,13.39488410949707,27.011002858779342
679,1.0028562181118945,-0.13913501799106598,-1.2163569707013266e-08,90.0,0.7557181185100276,0.3180483504006263,0.7985428103739038,22.7645,21.828839908268748,1.0000827599722613,1.005521167889272,1.0101892181009196,-0.15666417566029875,-0.1455678667862964,-0.13368078053235244,-0.012458340360387947,-0.0009557214095948868,0.00809722127812144,88.41926851058324,90.18585205078125,92.49960258125024,0.7290815936018532,0.7457547187805176,0.7641576247141344,0.2976084837463113,0.321513924454906,0.3443773977777076,0.7828983381394695,0.8275914192199707,0.8786373009246082,22.673684746875487,22.75613784790039,22.845280137930725,11.03989315032959,19.92084503173828,27.0115732141142
680,1.0443556015505995,-0.24897463619709015,-2.176605384818231e-08,90.0,0.6013135408355601,0.35449959569988426,0.38877376344174264,22.2432,84.99559803986742,1.0352358038564744,1.0442959318238714,1.0526040616007988,-0.27174446690875054,-0.25703543386958694,-0.24310584610021252,-0.013347298672021203,-0.0003361980114395362,0.008947418749450351,89.01487132606579,90.037353515625,91.47590569177042,0.5725028997843975,0.5910168886184692,0.608833550730612,0.34382054486379676,0.3643241571690503,0.38879216933396293,0.3547581313532185,0.37556684017181396,0.3934126870177834,22.102706054143525,22.18792724609375,22.264899369711962,83.82591880987289,85.12709045410156,86.52273695699158
681,0.9012962568787455,-0.24454481899738312,-2.1378786740910982e-08,90.0,0.6070132343994752,0.24056106347319775,0.6143131712586944,22.6704,168.1658355156102,0.894663140138274,0.899706786845971,0.904804177673936,-0.25386647829070624,-0.2432944726534657,-0.23442659896021795,-0.006163228130673534,0.0022223196249165455,0.010954727579633453,88.70720188679364,89.73885345458984,90.71896732878325,0.5950265650272409,0.6085960268974304,0.6201765396560633,0.2253732047001648,0.23608774837333873,0.249787129042658,0.589721303385285,0.6144338846206665,0.6451992857533044,22.63446323308794,22.7006893157959,22.76126183252497,166.2652498443597,168.9927215576172,172.37630237386549
682,0.8421576925411103,-0.126712366938591,-1.107754687978968e-08,90.0,0.7750759341776248,0.3574415209149548,0.3598583500125859,22.146,131.26877947136524,0.8329949435289099,0.839555182361966,0.846707881848362,-0.14281017115873523,-0.1316752683830496,-0.1188663178536546,-0.022296033437298073,-0.00527135214317827,0.008250483812001792,88.17610776308938,91.13240051269531,94.7664130036981,0.7496332239797222,0.7670055627822876,0.78746495851368,0.32904762676796745,0.34972252956876726,0.3679604182467845,0.34720556471252456,0.3615419864654541,0.38123181935930756,22.1007739381743,22.16533851623535,22.245456735947485,129.95576198952767,130.9451904296875,132.08017161809568
683,1.286031810410693,-0.12111205607652664,-1.058795184860628e-08,90.0,0.783942991366597,0.40766980554913335,0.46630568640791115,21.8587,175.85873100033,1.271664246449153,1.2913058374662378,1.3108297346824327,-0.15600093510168495,-0.13405275639161804,-0.10722492892227851,-0.0293519291938194,-0.005524749413176301,0.02113349160370502,85.80629919480589,91.18296813964844,97.339303177398,0.7298066643462477,0.7630724906921387,0.806210855678248,0.3881237362831925,0.40433285660825835,0.426807711743194,0.42719244226587544,0.4618224501609802,0.4869858879749275,21.830187614476344,21.887252807617188,21.949284778355466,173.85307420990426,175.843505859375,178.26890908106
684,0.9144500441016034,-0.11169552057981491,-9.764732133987764e-09,90.0,0.7990537602756165,0.43365703496006613,0.5483279577362012,22.0504,70.16845627263312,0.9067992481848797,0.9182987121210431,0.9264058051107988,-0.12283328749498255,-0.10921051478844142,-0.09521071760076191,-0.020325916795096877,-0.005734692570918852,0.012925133443079993,86.54112883785814,91.49971008300781,95.53900272403828,0.7809163481668131,0.8025095462799072,0.8256659683572496,0.4110748920914747,0.4379769912065909,0.46315974155728007,0.49773434168341796,0.5282973051071167,0.5648626584172253,21.959873855311564,22.03582000732422,22.126711715363825,68.8172955869335,71.38221740722656,73.633172120638
685,0.8054729121843252,-0.06854468584060669,-5.9923666029249034e-09,90.0,0.871704596025733,0.4272513941907224,0.8322421634423491,22.0073,172.41012589823708,0.7864083161787437,0.7992871832123978,0.8157539855071216,-0.0960322126157922,-0.066203182983466,-0.04237105236112969,-0.02906208605832699,-0.004292301890014842,0.021393868483016196,81.01268580312579,91.76925659179688,103.89432026516609,0.8243382459405323,0.874991774559021,0.9153213261192272,0.4014988576004881,0.44030650028799523,0.4908263851200412,0.7285145279747668,0.78762286901474,0.8689180469655947,21.81485966555006,21.951852798461914,22.092593149735418,0.29262249354925185,172.86505126953125,179.56087751544604
686,1.0437348156449235,-0.03803997114300728,-3.3255598275161447e-09,90.0,0.9267080789595383,0.3055858711876342,0.7365340598358192,22.8826,72.5174315654598,1.0366607621229524,1.042288826996381,1.0488829260327022,-0.045849036411704784,-0.03518916082587828,-0.023383244269176987,-0.001222551766306457,0.010573127364226376,0.01983309043634617,73.32178345189354,81.61375427246094,91.11070282052543,0.9099181905439796,0.928719162940979,0.9502628476248326,0.2804082733905088,0.29756020085043633,0.315888815299045,0.706249182264302,0.7479528784751892,0.7906972803104879,22.832945475930252,22.90836524963379,22.979613381291944,67.73945239315145,74.47468566894531,79.68343875732512
687,0.7223603397379736,-0.2348739504814148,-2.0533333255912112e-08,90.0,0.6195985038765,0.12552589046105803,0.5812962931309409,22.7618,16.271906675507093,0.7188064781289196,0.722446688477667,0.7259179842143796,-0.2405267970004229,-0.23079419467457912,-0.2225269257303934,-0.0178231980703715,-0.004965075407441063,0.006662882188290142,89.18703839698557,90.61412048339844,92.24153033224133,0.6122158216049046,0.6248693466186523,0.6355724537718019,0.12135179207184758,0.1253125699354596,0.12935079171277525,0.5615015404805739,0.5811114311218262,0.6096158047971064,22.714147972135436,22.761430740356445,22.8005717972733,12.727985008192563,14.911733627319336,17.004814186745268
688,0.5571755075371876,-0.2924368381500244,-2.556564027145214e-08,90.0,0.5474644195707983,0.2050135667539549,0.6394553231582946,22.146,67.92107302401247,0.5505402900136029,0.5558147964459834,0.5610943537908964,-0.3171764485068726,-0.3043644336607564,-0.2906107286416302,-0.00928028063508147,0.00302731268766866,0.01614225805807437,88.45683329325098,89.716552734375,90.87220706495111,0.5183638525891284,0.5332580804824829,0.5495554292051223,0.1939024939925052,0.20168641708144647,0.20912101620154727,0.6076786425484785,0.6355873942375183,0.6611819296730976,22.11290785672868,22.155529022216797,22.2027197818034,65.24893001263004,67.31855010986328,69.35329005519203
689,2.173946255714392,-0.21586459875106812,-1.887148215473644e-08,90.0,0.644920011626785,0.5268615957429383,0.8913225317559178,21.7607,146.00335442415906,2.165141088597809,2.1718580795615408,2.1812318117197784,-0.22318331165312602,-0.21275190057518875,-0.2036112389836582,-0.0031196630818601345,0.0032535456144962755,0.010106058345838612,88.62410430004608,89.56364440917969,90.4223936458428,0.6349785468253321,0.649094820022583,0.6616272333935312,0.4986060253154484,0.5207211970585428,0.5433766354406127,0.8492448437415233,0.882643461227417,0.904930734902572,21.715937525325458,21.76203155517578,21.812618860105843,137.27177349622085,145.14788818359375,156.74217037715803
690,1.034123586894092,-0.34977689385414124,-3.0578465981534464e-08,90.0,0.48172637045527544,0.23237753454329582,0.7240226280922066,22.0862,103.55965630865329,1.0326419559485283,1.0363207529284144,1.0400109681540026,-0.3561332297831107,-0.34599667313544874,-0.33796161083266685,-0.005525017218629175,0.0010860134657080967,0.007762282316175738,89.36312992670446,89.91096496582031,90.46125069410584,0.47476132536568066,0.485874205827713,0.4947910414481933,0.22446415216266685,0.23332404499421305,0.2418291628702362,0.701387675184195,0.7257333993911743,0.7551594334728563,22.024641614959954,22.065155029296875,22.110774780541615,100.91490331880962,104.27195739746094,107.92401354398133
691,0.6034281289367041,-0.2658371031284332,-2.324021686206379e-08,90.0,0.5799821286057347,0.05911677059692377,0.7725758296125899,22.7516,66.40070357424115,0.5828848852037443,0.6244220371886768,0.6572865004549607,-0.3904402243941229,-0.3359157667437517,-0.27280574273788827,-0.11290441051979411,-0.0627177932052876,0.0169539817702267,88.35147093691154,95.21182250976562,98.8262216741411,0.42982088676951163,0.49016305804252625,0.5689901344411966,0.052354435703422894,0.055239890601948866,0.059746808412351436,0.6760081575751992,0.7434500455856323,0.823690040920026,22.71404848047479,22.872848510742188,23.007496599606494,61.14923111096196,74.03144836425781,83.30330096742682
692,0.6504631231560191,-0.09013432264328003,-7.879792818243914e-09,90.0,0.8346362968501011,0.3266947416901297,0.6008275176531566,22.1821,105.98857519713832,0.6430513844273453,0.6524806094328849,0.6618455567493011,-0.1021356835379559,-0.08908633730631782,-0.06951239004359702,-0.02355609577496083,-0.002468542548890426,0.02211884320408998,82.65319488215867,90.796630859375,97.21572338292513,0.8134358276019272,0.8360485434532166,0.8689481374784449,0.31781618697285446,0.3407158597864707,0.36413810477614966,0.5661795777093894,0.6005748510360718,0.6328079116832107,22.0510229894245,22.14007568359375,22.235784568063664,104.42698912043242,107.17092895507812,110.13216090295786
693,0.9584506910380477,-0.2727861702442169,-2.3847723795711318e-08,90.0,0.5713558450175471,0.27910845540892293,0.6305559398943512,22.1821,95.36228475183688,0.9545504859407358,0.9587910692531876,0.9630310223884869,-0.2902150366050767,-0.2781233068204976,-0.2643896362610749,-0.014661551567971406,-0.00047607682410212744,0.011558019408921634,88.81800257529956,90.05004119873047,91.49784130899071,0.5501232278058276,0.564736008644104,0.5817367023858344,0.2641448061156097,0.2778150209967648,0.2928073277301231,0.6169627134229361,0.6390397548675537,0.6626228405928651,22.125886062839246,22.181013107299805,22.240709009539597,92.9469101015626,95.72308349609375,97.97944247722933
694,1.4075251048190027,-0.2772091329097748,-2.4234392270727767e-08,90.0,0.5659142544143905,0.476519534227722,0.5231648679246619,22.1821,78.36311737576021,1.3956776245669058,1.4053333522103144,1.414393317442681,-0.29183177291787926,-0.2741986298875927,-0.2608888425653085,-0.011677946907683907,-0.002036689318351554,0.008880983581342029,89.05582231444481,90.20929718017578,91.21869090918297,0.5481827262975427,0.5695838928222656,0.5861321374594528,0.43313323334814224,0.4593019402312086,0.4902776953324324,0.5005318336891355,0.5300077795982361,0.5605242024810855,22.133289400850234,22.22711753845215,22.29898722413614,76.12953771914867,78.31363677978516,80.32902964105637
695,0.6840329067698809,-0.13393253087997437,-1.1708753966388485e-08,90.0,0.7637733605417439,0.2738255712910399,0.8514684644320495,21.7472,119.60642069693097,0.6705968766278234,0.6759473292000072,0.6835920051936331,-0.17358407996341693,-0.14920955155170074,-0.13008121802394151,-0.020483795417840303,-0.0050581816425549,0.01389775071790579,87.32891880493769,90.94953918457031,93.81382925244388,0.7036024767533172,0.7401443719863892,0.7696924068777062,0.2673073063089179,0.276650011568954,0.28739328958841437,0.8146877600647946,0.8501677513122559,0.8849237613020078,21.67138183314492,21.71739959716797,21.7568918623402,109.8507302548109,116.02880096435547,121.0668806541283
696,1.2227241663810087,-0.3377229869365692,-2.9524681366410732e-08,90.0,0.4950778610839691,0.43559065431925975,0.5969897867748019,22.0504,75.92699920785581,1.2095924179489135,1.2176613359811799,1.2240376438686211,-0.35482574721604454,-0.3403141562232671,-0.32469493265193394,0.001807162327725714,0.011209978735545922,0.020526501308847523,88.28563292972831,89.06158447265625,89.84853228835004,0.4759975127818915,0.49194496870040894,0.5094756655531355,0.4156857144870617,0.4404215262513289,0.4705672748727816,0.5628553031991346,0.5889010429382324,0.6153561600438892,21.956176584226263,22.035484313964844,22.105204536534345,72.63267610956683,74.63510131835938,77.51144430034019
697,0.9544565322663889,-0.15684957802295685,-1.3712226021311835e-08,90.0,0.7288332465326128,0.14406934769483473,0.5718385521351881,22.7516,163.65517487272143,0.9502501680176543,0.9549980806542189,0.9593104257132395,-0.16335469070323508,-0.1564931861271568,-0.1491579897871795,-0.008359725982844884,0.00045021302464551044,0.010416717922772241,88.08028777665368,89.91854858398438,91.51484803286225,0.7190880314776408,0.7293359637260437,0.7403850691174808,0.1371902587027547,0.1418801222855926,0.1464077399355879,0.539493203163147,0.5602694749832153,0.581404407674776,22.71315114408538,22.754619598388672,22.801051376093056,161.57083129882812,163.4967041015625,165.35735788636623
698,0.630595365267184,-0.07808433473110199,-6.826349263633347e-09,90.0,0.8551424414264355,0.2782722308437999,0.5242958390444638,22.7645,49.15961276905083,0.626285711510961,0.6310794200230448,0.635446071894266,-0.09652798597125949,-0.08296027705529777,-0.06376239225863864,-0.018805952555133208,-0.0023363782596009593,0.013283729799016217,85.83266889889478,90.85235595703125,97.03310326223593,0.8238696308865,0.8465051054954529,0.8793735741965731,0.2565427756314245,0.2743478215459181,0.29286384271877564,0.47633853310426266,0.5064114928245544,0.5387873090703557,22.70592949201833,22.776445388793945,22.862216517036217,47.75039502984395,50.49115753173828,53.10842497466136
699,1.3752382610781926,-0.09398865699768066,-8.216749058931327e-09,90.0,0.8281725184192796,0.3778767642084511,0.7402669667359821,22.2828,64.83603252196922,1.3697494876033849,1.3766819480796562,1.3824335944084618,-0.1040929753444719,-0.09582095274868158,-0.08747449387222093,-0.014873453581936555,-0.005891908703338765,-4.697841680078465e-05,90.0133117108911,91.74861907958984,94.49555993088285,0.8111164744436207,0.8246841430664062,0.8388700322448978,0.35235798657902945,0.37270685633876754,0.3980048755901248,0.7193126265278299,0.7479407787322998,0.7794700787162794,22.224533567356207,22.307647705078125,22.38011331769292,62.15907357637749,65.89009094238281,70.15146725382667
700,0.7780340820508995,-0.22286242246627808,-1.948325234479853e-08,90.0,0.6355069582597296,0.3242506757514278,0.45651218426994566,22.2345,83.22349010949945,0.7726152951319686,0.7790135724559972,0.7860704099996563,-0.23029054850592626,-0.21297053262046237,-0.19359489561761423,-0.017258500449111907,-0.005927297948712125,0.008850876599096275,88.78105893249861,90.79124450683594,92.3462422633095,0.6253360108481355,0.6487469673156738,0.6755841709731321,0.3059532557343745,0.32396141262228784,0.346300383042638,0.4470386758083786,0.47100740671157837,0.491106748011025,22.149510800148512,22.224441528320312,22.3080735680766,81.47470407806608,82.95277404785156,84.50868994319626
701,0.7886683718718639,-0.1868760734796524,-1.633722490623768e-08,90.0,0.6850959059846897,0.2303826025334648,0.862894237635293,22.9971,140.79792492956446,0.7812305923491542,0.7878079290357953,0.7962142970974989,-0.19848171710888726,-0.18233068256197238,-0.1629753305613983,-0.016173216727213578,-0.0031343298030302976,0.01095726211062752,88.3363315045161,90.49739074707031,92.75776023618232,0.6687242162712548,0.6914894580841064,0.7187959822017009,0.20494958799072496,0.22218453969764118,0.23884534712170116,0.7798325358652337,0.842431366443634,0.9004110744628496,22.960553821021186,23.046794891357422,23.14379256681944,132.52575639573848,144.2648468017578,155.5971098738659
702,1.0366502494706913,-0.3406393826007843,-2.977964008721301e-08,90.0,0.4918254754113821,0.478905506342029,0.9413640625390804,21.9411,38.25846634903219,1.0228178655049407,1.037364523397708,1.051553045678632,-0.3689904007023393,-0.3367820600879844,-0.3178335158631362,-0.02825991256699035,-0.009385588715092548,0.014221129375207633,88.74899690018309,90.77754974365234,92.48586227477782,0.4604897121918623,0.4959714412689209,0.517148613505943,0.4394550749528734,0.46706513117442183,0.4964980237422177,0.9169617782266422,0.9611072540283203,0.9941737746839991,21.895893726937917,21.97496795654297,22.054506069090746,5.776834971471956,52.83448791503906,177.0502076252503
703,1.1821070384826304,-0.35239315032958984,-3.080718613546196e-08,90.0,0.4788598954327954,0.7692892008278649,0.8281191805969739,21.6794,68.92869622393466,1.1018450907466912,1.1688703366576596,1.2240749654970229,-0.3918597908585666,-0.31708168976875506,-0.24385992403636897,-0.053825942247714566,0.004356266261900602,0.06153682605918395,84.27900439519411,89.58975982666016,95.18532975887086,0.4368106971013312,0.5178084373474121,0.6072561229697516,0.6876199890152411,0.7675408098086456,0.8683457811720651,0.7473900349989455,0.8415695428848267,0.961729765363859,21.504605069735263,21.667911529541016,21.821537017822266,44.89767873836452,64.15167999267578,80.18589093138874
704,0.897887846225163,-0.2657780647277832,-2.3235056545445332e-08,90.0,0.580055820138001,0.2586539578884539,0.4670248754390973,22.0862,43.08137223589051,0.8805565554089858,0.8922598008667093,0.90436813105775,-0.2868032085343832,-0.2679650041643952,-0.25148827334244345,-0.003617945075243277,0.015764961968149426,0.03349496069035348,86.4625650359782,88.31475830078125,90.39743618409159,0.5532488159774485,0.5767945647239685,0.5976343194351822,0.24826400374007385,0.2572506963176918,0.26653445061708875,0.4421335260443741,0.4598711133003235,0.4809493151802306,22.02410690949449,22.067399978637695,22.12977134687165,40.98841861672568,42.80152893066406,44.886921559919095
705,0.8971931480943346,-0.41160476207733154,-3.598363207402144e-08,90.0,0.4168271772561366,0.2754716746439094,0.6067857225916287,22.3616,18.886917748722063,0.891955056029451,0.8974365325708991,0.9034042979938589,-0.42394462105429803,-0.41035274404165933,-0.3967561663829985,-0.007476062918525104,0.0035855726250069225,0.01384021496840497,89.0184392437776,89.75017547607422,90.52356208981308,0.40453642085538133,0.41799217462539673,0.43178116674722516,0.2580054600719339,0.27079024112901845,0.28398833941539864,0.5595446262788244,0.5830792784690857,0.6076675185103155,22.31986138145241,22.367828369140625,22.43264944227401,18.307733568574623,20.584640502929688,22.584396085863386
706,0.5430343923149027,-0.10688465088605881,-9.344153006907163e-09,90.0,0.8068730137974893,0.3639350967712604,0.7512811660418275,21.8493,12.478204926460133,0.5335458549937752,0.544297370182109,0.5547222114837911,-0.15166340740311268,-0.12082667951777343,-0.08513969135240397,-0.02476545564411839,0.006059252059631178,0.03769436667120706,80.08361548880079,88.55329895019531,95.92747843662131,0.736615528427,0.7832974195480347,0.8427564636459886,0.3463353745173268,0.35937528049166273,0.3778620588754492,0.7229653863382387,0.7578648328781128,0.7931283952178219,21.792666990696585,21.860496520996094,21.91683616309167,6.7777865657382605,11.59492301940918,16.79740685832635
707,0.5449666170591737,-0.16591458022594452,-1.4504712986251889e-08,90.0,0.7153915443825126,0.305182622773149,0.5719969649281358,22.0524,29.443192832754526,0.5358157377766312,0.5425057280359622,0.5514862622813662,-0.18049146756010984,-0.15952766392674772,-0.13608484503979687,-0.015944230548569478,0.0070055468914909675,0.031033928797420028,84.5177499972324,88.7677230834961,92.72484189105734,0.6938544524755802,0.724372923374176,0.7599033449720237,0.300515361166512,0.3148828567716758,0.3289997442299146,0.52907208465765,0.5596074461936951,0.5830551332303978,21.977322108012775,22.023815155029297,22.07685442410235,28.458425956399875,30.476186752319336,32.699951558971655
708,0.5139787473401535,-0.3109602630138397,-2.7185009798813553e-08,90.0,0.5255992543962537,0.08166927558062022,0.4455419820839087,22.7815,170.0895503497006,0.47633393491723286,0.5317922787720732,0.5641823161974486,-0.23457235562960913,-0.08461157880360864,0.09451926740085362,0.17191173846518468,0.2885831872393325,0.36687117952112064,33.03547034697595,53.02573013305664,64.62908604975047,0.4114423936842931,0.5304625034332275,0.7021885387756439,0.07665877765900246,0.08287909242183616,0.08958857897981957,0.41615126315672013,0.4706624448299408,0.5179544822065835,22.61538240159026,22.74441909790039,22.88008462090364,167.6548074320483,171.21255493164062,173.88565913926942
709,2.177010066663699,-0.19603705406188965,-1.713810426906548e-08,90.0,0.6721889992333726,0.7312927150480658,0.42214381715223315,21.8869,148.5538990394147,2.1400203748038855,2.165154067279688,2.188518175989745,-0.2122687664810471,-0.2004696532275722,-0.1857586949220343,-0.026056797733048018,-0.0068456698702482315,0.012470374835804498,88.22514423314571,90.97764587402344,93.75395854075094,0.6488917430281955,0.6658201217651367,0.6864066845811856,0.6942720393875583,0.7499775398840529,0.8124258648623337,0.38546394528587213,0.4112864136695862,0.441750700043542,21.75594225455559,21.860445022583008,21.959623247265377,144.7139859604518,147.39060974121094,149.07383463525542
710,0.5064848672460728,-0.2231835573911667,-1.951132588828841e-08,90.0,0.6350775808072331,0.23142872374479692,0.599200175894987,22.7044,158.07511840930968,0.5004469029506448,0.5049510175068307,0.5100492729298872,-0.23646442836865184,-0.21942747135276233,-0.20216908832220168,-0.012664052251195186,0.002469076993966845,0.018879731019520472,87.51683973476744,89.6805419921875,91.62582206507167,0.6174559808497695,0.6400527954101562,0.6635084156843426,0.21698476067882314,0.2287901609982378,0.24012116081551274,0.568697751980092,0.6040836572647095,0.6351548059901855,22.64042814723262,22.704334259033203,22.768255129681773,155.8790860513966,158.82861328125,161.81413642923386
711,0.9076194267610151,-0.33803048729896545,-2.9551562974461376e-08,90.0,0.49473425476626587,0.2087092293312895,0.5356424722302949,22.9242,166.6165928868815,0.9033290452826653,0.9095918364951214,0.9156064294551624,-0.36576707338559267,-0.3491148831427697,-0.3357138078269661,-0.011320917187388908,-0.0002631655803439121,0.008345166260944748,89.3113982003219,90.02157592773438,90.91483761160251,0.46437522847372437,0.4824451804161072,0.4973158055855267,0.18401405818619487,0.20071951427531642,0.21403016198432515,0.5121055513690354,0.5475558042526245,0.5808115244452733,22.879284928462578,22.955703735351562,23.06626579100681,163.37376183673442,165.96417236328125,168.7206087474166
712,1.1147629426142829,-0.10142940282821655,-8.867240275378663e-09,90.0,0.8158222328427005,0.267888309258351,0.784887736244805,22.3044,65.89242676957484,1.1090844227395191,1.1151063212727346,1.1201361726266204,-0.11168843162603422,-0.10396661323787287,-0.09654846535210751,-0.004635294876670686,0.0032930222758414734,0.01013808516791374,87.25687656979395,89.11151123046875,91.29100409643705,0.798959684156973,0.8115790486335754,0.8238464502120678,0.2582320631235822,0.26934237364474306,0.2826287598593447,0.7483707675944519,0.7756325006484985,0.7995756100609379,22.23695196904316,22.299274444580078,22.346384274089587,61.07871525093756,65.53083801269531,69.69313290112582
713,1.5210158842770256,-0.5128249526023865,-4.483258209120322e-08,90.0,0.32202999804433907,0.23444898417086268,0.945453634082665,22.2828,5.764008072839029,1.5175774723792181,1.5212075246841148,1.5249160131817603,-0.522858187463456,-0.5143019981382123,-0.5066477650333546,-0.0026752713951928736,0.0023219080139763814,0.007039803846646261,89.60617115507688,89.87060546875,90.15048837245885,0.3133174774324229,0.3207353353500366,0.32744096083065866,0.2316362244727745,0.23826140300781257,0.24626282848934755,0.9124803020528862,0.9377715587615967,0.9660855571258626,22.241826710804858,22.276124954223633,22.30921831360048,0.19645474714220493,7.962332248687744,179.97889986290608
714,0.8871697514959642,-0.19575361907482147,-1.7113324091155846e-08,90.0,0.6725853631106197,0.20597290777054175,0.725727762070396,22.3616,122.12523951073011,0.8779600361956713,0.8846152119955659,0.8933858904792672,-0.2262547323708508,-0.20130836388061873,-0.17099067649074326,-0.010467630442349505,0.0058107363886272575,0.0227038412427728,86.72674819275105,89.18438720703125,91.4576683259776,0.630512378126178,0.6646115183830261,0.7079666912873996,0.1969265377570183,0.20717250495569037,0.2179165265804957,0.7039676766004958,0.738298773765564,0.7739794500327074,22.284197406614688,22.349334716796875,22.42018874333409,115.91457849802484,120.60357666015625,126.12247883741313
715,0.6518480164255757,-0.07270471006631851,-6.356047688171884e-09,90.0,0.8644459945114669,0.4203131676840299,0.8607665003001164,22.3616,37.6591686130415,0.6392276667283122,0.648176722303982,0.6574803746378208,-0.08910341372070273,-0.059601951629422154,-0.03543048817759294,-0.04156582897121601,-0.010466084576004217,0.02021872104586527,79.38410690657122,95.13433837890625,110.47263983957428,0.8346799725696683,0.884694516658783,0.9305233176211546,0.37387269334684914,0.4023146325915362,0.4316151940311915,0.8034141295380403,0.8613924980163574,0.9215738274314638,22.31353870300464,22.394699096679688,22.47104923589551,11.882684981310517,25.84661293029785,39.480880172920244
716,1.0917710202592508,-0.2300766259431839,-2.0113937182486552e-08,90.0,0.6259149768974488,0.5993828098916876,0.5398835205892443,21.7984,43.530187888896265,1.0828622134130546,1.0930424512221855,1.1040995139942702,-0.2555908663931924,-0.23697434851727578,-0.2214349913355257,-0.034615628011241135,-0.012557160537667669,0.004128542494057528,89.50849212600973,91.52565002441406,94.16015901669043,0.5927814610995353,0.6163054704666138,0.6367746118562264,0.5379224937884963,0.5863086166322246,0.6170712951809273,0.5150408258362962,0.5482206344604492,0.5876596770283384,21.764570367040218,21.833599090576172,21.941405081409624,41.755554797836865,44.445159912109375,47.69781388808646
717,0.7007358780730282,-0.42739632725715637,-3.736417397703917e-08,90.0,0.4011525520908702,0.19679689000727643,0.8041381646827368,22.7344,26.26785783969096,0.6965312285072479,0.7001714352459509,0.7047992598916726,-0.43510903600547773,-0.4225384775047096,-0.406907612714992,-0.0064580050873578685,0.0014957620072123033,0.012399750734140964,89.15955889653847,89.89820861816406,90.43743446117944,0.39360146578483185,0.40592509508132935,0.42153194060486443,0.19153838055357897,0.2021756218575007,0.21223569053788685,0.755015505184515,0.7967222332954407,0.834655715029486,22.646759967559834,22.700651168823242,22.766779008637016,20.098300657963673,24.73871421813965,29.994909776283865
718,0.6787504698405297,-0.28329500555992126,-2.4766436013123894e-08,90.0,0.5584881033810001,0.23035030801338624,0.24781497085380233,22.3777,100.80058101829555,0.6709410736490995,0.6749775071467485,0.6795435641024614,-0.29885023865360993,-0.2876206368775025,-0.27554728808084544,-0.017785741176299455,-0.009593457905815105,-0.0010272201766235482,90.10396618294247,90.96197509765625,91.76900811578236,0.5394193478118381,0.5530486702919006,0.5677991474484455,0.22381922807833937,0.23218329705451884,0.24342465879475408,0.23940718378235654,0.24846862256526947,0.2599137313853843,22.314997865471852,22.37264060974121,22.419583020430803,100.49293933535573,101.08438110351562,101.78185223114399
719,0.9067392105426683,-0.10469641536474228,-9.152850921623212e-09,90.0,0.8104521537596416,0.2847858724717358,0.45867632680502934,22.5088,143.03021591097564,0.8992956740395922,0.9066115878246319,0.912315786699863,-0.11402184269708855,-0.10369788577293085,-0.0953416058555023,-0.01057911911252408,0.0006073042062680054,0.011481345540023185,86.8870717762941,89.8250732421875,92.91775558268627,0.795203618839874,0.8119997978210449,0.8258288562017226,0.27479318810854586,0.29075194691566303,0.3108487327971998,0.43280511960993023,0.4507477581501007,0.4706081192268055,22.410670367816373,22.47673797607422,22.53567908763076,141.06530375050997,142.65908813476562,144.33770772945186
720,0.5926865678845334,-0.2755088806152344,-2.4085752059477272e-08,90.0,0.5680016151557623,0.22205263688190663,0.6461248435518148,22.1036,151.9730688974866,0.5906836838309245,0.600007749507153,0.6095587895348741,-0.2903362574065091,-0.27363820599368366,-0.25249126498378144,-0.02849500370942884,-0.004053769909132838,0.020083608613435746,87.96750292454362,90.42355346679688,93.02145997136466,0.5499469252869373,0.5699352622032166,0.5968043464884724,0.21066130516660397,0.21841052825710403,0.2262724631259037,0.6201451749737594,0.6524156928062439,0.6863310020243897,22.05769440292362,22.125089645385742,22.1920784629535,149.23478097816817,152.8559112548828,156.35020563698603
721,0.724495481743175,-0.20981107652187347,-1.834226637242864e-08,90.0,0.6531506774300687,0.1828277672502602,0.6915099478628923,21.9451,151.02908377624377,0.7169483019756256,0.7248275345025612,0.7323419720207838,-0.22534672388452048,-0.21094532512590636,-0.1987195569225698,-0.016743569978222645,0.0018465381626585693,0.017988472510285434,87.59376121245873,89.74728393554688,92.3710617345038,0.6318500635356973,0.6515510082244873,0.667921379073748,0.17704938960688174,0.18220227291516225,0.18782920557003438,0.6609761523672504,0.687493085861206,0.7146477991495386,21.892896994810634,21.93389892578125,21.980445430073107,148.90987622246823,151.4009552001953,154.24445003445442
722,0.7241659960880596,-0.12590353190898895,-1.1006836331262093e-08,90.0,0.7763511254472698,0.4800427828230933,0.7283045541469889,21.8493,45.29451313212684,0.7194382222442284,0.7292859537825952,0.7404190012335959,-0.14420850810231717,-0.12213406729220627,-0.09821861044342396,-0.03132245125237178,-0.004828275438391973,0.0165649855867669,86.2604653846813,91.1724624633789,96.98002001627985,0.747697332355589,0.7818558216094971,0.8197659902895666,0.44730980867725145,0.47475741279462313,0.49832593526697266,0.6978825771222814,0.7429512739181519,0.7875018914520866,21.81643534424756,21.886356353759766,21.982344403019393,39.455474853515625,45.32262420654297,52.26976929398178
723,0.5041737662780176,-0.171199232339859,-1.4966712313935204e-08,90.0,0.7076513888932352,0.09835652562267393,0.2751849059561876,22.92,138.53244035609757,0.4992544347863255,0.5021989534434141,0.5053034273379021,-0.18172358997082788,-0.1704228017356762,-0.15980083614056886,-0.013380151846503745,-0.005139232708918303,0.0034863030901430133,89.42967985413803,90.87237548828125,92.3265907571522,0.6924344120732366,0.7085676193237305,0.7237959858200312,0.09526919771625006,0.0990183268200848,0.10261941205027189,0.2519721739740244,0.2652801275253296,0.27675327958693924,22.864850597344144,22.905399322509766,22.950789351283113,137.6122901858146,138.3175048828125,139.01590410339776
724,0.5425032936273005,-0.11477577686309814,-1.0034017172699805e-08,90.0,0.7940827518642892,0.29452690025883743,0.5543059034056557,22.3717,163.8891867870969,0.5277860097543244,0.5402988415390624,0.5518944222742703,-0.15518724928601313,-0.12355962614019952,-0.09232596382856943,-0.04528972617349798,-0.008210208631402531,0.02114018289392201,84.57997878428587,91.81878662109375,100.7222880574299,0.7303542038991254,0.778748631477356,0.8296455845327823,0.2712024791890386,0.29141341424106626,0.31451206633064593,0.5267601114494129,0.5630338788032532,0.5978400751738324,22.274142312599913,22.38241958618164,22.471781922561217,159.03718876980824,162.73692321777344,166.25330548308108
725,0.9983573640542549,-0.09238619357347488,-8.076657564970446e-09,90.0,0.8308543366984193,0.41698202438539617,0.7364228278153135,21.698,32.4890482181088,0.9947195591361564,1.0064326865598014,1.0193421838638437,-0.10922248510943737,-0.08651902413675418,-0.06134171207974072,-0.03944035749018612,-0.01613001666120275,0.010860067686571348,86.70100301967133,95.38957214355469,103.27614287508639,0.8016361346486715,0.8368180990219116,0.879287026198955,0.3849260416742966,0.40143820551738174,0.4243120419932898,0.7048830605138064,0.7385929822921753,0.7735741969003926,21.68493752271405,21.75833511352539,21.811787946546737,26.244165254298483,32.65876007080078,36.789367154844335
726,0.8481181826594113,-0.32164329290390015,-2.8118948947053468e-08,90.0,0.5132676230278239,0.18275188339414314,0.41778326516053366,22.2828,136.69143986786847,0.8441427090657033,0.8484262126093802,0.8522281435465505,-0.3313175246641741,-0.32289678720956516,-0.3143857301951447,-0.010310329876748956,-0.001166008888068398,0.006608852828360547,89.42294671458781,90.10287475585938,90.92256384008148,0.5022668034239507,0.5118278861045837,0.5216056658494619,0.17669424562560063,0.18165738418103963,0.18685751547869628,0.40067471408018557,0.4152534604072571,0.43270628283094287,22.258938685773735,22.290252685546875,22.320091921085904,135.33388588801645,136.62185668945312,137.56497522603362
727,0.5003851909114932,-0.23038047552108765,-2.0140500822662943e-08,90.0,0.625513442766817,0.2588620508260842,0.875574573794473,22.3777,73.96406736847521,0.4959544471418361,0.5005702328928414,0.5042273401194103,-0.23521290312671764,-0.21505873782317803,-0.19314585256506034,-0.013941777380927368,0.0028593374890484107,0.018781526146040634,87.50571381256377,89.6264877319336,91.85904056981308,0.6190474700273733,0.6459468007087708,0.6761776486375359,0.25068653493487525,0.26487940914158403,0.279489018522184,0.8432055993570793,0.8884996175765991,0.9291812233690534,22.29896865783013,22.36105728149414,22.426129138854506,60.72128226254172,70.7012939453125,85.41141548131351
728,1.1790217458439889,-0.10800767689943314,-9.442331361242395e-09,90.0,0.8050416481580008,0.3819333010756795,0.40534061977952995,22.7516,156.0092513275651,1.169803760363886,1.178232982295165,1.1872377049790237,-0.12890117714379887,-0.11473737892508393,-0.1035484630511217,-0.018273975335017664,-0.006040985043551706,0.0075062462937022754,88.27191497070204,91.50250244140625,94.65995634408812,0.7714176050097304,0.7936760187149048,0.8118283024714624,0.3513458067597852,0.3729685028923047,0.4010209011096298,0.37990715361656635,0.40487509965896606,0.4402352866975722,22.653811679895075,22.757286071777344,22.83398543402389,154.4524353290557,156.10240173339844,158.0689122892706
729,0.6261432414410326,-0.31995484232902527,-2.7971340799126665e-08,90.0,0.5152033444137503,0.1666340489615492,0.6403611977290553,22.7618,80.34614520106443,0.6248126301396997,0.6272245863875328,0.6306268288457377,-0.3260806873833311,-0.31754357062016747,-0.3066793056738356,-0.0033740391271723925,0.003388628060883531,0.011785240584027072,88.92276405378531,89.69291687011719,90.30169737201717,0.5081515295548185,0.5179727077484131,0.5304546212756669,0.16073445266229247,0.16782495130371977,0.174570071000988,0.6068317357429461,0.6318329572677612,0.6563498405311718,22.705724111695915,22.75170135498047,22.79713516933496,78.05425290692594,80.58128356933594,82.92497124864992
730,0.6729751058725011,-0.3551922142505646,-3.105188994823038e-08,90.0,0.4758054012881001,0.38526685623141266,0.3284418013743132,21.8587,124.56972649630912,0.6576589315965948,0.671378166604021,0.6844113573360571,-0.3778014435496784,-0.35236676388874877,-0.3186698680821952,-0.020056227020545683,0.0120276328640209,0.04814560738412408,86.08887455943821,89.01103210449219,91.5568693776517,0.4509337069061262,0.4786631166934967,0.5159966917153639,0.3586773328672761,0.38311365801872355,0.407762462793435,0.3087925910949707,0.3284911513328552,0.34351535628453345,21.78577921225571,21.86324691772461,21.94561007169348,123.85900068746737,125.25050354003906,126.60994456566102
731,0.8370968130031544,-0.03296405076980591,-2.881808791599383e-09,90.0,0.9361757994682166,0.3251302401029618,0.5744881292326427,22.2501,12.477944820463051,0.8304607952572175,0.8375232290363834,0.8441477702807898,-0.045314708293936155,-0.030728948973059347,-0.01979409194756601,-0.023002098978708998,-0.009626073504911316,0.00015412615761529734,89.88288258573155,98.65464782714844,109.88504721249575,0.908085942826044,0.9367844462394714,0.959119002169188,0.302253023305885,0.3183410880048946,0.3369208298840807,0.5737671994389674,0.6046727299690247,0.632698493419371,22.206298514943057,22.279922485351562,22.34623431119373,10.755624412472926,12.752690315246582,15.827140201203036
732,1.816917356881431,-0.07547955214977264,-6.598631863141691e-09,90.0,0.8596355396546884,0.21038123843601064,0.30692078994495453,22.0064,45.05820255573566,1.8040224202709298,1.8267549914921726,1.8502229247433608,-0.10020993895647283,-0.08409531946710697,-0.06879229511460244,-0.009275372639093029,0.0062439799193222244,0.025368188151698192,82.5688386302339,87.87290954589844,93.70595141912564,0.8161084411890184,0.8446314334869385,0.8703923477271008,0.19371912384546108,0.20124914693896173,0.20658410256858836,0.2924836203554473,0.30610227584838867,0.3174248454332081,21.99993193986205,22.048358917236328,22.099652479814594,44.79513920163874,46.05281066894531,47.38238143023072
733,0.5223461764428023,-0.23048368096351624,-2.0149522939050257e-08,90.0,0.6253770950659356,0.15427444973965135,0.22428863300251856,22.6847,103.3585722373607,0.5197218482326033,0.5226613283771018,0.526122471147816,-0.2369393885874135,-0.22542018865866048,-0.2123647250115198,-0.006835567506939681,0.0004877059595465172,0.008027599457628204,88.95931667077137,89.93769836425781,90.85968286715699,0.6168636264597858,0.6320773363113403,0.649616063708728,0.14913389704987243,0.15361450881820765,0.1589878368660392,0.2160123851700161,0.22357964515686035,0.2310842513268251,22.63382581418235,22.672332763671875,22.706828021854832,102.98638786840439,103.59700012207031,104.16066936346171
734,0.7009334117806554,-0.1370389312505722,-1.1980324288174415e-08,90.0,0.75895473444215,0.2048688374566801,0.8317407355909823,22.1821,103.43467721987423,0.6945873043095463,0.7008707630970261,0.7050029867707073,-0.16920725879456375,-0.15063443675999205,-0.13239970429442532,-0.018346215944922382,-0.003153186394508221,0.011406132075978712,87.70451713504663,90.60218048095703,93.43582758836511,0.710546847517166,0.7378078699111938,0.7659992079230594,0.19487769708921754,0.20205673262936696,0.2110701361190803,0.7763713699949107,0.8062357902526855,0.8436027005474644,22.14755874833978,22.189647674560547,22.23492106855886,96.79593522156523,102.8218765258789,109.45666427411173
735,0.5267163153511799,-0.12442535161972046,-1.0877609923909404e-08,90.0,0.7786863338597775,0.18747568570783252,0.672621301220637,22.6847,167.7670533955555,0.5210976540365291,0.5253439642803561,0.5284932903043544,-0.1279696284634002,-0.11661580812341066,-0.10578647648186185,-0.008074463200526587,0.0026428486364510045,0.012658517629393894,86.9233973796472,89.35205078125,92.03365899131259,0.7726951223073965,0.7910183072090149,0.8082767892155246,0.178499430686253,0.18735577834551195,0.1959628975772725,0.647628103067979,0.6835790276527405,0.7095909119230475,22.653658065604343,22.698610305786133,22.761989918805053,163.36628499169188,167.66485595703125,171.40574229900187
736,0.6813969379387336,-0.08110419660806656,-7.090354081640271e-09,90.0,0.849960442554051,0.35915252427309236,0.8641043977057696,22.1036,92.16965598369946,0.6787215492421449,0.6843623740518906,0.6897536198149437,-0.0971383214334422,-0.08184544419725955,-0.06638422123874221,-0.016662022390124605,-0.004306875913741862,0.011384858263187858,86.13215797705999,91.50407409667969,96.0929993109891,0.822114362912271,0.8485569953918457,0.8751581311225891,0.33177712583709834,0.3537525229687475,0.3751106109287954,0.799435019493103,0.8432912826538086,0.8879195838981014,22.050161265300748,22.13118553161621,22.214527226909425,83.3662338256836,94.02381896972656,101.61192616462712
737,1.7096245791940354,-0.0707087516784668,-6.181555267659178e-09,90.0,0.8679215960006309,1.0837286457673412,0.541724322914788,21.1512,6.516916859563652,1.6504996358329311,1.698043134986221,1.7371770107768743,-0.1049790790848797,-0.06958823568982948,-0.03532292320170104,-0.015889198952789,0.013426421587481863,0.05075025161660512,69.16003465504446,84.33622741699219,97.05536488772123,0.80580480787054,0.8672976493835449,0.9304896904207992,1.0086344827830254,1.1200579245212556,1.2138710349066864,0.4895033491078823,0.5224350094795227,0.5549644842397224,21.023966315472496,21.114887237548828,21.244923580546498,5.06042325454392,7.519190788269043,10.414849461566403
738,1.2966239523056906,-0.22407479584217072,-1.9589240451978185e-08,90.0,0.6338870910224099,0.594742922723905,0.3381053699584926,22.1213,123.00285341966435,1.2785002182543395,1.291744036391961,1.3075552761556462,-0.2528960087725398,-0.22876198098128636,-0.20848202736988758,-0.03441479231428033,-0.012919376707925784,0.013217441503640273,88.20612426362884,91.61166381835938,94.10578795726559,0.5946538838807814,0.6268224716186523,0.6546194038950778,0.5552541541765803,0.6002768704007109,0.6476323190815108,0.30982656367849487,0.3361985683441162,0.36117979884147644,22.019587322514077,22.109657287597656,22.22032206797135,121.53311021713283,123.07011413574219,124.66740486430484
739,0.7992529317598422,-0.2927511930465698,-2.55931222881145e-08,90.0,0.547088098666433,0.17655006658546618,0.7638699355156677,22.7328,105.61020235373837,0.7989338584738733,0.8015608741197044,0.8054293130530872,-0.3053444824252087,-0.29466437805594126,-0.28388087269955603,-0.01373345746260132,-0.004530269346939717,0.0038321574862936443,89.62705070442871,90.439208984375,91.31371074755016,0.5320994002942283,0.5447839498519897,0.5577168549864444,0.16821583204655022,0.17698774040024587,0.18478515350439692,0.7309765505264946,0.7640935182571411,0.7927992337004657,22.682958312202206,22.730207443237305,22.784423870038147,102.13828063039647,106.81980895996094,112.01592833684636
740,0.6707266527149063,-0.07690128684043884,-6.722923995283736e-09,90.0,0.8571804369543483,0.24466627310799915,0.9203130149534771,22.5283,151.26701796846584,0.6653023182172697,0.6734900411257168,0.6808602290067459,-0.09174828860622286,-0.07764214428684538,-0.05851735252565107,-0.009517672548759737,0.009793623533043382,0.026694170925574252,79.43998699656407,86.44181823730469,93.58197503141061,0.8306343100751177,0.8547766804695129,0.8865405119540073,0.2293900327232324,0.24018401825378954,0.25562881748713484,0.8751197092735021,0.9144680500030518,0.959051636932156,22.460074406264972,22.54347801208496,22.606624853055887,140.9151391719253,158.21002197265625,176.19073516627373
741,0.6284840645065155,-0.18943099677562714,-1.6560584015223867e-08,90.0,0.6814762735014668,0.3732992111743128,0.6236145945421593,22.6582,43.880898932259605,0.6133696453799373,0.626040197409987,0.6396762854369713,-0.2358254568819511,-0.19610833712667924,-0.16507825885418392,-0.00982512783927677,0.02480773560394888,0.07181450663639585,80.14278523597376,86.46276092529297,91.41561584744616,0.6119741615247379,0.6686128377914429,0.7156977183924945,0.32338449695421345,0.3644626367031738,0.39538448771945933,0.5508383429458191,0.602805495262146,0.6587472419157021,22.523739338312854,22.665512084960938,22.8457047655078,39.24332169246056,44.27508544921875,49.08765064861125
742,0.5180522460262732,-0.1602567881345749,-1.4010093529748247e-08,90.0,0.7237563454312914,0.34743700938003963,0.5574468651168047,22.0012,49.28468941287687,0.5154497871545978,0.520931075033688,0.5265661994324099,-0.17596326844945823,-0.15588281765209866,-0.13819406225964526,-0.020478268747894653,0.0005576116698891324,0.024979007217967444,85.5782516290908,89.89070892333984,93.91411890199659,0.7003848776841557,0.7300416231155396,0.7571262510488642,0.3333374416718572,0.3475088572023001,0.36687968958204864,0.5303133329373313,0.5605976581573486,0.5830336131864855,21.955332418742696,22.019332885742188,22.083588160298333,47.22258166382695,49.861629486083984,52.323907357715385
743,0.7954347365033015,-0.19342142343521118,-1.6909437405843164e-08,90.0,0.675853950808393,0.23286747007944297,0.6340996705114657,22.1821,77.0398416709231,0.7907314998350378,0.7956407521007622,0.7995358236089489,-0.20503835814201202,-0.19216566836290844,-0.17725442996640522,-0.003389950009257709,0.00713644344780838,0.01853928085593174,87.19937185749401,88.92742919921875,90.49300384521484,0.6594954687310809,0.6774477958679199,0.6987031083703878,0.2207059305947742,0.22991898070879047,0.23773820492719186,0.6192376562433924,0.6415153741836548,0.6689174372584537,22.161055641117425,22.197229385375977,22.239101656496356,74.90801570936543,77.12031555175781,79.15703670790187
744,1.5383633000263868,-0.08232294023036957,-7.196899964867498e-09,90.0,0.8478773035953071,0.5214632027943935,0.4313857633578443,22.0524,109.58037369471658,1.528632422871821,1.540302544916609,1.5503325283671374,-0.0906487939522804,-0.08163283064697532,-0.07152537286992057,-0.01133681950702054,-0.00047130658991140803,0.009302671897091205,86.57234976283945,90.16041564941406,93.70213175137451,0.8333893245171682,0.8490098714828491,0.8664346786633748,0.4951934077766463,0.5352998585087413,0.5890526311556253,0.4083878185900046,0.4300800561904907,0.45530172637972827,21.880807139956556,21.99935531616211,22.108241165553018,107.25190296501893,108.64158630371094,110.10166969865332
745,1.2071460262772606,-0.5139433741569519,-4.493035632435749e-08,90.0,0.32105338090273283,0.8494526278515101,0.7580998289540484,21.2863,51.804100299622235,1.1964350957454666,1.2195899533431391,1.238886068198833,-0.5453110866515527,-0.5091711296304499,-0.4793022823747023,-0.011831900464169336,0.018204035105423868,0.05110271618870248,87.11805772093297,88.97369384765625,90.66084485538116,0.2939246108606173,0.32465535402297974,0.351915525630003,0.7921628608198233,0.8338178160276861,0.8935734692754126,0.7393941686737066,0.7779264450073242,0.818620307271848,21.22583807670422,21.309246063232422,21.377127652239025,43.386010639934405,51.19017028808594,59.242419837325784
746,0.7578259805830838,-0.4130825102329254,-3.6112819401523666e-08,90.0,0.4153455313004393,0.2039745692136083,0.5491498724892048,22.6404,109.85842971381965,0.7540919944311504,0.7581646438298817,0.7619625738844383,-0.4343594819859129,-0.4202337290952487,-0.40849215467751504,-0.013586857209553844,-0.004575135889897519,0.004987771174101477,89.65579357163776,90.31217956542969,90.91604364812304,0.39430332238207,0.40814119577407837,0.41992600096028443,0.18859244191261912,0.1967764278043448,0.20469801433570325,0.525347871930872,0.5500268936157227,0.5718505642906435,22.632253658051134,22.675830841064453,22.736711803978814,107.43448442417622,109.5269775390625,111.21995818542511
747,1.5454652721801034,-0.164277583360672,-1.4361602573842447e-08,90.0,0.7178034088812901,0.2651762464787363,0.6352155046754443,21.9516,20.066077549639832,1.5433798551526612,1.5523988995357487,1.5607238639230203,-0.17266094333217344,-0.16707918770504665,-0.15917025167440457,-0.008378811823256635,0.0032297314814868435,0.013205108151052703,87.65719383692537,89.44194030761719,91.40894180349133,0.7054404701127395,0.7135918736457825,0.7247665563659966,0.25874642062801534,0.26600927685952996,0.2738604592110677,0.6142674187555858,0.6307371854782104,0.652176041503444,21.923884619734682,21.955158233642578,21.98231508435536,18.013616904773095,19.840408325195312,22.137737874299013
748,1.2179977268989262,-0.01779073290526867,-1.555315320977968e-09,90.0,0.9650404912111346,0.6113295065668399,0.6679474998065777,21.4868,151.72916459832533,1.2059626917303579,1.2195385390371518,1.2337720207474798,-0.03419349060879512,-0.017010671531962798,-0.0036040571142072005,-0.014852921172946384,0.0024529117947395367,0.016388756433632117,58.68000755917484,85.46691131591797,117.56895728096958,0.9336742563823001,0.9643827676773071,0.9909198450264912,0.5788840490514233,0.6115960892941961,0.6384427308696793,0.605386506173716,0.6396521329879761,0.6756810250809642,21.432293789912876,21.491512298583984,21.557570282466624,145.91202222070382,149.6653289794922,152.6448934791872
749,1.1653335670793141,-0.08994210511445999,-7.862988482543187e-09,90.0,0.8349598518378143,0.11415043174953285,0.33620869852402835,22.7516,101.71116470888884,1.1626951217403958,1.1657571509186666,1.1681784905455541,-0.09504256025322073,-0.08970687758888912,-0.08448541174330226,-0.005565589186690946,-0.0005339579148013122,0.003997574148756237,88.73293982736473,90.16943359375,91.7967886407412,0.8263421212259532,0.8353481888771057,0.8441669598838037,0.11060676628615776,0.11322571723497338,0.11642745212046535,0.32219127005451814,0.3334466814994812,0.3449836738630815,22.720711668711374,22.750825881958008,22.770734050901382,100.53158329577585,101.71228790283203,102.59585404016454
750,1.10515605367232,-0.02725333534181118,-2.382562147573708e-09,90.0,0.9469394085712136,0.15211938526864985,0.2685692941432427,22.8054,93.93147429362489,1.100332957837821,1.1042062307329314,1.1077278356668085,-0.03787723015725079,-0.02976223315616728,-0.020849017219043114,-0.011687252038448797,-0.003082261635047173,0.0048046459418871834,85.82310394482084,93.0345458984375,100.82970975971205,0.9257566671873578,0.9417611360549927,0.9588909598723109,0.1484791366095458,0.15377465829878717,0.1587683923472461,0.24711828462381935,0.2592635154724121,0.2708431916129631,22.747758341103086,22.777767181396484,22.81588118247152,92.63938205972323,93.78746032714844,94.8249271551249
751,1.214411077806966,-0.16540232300758362,-1.4459930142152189e-08,90.0,0.7161455348921704,0.8215701166550743,0.7474169761477742,21.5878,67.54825951174469,1.1939392864874816,1.2135523528708512,1.2313927782881071,-0.17721735413114492,-0.1452583027766753,-0.12107563621298592,-0.03365494302179488,-0.0033080881952934184,0.024475387313217373,84.98134533744499,90.629150390625,96.68095285174724,0.6987684894284747,0.7456276416778564,0.7825936557852425,0.7559278997614544,0.8197373874446251,0.8812092886903742,0.7255961184251242,0.7807472944259644,0.8436057302505335,21.46076663040061,21.578397750854492,21.702290181905905,61.36416820961714,68.96125793457031,76.64000214989325
752,0.908974686158453,-0.48394498229026794,-4.2307814140940536e-08,90.0,0.3477588750361549,0.1251916852002196,0.6703863121424976,22.6847,135.0757066259089,0.9066519198900084,0.9089773068705671,0.9114324610993596,-0.4891056622434112,-0.4821807591368482,-0.4766717160138095,-0.0024321063522343934,0.001204289395819195,0.005350344306743242,89.6820133637894,89.92884063720703,90.14428205248375,0.3430882644278285,0.34936055541038513,0.354389427586517,0.12160351261829717,0.12520935195795904,0.1280889150602532,0.6411382521468648,0.6623164415359497,0.6813587557908128,22.652050240660287,22.676197052001953,22.705316297228183,133.4393886053184,135.35916137695312,137.99867573662036
753,0.6690242851460834,-0.07492225617170334,-6.54991172410746e-09,90.0,0.8605996708681419,0.22874102104508137,0.6216907677533305,22.3616,17.59196960739133,0.6620035953188128,0.6699007226026772,0.6767074881781263,-0.084907165704817,-0.06442013240633843,-0.048641122174540724,-0.012239101608336658,0.004721670567849479,0.02032913182348204,79.412431113857,87.9057388305664,95.12859111473244,0.8432974526104589,0.8779809474945068,0.906096361883298,0.21907679119006138,0.22890207536190704,0.23816657400669652,0.5838240667633577,0.60926753282547,0.6406708674353381,22.297799322284053,22.356704711914062,22.425489265945828,15.175235118357723,17.625635147094727,20.588037542180135
754,0.7926094873069209,-0.11807344108819962,-1.032230834141501e-08,90.0,0.788791260682133,0.35584759658208204,0.5522660866557556,22.9283,11.754921638153439,0.7834151635730721,0.792147347594446,0.8015146439815242,-0.15095776786129017,-0.12790402214116556,-0.10105949835098044,-0.011269430704347959,0.004484380983490188,0.022380443252160674,84.7580053567893,88.99966430664062,92.55278696072114,0.7369925778006947,0.7731235027313232,0.8156262074669433,0.2955759242855746,0.3408481818247406,0.3848330815362817,0.47645595886007586,0.5347819328308105,0.5882960231180214,22.84849535324765,22.988040924072266,23.17708162881308,10.10584812279091,14.247223854064941,18.748542951935647
755,0.6764052713477005,-0.5017502307891846,-4.386439655945651e-08,90.0,0.3317793942677544,0.3170550520067272,0.696861278542583,22.3446,32.181292626612795,0.6682261318274777,0.6768742914155264,0.686366924789307,-0.5634402225153453,-0.5224339564327241,-0.4841060300363277,-0.02498089504364317,-0.005198608710430175,0.021962796171297313,88.8147435515949,90.28494262695312,91.36735883573871,0.2791518759964695,0.3136512041091919,0.34743600159031063,0.3033762492990615,0.3245608115972728,0.35083384148068014,0.6527439621451726,0.6914706230163574,0.7320333325569303,22.20645809489711,22.307979583740234,22.395462339947613,25.627199239233036,30.43414306640625,35.95251580772643
756,0.684479501602268,-0.04426345229148865,-3.8696339466071095e-09,90.0,0.9152255103768308,0.2572908656554983,0.6475894619376631,21.9451,143.9126568308315,0.6740003430427864,0.6845568461459549,0.6934059605754168,-0.05910348774539295,-0.03540832586913824,-0.011053298632985696,-0.021200763569466034,0.006024957367708058,0.028693811713788254,66.34419283756623,85.027099609375,107.00157881955333,0.886654491519626,0.9274195432662964,0.9756412824790919,0.25310012633526247,0.26141104097703927,0.27224085548770527,0.611875293921422,0.6418405771255493,0.6775651160753541,21.863111937393228,21.927518844604492,21.981812128767036,141.75260140312454,143.7510986328125,146.7054311406712
757,1.2421936725322749,-0.15045948326587677,-1.3153585776137788e-08,90.0,0.7384358455550606,0.2143533986173631,0.8805372841588244,22.3616,37.63666532422237,1.2387551252537747,1.2432735699737538,1.2474256318357602,-0.15524373031855634,-0.1477860351073793,-0.1398674866376239,-0.005004175001652802,-9.866488982916633e-05,0.005353771565902329,88.95705388148238,90.01905822753906,90.96400100536344,0.7312216993755124,0.742455244064331,0.7545514292537322,0.20340126347233317,0.2117336509726892,0.21844953002195855,0.8709504113444131,0.9026752710342407,0.9368872680869608,22.32930948034069,22.36139678955078,22.40518697748081,35.61239761350189,43.57135772705078,53.10306541499416
758,1.0707198408637653,-0.11552884429693222,-1.0099852509881657e-08,90.0,0.7928716191162104,0.3281962771152668,0.28384983197098035,22.1122,108.17177944657529,1.0564343214029666,1.0687052512071582,1.0805310857746249,-0.15632947745026948,-0.1261734953994721,-0.09812290526916044,-0.018187999548927095,0.005501490141924449,0.026991904695042954,83.90842830749988,88.74627685546875,94.06087879937496,0.7286618162638951,0.7753934860229492,0.8210634053656961,0.30823714597579593,0.32352530383293654,0.34074603493681993,0.26392604109036694,0.27829137444496155,0.2928761688254203,22.042706934984732,22.098329544067383,22.154905490205543,106.49199493506984,107.52713012695312,108.47187769271802
759,0.7976908322926168,-0.4629887342453003,-4.047576140919773e-08,90.0,0.36706453571848596,0.546866626723523,0.4105402222502009,21.566,97.7997535981735,0.7816380357818795,0.7954527460731156,0.8056436493561627,-0.5026322170431267,-0.4719069403661655,-0.4464136898048317,-0.020145576406576694,0.0047972327686905784,0.034458002521963765,87.90184615680691,89.70392608642578,91.2172654343098,0.33096231492075806,0.35874617099761963,0.38253341543373137,0.49919161541675267,0.5290894486705507,0.5628649209858158,0.38170671400726724,0.40096473693847656,0.42441801747999514,21.5190357854217,21.60317611694336,21.680594923687174,95.98233744659113,97.44850158691406,98.88274809994599
760,0.958288907879198,-0.07371289283037186,-6.444185629561616e-09,90.0,0.8626953323989364,0.46530686035428376,0.7989712136887872,22.2575,86.29184836174107,0.9490764113232311,0.964230400931159,0.9805489531778647,-0.10968019075467264,-0.08398691277483868,-0.060610605714877745,-0.031215966807218165,-0.006668557386758285,0.019614656534931323,83.62594582909324,92.21827697753906,100.3918392206522,0.8003052391616391,0.8435450792312622,0.8842189675311426,0.43335246604813726,0.480102948061615,0.5323935500237336,0.7184573225699975,0.7841295599937439,0.8385117335368905,22.086129658721667,22.215269088745117,22.36659406625193,80.75220333425513,87.63296508789062,94.75411862207397
761,0.6323667904634851,-0.08799291402101517,-7.69258523547478e-09,90.0,0.8382472685148668,0.29796323253002654,0.8501603289207934,22.5099,164.0150138154164,0.6265517823030609,0.6325212800238631,0.6372525474899892,-0.09375811219153245,-0.07997001904510792,-0.06441029450312158,-0.021111257812239066,-0.0036013546731847685,0.012131607577124661,85.28452965957887,91.3175277709961,97.62401423582716,0.8283557089379507,0.8516280651092529,0.8778150105767606,0.27131253898606345,0.28922597629385255,0.30610471267406864,0.7951661944389343,0.8368194103240967,0.8884031921893378,22.47235568519932,22.545652389526367,22.63560330911172,148.39947810593662,156.93447875976562,168.2462597360097
762,0.5661163596184963,-0.13905756175518036,-1.2156798234741473e-08,90.0,0.7558375151644202,0.3935656251908059,0.46677678302607317,22.2345,54.00653848347827,0.5601754736311403,0.5680574697304495,0.5759705830954657,-0.15660127263332177,-0.13568789522030128,-0.10792459128936358,-0.03710993809589531,-0.006004368616673559,0.01957477007612227,85.98916766907908,91.30879211425781,97.7023690944887,0.7288111876480736,0.7599354982376099,0.8050096249613051,0.3608657628879445,0.3851441883283653,0.41411469160300446,0.4246382044768812,0.45889705419540405,0.4868926000921626,22.189303976905013,22.269943237304688,22.350694825763668,51.80210727584302,54.233612060546875,57.22294950345402
763,0.5596130643176596,-0.3184781074523926,-2.7842240513109573e-08,90.0,0.5169004101190582,0.23986992987998063,0.596604999830618,22.9096,87.18280958296155,0.5505204211272867,0.5570957919111683,0.5631165857523134,-0.3531812487267675,-0.32540374503503555,-0.29559999572393664,-0.0177169070727651,-0.002199707462077853,0.014708429111101203,88.68883248920247,90.19322204589844,91.55503460933842,0.47797329168999503,0.5088564157485962,0.543678934596773,0.2206931607115879,0.23842192342357177,0.26254284725729266,0.5436231834694061,0.5848605632781982,0.6189118949280628,22.798346912772743,22.906505584716797,23.009124464472933,84.9885415263688,88.07740783691406,92.20421630058705
764,0.6206032747120368,-0.20701609551906586,-1.8097921383741777e-08,90.0,0.6569787307724997,0.26650238183018266,0.7642217674670122,22.2334,93.58858537470691,0.6155484540402927,0.6222121584263278,0.6276482099819265,-0.21637020411866148,-0.19484614134781666,-0.1806651429413412,-0.015401553181376228,-0.0022206510524708676,0.016502480209302676,87.56738939651095,90.33119201660156,92.3118891452351,0.6441172742255481,0.6734361052513123,0.6939022171672204,0.24800986125524876,0.26042736735743166,0.2707489429431369,0.7359197623867785,0.7688978314399719,0.7975018979893972,22.21512939440593,22.269824981689453,22.33861971383457,92.29453357442905,96.38868713378906,100.22086449336301
765,0.5146110396347086,-0.4183805286884308,-3.657598668382889e-08,90.0,0.41005882453519527,0.32429617820064266,0.30971366080295204,21.7984,105.38450886228676,0.5110668722232551,0.5162729119309859,0.5221467108783636,-0.42612238407150177,-0.4045225789809277,-0.38274587062031323,-0.010486082328557201,0.006670606979390187,0.023088334854815727,88.3141595594967,89.52639770507812,90.740445280203,0.4022935710717088,0.4238649606704712,0.44623765275356647,0.30798203089174964,0.3234041793860336,0.3389794288860553,0.29594206293123465,0.3088185787200928,0.3202007202780409,21.740797759576107,21.81340789794922,21.87710890229626,104.73566384793949,105.60649108886719,106.48314346259055
766,0.9703685916198288,-0.07047030329704285,-6.160709720148816e-09,90.0,0.8683376752842031,0.19370135456340162,0.47947361330188387,22.92,70.57360315325406,0.9687510977210071,0.971890480355758,0.9758083864482803,-0.07450188577740198,-0.06717676053163812,-0.059321857885347905,-0.005540872080077842,0.0009953503895993355,0.006962378057664838,86.93106927040746,89.57622528076172,92.43152089755574,0.8613156793200936,0.8740580081939697,0.8879728032741602,0.18242083966687206,0.19081638154724154,0.20152716844396315,0.4595526264183752,0.47837507724761963,0.49700385332107544,22.879611868405917,22.943328857421875,22.993903717305734,68.5875699432187,70.48992919921875,71.97310806284798
767,0.563392495029253,-0.16502442955970764,-1.4426893457653023e-08,90.0,0.7167021923538467,0.20245004312261156,0.67694424825229,22.8613,177.74755272906916,0.5601198018034088,0.5635910096978136,0.5670032960663298,-0.17813171310005405,-0.16710054389412443,-0.1554317742399588,-0.008545682419417087,0.0015669989807545863,0.01246017845686056,87.82780426112633,89.72777557373047,91.47241399735582,0.6975949203976812,0.7136232852935791,0.7308752199930834,0.1912908671965825,0.20090149839294352,0.2109927872823238,0.6460821233204075,0.6819109916687012,0.7151764341595763,22.797500457799675,22.850238800048828,22.917337337443065,173.57577737628242,176.70654296875,179.75964472278855
768,1.1802469356865672,-0.06499791890382767,-5.682298631626281e-09,90.0,0.8779379456861652,0.06165810121412716,0.593126003833157,22.6361,86.72191478373966,0.785129185796537,0.916236237738185,0.9738412760363708,-0.0663538386433965,-0.007800848526114466,0.046396044942271314,-0.3217909712534341,-0.24030073263163693,-0.1331374766239965,125.24395761593766,134.0289306640625,141.06029180361767,0.5130620881591698,0.6116805672645569,0.7630347571771529,0.0575161614304708,0.061463696117475125,0.06898322657655936,0.5204294170002377,0.5690488219261169,0.5958322785881847,22.373412742354066,22.61701202392578,22.759361966373962,73.41749895380767,84.2120361328125,91.25428497250287
769,0.6667645613287123,-0.13912129402160645,-1.2162369777968252e-08,90.0,0.7557392845655394,0.13753266359593988,0.5839913565179478,22.146,18.536914756655452,0.6601219762603022,0.6641847240903171,0.6674606794128872,-0.15798388506084712,-0.14634730127654466,-0.13477802195176236,-0.015384744794014573,-0.006843827293170425,0.00016525244472485336,89.9657715234305,91.33955383300781,92.8440125406784,0.7268093092550575,0.7442763447761536,0.7621390451962167,0.1365291407735496,0.13996967755944545,0.14331669286530485,0.5784320290803712,0.5953209400177002,0.6142338993630879,22.072185753107867,22.101659774780273,22.139298455221105,16.498411631505455,17.746448516845703,19.155004681734816
770,0.7357246591859383,-0.19186244904994965,-1.677314820369702e-08,90.0,0.678045991306159,0.16590937098495415,0.7204838097543019,22.2824,154.31937092649875,0.7299790342061789,0.7369721419262549,0.7434182105021291,-0.20452234562365781,-0.18941526290207325,-0.1785155228657363,-0.008063230954111881,0.009354182918727864,0.022205347812862195,86.6805826558608,88.58604431152344,91.25405780961785,0.6597189024443892,0.6813185214996338,0.6970069138766435,0.15940727673089322,0.16453242862923945,0.169541310314486,0.6954046267349566,0.7240457534790039,0.7557271155041606,22.231027655952,22.28445816040039,22.341602773494643,151.94182335906595,155.39991760253906,158.86282569687992
771,1.1094814727316302,-0.01912633515894413,-1.6720773654554932e-09,90.0,0.9624652309333889,0.33082034226099305,0.7985419728444605,21.9451,22.677073568543037,1.101451123583364,1.1077110795503478,1.115785865491572,-0.026590274897468295,-0.014433778679740366,-0.002997228448367708,-0.006278746345718093,0.005458485302471831,0.015816474818319857,59.61526493857037,79.89028930664062,103.20333815315692,0.9462073465053754,0.9684200882911682,0.9917109236121561,0.31643066237794437,0.32750996708447044,0.3395982978009659,0.7612898373092979,0.792236864566803,0.8188354344166038,21.901869065780197,21.949047088623047,21.988713400138618,17.81596882936532,21.614208221435547,27.88882197432916
772,0.8159741067495085,-0.2827276289463043,-2.471683480109732e-08,90.0,0.5591774483604769,0.21457768753197526,0.6686024310961183,22.7516,161.99954422738253,0.8103858652924029,0.8145503919903714,0.8184254662428937,-0.28779148225783596,-0.2791172736517775,-0.269859087046534,-0.004968559846310655,0.002305149953770837,0.011069703633014212,88.8537842715989,89.76632690429688,90.51078087185437,0.5529776272934577,0.5635756254196167,0.574888012173579,0.20546557096340046,0.21871120360683122,0.23274386642570047,0.6493124047337921,0.6714034080505371,0.6936053665434476,22.661954879760742,22.72934913635254,22.801798988326013,160.0184478887772,162.51669311523438,165.33722397006736
773,0.540650748539356,-0.35321149230003357,-3.0878730683525646e-08,90.0,0.4779655687017933,0.13363141373712092,0.482735354342425,22.2828,27.220589307511936,0.5377164269631878,0.5406396121396079,0.5438960974230441,-0.3627013570379119,-0.3521217700630651,-0.341156303444474,-0.012724192073725764,-0.001360327921910711,0.007618809049871849,89.38960411562601,90.11103820800781,91.04260633844764,0.46764035409034715,0.47913187742233276,0.4911495892818582,0.12682065762432823,0.1307280378753178,0.13364481072707374,0.4589337462035699,0.4735182523727417,0.49172035050256535,22.27033097169252,22.299720764160156,22.333348405942935,26.107980728149414,27.613460540771484,28.899089662902824
774,1.391680194687547,-0.13777637481689453,-1.2044793606946769e-08,90.0,0.7578146623222504,0.17249229812957118,0.757958035794446,22.0012,150.53499800539154,1.3884218488670468,1.3916984274809674,1.3942610659239945,-0.14335631034540242,-0.13804051514120552,-0.1318992188742344,-0.0028808751962315347,0.000770647455342468,0.004238657105055791,89.10936628304144,89.8413314819336,90.59627888109648,0.7492271914786401,0.7573938369750977,0.7669193603525793,0.16734567788594695,0.17079277771600043,0.17486747496799693,0.7288546946175424,0.7486846446990967,0.7680904728917953,21.986024382910937,22.007434844970703,22.02727067593959,148.72162593629955,151.3516845703125,153.83242646804158
775,0.7835824058177103,-0.19288289546966553,-1.686235862052854e-08,90.0,0.6766105174003633,0.1853160715950182,0.5515279753954296,22.7815,106.56340365183902,0.7812996022646964,0.7847055488689065,0.7882318877944251,-0.19658685759942487,-0.1883906789331115,-0.18155515653113521,-0.008195576782826522,-0.0009080077560823418,0.006020504201559425,89.0664458453102,90.13739013671875,91.23536716815043,0.6714056611084033,0.6829469799995422,0.6926808141571991,0.1720090978308598,0.17991603951370544,0.1879167105063836,0.5352333029252322,0.5554389953613281,0.5813460557242863,22.762312994976515,22.812271118164062,22.86536669513489,103.89072216160814,105.6436538696289,107.3931328104238
776,0.9723123592282955,-0.18029989302158356,-1.5762317673306825e-08,90.0,0.6944845983399988,0.3629284378377631,0.8119267436518804,22.0524,13.621549912659754,0.9652762502576485,0.9707781110945638,0.9767000510810038,-0.18941291115652253,-0.17793955456666327,-0.16581039347137466,-0.012072525467009685,-0.001763175141511224,0.007895882082024897,88.70524173209552,90.28707885742188,91.98399335410926,0.6813708918505842,0.6978764533996582,0.715429418780563,0.3332670610182226,0.35139014516681977,0.37212547418455955,0.7897250045570177,0.8253962993621826,0.862044781886226,22.00270630832705,22.07834815979004,22.149562727338072,10.516988727446416,15.675088882446289,21.16281629865839
777,1.0524917881016325,-0.3681924343109131,-3.218840660679234e-08,90.0,0.4617826763671703,0.4413764153177727,0.567332076795591,22.3717,22.06972537135092,1.0413790021582643,1.0532365115648814,1.0628239128861634,-0.3960406630179842,-0.37518644983671945,-0.34710819845258595,-0.01755019702101124,-0.0019706813829132334,0.015722331802676924,88.79598670754092,90.150390625,91.36408024674598,0.43260763959092746,0.45431584119796753,0.48465732550548457,0.424674104675605,0.4647287249759014,0.5111326542522291,0.5585022043140593,0.590746283531189,0.6293515563011169,22.1843204498291,22.289627075195312,22.394414013173364,20.359826500523084,24.08428192138672,27.145986756149775
778,0.5105422537373616,-0.15150780975818634,-1.3245233354552965e-08,90.0,0.7368531757499458,0.29654532282245544,0.4780931663294036,21.7984,102.01320235301495,0.5034586026918699,0.5105652958741815,0.5165547612994908,-0.17413384723453892,-0.1483242275941979,-0.1266895936944705,-0.024831498570534974,-0.005158363256983836,0.01580349525933231,86.83140183390829,91.00106811523438,94.57123825733166,0.7025675438604415,0.7412447929382324,0.7750935209570777,0.2826090888550309,0.2953072032551135,0.3050106969704311,0.472717807633836,0.4900396466255188,0.5094744216113554,21.75915658673492,21.803512573242188,21.862947774126596,101.43943014241253,103.40361022949219,104.8242575858506
779,1.1989988903364617,-0.18365027010440826,-1.6055215823485014e-08,90.0,0.6896882828350721,0.4363566164015855,0.7374121127182602,21.8493,103.58492613472707,1.1960904612237389,1.2050141688773026,1.2135495320104273,-0.1981026909173318,-0.18674993982397367,-0.1763006395966359,-0.013013444605238152,-0.0008498285667768145,0.011790859125446479,88.21012501908561,90.1346435546875,91.97631799337914,0.6692567198917725,0.685196042060852,0.699931561320623,0.4095503975547058,0.43256435736672705,0.45306828115308445,0.7034451382393613,0.7338058948516846,0.7665038495254256,21.800242477613857,21.860546112060547,21.929676342649962,99.31007374086732,102.87776184082031,106.09372860639992
780,1.1510227282656011,-0.24918712675571442,-2.1784630988008757e-08,90.0,0.6010411633635853,0.22390408820888036,0.7584898205086641,21.9451,15.11782329616122,1.1463349462125065,1.1527796894747908,1.1573608498819665,-0.2588441031324324,-0.25031042474536547,-0.2423771390353181,-0.003380999464852733,0.0027882481688510487,0.011432677665146478,88.70133941470928,89.68136596679688,90.39549255371094,0.5886763575985765,0.599539041519165,0.6098118428804666,0.21713535737998732,0.22209439871350076,0.22742721949949085,0.7229584543324291,0.7444894313812256,0.7642365649233064,21.918144648217048,21.943086624145508,21.96411811703963,13.885422320593573,16.515880584716797,20.190042334996296
781,0.5277026655863045,-0.25117912888526917,-2.195877613075936e-08,90.0,0.5984921380351376,0.3547252771232513,0.5140242552442225,21.8493,93.321683541079,0.517544566132069,0.5253695321688326,0.534391674986387,-0.2820485152590477,-0.25902624965168913,-0.23335556948474037,-0.028228543024792743,-0.001919184749925231,0.024572344174517636,87.2750320361687,90.20703125,93.23581034297604,0.5599948734413629,0.5881564021110535,0.6214564705723696,0.3314538806487516,0.347873296879713,0.3678975542593275,0.4729508914052906,0.5000302195549011,0.5269027781836665,21.774152633275804,21.85873031616211,21.933370789319675,90.89132064674723,92.6357192993164,94.37028791607577
782,0.5711687787759349,-0.25700467824935913,-2.246806296568593e-08,90.0,0.5910839920713351,0.27888497085779396,0.6569415942197043,22.2824,166.88580726032313,0.5650567850531532,0.5704282317460148,0.574897693173135,-0.264216098723687,-0.2468443457725947,-0.22988236285430028,-0.02286387936608014,-0.007029397541686,0.007059008478762524,89.18246184267497,90.80891418457031,92.71768648543441,0.5814510552603496,0.6036746501922607,0.6259492486919256,0.25619684299873996,0.2693819795462835,0.28216954025137386,0.6200267587678768,0.6491882801055908,0.6769657701219687,22.254376463284984,22.316722869873047,22.377343991035094,163.95020987258863,166.71844482421875,170.1245695949965
783,0.8480128672990186,-0.5567664504051208,-4.8674067443243985e-08,90.0,0.2847142131066841,0.2271854285555134,0.5798354413729496,22.2587,31.360516211848918,0.860102529943552,0.8622948794526133,0.865579491512706,-0.6187148475259795,-0.6129955077948062,-0.6076227021041101,-0.004079933277501241,0.000673769478455957,0.004478239327672956,89.79014788721058,89.96867370605469,90.18980344867326,0.2355475836993328,0.2399284541606903,0.24407137249604768,0.23068632332231337,0.23416341233753063,0.23818429143995837,0.5841687010767528,0.5932999849319458,0.6018718809057271,22.19766561180241,22.216785430908203,22.231483154446657,32.51474317893474,33.41395568847656,34.272430823485976
784,0.8089012787494549,-0.22410361468791962,-1.9591761102333294e-08,90.0,0.6338486108126944,0.20138196172654674,0.4296004906392782,22.2738,92.37763422151642,0.8063426871774675,0.8092024851767154,0.8127670603023645,-0.23892017397072032,-0.2248886158937315,-0.21289206244182862,-0.009182157920713524,0.0005891759223726647,0.00867673825573338,88.9072184228141,89.92464447021484,91.1649061554142,0.6143107156288645,0.6327934861183167,0.6489380471110621,0.19566225636894855,0.2020845205995654,0.21038235119577742,0.4060162305414357,0.4216068387031555,0.4399813639115359,22.225364712337704,22.26891326904297,22.303491958469536,90.65415718273887,91.85577392578125,92.83614341411509
785,0.7622109744229384,-0.03640219569206238,-3.182381025368386e-09,90.0,0.929752760232383,0.29416424217011017,0.38178178399041574,21.9451,110.69157472899835,0.7555509226663727,0.7631067525488018,0.7689846828061886,-0.04791447850781227,-0.03511482189746894,-0.02433418280003334,-0.014799722798229328,-0.0018769516235335598,0.012134780172792202,79.64355290899204,91.56883239746094,101.72604725121057,0.9081336173565154,0.9315111637115479,0.9523063977135492,0.274618784154791,0.29080242859837535,0.30086369240759564,0.3619353170822801,0.377908319234848,0.39563128574441336,21.91048488065917,21.95651626586914,22.025920720246045,110.10384590758423,111.09722900390625,111.98797534029396
786,0.7066913430936681,-0.21145160496234894,-1.8485685870928137e-08,90.0,0.6509120015989736,0.33015146367370213,0.7827183113138929,22.1036,153.02947505600525,0.7009625452946093,0.7069626885287028,0.7113252160909669,-0.22634495810692443,-0.21185702275878543,-0.19630297684173822,-0.014093676045017656,-0.0005921906392665497,0.013819168904468522,88.13058820018955,90.08200073242188,91.92426659059615,0.6308455028360698,0.6502752304077148,0.6717664999644728,0.2995473456014024,0.31692615906568933,0.333330753984175,0.7510180766716962,0.7796918749809265,0.821350251767935,22.077262513039035,22.134553909301758,22.21897919113435,150.349412293916,156.03614807128906,160.75390801488578
787,1.047149137719133,-0.04959455132484436,-4.335693581936084e-09,90.0,0.9054976936014659,0.16995503037976226,0.7183755401205278,22.7344,18.65955741429268,1.044764113011224,1.048695900892492,1.0518657706432826,-0.05681028407672985,-0.050546950447582735,-0.04378408924780299,-0.011451574661945161,-0.004429004363078557,0.0017260397378863418,89.0145355503692,92.50083923339844,96.33270418479427,0.8918358863081,0.9034761786460876,0.9157873558925693,0.16606954093206935,0.17032816639933118,0.17731718391735898,0.6932041472855905,0.7224080562591553,0.7539372376057469,22.690454254965548,22.732919692993164,22.76260171998275,16.456336787666473,19.910205841064453,22.361769107114053
788,1.0001157488148855,-0.22620034217834473,-1.9775061588234166e-08,90.0,0.6310548380136531,0.1682941311776887,0.6247026287714912,22.146,29.25286698774023,0.9962437133063542,1.0036266428936798,1.0119709189597792,-0.23866493475586528,-0.22898334570824555,-0.2177250838666696,-0.0021800810904629747,0.009754770446427304,0.01996989391430505,87.53857870016877,88.77157592773438,90.27090773721574,0.6140707542692635,0.6270009875297546,0.642040675910709,0.16277599117617142,0.16611990336596,0.17030008703016594,0.6042715259561813,0.6227253675460815,0.6462633036047517,22.12857660215231,22.177783966064453,22.224476092701465,27.261266243334894,30.25506591796875,33.946227326053304
789,1.4709441237288785,-0.06801725924015045,-5.946257708444591e-09,90.0,0.8726289091129972,0.35372060778378966,0.8343127390421996,21.698,22.633248807874654,1.4593659823509373,1.4759171750795521,1.4918011524506456,-0.0964829810870637,-0.07580833729926803,-0.057761813107384256,-0.01955133584079076,-0.004551430664824219,0.009232601411359431,86.18877171850393,91.69540405273438,96.30635226914976,0.8214641199069251,0.8587111234664917,0.8905029140653796,0.33006365873743543,0.34304079399826004,0.35970952577657866,0.8039665636674369,0.8352313041687012,0.8774981341075091,21.680919091567468,21.739452362060547,21.79513375460623,20.069859651785723,26.18081283569336,33.01831818359108
790,1.5907730138619047,-0.21076345443725586,-1.842552599384817e-08,90.0,0.651850328888621,0.23112046051308632,0.5727012490638328,22.1213,168.39464545839826,1.5772937113890653,1.5904184400855488,1.6066343371212908,-0.22641601683338755,-0.21298139895352758,-0.20075517246817784,-0.03387125450503291,-0.016258058265399424,0.00020319182027937277,89.96724862184531,92.18185424804688,94.38508888628597,0.6283935701966983,0.6481246948242188,0.6655375361442566,0.21778400370316275,0.22561527559927214,0.23424901077034033,0.5345649801223188,0.5620039701461792,0.5862478283627259,22.10419672882073,22.16424560546875,22.241196802810222,164.11442624316376,167.6207275390625,170.8351011153181
791,0.6225899597748106,-0.11065167933702469,-9.673477130434094e-09,90.0,0.8007445882854383,0.13531288688612828,0.8594913319461193,22.5283,121.26669847793889,0.6111201864842599,0.6212722960048498,0.6296488651198081,-0.1250732240694829,-0.10825122895451711,-0.09179595870638511,-0.027734164615828345,-0.0028472996430127617,0.014809590885096093,85.86891198748751,90.74343872070312,96.59909576058008,0.7760547514929317,0.8041408061981201,0.8317298019346865,0.12817106022134242,0.13335553060022548,0.13835731263743267,0.8404908390306106,0.8843770027160645,0.9294720198819454,22.476211734005098,22.5418701171875,22.60454919948213,112.56195513903371,121.91805267333984,133.2943824389868
792,0.7339724275065413,-0.0994490385055542,-8.694111208740196e-09,90.0,0.81909295524434,0.14640090957983098,0.7950782200985727,22.9448,112.4546914365493,0.7292804987376049,0.7336812442033369,0.7374416033864893,-0.10403020864185189,-0.09467854870163231,-0.0847035763377907,-0.00584925075807422,0.0035901124796534982,0.012599622463551306,86.2315280044243,88.9242172241211,91.79913465717961,0.811410496981642,0.8268674612045288,0.8437949586055751,0.13896962386900533,0.14656689705087708,0.15639072086853312,0.7717439162689171,0.8188109397888184,0.8624608975408149,22.862810729622282,22.936298370361328,22.99825020845585,100.42558342703536,107.77215576171875,115.74226871140698
793,1.405624156202911,-0.28634825348854065,-2.5033360273596372e-08,90.0,0.5547889224291787,0.3719287936714098,0.5831336759527573,20.7783,177.58327945704048,1.399688701605833,1.405224815073989,1.4094034972623388,-0.2975101221767356,-0.28776197840172946,-0.27737998838513683,-0.006153986818982433,-0.0007690626789355349,0.004230840797314432,89.58169464741852,90.07701110839844,90.6110389727562,0.5414105202893614,0.5530629754066467,0.5656995892812557,0.36056126848350456,0.36924398563398164,0.3786521661775042,0.5733539896758324,0.58834308385849,0.6021208774036261,20.758337561128165,20.785255432128906,20.810696539270175,175.09500861239803,176.76095581054688,178.06486995196283
794,0.6757045831437231,-0.06680134683847427,-5.8399591829072506e-09,90.0,0.8747632875682242,0.3550068230794208,0.33624233319538865,21.9516,18.277937389051733,0.6653274476300841,0.6759651729832461,0.6830135866564279,-0.08146839566437405,-0.06083037025626113,-0.040421493402170286,-0.014498693777488102,0.00017836458271365928,0.014190169277928507,81.72645299572349,89.90242004394531,96.43239330508538,0.8490215338740225,0.8849026560783386,0.9204283545066316,0.3335759147093029,0.3499784590356306,0.3644156263600214,0.3200619770202299,0.33672034740448,0.3532614564728807,21.90985735655866,21.966461181640625,22.028244599960825,16.8963487081519,17.970205307006836,19.093607528786208
795,0.8728276733898872,-0.3047304153442383,-2.6640378791853436e-08,90.0,0.5328837066641066,0.3107133609248399,0.5518392094037249,21.8576,86.37498238640013,0.851959311107214,0.8722901031880417,0.8881063359715977,-0.32273226311534503,-0.2864392354961033,-0.2500134232343962,-0.0308712785434605,-0.005386550656847677,0.02274486993652314,87.87661945427269,90.54423522949219,93.32555148112466,0.5119645108606654,0.554326593875885,0.5995909538053973,0.2984123065455999,0.3128417683423538,0.33004987230383487,0.5210691238879626,0.5680352449417114,0.6266096342427177,21.720604177554804,21.83441925048828,21.909270570979476,85.23898785177079,87.30490112304688,89.48079665582362
796,0.5931106118192206,-0.2252197116613388,-1.968933283080787e-08,90.0,0.6323602832211147,0.16577801542802525,0.47729683561602076,22.0012,117.49874293600604,0.5887570097929661,0.5924875265130003,0.5961071310352283,-0.24381288283968197,-0.22569424407607647,-0.20877497316640137,-0.013226548771981605,-0.0033666287816178555,0.0052233406426539135,89.3565056048423,90.42935943603516,91.71215357418791,0.6078776472429284,0.6316133737564087,0.6544845492772917,0.1595875530682304,0.16399249992327553,0.16776984641052073,0.4628278425876523,0.4732164144515991,0.4868097079902304,21.959614317824094,21.993703842163086,22.036827644573975,116.26778770091613,117.69474029541016,119.07603287957267
797,0.9128316795213623,-0.032716650515794754,-2.86018053685666e-09,90.0,0.9366396400462056,0.3096175528160547,0.21680254298883972,21.8576,55.011087871293256,0.9021466860167463,0.9100414077304048,0.9201807378070754,-0.058691414000429654,-0.03113097724175886,-0.005169762029737633,-0.01201713521222764,0.007803063280230154,0.02496569797695929,59.46818405043773,82.68182373046875,117.58818722568668,0.8870052720461523,0.93678879737854,0.9767603578506344,0.2950056222256307,0.30641357524635493,0.3175448826635074,0.2018772710654484,0.21107828617095947,0.21835773907409153,21.79762859290258,21.839834213256836,21.88400317924319,53.96894539123503,54.77097702026367,55.54606770244875
798,0.7247778543310861,-0.22713127732276917,-1.9856447153188128e-08,90.0,0.6298174753839116,0.17290713160755677,0.5872183051793549,22.2988,33.73685685490456,0.7210745746529746,0.726755785007927,0.732015064120927,-0.24312438526655084,-0.23252254509430903,-0.2219990884428956,-0.009477802605795832,0.00218773296018713,0.015764103667795407,88.02119881744306,89.7304458618164,91.15985662617835,0.6085554999318975,0.6226694583892822,0.6366226987954068,0.16561335554523957,0.17122904368230357,0.17802568594407261,0.5578656963086513,0.5861788392066956,0.6167121477460279,22.26086885347566,22.309099197387695,22.355102976600516,32.14343058156604,34.489418029785156,36.91693450588466
799,0.5492773844120988,-0.06363922357559204,-5.563517646578475e-09,90.0,0.8803368267922158,0.2896509234556869,0.8278455866301412,22.4458,165.64187271434633,0.5459935539939378,0.5503349876682924,0.5547814216342508,-0.07793068141442745,-0.05904699054888632,-0.043606839044336904,-0.019792432014612418,0.00019068900693572724,0.018645419538723628,80.87296558498907,89.8939208984375,99.1351089477539,0.8547321684431944,0.8874707221984863,0.9162286845091234,0.26814488915136725,0.2828504178379456,0.3004195528932898,0.7890836068756614,0.8413906097412109,0.8986766932483228,22.41338348388672,22.480323791503906,22.548125910037964,156.71686731901622,165.18389892578125,172.43888294646436
800,1.3714447035763624,-0.42613282799720764,-3.7253716556051586e-08,90.0,0.4023939187804141,0.20826609895077244,0.80812326844932,22.4791,54.45755550126939,1.3126283755866657,1.3860295422884528,1.4808573341491416,-0.46011701773289415,-0.41365659984272246,-0.36137204585602095,-0.0438374593654166,-0.012265952408881713,0.013266749607549465,89.06583486160572,90.84989929199219,92.91855106290534,0.3696257181598002,0.4141152501106262,0.469155497331274,0.1910429601022837,0.20201943141767736,0.2151445618430786,0.7812836083103778,0.8208314180374146,0.8609734309227772,22.396649682328007,22.518016815185547,22.62136917172371,43.37080606978458,55.471954345703125,68.09759410478952
801,0.63271576803592,-0.0674852728843689,-5.8997500218538335e-09,90.0,0.8735621511476072,0.26680926783598996,0.6732822068306739,22.0862,121.15153315127327,0.6268694173469762,0.6328540162217601,0.6388784245378166,-0.08276769435875823,-0.06851407643350849,-0.0497881056837552,-0.006334088819607853,0.008126729048609088,0.02448874742371067,80.40615658910865,86.62368774414062,92.76280757991188,0.845268070006953,0.8702165484428406,0.9049683145056938,0.2531695684176658,0.26218495781792106,0.2722371067226726,0.6538588629419898,0.68183434009552,0.7100723729072372,22.02206445357966,22.07826805114746,22.123358627785535,116.48458439993014,119.46240997314453,122.75954746095314
802,0.6178228484851926,-0.11273480951786041,-9.855590121787827e-09,90.0,0.7973734489562194,0.13083863453016892,0.6428306584309751,22.3616,86.16439872001193,0.6153530453104133,0.6220125818533873,0.6280114554597013,-0.13131277963022564,-0.11743260113485306,-0.09982113590150751,-0.020323115144300134,0.0035911113312880557,0.024230398203909237,83.25959419434695,89.11572265625,94.89876618799393,0.7672426608698673,0.7896528244018555,0.8152850824942431,0.12649415583090196,0.13129174234466628,0.13658153415297233,0.6100029144325767,0.6408162117004395,0.6759780751474552,22.299082170791703,22.36553955078125,22.431328686899857,82.24759361163673,84.66206359863281,87.41329436440425
803,0.6118763727134771,-0.10251355171203613,-8.962019570901703e-09,90.0,0.8140366576218496,0.27175870238177235,0.8259553004095477,22.6917,35.754493087077506,0.6094844995906522,0.6164254395110882,0.624088382069492,-0.13164851799228533,-0.11101412117743474,-0.0851815473638313,-0.024028456821257847,-0.006919230766762555,0.018644507724636206,85.52187699716008,91.80070495605469,96.27678913864646,0.7671623838331436,0.7992745637893677,0.8415392658309291,0.23895107175769373,0.25827756428933996,0.28128489068134654,0.7947983454965163,0.8589789867401123,0.9158833178502669,22.63955478820224,22.751747131347656,22.85689858437487,23.41320198934731,36.961185455322266,52.291472175134324
804,0.6250628991509469,-0.16243866086006165,-1.4200838727163045e-08,90.0,0.7205208804134302,0.34579834202070725,0.5369562810358866,21.9411,106.51913357480566,0.6211947729324867,0.6270656892684792,0.6338837936802451,-0.17912419415341482,-0.15971385427481122,-0.13779188157207017,-0.02218937834770999,-0.0037139937944340477,0.01842014152841591,86.69703315478992,90.65267181396484,94.1050493265093,0.696003729869028,0.724416196346283,0.7577488211897401,0.3207729863559185,0.33911768720973134,0.3529961930532121,0.5100737277051649,0.5396647453308105,0.561742071604258,21.917124090664565,21.97357177734375,22.039652205021607,104.69068262982202,107.05130004882812,109.02690153133112
805,0.7243026863204379,-0.24776606261730194,-2.1660397919731622e-08,90.0,0.6028645600415676,0.21541945568162868,0.6562388324777856,22.8316,37.127245432597384,0.7186017089635884,0.7242512333566331,0.7290705591638177,-0.26955121384440867,-0.24901351131924424,-0.23051362617651452,-0.012333213986686124,-0.0010782165171702362,0.010146767287588046,88.79701249886543,90.12223052978516,91.41262657517231,0.5753150282995181,0.6012026071548462,0.625330523736266,0.19581649060592007,0.20591564632045214,0.2185714445122861,0.6281231909506462,0.6598389148712158,0.6886480747608175,22.788517503110103,22.865367889404297,22.92449952787509,30.05056740743731,33.97284698486328,37.39104779456526
806,0.6513793804497808,-0.13959205150604248,-1.2203524413223477e-08,90.0,0.7550140056879759,0.35400157923742953,0.9521633233758704,21.8921,37.17814264054671,0.6462068043416906,0.6539906325535847,0.6634364154569119,-0.1562076547447151,-0.1411397493735692,-0.12184983651990572,-0.03248368023794489,-0.009395516547374591,0.011207549112301218,87.83589939707443,91.87971496582031,96.45680266264495,0.7295240156467677,0.7515184879302979,0.7808021967634868,0.3273507470719934,0.34508758983813004,0.36426328764717747,0.9248631148539977,0.962166428565979,0.9947904475798018,21.867177132377403,21.93177032470703,21.998878105780133,1.5661514616873715,57.82789611816406,161.31050259591956
807,0.7338151482835475,-0.23748688399791718,-2.0761762087317948e-08,90.0,0.6161787442126526,0.1670980361854342,0.6628005213737305,22.9893,133.13325854617497,0.7295840976633929,0.7330507912360238,0.7375334945769461,-0.2456556349762475,-0.23816950148238175,-0.22999662755696706,-0.00925867152755287,-0.0015822808785796645,0.008255334484847276,88.98939277899777,90.19085693359375,91.12298062630036,0.6055543381643163,0.6152656078338623,0.6260095908075907,0.15691806381832982,0.16360140601865747,0.1724578355033363,0.6294811711069588,0.656079888343811,0.6867743765892222,22.964543791134457,23.02339744567871,23.073745175245445,128.09132477965125,130.9406280517578,134.03997716125656
808,1.1514789622964894,-0.03806513920426369,-3.3277600675063468e-09,90.0,0.9266613672315367,0.08667666746859469,0.6243551042614939,22.6361,132.59559168061003,0.836197752197365,0.8718317453286972,0.899328956293451,0.040497054975144976,0.07097926367543306,0.10571991566705695,0.23939690549714274,0.28402238456395457,0.3299576305078514,35.42319159768244,37.99082946777344,40.652611684674994,0.48759313242324814,0.5470781326293945,0.6032723516476995,0.08487745594066472,0.08996889730920277,0.0942098322634928,0.526195514723361,0.5805209279060364,0.6497181385449117,22.501104718931746,22.608707427978516,22.745279956720747,129.91729736328125,132.01193237304688,134.58348343250972
809,0.5714005974513365,-0.18992766737937927,-1.6604003505449327e-08,90.0,0.6807744378864045,0.15010047751390043,0.5434592232928834,22.2828,94.57156675223034,0.5708950392880087,0.5738719288395007,0.576005337975441,-0.19215535437285153,-0.18191833947476893,-0.17243412504597788,-0.0007649007228405257,0.006777783788712803,0.014675169971949216,87.67166909595205,88.9484634399414,90.11881171041563,0.6774750873035431,0.6918151378631592,0.7053323007608859,0.14448127058342566,0.14850044642937027,0.15311607368171337,0.5339260346894581,0.5519064664840698,0.5655397935642432,22.2526020416389,22.297557830810547,22.334050608104345,93.21729752580934,94.63078308105469,96.00483922188377
810,0.9841056288285215,-0.11096055805683136,-9.700480418928237e-09,90.0,0.8002439328867541,0.11579784568741266,0.41304772227153863,22.2738,70.98100538722021,0.9813640712791425,0.9858141593144847,0.989988703273166,-0.11579600661799486,-0.1084405202921695,-0.0964595502008926,-0.014371126801454647,-0.004955842870141803,0.004553913670352851,88.8253547391244,91.31133270263672,93.8475445328369,0.7924144853484602,0.8040544390678406,0.82342558230908,0.11063051908417058,0.11301635874328658,0.11554222109108254,0.3819802026285815,0.39674556255340576,0.4090489923700859,22.266485927079295,22.291120529174805,22.3141688337379,70.36278663010756,71.484375,72.85473301591881
811,0.6793334734574009,-0.09736035764217377,-8.511512383790887e-09,90.0,0.8225553621374336,0.2513093850064502,0.8010712044966706,22.3777,47.542339898643235,0.6763971706864049,0.6800275679452181,0.6830152514397818,-0.10338225845276434,-0.09287584251951922,-0.08402114924110003,-0.009260104857114433,0.0016513378702281219,0.010781015685206268,86.65734147430769,89.47885131835938,93.07336290283375,0.8124515231833327,0.8300084471702576,0.8447426143378304,0.237775105972087,0.24935128241298216,0.2618095293899446,0.7818769293827721,0.8131648898124695,0.8517053601299788,22.344674984610812,22.39834976196289,22.461142696002288,41.969674160065246,47.205787658691406,53.45970776627689
812,0.8423696263493592,-0.11915674060583115,-1.0417013029950795e-08,90.0,0.7870597799133419,0.37186396268114136,0.6172479188718427,22.8718,82.60878374722665,0.8347428304551535,0.8445327659438726,0.853884111916746,-0.1326559485701869,-0.10897471277978056,-0.0868606553193988,-0.02606430894644868,-0.004046901382652341,0.01686569390322064,85.93661763183023,91.10144805908203,96.86647236852286,0.7642360959830666,0.8029189705848694,0.8400415429337424,0.3392980101236335,0.3823455336876397,0.4411637273059873,0.5652307694639517,0.6317105889320374,0.6913561104063415,22.62940765934621,22.819049835205078,22.987049300231675,75.59360579462964,81.25065612792969,87.24941879323742
813,0.6928747791520091,-0.4217977225780487,-3.6874727271651864e-08,90.0,0.40666985539132916,0.31593261370229736,0.5950386753670671,21.943,91.68867389984162,0.6861571162074123,0.6918493811738059,0.6970975501054854,-0.43485716682985526,-0.4180996046607673,-0.40171444503906434,-0.016320814683980066,0.0005300382808843406,0.013945855088068268,89.04912929267459,89.96343231201172,91.10057261633874,0.3938454062076144,0.41032785177230835,0.42674708922540944,0.29409911916421294,0.3067768582868737,0.3194023753751291,0.5623580328420694,0.5873817801475525,0.6077200844246293,21.910374309835614,21.96495819091797,22.021090851129646,89.31230348114384,91.47941589355469,93.27195533313774
814,0.5909516637032945,-0.5722000002861023,-5.002331349146516e-08,90.0,0.2721027909637077,0.12373735064605787,0.880573911392742,22.7328,158.6218654673856,1.5771259795758639,1.9844641785665,2.327733861775855,-0.5780873098046763,-0.5733742606966294,-0.5639144177946998,0.8129722546579848,0.815968758550534,0.8203878791820826,62.252394284350494,62.54737091064453,62.70307225748175,0.000852897741397962,0.0013577572535723448,0.0026531693760115356,0.1474829256641064,0.15289818625472762,0.1579292463017821,0.7427913633872044,0.7839927673339844,0.8137989918959571,22.276498052752803,22.301746368408203,22.329257284399116,48.45152637023408,54.522430419921875,58.399903967517766
815,0.7712016886128886,-0.11631663143634796,-1.0168722752723625e-08,90.0,0.7916063800986735,0.1507521617361395,0.4564415990961114,22.6111,27.734413125138573,0.768711067426401,0.7718153445848488,0.7747157842831534,-0.11912789446975412,-0.11297830938109693,-0.10693965598595707,-0.004497731251065468,0.00159874983138187,0.007095718358783154,88.13485688263128,89.60286712646484,91.10948655784391,0.7871040571752173,0.7968773245811462,0.8066747597759956,0.1479676598108822,0.1522714976287931,0.15639165586833909,0.4321742832634175,0.4488581418991089,0.465804167822566,22.569740077021724,22.609630584716797,22.643481302774433,25.769964739604383,27.067543029785156,28.15744996904645
816,0.8606091682050807,-0.03439538553357124,-3.00694003030344e-09,90.0,0.9334966356049741,0.19764254105749224,0.6800775295981812,22.5261,55.924844108634176,0.8523367065862502,0.8603952578083391,0.8699898906390985,-0.040127996247667226,-0.027074522305022525,-0.014358992583424426,-0.018314979512429545,-0.0009696130852555951,0.013099833282950082,77.45074891576031,90.94991302490234,113.74170063527927,0.9219036952942338,0.9460800886154175,0.9686274797731813,0.1892972555917158,0.19750604991767245,0.20826082283718403,0.6418892057807132,0.6850391626358032,0.7287060493172159,22.447136851338183,22.521072387695312,22.574777044611036,51.39126364299882,55.034698486328125,58.92847108416098
817,1.0653470914862757,-0.2539316415786743,-2.2199408533651876e-08,90.0,0.5949832956613325,0.3152435419207253,0.5280560584210607,22.146,2.5264712167575754,1.058865469572274,1.064180506958408,1.069767335444029,-0.26004746225598024,-0.25032735742755496,-0.2412282766439722,-0.00020105928212209442,0.006158113779186998,0.012413581395395895,88.56905437164872,89.29544830322266,90.02254797532495,0.5871348772849797,0.5994632244110107,0.6112304820272767,0.3026549776663273,0.3144425156305166,0.3264113688644116,0.495886864904069,0.5127264857292175,0.5316497382324618,22.099026281812133,22.134876251220703,22.180477652186635,1.5764405035537075,2.709969997406006,4.166340831783706
818,1.3576933038296806,-0.13931287825107574,-1.2179119046606957e-08,90.0,0.7554440464669497,0.44806559835497356,0.5682624537320136,22.0942,100.17842402162535,1.3415827253382084,1.356096113876407,1.3684921876823217,-0.15710750537638568,-0.1330561573333141,-0.11692293430703453,-0.02274358285601128,-0.008063853091291491,0.006768851051375672,88.47533097045878,91.724365234375,95.00507631225354,0.7281286954264488,0.7644575834274292,0.7905618223172491,0.4176291532596498,0.4537196451244856,0.49680891228525303,0.5316495296773335,0.5876196622848511,0.6417950027133552,21.992998974010472,22.098154067993164,22.213782020288317,99.3709288339089,103.44020080566406,107.09662462516853
819,0.5675873468779926,-0.10347940027713776,-9.046456916905754e-09,90.0,0.8124488796138492,0.09849308748193565,0.6559532434006976,22.7516,1.2194682093861142,0.5651447904726279,0.567294669277286,0.5697709742103982,-0.10893862868497252,-0.10442664925726877,-0.09893690659323692,-0.006465533423348683,0.00014204496090238134,0.007745928918585587,87.84010402470152,89.96107482910156,91.76114000146838,0.8035199601984995,0.810878574848175,0.8198287065099716,0.0939725748309568,0.09628438734355235,0.09865456534017075,0.6384458619019723,0.6576323509216309,0.6786380973933692,22.744892302553556,22.781661987304688,22.827320046913293,0.23008817309035162,2.591275691986084,4.824835908633562
820,1.1731135699507966,-0.14783284068107605,-1.2923957015686938e-08,90.0,0.7424139864261026,0.17945072514900062,0.7326005074823847,22.7508,4.400372597431557,1.1673582930559911,1.1725039144483382,1.1768487099633396,-0.15522751246996302,-0.1472138463367738,-0.14030183959485612,-0.0034508837953513513,0.0014752149109384756,0.007662702638103363,88.52958921877733,89.71281433105469,90.69810857420194,0.7311963179765019,0.7432969808578491,0.7538896732414128,0.1688875205841593,0.17443854794312708,0.18105997045234618,0.6863472455170624,0.7140469551086426,0.7458334061603284,22.733251834768126,22.771793365478516,22.80222340231489,1.348314939622435,4.620853900909424,7.906959419817583
821,0.6617144018223046,-0.07114298641681671,-6.219517345584791e-09,90.0,0.8671643488902492,0.20562135706517615,0.45423894660735564,22.6416,148.4925333370445,0.6564621529670088,0.6631083916306219,0.6686044222095914,-0.078877813719663,-0.06659618935676836,-0.05392034810229008,-0.014780623051133153,-0.0016507060613236957,0.010375063592577336,85.55307209619262,90.71395111083984,96.53813725104777,0.8536674560394553,0.8748722076416016,0.897568248633751,0.1962503957253102,0.21016124902432187,0.22754048535907506,0.42576191111374395,0.45228493213653564,0.4712412762546272,22.517612913097643,22.620101928710938,22.70701253937582,145.68479910162048,147.80209350585938,149.5463129004364
822,1.7340804463693797,-0.12669824063777924,-1.1076312311786296e-08,90.0,0.7750981829931116,0.34760253454984985,0.625167232900227,21.7472,39.669002932182906,1.7273152158867386,1.7313993908014944,1.737882218303935,-0.1318244557220363,-0.12548111628825181,-0.1204794966661428,-0.0016859799306546018,0.002947579788330909,0.007848880981332396,88.17907391787988,89.32504272460938,90.37937532015692,0.7670263394072838,0.7769744396209717,0.7849108079146141,0.3395229676543754,0.34953160583664866,0.3621403722881228,0.6105347401891148,0.6275916695594788,0.6464346333566684,21.699792006902314,21.735958099365234,21.764598359978475,38.14925286154491,39.69457244873047,41.09369897566547
823,0.9653013718529375,-0.04945975914597511,-4.323909674752713e-09,90.0,0.9057424398623627,0.31576696738175347,0.6348960316344168,21.7472,21.4781618336244,0.9542627548421801,0.9604215882027547,0.965400119844881,-0.0584816757551822,-0.050805279020339295,-0.04222564307300431,-0.00798977093521695,0.0008899125170011456,0.008396921652561404,84.692415842825,89.50042724609375,94.40534897651939,0.8894702596666809,0.9031164646148682,0.9179833686237929,0.3052379892913857,0.3176543837566971,0.32771244461057336,0.6108650508958944,0.6334407329559326,0.6525737242328172,21.70176513586182,21.737154006958008,21.78266716003418,18.906340025544438,21.167131423950195,22.73120633302129
824,0.5544278536353686,-0.13513880968093872,-1.181421005469474e-08,90.0,0.761899063411171,0.21362156957053957,0.6969161843713447,22.5677,14.669517008683721,0.5487532293655508,0.5536489770254177,0.5576781322955888,-0.15281479069074846,-0.1402685076056149,-0.12857314744465853,-0.019306074503467333,-0.002681120630139765,0.011719008103249426,87.51085061805817,90.55026245117188,93.78337179987545,0.734651082617085,0.7537951469421387,0.7721005400487947,0.20182714132358995,0.21076355975312464,0.22067314341890726,0.6744665429482689,0.7114934921264648,0.7442790617337338,22.519498196425904,22.572830200195312,22.64005646495033,12.855418202980797,17.61766815185547,21.97543710646369
825,0.8819610399676533,-0.10703127831220627,-9.356971197860275e-09,90.0,0.8066336823384289,0.4012974636962358,0.9023559359619856,21.8479,100.63887198893906,0.8715689932004319,0.8785229893032042,0.8855647793042539,-0.11761196819694542,-0.10195232435519484,-0.08874501941530433,-0.021246422612434476,-0.00590660118269408,0.006053306556267231,88.32433245592695,91.69957733154297,95.81689950440256,0.7892068263306973,0.8146607279777527,0.8369342868426572,0.38151865240740085,0.40308288622141347,0.4268410440918887,0.8485809736395715,0.8809195756912231,0.9154999264261142,21.75950772983713,21.84087371826172,21.923098871729618,94.48636876889545,104.5997314453125,117.28758002836015
826,1.5069796792409733,-0.11197486519813538,-9.789153487815838e-09,90.0,0.7986018075780635,0.05200025438415052,0.6345982796178649,22.6847,92.48516662478656,1.0929938608553387,1.1725943538677783,1.217326003688278,-0.3070341792041028,-0.26976428061935553,-0.23368193231476206,-0.2346230621201046,-0.19508231414730082,-0.1536521798844702,105.49096184485647,107.9875717163086,109.52487598826362,0.4440079648218168,0.5001767873764038,0.5516630904878743,0.048052790086943215,0.051184631284982914,0.054823725411265234,0.567928627865962,0.6402760744094849,0.7009462300984101,22.55510941967272,22.702545166015625,22.84088459177566,84.88874328490783,91.6438217163086,96.38513819689193
827,0.507734043671239,-0.0844472199678421,-7.382610522910227e-09,90.0,0.8442575690053602,0.1843351896938093,0.6653610993958669,22.8864,146.09119157151943,0.5045978624363114,0.507988945768025,0.5108831529457253,-0.0903847760311305,-0.07918603837419207,-0.06855096801553101,-0.015564319038491268,-0.002379057535723528,0.010284558904657487,86.08010754088144,90.85153198242188,95.96072473606009,0.8342078178653144,0.852950930595398,0.871209566429012,0.17130801966179635,0.18333275097112614,0.194577705623183,0.6254664134233218,0.6597550511360168,0.6972553892180334,22.82364005108213,22.89309310913086,22.975509386158773,140.8287617169831,144.95709228515625,148.1917483740286
828,0.8521287555876218,-0.059467289596796036,-5.198795616223606e-09,90.0,0.8877411504639072,0.44772224076174943,0.3258324108864651,22.4513,0.7142360579620988,0.8380878930125789,0.8563044012544594,0.8715040853489409,-0.10878177114158713,-0.08129305344061773,-0.051870888564727734,-0.016000557136038193,0.002156369068302995,0.02048764518029257,83.25243344066229,89.23381042480469,96.55188269799308,0.8028389971188572,0.8487780094146729,0.9004747196447266,0.4099926172462087,0.44502375494937396,0.49211429838088633,0.2889498526200818,0.3163793683052063,0.3426124841265726,22.312609392227216,22.448400497436523,22.561306127467642,0.025607750864553518,0.9554334878921509,179.963485428826
829,0.6585575587747078,-0.16138166189193726,-1.4108432644377444e-08,90.0,0.7220867669147474,0.07759242682185974,0.7518531942786368,22.6638,96.35644805744444,0.6571010637135442,0.6598830132420395,0.6625950996264922,-0.17059100596631346,-0.16473762689746713,-0.15980875930075136,-0.013287118077336664,-0.0028638472472815634,0.004906523253912981,89.1468379852782,90.49512481689453,92.29071796938508,0.7085110706841632,0.7170063257217407,0.7244054373426047,0.07387362343071527,0.07583235286225672,0.07815023171723604,0.7282696691749624,0.7546863555908203,0.7845724496991514,22.625188924591612,22.67062759399414,22.714464882867105,94.1023848535751,97.38632202148438,101.70484313657605
830,0.6870979817111668,-0.07267867773771286,-6.3537717309714026e-09,90.0,0.8644912361110622,0.38721693634356324,0.5640519710679173,21.8686,93.49566821212375,0.6821157291887674,0.6898288407530238,0.6967268079279694,-0.09283370376243003,-0.07273331883982362,-0.04515048816393577,-0.025145494833121368,-0.008219053895683693,0.011736517129611284,85.24886868908212,93.21971893310547,100.27868042305045,0.8295859773601103,0.8628597855567932,0.9135254670902213,0.3601919170599898,0.38525017077494184,0.4112975565364176,0.5463578035302835,0.5763739347457886,0.6084661432499983,21.81538530222848,21.90329360961914,21.997147210408098,92.20265998677515,95.15016174316406,97.44836827785292
831,1.0595469446007855,-0.23535358905792236,-2.0575264159106155e-08,90.0,0.6189696673055824,0.1877332553175531,0.6928313544103792,22.7516,48.34346111336695,1.0560583631605776,1.0591419196903042,1.062462033395016,-0.24219806543142033,-0.23682742806724177,-0.2316491434226468,-0.005843877265800972,-0.0012246321066673859,0.004242246527999491,89.48572912372498,90.14796447753906,90.70173255947205,0.6100327310067014,0.6170202493667603,0.6237972780135778,0.17837641232795806,0.18363477429182068,0.19036893101607996,0.6709583973579433,0.6902514100074768,0.7165963070197038,22.733004118029715,22.769031524658203,22.807827569022024,45.50007317299343,47.94329071044922,50.88638877729636
832,0.895000788777795,-0.47617459297180176,-4.162850331113077e-08,90.0,0.35485327892249097,0.14459365628897286,0.8213657103328492,22.9586,55.25546772480948,0.8935740959529643,0.896585314052653,0.8991536161987302,-0.48838264734233167,-0.4790371507946217,-0.47033116628177035,-0.009833274532870596,-0.0026822376350415433,0.0044928255106833894,89.73063549787055,90.16024780273438,90.58424189930032,0.3437358672888102,0.35221707820892334,0.36023020333817524,0.14056726834744832,0.14539367227768343,0.15118941509793835,0.7883402976007873,0.8142843246459961,0.8479044374978298,22.926150261724178,22.961074829101562,23.00241264918556,46.329009701140016,53.322174072265625,61.73735973336251
833,0.5150969224643276,-0.16450469195842743,-1.4381456914236423e-08,90.0,0.7174683873100516,0.15314502485925593,0.6031507917621872,22.2345,15.400725215097104,0.5074873169608812,0.5126466581483238,0.5179011984340737,-0.19042553000073284,-0.16811421341474414,-0.15076272010029018,-0.02323932917506462,-0.0007219056400778534,0.018669020062819716,86.89412726168607,90.11953735351562,93.9069994101261,0.6793868171409614,0.7119066715240479,0.7379736665507317,0.14853151055816358,0.1526454725538586,0.1564682343607818,0.5885268886476515,0.610896110534668,0.638821639892617,22.17185979653031,22.21548843383789,22.271593826152237,12.392183841762165,15.043697357177734,18.160549778081602
834,0.6039584013674268,-0.12488426268100739,-1.0917728943127258e-08,90.0,0.7779606942237073,0.20591997276071392,0.9519829103253334,21.9451,92.88325848666054,0.6021824803261256,0.6071014091717759,0.6144636662430875,-0.1516583888991942,-0.13289552781582487,-0.11928541410585956,-0.009567611096206196,0.007039194058531872,0.02386631918115125,85.01459812813398,88.4875717163086,92.11149386255428,0.7347865802627869,0.764426589012146,0.786366368322878,0.19305082799797174,0.2001274624349022,0.20590499671754967,0.9175508258649809,0.9512358903884888,0.9819285198121155,21.92789077758789,21.971561431884766,22.027206772637815,62.530029296875,89.81346893310547,109.13856451007142
835,1.029925264011697,-0.20476292073726654,-1.7900942950177523e-08,90.0,0.6600776544259324,0.1467787974959765,0.6145563097339131,21.9451,159.91669452819613,1.0240547197174121,1.0317186277162467,1.0378103325097197,-0.21649133846605492,-0.20432731462031445,-0.1908029143056549,-0.011560005875398169,0.0008701771998674366,0.01799661570405171,87.57587855475346,89.87297058105469,91.69506902669606,0.6438967802822542,0.6605463027954102,0.679493143034266,0.14120251366749415,0.14493462347605193,0.14839895296459113,0.5872389655994922,0.6076110601425171,0.6288543740677918,21.903044327965496,21.941730499267578,21.97531100878923,158.40081071687797,160.18234252929688,162.30558305405756
836,0.6830714789710105,-0.5020071268081665,-4.3886856815333886e-08,90.0,0.331551628770845,0.43571276239498735,0.7025576293029935,21.566,120.81561596110392,0.6769291632797323,0.6829875280797443,0.6893249852174238,-0.5306121752845213,-0.49991901594515836,-0.4802229844161208,-0.022988965795379235,-0.003975295327565971,0.016143063253890092,89.0582186346282,90.22786712646484,91.29517244902772,0.3066651523113251,0.3333355188369751,0.35111826427751525,0.40760832387456347,0.42535197888336695,0.4410584479948079,0.6464086990798201,0.676520586013794,0.7034558224760186,21.547439323127456,21.596908569335938,21.646855489221217,117.66431525466808,120.76083374023438,123.61102623962338
837,0.8532647469686709,-0.18765024840831757,-1.640490587817567e-08,90.0,0.6839974651898626,0.522806201454826,0.782332168432775,21.4705,23.074406670368962,0.8369142460452427,0.8533050506068616,0.8656460550038068,-0.21257684358188417,-0.1789133597618376,-0.153094722034397,-0.021484434284634882,-0.0009631495653115371,0.025792700043896017,85.78640521286029,90.15298461914062,93.40909320421285,0.6492093485668865,0.69623863697052,0.7342513763962446,0.49028489541451414,0.5313699718296845,0.5676076370213331,0.7304367966023299,0.7766908407211304,0.8293671633599159,21.368511971999972,21.454647064208984,21.577073705425317,14.31003377388359,20.401344299316406,27.862625158098883
838,1.0389996678766595,-0.18071573972702026,-1.579867259238199e-08,90.0,0.6938878065536818,0.3019956126357683,0.7531313690605057,22.3616,11.379762762289296,1.0340745835538854,1.0395066751687811,1.0445891235706037,-0.20083497950164939,-0.18931158493163958,-0.17904534372829367,-0.012500871377905072,-0.0034312244064250716,0.007006709643400768,88.90383911132812,90.52051544189453,91.89479389495006,0.6653079810688701,0.6816088557243347,0.6962421382981511,0.2772637786028405,0.2937049873722749,0.30656354637025524,0.7410487617454885,0.7698718309402466,0.8080354019903351,22.328522858548563,22.388282775878906,22.46129022821286,5.250494135636126,9.889178276062012,14.499217664847487
839,1.0638295866642442,-0.35925373435020447,-3.140695881143074e-08,90.0,0.4713956244249855,0.4536707343835249,0.8356657142190187,21.8869,157.99119051308838,1.0533485216915617,1.0668222475749563,1.0818689166291091,-0.3927954904225533,-0.3666145565652861,-0.3421445687843943,-0.016135959416784112,0.00046672944779383634,0.016799429307702375,88.6948919003195,89.96351623535156,91.22668812244135,0.435948645627834,0.4633631408214569,0.49012497174704256,0.42060710576239735,0.4419266341432522,0.4663415201127543,0.8078261750448086,0.8561009168624878,0.908365901568536,21.86409398198852,21.93130111694336,22.001744240723255,151.15812896329248,161.8963623046875,172.68613036044948
840,1.774883333891736,-0.10368940234184265,-9.064815564840956e-09,90.0,0.8121040217954587,0.275933847974619,0.7739866110383673,22.0073,178.14611551563934,1.7699863358639518,1.7744405193484005,1.7808656645310579,-0.1106773165220203,-0.10401908736258617,-0.09741114186038717,-0.00313021949695645,0.0013231296171781147,0.0053476249746832105,88.58105725962572,89.6380615234375,90.87436341300155,0.8006988564570319,0.8115373849868774,0.8224693232106394,0.26528890255246396,0.275369870870667,0.28411190433184785,0.7657195808686084,0.7922601699829102,0.8197269540820203,21.978418583770015,22.011795043945312,22.05279272656418,0.025243662575416784,177.82472229003906,179.9706893371716
841,1.1511646304356982,-0.3339013159275055,-2.9190580619342654e-08,90.0,0.499361295693564,0.6023695850586813,0.7505781965192244,21.1258,98.46673615423364,1.1334013473574571,1.145039415214213,1.156068120882386,-0.3597515513074538,-0.33918777803254674,-0.31775596657248667,-0.018884988917975732,0.0005772168793508388,0.01792684203233978,88.45652577351112,89.95063781738281,91.5595989669646,0.47067239090905366,0.49335962533950806,0.5176320494229661,0.5717091873010439,0.6008500027774446,0.6239587291264896,0.7271841882504468,0.7575908899307251,0.783826952348927,21.061131622629716,21.10713005065918,21.16987846067028,95.12666274500748,99.08842468261719,103.28249318759951
842,1.4170443286968104,-0.18560458719730377,-1.622606760065537e-08,90.0,0.6869030538843552,0.42476590483338117,0.44604332688477677,22.0351,176.82903851011122,1.4119540990824815,1.4198677096295351,1.425584391933227,-0.19542387005601872,-0.18759501795627054,-0.17805059082117822,-0.003462460290348948,0.0021653391988430046,0.008470445133806813,88.69695640295487,89.6743392944336,90.52251725622605,0.6730040653972413,0.6840544939041138,0.6976838825518139,0.4091797493409074,0.4273313616151886,0.44780816272742796,0.41938819075971895,0.4406540095806122,0.4566821570049584,21.961204694161108,22.019086837768555,22.073373794555664,174.78846905428495,176.15875244140625,177.41747727081614
843,1.630666490142979,-0.06552695482969284,-5.728548302386116e-09,90.0,0.8770055364361893,0.22860213980369623,0.6324472450441626,22.7973,167.5426485083475,1.6266673837668568,1.6294284291544847,1.632124852878044,-0.06847588719123032,-0.06501718842204261,-0.061804233494954744,-0.0027343419589325336,9.987847124818614e-05,0.002889369715005109,88.75334684050127,89.95686340332031,91.21469701066114,0.8718241617951389,0.8778978586196899,0.8835755947216388,0.2185906596274357,0.22752118406647182,0.23518901501704792,0.6055046270521653,0.6250965595245361,0.6494504303708962,22.750714456176066,22.789505004882812,22.834117149434842,164.80792859634116,166.53260803222656,168.07806293097107
844,1.3284357883335383,-0.22854368388652802,-1.997992349345168e-08,90.0,0.6279437336173406,0.17289392249974875,0.40035428338572454,22.6404,7.580523684611493,1.3264968988849535,1.3288576095067786,1.331624792040248,-0.23447953868759797,-0.2299097088457092,-0.2271161708804763,-0.003263498731529907,-0.0006623208772547351,0.0018723630161655632,89.76540470064958,90.08262634277344,90.40657346640711,0.6201130503805795,0.6261281371116638,0.6298360066855268,0.16835130939516527,0.17237334829435003,0.17839791589176826,0.38826465606689453,0.400285005569458,0.4098468462442852,22.61604957219216,22.646503448486328,22.678384111395562,6.916779574716716,7.833666801452637,8.488808104793453
845,0.9581021909581643,-0.05608268454670906,-4.902903860681818e-09,90.0,0.8937911083124572,0.4626927068743431,0.5290060065541233,21.8869,48.60303592626279,0.9533503095659651,0.9629169892813472,0.9728639042759191,-0.06821388348834688,-0.052743112108400055,-0.03755551647481191,-0.019232317788668365,-0.005842152774852545,0.010333035732964619,84.85284507032205,93.19651794433594,100.01116413413394,0.871654814187523,0.8989230394363403,0.9266114597551345,0.4363984183004187,0.472191082338,0.5092035635952831,0.5102199943407828,0.5315666198730469,0.5596898321130238,21.773167917594574,21.869373321533203,21.973663086849587,45.2886966564251,47.250465393066406,49.69485083359256
846,0.5891629576848552,-0.15338338911533356,-1.3409201748970645e-08,90.0,0.7340287870094624,0.17069695302319002,0.44890457379935533,22.6361,122.14362439299302,0.5865485158015769,0.5890655992336564,0.5912334723931446,-0.16170575718112704,-0.15404439204964032,-0.14673257399456507,-0.011647179408005628,-0.0024035792088823696,0.00570895046824482,88.91875415819416,90.4461669921875,92.1043721286409,0.7215790133805785,0.7329361438751221,0.7440630831937912,0.1569511978682522,0.1638070769776093,0.1702273946932357,0.4263867635686867,0.4431857466697693,0.4635783813747814,22.643775939941406,22.688278198242188,22.741907962669888,120.90755708294091,122.51533508300781,123.87009959613032
847,0.6515847691945905,-0.2386452853679657,-2.0863033967088995e-08,90.0,0.614667269276215,0.42931675032422273,0.36333679106566386,21.9545,157.94879531623647,0.646268128703897,0.6556736335809074,0.6672861930275078,-0.26588015543091675,-0.24202199644149414,-0.22288599976132428,-0.016333896868515205,0.0048059471683338136,0.02565128713200583,87.02811841027014,89.44528198242188,92.01774667746908,0.5793349003882904,0.6101328134536743,0.6353657519607654,0.3998036197335803,0.4301355651935106,0.4598189078075584,0.3444140403810883,0.36963558197021484,0.396794294839488,21.86870092318732,21.960506439208984,22.05547586934963,155.62284987369793,157.389404296875,159.18184031270013
848,0.8276291579920729,-0.1526903510093689,-1.3348614658070801e-08,90.0,0.7350713530104604,0.18842825782233819,0.7279574100298745,22.8826,91.38235547867444,0.8250225613043126,0.8279950865818502,0.830178598576888,-0.15701472089305077,-0.14968664465907505,-0.1422467180109186,-0.009508979030909297,-0.0023631758966919177,0.0043107033212016685,89.18771101300858,90.44906616210938,91.84909131662988,0.7285853311491818,0.7395505309104919,0.7508640351528426,0.18377250367343628,0.19163283906905737,0.2011155648098968,0.6953253827147828,0.7191932201385498,0.7454714879149541,22.807752871682407,22.859268188476562,22.91560725771083,86.70021049975294,90.23672485351562,94.29211237123015
849,0.6559747568716129,-0.16064025461673737,-1.4043616936021408e-08,90.0,0.7231868182502817,0.10278790762742712,0.3457010379519604,21.9451,74.01174521572982,0.6525586867424776,0.6547227922197343,0.6578016834602044,-0.16766459923386312,-0.15613500593537924,-0.14370602014831585,-0.0033033600014183316,0.0065047670001944224,0.01582006853349656,87.11738249164885,88.81602478027344,90.61073229532361,0.7125933776341237,0.7296299934387207,0.7486382813365895,0.09895090292733046,0.1009786184947281,0.10314923027341087,0.32640638933207033,0.33716005086898804,0.34895680183744415,21.910450415949537,21.931238174438477,21.95584613956745,73.09777144193242,73.74774169921875,74.37738750430842
850,1.3431193266823978,-0.08204019069671631,-7.172181071268824e-09,90.0,0.8483601725802927,0.3396403438117711,0.28349083997842983,22.4619,31.55271266125052,1.3358177564601743,1.3419584918021705,1.34780786093203,-0.08335884685924198,-0.0767059887804904,-0.07207486923956702,-0.006638239812616963,0.0010293801577968696,0.008121420424636159,86.80175742294773,89.61972045898438,92.36612327779953,0.8460322017727814,0.8574169874191284,0.8650821041515823,0.3188392466946457,0.3361341237070095,0.35146386007905517,0.2706493246432793,0.2844282388687134,0.297205909204728,22.42263398088774,22.485939025878906,22.557373327216446,30.59087909030197,31.426651000976562,32.11344376364163
851,0.8274511480491656,-0.025392064824700356,-2.219844752460176e-09,90.0,0.9504734504047311,0.07169816795056343,0.6183462075943114,22.6361,178.51426446568834,0.8247870175729696,0.8262751370227774,0.8278247773265014,-0.029168745522565265,-0.024943523105371918,-0.020144713960675787,-0.005678711353533641,-0.0015035319634344436,0.0028810176468666146,86.49147343508879,91.69332885742188,96.19230139868121,0.9429417603962253,0.9511648416519165,0.9601747384112819,0.06935381292345238,0.07086033420740205,0.07230644288927131,0.5915993267542332,0.6092379093170166,0.627692956513146,22.61826203800892,22.642894744873047,22.662524849497082,0.2367641724938176,178.39901733398438,179.84119566250567
852,0.5181291711153498,-0.22996293008327484,-2.0103998465970108e-08,90.0,0.6260652581069921,0.08415124713370875,0.834365544277655,22.0012,84.39018273871469,0.5166727872862235,0.5184037872873518,0.5199423200274712,-0.23423244623285525,-0.22825017234137482,-0.2225285332744345,-0.0048432516970558165,-8.175696156563396e-06,0.004656212804896904,89.42297066162313,90.00102233886719,90.61143271150374,0.6204285028596765,0.6283199787139893,0.635941802217444,0.08137251128425303,0.08293679271789019,0.08439457910980175,0.801407304510573,0.8264052867889404,0.8433160435730592,21.9827804484648,22.007625579833984,22.026569728556076,79.86411322951113,83.23129272460938,87.78451025402983
853,1.1987861688414876,-0.1918039321899414,-1.6768032295999546e-08,90.0,0.6781283807515213,0.22087982649043725,0.6462384669100526,22.9283,91.18415395604076,1.1892726606770319,1.195486225637354,1.201308619839286,-0.19956940150318359,-0.19076569435095866,-0.18302586195616066,-0.010664528477959697,-0.0026704720722015556,0.005696733564995771,89.14892366161347,90.40203857421875,91.61472101814816,0.6672439077964469,0.6795282363891602,0.6905265244859922,0.20760727947894478,0.21929693864393943,0.23332517279598255,0.6152290671246669,0.6480178833007812,0.6824723103349584,22.860492693342646,22.927871704101562,22.983138628743735,88.64125708026839,91.60188293457031,94.50267284809969
854,0.7980747415065699,-0.1601589173078537,-1.4001536818852856e-08,90.0,0.7239017545255895,0.2203379530691536,0.48723909760972073,22.3558,38.101245704945136,0.7914153839494753,0.7959535049418502,0.8001007137154686,-0.17600149025768447,-0.16842021235608962,-0.1589707450178365,-0.0002595654923233807,0.008272140132037122,0.019047859878167074,86.71023220991599,88.59026336669922,90.04486106267676,0.7004791800928164,0.7115041017532349,0.7250201439424531,0.20966637295863938,0.22082958656535107,0.2307613790076814,0.4708116151861769,0.4938369393348694,0.5120743330039335,22.308728540666586,22.352500915527344,22.405195236206055,37.526835872949434,38.88514709472656,40.415978946721154
855,0.6276640136867699,-0.3785175085067749,-3.309105167659254e-08,90.0,0.4508339364068239,0.3810195988052047,0.6393114125122167,22.1897,40.33929367989752,0.6103399268846927,0.6212622302766083,0.6355691748220138,-0.410009692349078,-0.37567130250692427,-0.3491558261193629,-0.01279234632906703,0.016423469269944785,0.04655939428502621,86.47814516243281,88.75386047363281,90.98394460779711,0.417876914927113,0.4531514346599579,0.48187406042033026,0.3499401732313253,0.37781685037727747,0.40608072518957855,0.5921442452543741,0.6333814263343811,0.6749414692883913,22.0890233893781,22.184181213378906,22.27774868459383,34.525234316205854,39.13140106201172,43.1099937204485
856,0.6416285223908688,-0.5245147347450256,-4.58545343917649e-08,90.0,0.311892842385843,0.21057546817268313,0.8044776254690771,22.0012,142.35941514796846,0.6387922794111395,0.6420829046400208,0.6453698857758631,-0.5377923106764333,-0.5269580028706573,-0.5177506340424949,-0.009453901294418966,-0.0005692007341290299,0.008124588429641852,89.55915200215345,90.0308609008789,90.51405151628165,0.3005637294970473,0.30978941917419434,0.31772528488515017,0.20425364387240416,0.21037648083412075,0.21589060458138165,0.7884544830172252,0.8091948628425598,0.8313726782798767,21.96504691550878,21.999366760253906,22.03010504820494,137.18498209224,140.70628356933594,144.68939214006764
857,0.5368574741560097,-0.3150619566440582,-2.7543590519485406e-08,90.0,0.5208409028598523,0.23637264370410682,0.7080668319738311,22.1231,46.63688211616602,0.5314371309098945,0.5350975553042927,0.5387273063473572,-0.3211442018275246,-0.30896873883005244,-0.29635834899859476,-0.008998395949791274,0.00397370963061441,0.016480802475832702,88.5039208698692,89.63028717041016,90.81723823542214,0.5137485773909393,0.5279005765914917,0.5427822886216498,0.22110175377474098,0.23073470595805734,0.23820839091941112,0.6743718125128185,0.7047597169876099,0.7315541404940554,22.105842581492713,22.146501541137695,22.201871647998423,42.7626234095913,45.55864715576172,48.10697041383552
858,0.7546968827874939,-0.10720517486333847,-9.372174147870282e-09,90.0,0.8063499340888522,0.2283076922108471,0.7333168905981198,22.9206,145.76483402400567,0.7464067894913875,0.7538792745726253,0.7617584082443413,-0.12473208450554182,-0.11085135753596748,-0.09703672011488675,-0.024128876531982472,-0.009460582829000811,0.0036686970974102616,89.08831976700925,92.40790557861328,96.19350999730563,0.7777022831116183,0.7995575666427612,0.8210182893144122,0.20951612069707612,0.22964148425069808,0.2480372540301346,0.6891624341513022,0.7363607287406921,0.7821420239497439,22.86388772239544,22.954801559448242,23.076993850900717,134.66839285145255,142.02456665039062,147.2702907576405
859,1.1746541606361678,-0.13627313077449799,-1.191337517525426e-08,90.0,0.7601401947809228,0.1863705004720059,0.5962187359740836,22.4493,137.01663970985248,1.170494065014555,1.1743037407094106,1.1778011901748824,-0.14200369059617146,-0.13772475805684792,-0.1312695037289194,-0.005079483538437758,-9.663343829742415e-05,0.005585193245401528,88.81162867372468,90.01994323730469,91.06214205768799,0.7512990822517556,0.7578714489936829,0.7678910158270074,0.1767328280009892,0.18158136643111988,0.1871028567871598,0.5779675152964557,0.5935436487197876,0.6098219393413978,22.42787815895545,22.462451934814453,22.488564939210498,134.9836281317318,137.01571655273438,138.8684830109531
860,0.740987138643992,-0.30485987663269043,-2.6651697737634095e-08,90.0,0.5327316132736986,0.06628762240222602,0.4864367055835346,22.146,64.38846902148212,0.7244594195377434,0.7394075720855797,0.757490948504192,-0.23064831397097627,-0.1413204247354617,-0.04968087496183143,-0.3265685142114511,-0.28030587492477255,-0.23033065666316474,116.76298888973771,121.75807189941406,128.99354091244442,0.42877612859075054,0.5216750502586365,0.6165738298797074,0.06770246353237734,0.07104724616776903,0.0740972185909333,0.3728028853468661,0.3881678879261017,0.40326814856545795,21.852899875540764,21.925514221191406,22.009929683655933,67.84965635704857,70.679443359375,73.27625127270967
861,0.5420215057754918,-0.2504033148288727,-2.189095305027422e-08,90.0,0.5994839297946561,0.23866227663845815,0.5547435138819681,22.2501,137.7869241491611,0.5392239255094752,0.5434204844457293,0.547038508569391,-0.25736131251413275,-0.24337681431522118,-0.23067288658252308,-0.01397665671994927,-0.0011660379337375603,0.009591042590806625,88.87009699647025,90.13925170898438,91.65366201957488,0.5905367346230629,0.608469545841217,0.6251180592445402,0.22271842586281426,0.23485188684808633,0.2433137420876074,0.5159755069871361,0.5428906679153442,0.5629956083643266,22.22999313698487,22.276859283447266,22.34888342505193,135.80723890277375,137.98150634765625,139.73889191002198
862,0.9302300824973142,-0.09835530817508698,-8.59849436096738e-09,90.0,0.8209043895077163,0.224813958113344,0.848969972922192,22.3044,135.72064617576117,0.9266959435027524,0.92986867842014,0.9331849355861683,-0.10394863972527932,-0.09775104866960951,-0.09279735790002525,-0.004123457471320731,0.0016601782765861888,0.00796678149653397,87.71209203867451,89.50904846191406,91.1899210772133,0.811628858297585,0.8218358159065247,0.8300715780808616,0.2175662944395803,0.2238824230414956,0.23225316170979088,0.8166191158538527,0.8469866514205933,0.8697003038634927,22.267311649012846,22.31439971923828,22.357525343199164,130.88771000308375,136.0215301513672,142.47932666773156
863,1.246729972761553,-0.004434818867594004,-3.877041743205467e-10,90.0,0.9911695234003535,0.13128183745962455,0.9248098874485913,22.9537,98.53396215214629,1.241154522474668,1.2504980336200298,1.263576552141729,-0.03135933073779526,-0.006880672700374728,0.015571849612105218,-0.007774437672026428,0.006633045092305162,0.026320208566393957,2.9302207475743574,68.08584594726562,169.64086951126328,0.932051033471571,0.9773186445236206,0.9978311149965857,0.1244612520265113,0.1297403613202324,0.1356210562482381,0.883432384095217,0.9329198598861694,0.9914329394409885,22.91258543743707,22.966140747070312,23.021040324030626,76.96632141201998,97.19064331054688,128.07165348388077
864,1.433191843741609,-0.11749213188886642,-1.0271488548596608e-08,90.0,0.7897217694702949,0.5725526589438653,0.6070295579233973,21.3298,61.7080045977361,1.4193685625007406,1.4291482847706494,1.4392827797082286,-0.136909812950341,-0.1225384072881125,-0.10742322884976771,-0.01608363972655333,-0.002302204666257415,0.014210076009352953,86.5402976540096,90.53470611572266,93.84525312972937,0.7590771877856566,0.7815625071525574,0.805920498010562,0.5293637312831067,0.5694244602901448,0.6233952673150176,0.5722488758942892,0.6131890416145325,0.6567894003586237,21.210221876289204,21.327251434326172,21.442056177054837,55.56273654944357,59.36276626586914,63.1441451669037
865,1.3328153383788908,-0.07675695419311523,-6.710306088564266e-09,90.0,0.8574293763003792,0.15136657691119046,0.7147697586745403,21.9451,54.943975214423524,1.327835521432397,1.3334863878802803,1.339970582845992,-0.08865031929754968,-0.0797664714934101,-0.07125855048668142,-0.005071229573259075,0.002458275219225829,0.00967886051866135,86.26032199152858,89.08433532714844,91.70746602190529,0.8370337902962838,0.8521616458892822,0.8666004028674359,0.14695844475431974,0.1505055155525744,0.1532988321374693,0.6959208415126782,0.714331865310669,0.7339258332084095,21.912726091578666,21.935287475585938,21.964029382009418,51.08082200245655,53.494895935058594,56.541401507764064
866,1.5243020128728693,-0.11785809695720673,-1.0303482511631046e-08,90.0,0.7891358523763098,0.931426472351755,0.46325753606083575,21.0969,93.84118433017275,1.5133183322939856,1.5347039890941816,1.5545438290947349,-0.1313484382292236,-0.10382710004191373,-0.0737725874824799,-0.01354622743498493,0.0018239205685434785,0.01842752947320119,84.31066137314323,89.50729370117188,93.93586256867152,0.7675862327361048,0.8113874197006226,0.86086916005578,0.8844531074530585,0.9549761171220312,1.056012552851608,0.43980237104808567,0.4690518379211426,0.5017358678349817,20.908503960230547,21.07737922668457,21.19249708250407,91.42939097728593,93.896240234375,96.29110931297149
867,1.5459375832850957,-0.06337092816829681,-5.540062630871034e-09,90.0,0.8808112439000502,0.30053342308286013,0.828658394239222,22.3717,15.0707913273652,1.5377792870845732,1.5435445761001838,1.5497231940598413,-0.07128099682825206,-0.0652235370130139,-0.05899795867138512,-0.008260640961617025,-0.0011094771135555243,0.006667378776403519,87.10475535329788,90.49827575683594,93.60639123955012,0.8669216281037662,0.8774148225784302,0.8885501698211166,0.2904785166729025,0.3037938559243155,0.3159882229642724,0.8017743244769543,0.8336122035980225,0.8687416452894364,22.316007717690795,22.361343383789062,22.41493437610803,11.572425869884054,16.609512329101562,22.69746068761864
868,0.6702737251473693,-0.18761149048805237,-1.6401516589326093e-08,90.0,0.6840524070498989,0.2616852761457,0.4582563331608238,22.2501,38.89292376835065,0.6661401400469982,0.6706871912356435,0.6743238586500144,-0.20219201198127645,-0.19119820851488617,-0.18319886239730152,-0.014800606981447655,-0.004192407535350525,0.010243247641126418,88.44592885421112,90.62747955322266,92.26109313964844,0.6635397005927967,0.6787967681884766,0.6903237179332733,0.2551640553700359,0.264118075497042,0.2749011660216907,0.43735284932106333,0.45627477765083313,0.4759414519696862,22.18260565021477,22.224641799926758,22.269061307750484,38.958726533850914,40.17869567871094,41.4790361224998
869,0.7530452424143845,-0.54317706823349,-4.7486047094480455e-08,90.0,0.29602752871071436,0.4202782857776448,0.6736080687848318,21.566,101.15448194994177,0.7494935850797301,0.7559901599598446,0.7624616392219261,-0.5651783483063761,-0.5430068161921184,-0.5237807558403564,-0.02361360964387854,-0.008593224355266878,0.007834965213214409,89.59199439919473,90.44770812988281,91.2286198299073,0.2775950595473212,0.2961205542087555,0.31252302759595024,0.3982893865678797,0.41491807404768194,0.4317168408974512,0.6633409405885878,0.6837992668151855,0.7072022180311385,21.52851404710412,21.573741912841797,21.625377248048324,98.90187128709987,101.715576171875,105.25932823705479
870,0.6920534124241309,-0.06514489650726318,-5.695147908824083e-09,90.0,0.8776788051384321,0.3535577226902465,0.6005141880314211,22.2332,63.4110562481663,0.6922447797166627,0.6966693876966481,0.7026391675550732,-0.08488706067632322,-0.07022581746159973,-0.055847623363356885,-0.03737046840129903,-0.020866368488119014,-0.0055793959325880224,92.22906186934624,98.23210906982422,103.90833192295145,0.8368677920500235,0.8638496398925781,0.8887124394734359,0.331153930398536,0.3516535105528109,0.3738426830369662,0.5704075730707483,0.5972782373428345,0.6323206230217521,22.17490203687836,22.246685028076172,22.33724008767645,61.13053373203162,63.780662536621094,66.88154056828618
871,0.7226377122946159,-0.1947082132101059,-1.7021932308125542e-08,90.0,0.6740489304995366,0.28613300541065506,0.7611857111818743,21.7607,25.44666151829002,0.7202281243393494,0.724762163810512,0.7297322849753468,-0.20918439700813568,-0.19357800840875716,-0.17990484155886063,-0.015828179854436696,-0.006535884340066944,0.0066079103094669935,89.04022279648922,90.97785949707031,92.38994911663946,0.6539682984547638,0.6752950549125671,0.6947206781695147,0.27516745838795187,0.28526113252065644,0.2969883454312185,0.74800097912247,0.7688825726509094,0.7916421455824323,21.71055419264488,21.767242431640625,21.811359521951037,20.3971781854522,23.65537452697754,27.273476661366512
872,0.6206988330652177,-0.2846369743347168,-2.4883753724225244e-08,90.0,0.556860058742811,0.1717893484534615,0.5162538227559692,22.4421,7.409231717235237,0.6158759503316178,0.6203335917555678,0.6248236605138155,-0.29549479816448637,-0.2822102246346537,-0.2715169474823994,-0.0054119333668325,0.0014002699063478353,0.009025741480178689,89.08689429998017,89.85762023925781,90.54881831569907,0.5438026596155524,0.55979323387146,0.5729187623785379,0.16279551010760845,0.1704485676191956,0.1805311962969133,0.4975375610059108,0.5210375785827637,0.5497118862192775,22.372271607617503,22.439918518066406,22.492323583240765,5.134148612869514,7.265624523162842,9.570252356923353
873,0.6475063488470278,-0.28026363253593445,-2.450142488896745e-08,90.0,0.5621782528030854,0.40873410278222644,0.4833853051699243,21.4868,46.709082118536195,0.6415389341419403,0.648385525161247,0.6547842071577176,-0.28640352596700075,-0.27182071920622053,-0.2531109173920767,-0.013710030285632177,0.003702840494798312,0.020674490206450225,87.87118273600919,89.60984802246094,91.4931640625,0.5546757356080259,0.5725017786026001,0.5958016228686008,0.38485132847111286,0.4006150196451247,0.42085622544954443,0.460616638061873,0.48087361454963684,0.5017510084080313,21.45730745001727,21.51638412475586,21.563874504874853,44.11223318762229,45.88331985473633,47.442290452237216
874,1.112419466084858,-0.23940150439739227,-2.0929144639580954e-08,90.0,0.6136820852317642,0.07181256838005418,0.7612637455256986,22.5088,151.148377186123,1.110182415794613,1.112543277470184,1.1148564371595124,-0.24288050108904488,-0.23937425395053677,-0.23674664880422802,-0.004747438421372554,-0.0006134031165282265,0.003438402620211773,89.5890464232466,90.07334899902344,90.56894706058971,0.6091597730163474,0.6137171983718872,0.6171308703774864,0.06856099053183527,0.07005546262724953,0.07133002594695505,0.7271769244385159,0.7485160827636719,0.7724680685198613,22.47940596575356,22.50704574584961,22.53613453445625,147.45949501280884,150.31112670898438,152.4733315887781
875,0.7750324080564089,-0.02680760994553566,-2.343595761900019e-09,90.0,0.9477845531191178,0.17774431304135566,0.6408491748412446,21.9451,32.63100227450377,0.770385379258499,0.7744894216141854,0.7776611074600105,-0.038934851952807055,-0.029325365463802044,-0.01988539291555016,-0.010497906914875023,-0.001744418123891834,0.005974343184346071,83.74597242316896,91.7778549194336,100.134264266,0.9244593060412909,0.9425019025802612,0.9609511201189869,0.17362396311566433,0.17784954499800157,0.18366531611793102,0.6141143934720913,0.6337571144104004,0.6517956566688865,21.891513309048854,21.9368839263916,21.974601898235132,30.44327161195062,32.413204193115234,34.52428084373191
876,0.7894745777662187,-0.18009530007839203,-1.5744431536290904e-08,90.0,0.6947783755545678,0.42005350955460524,0.5065426600737675,21.726,116.69628719331175,0.7739004172561823,0.7882959594148856,0.8034120351091877,-0.242681628003276,-0.20215358509948367,-0.17104358398818068,-0.040458047850983794,-0.00041348060024173276,0.04269753834143144,84.24782273853008,90.05655670166016,95.97595109511923,0.6083814512580759,0.6627868413925171,0.7073882198063278,0.39662500021213676,0.42151765188971335,0.45124241094649625,0.4672381391842541,0.49973177909851074,0.5215167733976847,21.64316499013306,21.72085952758789,21.817847195478187,112.2109333572874,114.83419799804688,116.94223618103317
877,0.6281279905432895,-0.13336963951587677,-1.1659544441045e-08,90.0,0.7646493459821913,0.09880275357851814,0.3845031963183868,21.9451,25.513161122049898,0.623316388829346,0.626763389996982,0.629568874177804,-0.14029043407303327,-0.13109243374197632,-0.12025001039651309,-0.005717833935797988,0.0060520876731561726,0.01742340225867853,86.1385751515249,88.69064331054688,91.28222285547389,0.7536262206755671,0.7679324150085449,0.7853109768429204,0.09534507818460035,0.0971216080178135,0.0990090897029019,0.3660794075433259,0.3760322630405426,0.39025408029556274,21.914333479140257,21.93561553955078,21.958256523264684,24.81613833856503,25.57913589477539,26.434180540957076
878,0.8102541080121826,-0.28027570247650146,-2.4502480044930053e-08,90.0,0.562163516595807,0.21194376838123738,0.3515048429647264,22.2738,87.19512710608137,0.8079842407565233,0.8106950156700359,0.813275733345248,-0.29299203319414846,-0.28352368856872995,-0.27326841304018834,-0.00551257285318323,0.0006380376663208235,0.0063303776073423594,89.3650322144681,89.9359130859375,90.55830385680889,0.5467872374528404,0.5581470727920532,0.5707595038808292,0.2063449868501353,0.21293232460054065,0.22184681518463714,0.3372801883152049,0.349115252494812,0.35972629306281567,22.217853909610326,22.265235900878906,22.29955355488935,86.71395853349125,87.54268646240234,88.25550842285156
879,0.8864892235418149,-0.06338534504175186,-5.541322956048589e-09,90.0,0.8807857471547811,0.3828522972218684,0.29181109217652934,21.943,12.802349054680075,0.8812699946729985,0.8872025560605565,0.8928604251709746,-0.0699511148312218,-0.05982445368477878,-0.04941445570432095,-0.007069265688436921,-0.0007426554218196105,0.007231154721755697,86.35635299706206,90.3389663696289,93.49027813184618,0.8691436135612927,0.8869417905807495,0.9057213559700769,0.3609099598654594,0.37836952312953104,0.3933755419693705,0.2741876448922157,0.28648602962493896,0.2994196151351292,21.902023525739953,21.957141876220703,22.018427588025407,11.844352551968024,12.63825511932373,13.462495612498662
880,1.7155845989047154,-0.22348473966121674,-1.953765682571884e-08,90.0,0.6346750725175891,0.25586975423840275,0.8376211012193435,22.4766,105.82456622230649,1.7105434824303418,1.7143136038800222,1.7173364047966513,-0.22836566695979443,-0.22392631055930617,-0.2187351106589136,-0.0038339951168848783,-0.0007174796605656905,0.002603259641680148,89.66295825706932,90.09220886230469,90.48903675331243,0.6281796419602735,0.634081244468689,0.6410422997621943,0.25012211861655687,0.25876647566370414,0.2685148260443555,0.8040787387152786,0.8284422159194946,0.8575481414443465,22.411364913304137,22.454187393188477,22.489929434446893,101.97948445438958,106.84064483642578,111.84271480086059
881,1.124310532229429,-0.10759768635034561,-9.406488921115397e-09,90.0,0.8057098080356517,0.3160456941231305,0.5995186262410737,22.2575,86.9442194077608,1.1171557162439678,1.122528199631461,1.1276869427074991,-0.11528897350181658,-0.1072312472221568,-0.09763486633333555,-0.004065409312236583,0.0026871705760308858,0.012897391818673788,86.51062240718896,89.2739486694336,91.1271307206443,0.7932030610258781,0.8061443567276001,0.8217770359495624,0.29332475862707424,0.31082698793526586,0.3290448280265065,0.5777967288623752,0.6054115295410156,0.6321555292762318,22.217422641475874,22.288806915283203,22.362628867730876,84.52605419484848,86.67811584472656,89.62282241686825
882,1.3998026266004922,-0.1985887736082077,-1.7361182713671042e-08,90.0,0.6686290109248239,0.33486038489194103,0.6622624687453245,22.9858,118.11289578845339,1.38922663994535,1.4003966911898171,1.407960468659855,-0.20667288627769456,-0.19451303446927454,-0.18365376637743203,-0.015074674631424092,-0.00514809594210673,0.00516749761921738,89.24043920857358,90.7679443359375,92.180159142038,0.6571425821697029,0.6740976572036743,0.689419394195627,0.2875399768789759,0.31440672897470123,0.3428524165884905,0.622206412881883,0.6605672836303711,0.7101388508954134,22.95142031517926,23.05051612854004,23.1597115731334,114.7644511790074,119.02113342285156,124.47904001054393
883,1.5920547718975362,-0.03819313645362854,-3.3389500053715437e-09,90.0,0.9264238339476388,0.14818948083591085,0.8811947523848598,21.9451,61.95041299756316,1.5748447909569827,1.5773160581532992,1.5793491166410802,-0.011877337608318933,-0.008463332606665978,-0.004338486577781918,-0.003845319499520271,0.0003298968170534635,0.005251163882864951,72.1614357015932,88.82418823242188,103.80180524579032,0.9763470148287481,0.982867419719696,0.9903998004040648,0.15830465133637628,0.159526289016778,0.1608646852708096,0.8960467820935213,0.9053670167922974,0.9133727654997793,21.76022140664738,21.77066421508789,21.77907258814385,14.4483102487589,18.30194854736328,21.011665003949393
884,0.7656366123463606,-0.34805193543434143,-3.04276674967241e-08,90.0,0.483622378085635,0.19421568803212474,0.567386674080897,22.0524,62.84754597686797,0.7646401729966535,0.7678800673386676,0.7711895142047758,-0.35255680672554196,-0.34299965153541295,-0.33584100114606646,-0.01050681511429916,-0.004749718532878623,0.0014412427772156572,89.8790701147965,90.3979721069336,90.8838261884006,0.47865773994613425,0.48913711309432983,0.49714124226930734,0.18539345873647392,0.19145807119210284,0.1976533714908894,0.5534418078114587,0.5719521641731262,0.5917111806207783,22.033146420638428,22.071544647216797,22.114315825280983,61.473981360975706,62.904632568359375,64.1934145345806
885,1.31282209624884,-0.07990609854459763,-6.985612976961875e-09,90.0,0.8520128719144494,0.6517320309176055,0.7859729922535825,21.1512,140.3942835643502,1.28633136959194,1.307908510609718,1.3273574795717313,-0.0824517004931591,-0.0611777325028402,-0.03548289380563906,-0.026450666289464474,0.0011370556831908746,0.024653735758256395,78.35375755638408,89.43009185791016,100.97891243638443,0.847247652713876,0.8843444585800171,0.9308899855812972,0.6224623825401616,0.6490702724188264,0.6731331059470006,0.7371512962972676,0.7737165689468384,0.8035189350451712,21.09648673782308,21.144853591918945,21.206562834636102,135.0201551686692,139.755615234375,143.9904350231459
886,1.9690726624374209,-0.039601266384124756,-3.4620526445650057e-09,90.0,0.9238145091300529,0.1838065350079058,0.6075687982827798,22.6847,115.4198173050268,1.9671723749518792,1.96923735760591,1.9713226740867482,-0.041933518145529106,-0.040255708068305564,-0.0388191345334729,-0.0010857106882163911,0.0002382759745147691,0.002039380195237154,88.53670394412661,89.831298828125,90.77927033930506,0.9194943271133982,0.9225949048995972,0.925235193613774,0.17663851926397184,0.18022964800136318,0.1845876905834713,0.5933933292582637,0.6052176356315613,0.6209340005680551,22.66747639314556,22.68975067138672,22.714874468287917,113.63039880679156,114.7231216430664,115.89190817692922
887,0.9242065252000632,-0.1719406098127365,-1.50315262459344e-08,90.0,0.7065711121200384,0.17829614734075241,0.6343186633028508,22.6847,110.83123303699416,0.923023137997612,0.9252435054453817,0.9274317073515222,-0.18023647663880527,-0.17337249202476002,-0.16684346859763857,-0.0012750097062693038,0.0030072671624854757,0.006567516348415339,88.91841758612516,89.49786376953125,90.21058638362115,0.6945569536729326,0.7044761776924133,0.713954904671504,0.17385023617311568,0.1799775406858632,0.18381061587590244,0.6285460799171859,0.6487565040588379,0.6705954014453873,22.64402149901896,22.6682071685791,22.70695860143813,109.06672155205327,111.07769775390625,113.35881042480469
888,1.1600724315096513,-0.2156895250082016,-1.8856177064208168e-08,90.0,0.645156893730493,0.693656829004516,0.763809476994551,21.1512,45.03468280866297,1.1492161116759354,1.168398901143986,1.1913832497283718,-0.2586938911654893,-0.23061542290993653,-0.2077532824414726,-0.03147448682651604,-0.007888799940991094,0.018443671638082443,87.82275432462633,90.97274017333984,93.92620609442055,0.5889239799035477,0.6249287128448486,0.6549315465387071,0.6695000488676477,0.6993678144507979,0.7335554985791565,0.7286775086173478,0.7618037462234497,0.7952134282230684,21.068553299874516,21.144695281982422,21.215976261626867,39.29713019867578,44.02216339111328,48.32077406271269
889,1.0958313301805647,-0.1947699934244156,-1.702733420927416e-08,90.0,0.6739623633648216,0.09060670780718229,0.8638888469992628,21.9451,66.14080024634481,0.8341868991918424,0.8767857700125856,0.9107743768071569,-0.23321607422969573,-0.19764155065404587,-0.1631070638840988,-0.25359309731790786,-0.20396410973590834,-0.15419152282479887,107.48294668834404,112.94404602050781,117.87651282015784,0.5123725002629749,0.5572851896286011,0.5896615910067708,0.0891470606595077,0.09292548310746819,0.09707822017729117,0.7795880475072816,0.8352687954902649,0.8913813762290107,21.79879933333943,21.882699966430664,21.986215755494207,53.266500145439814,60.025177001953125,72.65645691440649
890,0.9799837015115334,-0.17361338436603546,-1.5177764822738027e-08,90.0,0.7041387155355945,0.24761796050477491,0.7995832203703879,22.9537,17.181133662337185,0.9725296217848337,0.9793196443488017,0.9858620249675013,-0.18178401381132595,-0.1714869171346481,-0.15974066094897527,-0.013797091318698874,-0.0032173681136107683,0.007139756536969605,88.81056041563856,90.54248046875,92.23595725219052,0.6920451227978933,0.7071437835693359,0.7245029421521596,0.2334089606999118,0.2521655276479555,0.271468644206957,0.7705588492777112,0.8103327751159668,0.8571505026707621,22.83142528843508,22.930572509765625,23.024350814969118,10.192045158349062,17.00510025024414,25.374339933443608
891,1.7059876148193738,-0.0414867103099823,-3.626883460228214e-09,90.0,0.9203317560895155,0.07121395912290576,0.8409569753363131,22.7973,163.1706522118731,1.1726404426953347,1.2101086396226601,1.2444077079142737,0.21451719962286248,0.24035637743857718,0.27081044187111425,-0.2145438435617434,-0.19487142469532379,-0.17577585399893564,158.69277722259181,160.46194458007812,162.14116250796323,0.4944030372412098,0.5277240872383118,0.5591968297958374,0.06932957227302325,0.07405993216927453,0.0785680225855859,0.7962696695721114,0.8878267407417297,0.9802801609039307,22.631655590299186,22.751792907714844,22.89464043087792,2.303318024800326,166.78591918945312,179.67258734258343
892,1.196228314507343,-0.061158888041973114,-5.346679987638936e-09,90.0,0.8847318905885478,0.07501551233527635,0.8658752997519532,21.9451,97.82347342301831,0.8967469976746923,0.9572980538012799,0.9969590702989716,-0.3163246087934172,-0.266536275125765,-0.22304514483178672,0.01857089513232368,0.050660809633908926,0.07485970598431345,81.8233525656202,84.61666870117188,87.71370419943473,0.5125252165449347,0.5733087062835693,0.6322973123043232,0.07220967042692711,0.07666566215894499,0.08139653298475628,0.8355284068086051,0.9041138887405396,0.93665507993864,21.789627351342123,21.90806770324707,22.022635189820026,96.04574572842627,110.32980346679688,142.39368711671582
893,1.0585111175592041,-0.05198527127504349,-4.544696619035449e-09,90.0,0.9011673028707814,0.09817671652040047,0.8962933320842363,21.9451,156.32323860084202,0.70674944127342,0.789242333524926,0.8500998291047684,0.19919662397684249,0.2709637229471521,0.3465975224441644,-0.014486960454502144,0.017470220496594746,0.05192597306115598,0.0364564172652696,1.9833145141601562,179.9079905815613,0.4844151613124477,0.5731425285339355,0.6654637963745935,0.09013699912932108,0.0957622298738094,0.1013756999225709,0.8116347653646828,0.8959693908691406,0.9319367720677362,21.863689101502864,21.969703674316406,22.0989185423323,128.80613419851304,156.38143920898438,169.10432466545728
894,0.7572191737368162,-0.1827126145362854,-1.597324406077405e-08,90.0,0.6910278694100667,0.1576302105960201,0.8151726240511956,21.9451,68.95781002268163,0.7557642293784083,0.7591920463292074,0.7626267070096336,-0.19087115433782859,-0.18393846989381624,-0.17679572514106398,-0.009136984541122389,-0.0020523681440924226,0.006084077292397979,89.05966822232264,90.32077026367188,91.40416366076559,0.679437186573425,0.6892085075378418,0.6994822880781788,0.15384419698649202,0.15716801144643539,0.1606074714985435,0.7843763010932182,0.808814287185669,0.8312224842008568,21.91251443760011,21.95063591003418,21.975411556412546,66.54789975918557,69.80947875976562,73.4868573174907
895,0.5964816138135635,-0.16070081293582916,-1.404891136758124e-08,90.0,0.7230969216309506,0.23991251665551558,0.4360738677156568,22.9537,10.452248883092842,0.5879460504393625,0.5980255451686036,0.6062822164818873,-0.18533923752782927,-0.15942794713482167,-0.1370158255324332,-0.035354680402511385,-0.014298043135866474,0.0049188446353241235,89.14297444616389,92.52008056640625,96.17556663565959,0.6862717310672578,0.7236608266830444,0.757986030510003,0.22187661230951142,0.23485874443082821,0.25466749523931065,0.41617583408146236,0.4495517909526825,0.4834118545615091,22.866475296806126,22.963903427124023,23.04504773860315,7.226814692281286,9.664493560791016,11.740816691930458
896,1.1011287060601536,-0.010476622730493546,-9.158954705767997e-10,90.0,0.9792639983841364,0.14656574438272613,0.3446332001185164,21.7984,173.19285627255488,1.0991710563572195,1.1016383538304964,1.1042665871141135,-0.016286847997602823,-0.011694671957108101,-0.008160676702974013,-0.0033806223898179034,0.0011517402184974066,0.005255690371480811,78.94262770369545,87.1220932006836,98.03386102283542,0.9668766856193542,0.9765577912330627,0.9836416744689216,0.14270482508199078,0.14490202238739078,0.147368458163865,0.33393655514047094,0.33996325731277466,0.3460948309272967,21.789728907159088,21.805559158325195,21.820905842776927,172.72982909456306,173.22406005859375,173.7017565644213
897,1.175003079870068,-0.17976997792720795,-1.5715990286935266e-08,90.0,0.6952457212143607,0.06602523592102186,0.7805531292835264,22.9537,157.63476624882344,0.8444789390983947,0.9764580189686671,1.0443133518855185,-0.30176686458977,-0.23576559571621925,-0.14974552324658377,-0.23159807189683693,-0.10430769013267466,0.037152351358179236,86.11627307569096,102.12957763671875,113.18499678528845,0.48079009269875495,0.5871301889419556,0.6942891481001587,0.06475064131593343,0.07043944377896157,0.07771376085122364,0.6799229414612674,0.7621970772743225,0.8049340003371985,22.608830625107185,22.812957763671875,22.988023059567155,0.03352712814910061,170.32481384277344,179.97994995117188
898,1.276931235244378,-0.2598147690296173,-2.2713727787504467e-08,90.0,0.587534956372807,0.07989481626301112,0.49152147516017275,22.9537,53.05974315025609,1.2328620532915961,1.2712517730481219,1.295275391351608,-0.3146246212179351,-0.26940707748491693,-0.24371368284751924,-0.04705486940125906,0.03313933195090356,0.05275732549491099,84.46814450560815,86.50675964355469,94.34337523491173,0.5187948260026181,0.5728949308395386,0.606838623371757,0.07272032837249984,0.07700583934237029,0.08276305359934959,0.42254760597061036,0.45306330919265747,0.5285260503402031,22.873316270179636,23.03087615966797,23.118854045087325,52.380070910479304,54.340721130371094,55.9644313584199
899,1.4061160510929906,-0.14454393088817596,-1.2636431456769515e-08,90.0,0.7474209148269525,0.07739102099662247,0.37566359212167655,22.9537,135.62315322268566,1.32747253363653,1.3306589433899938,1.3335642264640337,-0.1297403627267734,-0.12686067789756567,-0.12490432007180198,-0.03472425828791274,-0.022633095246541286,-0.013423870136484715,93.05634548159735,95.05825805664062,97.49639143701542,0.7633047830872174,0.7715847492218018,0.776591078676251,0.08420266570420748,0.08596719604293378,0.08723022280744801,0.36113488781252595,0.3708171248435974,0.37854405066399227,22.88118513103555,22.898330688476562,22.92139475756451,136.11480125053066,136.5956573486328,137.0575248398823
900,0.8909190110939047,-0.10448962450027466,-9.134772938068636e-09,90.0,0.8107911152448757,0.09766618665734818,0.38847740996270697,21.9451,34.34977986702491,0.8873328853597886,0.8914176195238837,0.8952464077170171,-0.11392227387083881,-0.10591378312687608,-0.09663417663898444,-0.011462191358971804,-0.0008167453077445284,0.010354924837363451,87.10144128341808,90.22053527832031,93.22915414764786,0.7951663703143574,0.8080888986587524,0.8235090899465232,0.09386134023274809,0.09575295513455505,0.09783157337298162,0.3681721655938645,0.383124977350235,0.3978859989531952,21.921550567701267,21.950519561767578,21.98246744997402,33.497616432028046,34.273223876953125,35.13797339467014
901,0.6977649980071479,-0.07115311175584793,-6.220402415380022e-09,90.0,0.8671466999337994,0.1663352551168863,0.7733928438880128,22.8054,137.82111250534027,0.6962417153346601,0.6983155440074598,0.7007641705254256,-0.07651059810339637,-0.07127269203721535,-0.06614324350525612,-0.004390549358643277,0.0008310947102891173,0.006895026140454031,87.26285198430128,89.65047454833984,91.81578412548465,0.857848425890034,0.8668574094772339,0.875793961864566,0.15777768665206934,0.16592263357833592,0.17367287256940667,0.7383055542330804,0.768486499786377,0.8059430982219438,22.74562539863924,22.80276107788086,22.859735254657938,132.39082878292234,135.56430053710938,139.24366242833088
902,0.9767357127353965,-0.19665299355983734,-1.719195097393822e-08,90.0,0.6713282871068512,0.40305362531997485,0.7160352266932447,21.7472,38.699266433557206,0.9707851109892482,0.976535537235697,0.9814894854530652,-0.21114176026014966,-0.20134250417828756,-0.19069914218902206,-0.009873345024652622,-0.0021953561831357534,0.006412215359458352,89.07236284998906,90.31475830078125,91.41704475264288,0.6512629973973683,0.6647563576698303,0.6795819293619398,0.3732146666174124,0.3880601201138161,0.4036649801945823,0.7067921297352696,0.7287399768829346,0.755256767984869,21.732715783242515,21.78417205810547,21.835961048149127,34.80815399309599,38.22011184692383,42.411262894668816
903,2.2555241672830264,-0.21054159104824066,-1.8406129953518757e-08,90.0,0.6521530717994226,0.6846821577145658,0.4226315958440212,21.7315,177.87102726886113,2.2411657585547,2.2522054299681495,2.2637310235095462,-0.21878275703203853,-0.20813410039335123,-0.2004291198863677,-0.0033385065526295482,0.0012723512060415821,0.008133784903535335,88.89892502339123,89.82716369628906,90.46199459222976,0.6409753965574417,0.6554239988327026,0.6660712070403133,0.6592154268442968,0.7138166168803048,0.761105980207628,0.4151140964514476,0.431864470243454,0.4557858372959257,21.60404834820764,21.69373893737793,21.801739883152823,176.26825037731663,177.65966796875,179.03187172727303
904,0.5930015177824218,-0.10588953644037247,-9.257157707054375e-09,90.0,0.8084988882190772,0.2355994696264424,0.8056200744471053,22.3717,6.982529464528118,0.584285709628882,0.5885902041534907,0.5931293459554641,-0.1251871708877424,-0.11300996945099379,-0.10139109212663353,-0.004033346606797763,0.00753336500153606,0.021247584914743246,84.60468363911082,88.05952453613281,90.97186458885632,0.777318026412764,0.7960183620452881,0.815595884716728,0.22713656162180842,0.2391085077321603,0.2532552738725225,0.768819160598466,0.8019825220108032,0.8310150584956462,22.256080153707185,22.326637268066406,22.395459944230723,1.8704565680409893,8.80256462097168,14.190904081694448
905,0.5349043544204084,-0.23285812139511108,-2.0357102670232052e-08,90.0,0.6222466852468544,0.037888767218331246,0.464260541583694,21.9451,40.52704420882717,0.2931786680499323,0.3476509047675135,0.3926038870017211,0.07748187818663299,0.17378022591892828,0.27219840627555647,0.20652061048436554,0.2855103563006039,0.3571064853913712,24.73757225738505,29.293701171875,36.26855014011027,0.38622223916144843,0.4975735545158386,0.6321562539263418,0.03310189847231288,0.034989455495272714,0.037605188034681665,0.388321599840157,0.42527008056640625,0.4761086572937673,21.867869627331793,22.026561737060547,22.146166656489985,37.80675160839385,40.10292053222656,43.95527898513402
906,0.791442605223238,-0.18828321993350983,-1.6460241170079826e-08,90.0,0.6831004284555138,0.22591907882457007,0.5098652053284812,22.3558,73.6931708259349,0.7874845350097608,0.7911712723446913,0.7948760645256945,-0.19518030941893877,-0.18566684082908086,-0.17600016816469727,-0.009821412106966361,-0.0005268911109134142,0.009329438984996732,88.57559374145426,90.08230590820312,91.51884780715906,0.6733829078346595,0.6867592334747314,0.7005738031711157,0.22125475225241364,0.23234942033462463,0.24353181547940947,0.4941288540267215,0.5168156623840332,0.5340097230435243,22.25751648286013,22.320438385009766,22.385652367394602,71.92633366709097,73.27790832519531,74.77508544921875
907,0.840237812790982,-0.15568497776985168,-1.361041324088319e-08,90.0,0.7305754039504612,0.2673894259250373,0.8629045791761759,21.4705,2.84229152090433,0.8321848889324921,0.84063472620918,0.8477703772472822,-0.1783893308830284,-0.1634122696043449,-0.15041528116224023,-0.012590258630662392,0.0006972393072180929,0.013289269606386092,87.69216951331383,89.88230895996094,92.25608734034664,0.6967895049587391,0.7190374135971069,0.7383024935897969,0.2610580158157685,0.26990516416954263,0.28327414459587263,0.8403826951980591,0.868281900882721,0.8968915343284607,21.400984498352823,21.452178955078125,21.500324616168815,0.966622494695641,8.966451644897461,113.45342819936766
908,0.6848481793862777,-0.2190379649400711,-1.9148906460486614e-08,90.0,0.6406379852890991,0.2290858720851253,0.6285240818729223,22.1821,134.6514496219507,0.6842661625092795,0.6868245884053695,0.6897328946839223,-0.22863915497646875,-0.22089031716923002,-0.2121924097096,-0.0024909309020204598,0.006329651257765749,0.013912155592543954,88.20459756603819,89.18848419189453,90.32567991797035,0.6277678986933647,0.6379729509353638,0.6497744665963163,0.2171688394694985,0.22622521120132905,0.2341046289051669,0.6180388099789124,0.6384812593460083,0.6565011128159323,22.13874626159668,22.179176330566406,22.23991213366928,132.21747971410014,134.25039672851562,136.029780887286
909,1.0205199170199502,-0.09547600150108337,-8.346777491397006e-09,90.0,0.8256903771643452,0.0388398839223814,0.7427497139248191,22.9537,106.47027546418792,0.5526966509442617,0.7062460130631374,0.7986251137343183,-0.2648364430956299,-0.08331480882801816,0.09512186213594145,-0.2476789257002654,0.013284985182358619,0.18589184118926178,18.79071486574783,85.23335266113281,174.76265444796738,0.5292665242616261,0.7929980754852295,0.9891147310375087,0.04011966289187318,0.04313828102955669,0.04743702432740365,0.42925011272197217,0.519140899181366,0.5938000386970412,22.336179853126698,22.532318115234375,22.688433689496676,113.98188933892376,116.97554016113281,119.44105021262556
910,0.8607395427200404,-0.055312592536211014,-4.835580380557758e-09,90.0,0.8951730658181184,0.14318161668073998,0.9215381414298587,21.9451,25.605941101467092,0.8582367427556886,0.8604899612381097,0.8631518423228899,-0.05915506035697184,-0.05487950791346641,-0.051225345706978107,-0.006395147699039856,-0.000876898921722009,0.004048636371047548,87.90419980815214,90.46388244628906,93.40238692641717,0.8882812715751163,0.8958566188812256,0.9023553232856014,0.1407316897970461,0.14337024305911322,0.14576965045076884,0.895748518321277,0.9137139320373535,0.9337251497208883,21.92222457461455,21.94293212890625,21.95980701947224,18.85713001655236,26.932992935180664,33.05172639437749
911,1.1094952845134913,-0.053796812891960144,-4.703066824873758e-09,90.0,0.8978990751042865,0.19367156123176538,0.6168563809849006,21.7607,127.99432812358043,1.1066218142768087,1.109060082850479,1.1123961297208822,-0.05856498658447904,-0.052988406006446435,-0.047141080924805755,-0.005821820020138563,-0.0008167273791387159,0.004565253114029155,87.64408920494002,90.44523620605469,93.09655039699018,0.8892825301719345,0.8992509841918945,0.9099326880151598,0.18533338644339936,0.1903820096441755,0.19374751135503762,0.5993321246504163,0.6131317615509033,0.6272637058311208,21.756833767644114,21.776473999023438,21.802823852749775,127.29145974985086,128.55374145507812,129.83848791241354
912,0.7784415395275324,-0.10124532878398895,-8.851147370592116e-09,90.0,0.8161257494769323,0.34625729554654494,0.6073432843964452,21.698,95.52255437510584,0.772340379672379,0.7784578698153699,0.7840360704472926,-0.11487939768252557,-0.10171707524830743,-0.08982035829419235,-0.014638510546345991,-0.005681374188250147,0.006561460992754908,88.26515197753906,91.60179901123047,94.20068435365361,0.7933241442738923,0.8150586485862732,0.8341015348051622,0.3399637371642133,0.3537820490840614,0.36827085093005596,0.5695572649454138,0.5928848385810852,0.6179316783933224,21.604526790049707,21.667064666748047,21.719243575513907,94.48402512559312,96.09336853027344,97.81327937423264
913,1.7418239943708744,-0.4565257430076599,-3.9910748483862335e-08,90.0,0.3731305427882078,0.09036137757474669,0.77371421422359,21.8479,17.763925816814275,0.7148079476360661,0.7448346900966316,0.7676489947526443,0.12439854444907425,0.1591315093095364,0.20325946265645842,-0.2999127727300276,-0.24268452554583475,-0.18624034150013724,147.20793182612616,151.6640167236328,156.5578508952148,0.48955354479108865,0.5479742288589478,0.6044045310017632,0.12346957577769865,0.12951725228771577,0.13615557860028712,0.609753312065875,0.6536732912063599,0.7046027160896163,22.70100867701939,22.807849884033203,22.92636818356416,70.53284147564074,76.36494445800781,83.9827284179807
914,0.9834419193233743,-0.2386978566646576,-2.0867629402232524e-08,90.0,0.6145987421980741,0.5627858086744012,0.7252355621821232,21.1512,6.909737990853786,0.9707785452038303,0.9815638860874317,0.9928317729334027,-0.29017319912476736,-0.2568351608720424,-0.22720813538196002,-0.017658517677096735,0.0008919219597339588,0.023761061753742267,87.29744802743038,89.89459228515625,91.9870090461173,0.5501674408335322,0.5912528038024902,0.6295971310955811,0.5505662157836623,0.5668524523947297,0.5862394949443256,0.7123986513173884,0.7453915476799011,0.7764803101256816,21.057669820062884,21.116661071777344,21.17039645330352,3.9954655968989483,7.843835353851318,11.4103513882248
915,0.9914195532747239,-0.15375997126102448,-1.344212385845367e-08,90.0,0.7334628193654562,0.5573885480118871,0.46941027292558324,21.1403,81.29439650355103,0.975661952125409,0.9870910854860628,0.9986039643606193,-0.17261454001771626,-0.15711362183462746,-0.13698965575604707,-0.006710956384688628,0.008504315598218778,0.024173151456484715,85.64200596154554,88.42652893066406,91.32168704169855,0.7039880021184061,0.727698028087616,0.7586752984740897,0.5272799483147474,0.5529066640079554,0.5910408712219081,0.4414899421706644,0.46373826265335083,0.4840541553687031,21.051567018044935,21.13774299621582,21.20360246504439,79.05747263538004,80.83039093017578,82.32791275713141
916,0.8835756717381008,-0.15059801936149597,-1.316569697706882e-08,90.0,0.7382265295860647,0.11867023760970807,0.49328192956429084,21.698,174.24715118369133,0.8795344822044219,0.8864089536180607,0.8926995030985342,-0.16044766859095036,-0.15175352446333545,-0.14343151956957714,-0.017481603104567138,-0.004192179025623631,0.007469367740891968,88.55526758695233,90.80035400390625,93.1588373301484,0.7225884795188904,0.736285388469696,0.7491205930709839,0.1138887924865514,0.11690549505540931,0.11963086137166161,0.47229442632503615,0.4890468120574951,0.5042682576554681,21.68511269048434,21.723133087158203,21.76836039488532,172.29341364326606,173.75173950195312,175.24511081723355
917,0.5531901338444307,-0.2969479262828827,-2.5960012806081068e-08,90.0,0.5420819642137377,0.0936263980200912,0.5556737568790826,21.9451,123.12699056849816,0.5511105059973254,0.5643540776107732,0.57581765635278,-0.3215468410181782,-0.30624717208097485,-0.29070997871558457,-0.01497462513852978,-9.832353820495089e-05,0.01869655642750967,88.17958071605621,90.00904846191406,91.33965605672954,0.5131305173645996,0.5310484170913696,0.5494944813880294,0.08929708280405425,0.09152953770449218,0.09373402973717423,0.5326494757628701,0.5545963048934937,0.5817372100227565,21.924351224982463,21.979583740234375,22.03362646815884,119.87477543099693,121.70379638671875,123.7218697741314
918,0.5785161644882724,-0.4264155626296997,-3.7278432785115e-08,90.0,0.4021159517634896,0.08303048111468445,0.6305756868842316,22.9537,152.93440441086418,0.5351111870140371,0.5950424295233616,0.6327449157630111,-0.46709436075574395,-0.42690723762153016,-0.39792924420466663,-0.04474114423556357,-0.01690707238474627,0.009187892347015761,89.38989734209089,91.1578598022461,93.00492460829487,0.3632159926312005,0.4008580446243286,0.4300072549689188,0.07650603520159428,0.08111881192769141,0.08612034404661252,0.561645639520845,0.6129236817359924,0.6646914016562727,22.88546279921051,23.023771286010742,23.160249636401623,143.2645883446125,150.01983642578125,157.84783852951716
919,0.8108416030130011,-0.20205485820770264,-1.7664197216049615e-08,90.0,0.6638175841642708,0.06700128818618045,0.7438533267363002,22.9976,148.74108703123397,0.8090379386121055,0.8103984953081235,0.8116605439861008,-0.20504950581657252,-0.2018335591994841,-0.19813164185067933,-0.0021633491659856594,-9.725958740703129e-05,0.0019824947696841944,89.7204001903948,90.01370239257812,90.30681095426748,0.6596826375812804,0.6641192436218262,0.6692614375053209,0.0648659247157717,0.06581528644959089,0.06702988801151179,0.7228178268136557,0.7413860559463501,0.7573092658690925,22.980803804350415,23.005834579467773,23.026480583266963,147.4957796728955,149.63186645507812,151.9517766408676
920,0.7247796568133286,-0.05978287756443024,-5.226385102474751e-09,90.0,0.8871790103822795,0.11408994591567578,0.5350803967025499,22.2738,50.70212541723842,0.7221260146234539,0.7240112719529468,0.7258974637854255,-0.06567172584944315,-0.060732542569858994,-0.05619084392110145,-0.004785084228564071,-0.000663109773993513,0.0040527306402389045,88.09755426202366,90.31634521484375,92.27045200493218,0.8767409859446402,0.8854273557662964,0.893515163889157,0.11094611590548603,0.11328529340377315,0.11556204121174588,0.5220637927946216,0.5340096354484558,0.5434957734263539,22.234893972864405,22.263233184814453,22.287792233928585,50.505928457893894,51.86973571777344,52.999269068442146
921,0.7112496314329797,-0.0489560142159462,-4.279870680079512e-09,90.0,0.9066576435050397,0.04842142117784779,0.31783675093556774,21.9451,98.90122303201441,0.7636746447132978,0.8003757500481689,0.8139978591434223,0.2239922279808977,0.24612501723822444,0.2776125693555054,-0.2005496822083816,-0.1861311288299239,-0.16963881755158597,160.21306445779442,161.46826171875,162.84779932227016,0.48986268686519147,0.5285668969154358,0.5568532640889596,0.03676978141769398,0.03842419083264221,0.04105251578611423,0.3316018684577719,0.34659719467163086,0.36092735866476156,22.355292229380375,22.478130340576172,22.55498423646386,109.33713353818833,113.24366760253906,115.75366347799708
922,0.5236186646936043,-0.28006210923194885,-2.4483806981834277e-08,90.0,0.5624241907833354,0.07370193421176341,0.7567125472517764,21.9451,26.672167170652912,0.5867038742743055,0.5916854360147124,0.5962992905294694,-0.5241108510598479,-0.4962033479236746,-0.46402036949426945,-0.19952556699328675,-0.18112592051407544,-0.16262756634019304,98.74223593660822,100.03256225585938,101.61580829929586,0.2893082171107857,0.30858856439590454,0.33128656468722806,0.07991690430403907,0.08214406672994624,0.08445764215018468,0.7568321337444223,0.7881238460540771,0.8245742330103335,21.66296676428999,21.704181671142578,21.7541023312464,59.12454550534351,62.16045379638672,65.28385230974605
923,0.635720796729782,-0.3144562542438507,-2.7490639098459724e-08,90.0,0.5215417069484746,0.2487257905598212,0.8344992753184571,21.9516,91.83079166378377,0.6314690821823068,0.6340017427946898,0.6360780138845018,-0.3188323678247254,-0.3068277968027313,-0.29488608111194253,-0.005623084761110467,0.005104408942576579,0.015807040623982395,88.54349787648802,89.52360534667969,90.52838781672735,0.5164177271702898,0.5303242206573486,0.5444114669707487,0.23938713977702208,0.24782643896341955,0.257296702215757,0.7943308953411723,0.8220362663269043,0.8512525795309624,21.899405533950485,21.942922592163086,21.977562331224384,87.55315060355613,91.31390380859375,95.67084265920025
924,1.1981395697463049,-0.07233292609453201,-6.323545242992168e-09,90.0,0.8650924030732959,0.026295551882110656,0.6031644731495309,22.9537,95.5737638277115,0.6446601551724905,0.7245532574214982,0.8335170222616509,-0.24822034353883382,-0.11713846144430172,0.046267805877047645,-0.29063950207296835,-0.04549026811070612,0.16588711194646355,43.40398860140036,102.36895751953125,169.67283226822096,0.5349229456991279,0.7181428670883179,0.9885175287967276,0.03017305246987227,0.031923015979975364,0.03414988127717891,0.32954773848209873,0.365060031414032,0.39982151608170263,22.324007039707592,22.433818817138672,22.51636541337053,111.54954873992105,113.72314453125,115.9069286400503
925,0.8460610915268897,-0.22267702221870422,-1.9467043088639002e-08,90.0,0.6357549478940474,0.12013038615954694,0.4054022550189208,22.9537,80.1025773430326,0.8435485138848252,0.8467614560672492,0.8500498200295388,-0.238082985306999,-0.2212447667651992,-0.20718650357748708,-0.009100549920200127,0.0015953345228074622,0.010360367681639159,88.609501210648,89.78948974609375,91.1416963056564,0.6153887232662899,0.6376539468765259,0.6566408640363867,0.11301012774581136,0.11691817290625015,0.12113452632141966,0.37196409702301025,0.3933914303779602,0.40865433290542935,22.927363907788134,22.971736907958984,23.011845497207393,77.95165915089028,79.70761108398438,81.4833254094696
926,1.5744465408011723,-0.07747436314821243,-6.773023919492971e-09,90.0,0.8561926575775478,0.1123387223117243,0.754250330494126,22.9537,129.2623546481738,1.0976008033509137,1.1731291410106461,1.2327415930123404,-0.13785469051189153,-0.09820244521943772,-0.05906746891332808,0.2061335001136141,0.25706027933906184,0.3068515769614163,51.35946824636191,55.39069366455078,60.16988223879907,0.5115338430700879,0.5673426389694214,0.6279198219110768,0.11277291417835847,0.12087866209671011,0.12929296317731456,0.5781108984319959,0.6533699631690979,0.7516724799991337,22.66627536372508,22.803314208984375,22.960953838086148,128.583930159733,132.79676818847656,136.16123074470107
927,1.2125057765810971,-0.14872433245182037,-1.3001893783837204e-08,90.0,0.7410617515335882,0.34486292689096587,0.6817830299448558,21.9451,167.36961617426485,1.2090039380818427,1.2129976533860087,1.217663250393627,-0.15450718441687383,-0.14926844047584442,-0.14450126400843094,-0.00509863916610154,-0.0004709962943746589,0.005038131319332418,89.02198071017654,90.0902328491211,90.98279698086043,0.7323375237212189,0.7402207851409912,0.7474783213787718,0.32989628443130614,0.3473959665901833,0.36332430799372195,0.6622480592326306,0.6838715672492981,0.7072453905023295,21.875059755460477,21.938833236694336,22.007679472363883,165.63713051173818,167.65460205078125,169.91750262512008
928,0.836885630330764,-0.07207653671503067,-6.3011311723926156e-09,90.0,0.8655384542314929,0.33600222069292074,0.8755560838970782,21.7279,47.228098458702256,0.8212083915033366,0.8316756054906775,0.8415999683585329,-0.07817020988327826,-0.0553875777082103,-0.03362176964050054,-0.02052957707086484,0.00012275942114826406,0.02327507589463264,77.33202792217509,89.92125701904297,100.43192004021294,0.8549622893333435,0.8941768407821655,0.9328577084165769,0.3267443380796132,0.3416173329912586,0.35583755565595965,0.8233461885890704,0.8539312481880188,0.898510614161478,21.638252871552933,21.692710876464844,21.746847792635624,42.50020106273461,50.27155303955078,58.993514127854596
929,0.6416646854758964,-0.15093198418617249,-1.3194893178081202e-08,90.0,0.7377221538489477,0.15723941437789257,0.6521068220097308,22.4493,86.81180437625254,0.6397956390768459,0.6419469050760636,0.6439350686803895,-0.15850615272330218,-0.15230208326399228,-0.14510171181083834,-0.006685799177169979,-0.0015455943626775303,0.004677034452869079,89.1256927593177,90.29518127441406,91.25890279204982,0.7263551788863496,0.7356296181678772,0.746557131277259,0.1522463350135756,0.15715328643124776,0.16160630448938584,0.6199435337702701,0.6455830931663513,0.6619724611997803,22.41054340001487,22.440914154052734,22.481325001940032,85.71076614474924,87.72142791748047,89.79122023002891
930,1.1346555832713812,-0.11660986393690109,-1.019435824645143e-08,90.0,0.7911358860007451,0.3778275685863088,0.9620793991256266,20.7783,161.21105260393028,1.1315989620728364,1.139084402145691,1.1455657123704044,-0.12801218068820452,-0.11924005037952766,-0.11094170478899056,-0.008607818141132345,1.8113826875817448e-05,0.009454675010592656,87.79990943916746,89.99553680419922,91.98651102050282,0.7729390559669167,0.7868447303771973,0.8001835849676998,0.36328796647727896,0.37419139394094414,0.3817207605970735,0.9492262698692229,0.9652312994003296,0.9847754440231526,20.76210026528991,20.792640686035156,20.833641927322127,0.05508100613951683,168.87937927246094,179.2563788761289
931,0.7467662785276047,-0.452851802110672,-3.95895618510167e-08,90.0,0.3766028832025834,0.28287812180779387,0.6172064102369144,21.9185,6.963778240833689,0.7376943738706084,0.7455758296236801,0.753751293132658,-0.4665358356903976,-0.4522652953882744,-0.4352781751579092,-0.0075089570541948805,0.006952313449496263,0.018806643837048727,88.79797180976814,89.56233215332031,90.47390836992456,0.3637220083677256,0.377130389213562,0.39335247910771887,0.2710707884373627,0.2798297549528442,0.2883928904313353,0.5800474101039188,0.6041570901870728,0.6354966675148063,21.882435265435678,21.927759170532227,21.966059784308275,5.914933180529635,8.735380172729492,11.202259588459595
932,1.1560701029744689,-0.1408870965242386,-1.2316741404561071e-08,90.0,0.7530218516239018,0.27245759042756496,0.6287786691978585,22.0012,136.20879045356878,1.1527301063844875,1.1551767368940842,1.1574809156922334,-0.1453399683266818,-0.14084619328516323,-0.13628330521664112,-0.006429896538625614,-0.0018217463404345156,0.0028752030031430394,89.41426540445738,90.37174987792969,91.2937672244091,0.7461888131905801,0.7530616521835327,0.7601076613885266,0.26517603097556863,0.27240010134033965,0.2815289170150963,0.6178560984661925,0.6315990090370178,0.6456201393165377,21.963196344157772,22.004352569580078,22.036099425098495,133.89456111101285,135.5174102783203,137.175338362965
933,1.0884892596073192,-0.2752395272254944,-2.4062202896857343e-08,90.0,0.5683328327588559,0.03906244775468927,0.539394678395862,21.9451,113.9135100704403,1.0733267727443556,1.1004372481365081,1.1129349003097113,-0.34185800883186135,-0.3306098123855868,-0.30791504796947644,-0.06717098761023757,-0.04837160641519548,-0.027570621896678006,92.42166860766157,94.16552734375,95.74683658816068,0.48517872650678684,0.49901679158210754,0.526487478184853,0.037070456887581045,0.03810901551971728,0.0391647971266327,0.4693750415065309,0.4841933250427246,0.4991192903699992,21.80649583909566,21.851909637451172,21.911347980111135,116.75350088268576,119.4017105102539,121.54345580214509
934,1.6917320368581612,-0.06952362507581711,-6.0779483668227385e-09,90.0,0.8699914128871228,0.06976304647856815,0.773118453235603,22.3616,47.84755051619134,1.2940393440213243,1.3422577876106718,1.3840015327940691,-0.33193038269005687,-0.29840250459100315,-0.265595058920439,-0.04627618978773643,-0.02456426488901648,0.00025756416454029854,89.9787675725399,92.33963012695312,94.50982481991048,0.5008059840534171,0.5391501784324646,0.5788206513434704,0.06509375089024165,0.06866055247572111,0.07229547747308329,0.732470126607773,0.7597837448120117,0.7777290010133415,22.24496410004057,22.362197875976562,22.478035403443307,33.314470045103924,44.149566650390625,56.16144134382169
935,1.2193696454171978,-0.17917019128799438,-1.566355578574985e-08,90.0,0.6961080008974576,0.031762519754428065,0.5797066688086596,22.146,162.10762153676671,0.5370854409193238,0.6898892066770033,0.7632426141610287,0.011891728226427593,0.13563811935053643,0.2063707503898774,0.10963534471867033,0.16260743651505621,0.20483200641031823,19.3202840608241,24.99394989013672,42.92293029904095,0.5595536838326385,0.6504291296005249,0.7776226128700997,0.03185786880566169,0.03410339214652966,0.03780559589153991,0.5260473001695894,0.5750012397766113,0.5875897871207137,21.639822839466248,21.878414154052734,22.021167024991296,133.4810378191036,144.75521850585938,152.15429048873125
936,0.9539455891393912,-0.4370627999305725,-3.820924376896073e-08,90.0,0.3917276256757456,0.08370846537812289,0.8651874034738815,22.9537,39.42918122306547,0.8988923921725372,0.9638877020169592,1.0135752247019616,-0.4846503677092958,-0.4266778183292507,-0.3873193939212502,-0.036094439340799145,-0.009636083342976822,0.015622765470018684,88.93028995844423,90.64136505126953,92.34249160345776,0.3468142942592562,0.40172290802001953,0.440657404514943,0.07739651046345933,0.08241079126973264,0.08868195289802268,0.802517133790483,0.8926385641098022,0.9404714411918866,22.842451919204635,22.997798919677734,23.161317503685,26.845307229709928,45.005008697509766,83.4696878937613
937,1.2845453904216375,-0.1035270020365715,-9.050618032802049e-09,90.0,0.8123707012842245,0.19330615708525203,0.7036348150176774,21.9548,143.72582451838286,1.2795138245986584,1.291531272352456,1.308974705122219,-0.12854953012043613,-0.10585471623980827,-0.08253876319256195,-0.004658808880791509,0.010782689653782415,0.026734150969800568,83.62732254747239,87.12960815429688,91.4381707740435,0.7704880086045961,0.8076105713844299,0.8474521989882742,0.18102066677764686,0.18782434999225853,0.196189365709484,0.6763779349488787,0.7085540294647217,0.7412531785203568,21.916400184460677,21.9844970703125,22.056929173375394,137.2134806756612,141.87295532226562,146.77033021903344
938,0.6783834070191678,-0.01642647758126259,-1.436048280289981e-09,90.0,0.9676779830568792,0.029708810796015873,0.7744874372036578,21.9451,177.78829600604433,0.46622451387395647,0.6153263005451324,0.6853735944511272,-0.10289126314914294,0.0036526087521923877,0.04879731008711022,-0.1583158976408523,-0.09251293415748568,0.05658963024888059,64.7557123415364,136.19656372070312,157.47306614794502,0.7226539119195841,0.826856255531311,0.9737657986931003,0.026489368899311576,0.028289069894088397,0.03265842027100321,0.5652318754007355,0.7020949125289917,0.7484073343526593,21.403979164707092,21.700815200805664,21.846155894183685,9.838766980888957,21.449508666992188,32.67439723148307
939,0.8247236030229156,-0.5516389012336731,-4.822580379482133e-08,90.0,0.2889596724579103,0.039252852473358725,0.7077020053450627,21.9451,145.87471669940683,1.1881690713008657,1.6856538791742763,1.9432640720928414,-0.9662458451754563,-0.9654787212923812,-0.9646577577610391,0.2548320057608481,0.2589977431704155,0.26129504555421534,82.42278649090234,82.49211120605469,82.61174010926008,0.00012587717552919937,0.00018160362378694117,0.00046740226857780573,0.24749293484390217,0.26399971623342083,0.2774392933421165,0.26992843382074594,0.2875296473503113,0.29876568366028505,22.58714499371928,22.624835968017578,22.686426849125443,83.81650519778499,85.20923614501953,86.00924399038887
940,0.8218947112598846,-0.19407157599925995,-1.6966275495633454e-08,90.0,0.6749414683632502,0.09246308974412368,0.4497066544613071,22.6404,63.35883340961283,0.8206832715875655,0.8219101682312049,0.8229286139299599,-0.1966102450948615,-0.19317554721684127,-0.1905154353195,-0.0007020436712660723,0.001332815038165124,0.003991415064300018,89.41117059005464,89.80215454101562,90.10440131568772,0.6713779539024903,0.6761865019798279,0.6799380790315507,0.08939733946195022,0.09068689964047658,0.09199166516322252,0.43910929066409854,0.4476664066314697,0.4560731634141095,22.630774558983262,22.65317153930664,22.67284969530888,62.50339659387363,63.16636276245117,63.91955966713559
941,0.7460209845245578,-0.29464852809906006,-2.5758993160707178e-08,90.0,0.5448208170342075,0.1830103106371835,0.5177425934885294,22.0073,52.142020648651076,0.7415236485876993,0.7443606335240567,0.7477082200679567,-0.30371639257604705,-0.2951272706654736,-0.2879753075285679,-0.007781013341668592,0.00022558325395539725,0.007550016796888154,89.26125561699948,89.97813415527344,90.74395709531035,0.534076341220145,0.5442403554916382,0.5528231253568211,0.17951280824563984,0.18349227652712813,0.18796163671686145,0.4963387942582481,0.5100841522216797,0.5223637983289471,21.971485645197546,22.001708984375,22.026496839888054,51.4602135156037,52.69280242919922,53.88188237432128
942,2.0726925131207863,-0.1672336906194687,-1.4620033184087333e-08,90.0,0.7134529481327305,0.4948339205888979,0.6141562267136391,21.516,104.71897135238876,1.986282037411704,2.0825075593103177,2.1599394345125384,-0.17580042607823312,-0.11751105317496219,-0.05649725302924822,-0.06168674566233362,-0.013219352713358648,0.04198391947340567,75.00593777905533,93.23727416992188,107.59825406692397,0.696993824372109,0.7863987684249878,0.8914574383420037,0.46371576171116796,0.5016451482831283,0.5419338879099396,0.5790512298594299,0.6485884189605713,0.7328430132383983,21.32907873291371,21.47697639465332,21.627289764149964,100.4828014961927,104.64244842529297,110.31034510384217
943,0.660915771196479,-0.19412542879581451,-1.6970984617614704e-08,90.0,0.6748659364830883,0.23058022160948605,0.6415323753469104,21.7984,147.32893479597405,0.659137465028807,0.6614052884674683,0.6636543280426637,-0.2015104030445618,-0.19471008346679275,-0.18719260036337804,-0.004229079364626007,0.0014687043012133155,0.0076538098650616995,88.87837128862769,89.78507995605469,90.61640016760089,0.6645629825735421,0.6740207672119141,0.684613529325442,0.2223403680676822,0.22877791387421378,0.23511353741869415,0.6393606910064399,0.6549045443534851,0.671809715815563,21.76313742312469,21.80154037475586,21.832165508568387,144.85136243001477,146.41346740722656,147.99133460193462
944,0.7574521210690116,-0.15043556690216064,-1.3151495004137814e-08,90.0,0.7384719884220275,0.18437360333152886,0.4501995408763546,22.333,109.67614733126915,0.75612514744355,0.7586001745804193,0.7606160094386644,-0.1547018959009014,-0.14906622440232445,-0.1437051390709905,-0.004688622948603589,-0.0006277203539375932,0.004088632000436891,89.20926681551653,90.12102508544922,90.87500742122879,0.7319821087423237,0.7405418157577515,0.7486962646211752,0.1759354575900409,0.18133455943475968,0.18679474248529443,0.43350763490016325,0.4463183879852295,0.45799693259979746,22.318782326339726,22.35594940185547,22.389255963658663,109.49562580512033,110.38128662109375,111.16699624345345
945,0.5883835806152454,-0.24863560497760773,-2.1736415334316916e-08,90.0,0.601748331035149,0.04854394633050268,0.49677505983096903,22.9537,71.71206697282534,0.5744152620511287,0.5884088395398748,0.5997020502652657,-0.26832160570006736,-0.2508912867228561,-0.23082202927671527,-0.018132667973938765,0.007985207425777806,0.03813110867292807,85.73700300860071,89.08938598632812,92.08593201608791,0.5757107371136396,0.5985055565834045,0.6248992239782016,0.04441891380295949,0.04655853534016302,0.04893815197881939,0.4620867922000122,0.5026165246963501,0.5522728196904845,22.873284825484042,22.97117042541504,23.060980011008944,70.21208193042547,72.300048828125,74.18940148585779
946,0.5725658024907001,-0.3705199360847473,-3.239188117731828e-08,90.0,0.4593002011352022,0.0852293054952269,0.7846987921113685,21.9451,37.73367965421057,0.5708512813043652,0.5723969255467294,0.5740329951934423,-0.3755554430648597,-0.36916055046791296,-0.3631223749933687,-0.003909253298450208,-0.00040956506221976696,0.0031213325057447895,89.7583565373042,90.03170776367188,90.30572213075591,0.4539579603172292,0.46073997020721436,0.46721467941781175,0.08266640172114434,0.08382959654859293,0.08513943538511043,0.7632152686589103,0.77903151512146,0.7940722158059855,21.936483923432853,21.95210075378418,21.970148820272545,35.648322834405036,38.359352111816406,40.60864795569795
947,0.6215012507513497,-0.46968162059783936,-4.10608720358141e-08,90.0,0.36083896121759595,0.07822108596587123,0.643039895204123,22.9537,142.3504204166835,0.625958648974935,0.6297239845918179,0.6318213192218539,-0.7152604966314182,-0.7113817142623475,-0.7057449991660595,-0.29013103992345507,-0.26309562781047435,-0.24923859010427943,99.65519138834057,100.14991760253906,101.08857580570282,0.1308291178283773,0.1374216228723526,0.1418575884944073,0.10173983945376565,0.10475966593156687,0.10700946503168407,0.5811492806299693,0.5972747206687927,0.6085140158667034,22.483278123584324,22.496231079101562,22.513797705451545,125.7554997988531,127.70863342285156,129.04478476786457
948,0.6717882123650591,-0.05727768689393997,-5.007374515031415e-09,90.0,0.8916506306946669,0.2012666190793821,0.6191222903569236,21.7472,149.3459452883652,0.6688580726027478,0.6714358159815481,0.6738820915931067,-0.06885591067196412,-0.06261236792856384,-0.056718405611330715,-0.003011416415379462,0.0017529912163011955,0.00727761961574508,86.60199720745814,89.2017822265625,91.35640793636495,0.8711101412773132,0.8820909261703491,0.8925091699676813,0.19614304349622744,0.20097504476494282,0.20640524391875345,0.6150553450589533,0.6264623403549194,0.6442442394055441,21.700456884131178,21.733993530273438,21.767997549223146,147.62299262333065,148.9750213623047,150.39336466867144
949,0.6620941371502829,-0.17870628833770752,-1.5622999782749503e-08,90.0,0.6967755406723066,0.046420615197187556,0.915320914463604,22.9537,90.45730514084259,0.4574048830151098,0.6009702937601943,0.696882427456524,-0.1826880192163246,0.07301635885533535,0.2528825973322292,-0.1858389611284408,-0.06550833828191804,0.08223719226263339,1.4638226977848017,153.9259033203125,179.85715529154632,0.5573767935472926,0.7853113412857056,0.9797248840332031,0.041024540232367825,0.04547624094767196,0.05182696659581833,0.6305035805996945,0.7843375205993652,0.9466443012928623,22.53675073703218,22.781047821044922,23.005181789456525,73.3132068556146,86.597900390625,91.45935959699939
950,0.5528729149353719,-0.25972622632980347,-2.27059882007552e-08,90.0,0.5876465504853529,0.06498079505323492,0.5939774688821813,22.5088,150.68835321066217,0.6587845341867785,0.6670367179970613,0.670247291238923,-0.8318190590170953,-0.8269368821222103,-0.8189765099822786,-0.3234610395809323,-0.3131080370846392,-0.30282359682808113,100.01910995292995,100.37335205078125,100.76435689687295,0.059914340796289794,0.06129711866378784,0.06498267068457314,0.09252248170289816,0.09352740292349068,0.09434538853083253,0.44912916950874426,0.45582446455955505,0.46241447776244354,21.733251171074613,21.73845672607422,21.74567927737403,119.63728644445877,120.10816192626953,120.5913805272603
951,0.6719611312722528,-0.3505744934082031,-3.064819509290828e-08,90.0,0.48085129800447324,0.16507512776942354,0.6914756674613236,22.0862,25.256986632753247,0.670861035572478,0.6727921879490532,0.6744801653172672,-0.359578848297932,-0.35335465296708973,-0.3472418499841768,-0.005857720266194904,-0.001123536333473305,0.003324318381945468,89.730712890625,90.09086608886719,90.4755226051204,0.47104379992000756,0.47780725359916687,0.4845103162910107,0.15992938855466288,0.16420106012083674,0.16818596249362058,0.6675301768090517,0.6814732551574707,0.6987895982649921,22.055819741802594,22.0809383392334,22.11538761653362,23.798555806088913,25.45465087890625,26.844106890143763
952,0.7460898653986576,-0.20371636748313904,-1.7809449914807374e-08,90.0,0.6615209752665656,0.048483805793103574,0.5466017923826525,21.9451,164.0170569795708,0.7457795586710436,0.7541560405598262,0.7624410929455288,-0.32892839496709714,-0.32366155032809596,-0.3194860872924661,-0.04600594822977233,-0.021336990686687828,0.002400213405042673,89.79003134896807,91.88231658935547,94.08609995392752,0.5047859442555381,0.5098981857299805,0.5144125153394218,0.05583491590691583,0.056886853044216854,0.05788404729439842,0.45641687677666604,0.47129786014556885,0.4853982547943489,21.52895301359203,21.560482025146484,21.593026625210936,146.74623058894446,147.75735473632812,148.5959837048254
953,0.9258105475081425,-0.16933272778987885,-1.4803537062846317e-08,90.0,0.7103771755096431,0.12127327242714954,0.600564040876544,22.0504,94.35217043288709,0.9240580866131493,0.9256005471407883,0.9266776503765787,-0.1712392880919285,-0.16717359518234953,-0.1635173991767151,-0.0028207183117708507,0.00025158126256860885,0.0028169722754182998,89.51889784962385,89.95709228515625,90.48036626330965,0.7075929887702658,0.7135344743728638,0.7189125707081602,0.11702693075067963,0.11901550936166928,0.12140945077006711,0.5857747207530173,0.5954158306121826,0.6048792269381165,22.029521936421734,22.05368423461914,22.073981061945435,92.55761584454562,93.53987884521484,94.67843143437109
954,1.2181949554690945,-0.1618378460407257,-1.414831363177882e-08,90.0,0.7214106227741208,0.07770082951170058,0.6450274218360847,21.9451,34.26091917167028,1.2719650409378513,1.2757923239072937,1.2792094711019315,-0.3006836372885497,-0.2973729954479194,-0.29394543429010417,-0.1306296263829938,-0.12262562592721143,-0.11559870621210756,100.54210464356558,101.2122573852539,101.91110197403931,0.5086206471621825,0.5132790803909302,0.5166306964055678,0.07792181456425844,0.07889803054365588,0.07987257218839855,0.6004091959430206,0.6131842136383057,0.6257641479983844,21.806072079355378,21.826845169067383,21.85013805911051,46.82419896250113,47.39955139160156,48.400965418127136
955,0.9910320593849755,-0.09569608420133591,-8.36601721232455e-09,90.0,0.825323668995809,0.1455851971933282,0.7612470706156509,22.9537,151.47162672564588,0.9882704253494371,0.9918711435117588,0.9948326976271749,-0.09839067493700304,-0.09328799009465316,-0.08916895254650331,-0.008085686205415799,-0.002516515701424564,0.003825914222492336,88.84118796008595,90.76547241210938,92.4904177054795,0.8207706135201975,0.8292229175567627,0.836129819233479,0.13949908988331972,0.14403429325461886,0.14860514617712056,0.7367006492072171,0.7625834941864014,0.7877741510914622,22.92480193227667,22.96088409423828,22.998072474971476,149.24054903297753,153.57666015625,157.4809547586946
956,1.2842244788862565,-0.12415145337581635,-1.0853664633714288e-08,90.0,0.7791197005989134,0.042193668765055495,0.7681533673394705,21.9451,47.53456135265837,0.791194200625099,0.9160000560128947,0.9955722613035235,-0.011538421188915111,0.14243194980526983,0.27298587542804603,-0.11087594067940156,-0.034036776075869996,0.03954775435714008,0.08167557985991117,172.14224243164062,179.7590263458125,0.5581319158345522,0.7404297590255737,0.9458432647396062,0.04029748453319396,0.04371962909664755,0.04771034669681389,0.6596379405362165,0.7324307560920715,0.7666451895668152,21.680190719540104,21.85175323486328,22.029980046443765,44.90322697851959,60.818397521972656,71.20708592111191
957,0.74138161729937,-0.10315435379743576,-9.018039648367449e-09,90.0,0.8129829126012977,0.026968947154615525,0.7586703131552971,22.9537,77.64364381258409,0.6569766725317052,0.7731675215508067,0.7972981362314119,-0.21420015576192988,-0.1616361053999032,-0.032732510423129246,-0.05852680523538401,-0.025691897918701405,0.009072286171557037,87.48899665713462,94.3426513671875,109.13917492424461,0.6446607731242823,0.7162327766418457,0.9345957693930136,0.025097116038994585,0.027326252050568142,0.032299717293354624,0.7131824864671331,0.8550285696983337,0.8802653647568188,22.348859628546315,22.67190170288086,22.856855925937612,12.764131428960303,38.95514678955078,66.56440858593518
958,0.6495551640021958,-0.15357711911201477,-1.3426138423255907e-08,90.0,0.7337375747915156,0.040266416153143664,0.5687177182854821,22.9537,18.56485833687417,0.6429439836070713,0.7038034845008863,0.7377731653161327,-0.1383864591373055,-0.01295846233059009,0.06136018240824467,-0.3315883536091257,-0.26057923884854417,-0.22373878825013424,121.78505339580356,133.54324340820312,141.50447500282118,0.48495102674540314,0.5821599364280701,0.6311286432987819,0.03357211837724474,0.03626498090684784,0.04034063305601817,0.6193516001501369,0.6802859306335449,0.7106954314009373,22.86710066841828,23.10094451904297,23.26392311619927,8.165781974881574,20.535720825195312,34.53277992351039
959,1.3343287972863518,-0.04240342974662781,-3.7070255753945958e-09,90.0,0.918642961309317,0.0407599662079702,0.8730999174141417,21.9451,120.87902088604378,1.3305412065485294,1.3352164256235255,1.339840234963793,-0.05160786176439258,-0.04221843841218742,-0.03288704367837283,-0.0072545087434658,0.001909401702908577,0.01609857682001646,81.24590731150215,88.8021011352539,95.50346620616922,0.8981698080937712,0.9187269806861877,0.935400128364563,0.038061054594476215,0.03889097510346877,0.03983457527975742,0.7866569888565191,0.8202215433120728,0.8529104981983524,21.90129696390648,21.946025848388672,21.985931396484375,117.064970190367,121.81208801269531,127.02007541786577
960,0.7239466346512778,-0.13378305733203888,-1.1695686197299437e-08,90.0,0.7640058894606527,0.05675072533925394,0.7025587535874123,21.9451,154.638444007564,0.7123228955738421,0.776551929863728,0.8145505616569754,0.11897276226834987,0.18634007031374608,0.2537979525101449,0.11721430549948528,0.14764019063059788,0.1875634337664867,14.607218424866412,19.132423400878906,25.82064597957344,0.5322270793465761,0.6159647703170776,0.6921204711508334,0.04845530294218474,0.05160012721380154,0.055581645670110924,0.6380198456864766,0.6962978839874268,0.7532716410678073,21.972353324917485,22.132625579833984,22.264392626627707,153.93558945005648,166.4554901123047,172.4394014418107
961,0.7788373550643956,-0.20806460082530975,-1.818958494936851e-08,90.0,0.6555406132279077,0.5010270228824405,0.6974439091638445,21.1512,8.14144574955912,0.7699224143815786,0.7816906987167358,0.7896881346476445,-0.227315484178577,-0.20994528712258054,-0.19055041456884236,-0.034599954370038835,-0.012149389808998115,0.006946911600674786,89.06690948766878,91.65853118896484,94.78000105651886,0.6287281110546894,0.652204155921936,0.6782057681170153,0.48516602024825556,0.4986000075806351,0.5122660427751106,0.674371164975314,0.70338374376297,0.7281651392547027,21.113462948977897,21.152053833007812,21.189861138732997,7.143359903505873,9.989551544189453,12.305199424948125
962,0.5851542577974238,-0.22162333130836487,-1.9374926552018223e-08,90.0,0.6371658539175857,0.03302744225522559,0.37470509216913994,21.9451,27.583107509741335,0.5914535828244083,0.5981108931653271,0.602518786225082,-0.26886359672350485,-0.2607776530438288,-0.25258003878661406,0.016737830090434495,0.024287476935494753,0.03339126902095633,86.29906360122511,87.33908081054688,88.18402588017652,0.5748496520511144,0.5849161148071289,0.5940197266650723,0.02721674985393686,0.028180194150872195,0.029288055139037414,0.3287416567922406,0.34333011507987976,0.35502027078232723,22.086922718744685,22.164201736450195,22.226749451717538,30.34588285132658,31.921903610229492,33.456508998903324
963,0.6854196081881188,-0.37466827034950256,-3.275454218965024e-08,90.0,0.45489644435025844,0.20344218230348693,0.5735427163612066,21.7472,46.72016613998187,0.6830215955315593,0.6853617958361586,0.6876161490486844,-0.37562464818981844,-0.3686297182980399,-0.36271208901118257,-0.006295413763357305,-0.0008310747021197055,0.0047658281203109346,89.62996407982138,90.0645523071289,90.49106215470617,0.453882595871617,0.4613022208213806,0.46765954208234817,0.19604238492525108,0.20015071787615754,0.2059825202863238,0.5587342225075634,0.5709418654441833,0.585646920596313,21.74151648970518,21.77099609375,21.80121645954902,45.86593280968344,46.91160583496094,47.99428164598167
964,0.8846049069282526,-0.23457978665828705,-2.0507616937948114e-08,90.0,0.6199844074178784,0.05841986222334081,0.5186710345382355,21.9451,6.626811413299274,0.8827735978758371,0.8837795168241701,0.8851718340272876,-0.371266431614898,-0.3692634928965527,-0.36250854956115325,0.012590752756076155,0.016358170809195462,0.020906665290843163,88.3585361990894,88.7306137084961,89.02428042297848,0.4580801299789548,0.4602853059768677,0.46753315026851155,0.06054404645315878,0.06102999540002794,0.06156786098842436,0.4840776001101875,0.49050062894821167,0.4968360671926931,21.721001965405424,21.730199813842773,21.741646838177193,23.114304465915566,23.72174835205078,23.996886842880127
965,0.9853860567215432,-0.23813506960868835,-2.0818429646851655e-08,90.0,0.6153326502329932,0.09598088002116091,0.8263117550876506,22.4493,82.03474378591689,0.9837462205927572,0.9853647096031117,0.9872772431550235,-0.24046816310261657,-0.23732977463973975,-0.23348016489575205,-0.0026470598476593726,-0.0003584650952125304,0.00204023455534234,89.75410027575724,90.04315185546875,90.31999926140307,0.6122910283780626,0.6163815259933472,0.6214284435088447,0.09327267716933467,0.09456658432834407,0.09600414097648308,0.8067159433124631,0.8254660964012146,0.8448446248840996,22.43312478774832,22.45648765563965,22.47574227669035,81.08879825164719,83.97261810302734,87.54462301288214
966,0.5018848821389136,-0.41462862491607666,-3.624798594614731e-08,90.0,0.41379863248992144,0.0698542067732645,0.43952227694672774,21.9451,75.74776609768126,0.49262355709591915,0.5077052587580636,0.5211973887516635,0.120994162512658,0.16316864200767317,0.2031119532330861,0.1765567352523416,0.21003010188817917,0.24757902677222482,21.131623639580095,25.991336822509766,31.15432120410294,0.5397586730838683,0.5797253847122192,0.6226881761269986,0.05796616166601623,0.06051451331118486,0.06373358129596958,0.3427744431838861,0.35680192708969116,0.36969409291014166,22.073848103718287,22.160572052001953,22.237959513488367,47.481556182955046,49.77456283569336,52.666867291504836
967,0.5137958023762779,-0.07133201509714127,-6.236042793261731e-09,90.0,0.8668349041304136,0.06673383459835057,0.5898324187377364,22.9537,173.34632162379475,0.5951319060464035,0.6088072850430271,0.6233421201134998,-0.047462136467306106,-0.024787877335446237,0.0022774353336343627,0.3073852501529239,0.3250062254867432,0.345089479990066,44.8075644621605,47.16229248046875,49.256465951355985,0.4860726803460281,0.5085625648498535,0.5275040226036541,0.0578820006291373,0.061880866690127864,0.06505357156110017,0.49359199137438164,0.5486353635787964,0.6017203533578148,23.205496726110777,23.32259178161621,23.452467362257735,12.289369130027534,17.21990203857422,20.87286630822674
968,1.063697793907444,-0.246186301112175,-2.152228972818193e-08,90.0,0.6048964744712029,0.033305289620017255,0.5028343702771392,21.9451,62.18419023482604,0.3724275525811925,0.3886239390658893,0.4066606070537192,0.18711734168696445,0.20933953865272004,0.23559389280009066,-0.5848165562745915,-0.5537206062393751,-0.5225452542219121,144.21872850926255,145.38058471679688,146.68835285184053,0.23555851301939573,0.25576251745224,0.2834621135743943,0.028324030804370175,0.03032458977068716,0.032709372149159706,0.46926938358851916,0.4844023883342743,0.4993000809552115,22.005342516966603,22.09146499633789,22.194815866147948,0.004538764934543012,177.58453369140625,179.99397414625372
969,0.7955774655241217,-0.13836808502674103,-1.2096522006288524e-08,90.0,0.7569009825937226,0.0958259951040209,0.709096855048775,22.9537,141.04057391790207,0.7907454272845978,0.7945578773282824,0.7977126117972074,-0.14833526778912912,-0.13919902972034814,-0.13125218071727202,-0.01234782191404179,-0.0011459999560760725,0.008740294400190321,88.12891999451529,90.2384033203125,92.41058030338225,0.7413690997275827,0.7555780410766602,0.7677225988347671,0.09339720603139397,0.09635429752503614,0.09960713792539408,0.6695430480939002,0.6935355067253113,0.7251273062118267,22.88155450074387,22.932491302490234,22.974957840227077,138.49693705537533,141.3333740234375,144.3804140483792
970,1.2084123623870209,-0.14943484961986542,-1.3064009429797352e-08,90.0,0.7399855252557938,0.1795964879459807,0.45819907731412735,21.7472,56.12765890855529,1.205470961161773,1.2072740908849768,1.2091649993128404,-0.1539544990632825,-0.15094219037939655,-0.14769071142859555,-0.0026618793552498025,0.0008147491778884647,0.004113372705743183,89.22385245435183,89.84580993652344,90.50867720477466,0.7331586681233839,0.7377058267593384,0.7426221264900188,0.17788473554067044,0.18120867326429949,0.18417646252168127,0.44134210695710496,0.4494439959526062,0.4560660762019411,21.716258510589313,21.733325958251953,21.755104064941406,55.88512261456534,56.510772705078125,57.04223600549814
971,0.6500793028343457,-0.08604974299669266,-7.522707790030836e-09,90.0,0.8415362763903652,0.045305394131444625,0.8157443012928975,21.9451,14.026420600496952,0.7298633947561147,0.750603187288408,0.7639820633544208,-0.35602781932995814,-0.3350389978292655,-0.31601436738239413,-0.046218499347189974,-0.03806605029389203,-0.03169323396393223,92.71253945095187,93.23524475097656,93.92841797469241,0.4721202690626557,0.49570319056510925,0.5175096325109108,0.0325303439695551,0.033863969912881445,0.03535409964487497,0.7456603564885528,0.8000360727310181,0.8547623299174755,22.33166268083079,22.42361068725586,22.508052663775377,77.81232531669782,82.459228515625,87.10827791970608
972,0.9279511652308523,-0.4477233290672302,-3.914121649017943e-08,90.0,0.3814794223116038,0.08034296322624203,0.7083969031528811,21.9451,39.48460124360214,0.9276381984307258,0.9335545267909857,0.9392831057415296,-0.4613359569654871,-0.4555444193437879,-0.44986355371089815,-0.00502578801393622,-0.00157455385829521,0.0013396605291243421,89.9160260960221,90.09910583496094,90.31767558423148,0.36861070853732936,0.3740549087524414,0.3794351092616882,0.07791008488234058,0.07909782024429157,0.08050456894239762,0.7117209871264999,0.7288303971290588,0.7419464533949081,21.91916261857105,21.940889358520508,21.96051604262762,36.47257160102496,38.66463088989258,41.123751342065276
973,1.5705717895480293,-0.09220985323190689,-8.061241452139711e-09,90.0,0.8311499293558616,0.09571434586772563,0.7032926483913298,21.9451,21.09035675335917,1.0389863630268208,1.1035152531904344,1.143686720266904,0.19296271243633034,0.23035293796942188,0.279852202902197,-0.18997259051177806,-0.16082206171559077,-0.1372696534154601,159.71073605599213,162.5966033935547,165.13275154538078,0.500047552417264,0.5608021020889282,0.6036619944672049,0.08951195784354209,0.09452751379354533,0.09885851644082867,0.6749279190886179,0.7030347585678101,0.7295047845463176,21.87078460498064,21.96674346923828,22.081969014329584,14.827043648413786,21.6242618560791,29.162389761320863
974,0.6103628454902086,-0.08429689705371857,-7.369468590923134e-09,90.0,0.8445132516608885,0.017443887245610443,0.7035395374165537,21.9451,174.41361578281922,0.41458490573772466,0.521847116741924,0.6103604348227275,-0.31431152901284415,-0.2536862488725105,-0.21750026251408963,-0.3034648766953566,-0.23489948862018262,-0.1367463392592357,104.09969481090404,111.18167114257812,114.42674195668157,0.39575363289676013,0.4875152111053467,0.5528872388306519,0.01686386221769526,0.017774248798317134,0.01970880013904552,0.46209815153849126,0.5588364005088806,0.6073872275451645,21.33024669783742,21.545391082763672,21.648047712189737,26.596849105446147,29.408119201660156,33.21747786346406
975,0.9997057239223331,-0.043174318969249725,-3.774418999569207e-09,90.0,0.9172251092709255,0.05212516040954166,0.6634090745991621,21.9451,52.9533796330501,1.0399792652178772,1.0442682169442181,1.048621187784971,-0.21240793951390188,-0.20701487753745923,-0.20237381886898315,-0.05708410766213949,-0.0491894234487435,-0.04098666219975851,95.65133141275426,96.68907165527344,97.59180072918802,0.6401981838996298,0.6490482091903687,0.6568978815672014,0.04905025498133518,0.050022753750632074,0.05093867365532581,0.6117789737257503,0.6172469854354858,0.6231555598561742,21.96520458727527,22.000999450683594,22.036345686582546,56.17948835924881,58.16160583496094,60.01712263957253
976,0.9404161493747879,-0.0674622654914856,-5.8977387418224225e-09,90.0,0.8736025333375612,0.14411680475798386,0.8002636830709549,21.8493,177.42883454266934,0.9390449876071345,0.9406170828446556,0.9426007681341014,-0.07084041627896741,-0.06739891507582055,-0.06399089084904472,-0.005011662196127162,-0.0012426834222328642,0.00163855936464841,89.29018802176911,90.5345458984375,92.07249265552328,0.8676498497593903,0.8736836910247803,0.8796923820399393,0.14171666376356074,0.14383538535603707,0.14611626573849948,0.7881602836075544,0.8016793131828308,0.8143055625995799,21.834531395516436,21.85370635986328,21.872417922846466,0.08808617763006196,177.85646057128906,179.77323670833482
977,0.7004596343318591,-0.29938292503356934,-2.6172886080644275e-08,90.0,0.5391921440946101,0.4903051631076123,0.6677225337559642,21.1512,146.08854337643936,0.6938037767367288,0.7015536569702439,0.7100489918559246,-0.31010448768625815,-0.29120231078067577,-0.27090997627250485,-0.017348519752044357,-0.0003915206871236001,0.015074930340193653,88.50553606922294,90.03865051269531,91.72889706845778,0.5265596853428964,0.5489296913146973,0.5735143275213828,0.4851919176709643,0.5018824834167853,0.5183742576098946,0.6429686258999185,0.6613516807556152,0.6825738102208915,21.102090653301286,21.14206314086914,21.18424569808682,143.96494031413476,146.06350708007812,149.18342832019238
978,0.6603404373629947,-0.2510228455066681,-2.1945114170307534e-08,90.0,0.5986918197969926,0.4276210604204425,0.7315768226821718,21.1512,84.53835951747713,0.6554506207071609,0.6622294550853995,0.669610620140364,-0.26140102450691555,-0.24330650657063513,-0.22375722959177766,-0.0065625997964055835,0.014709209268508893,0.03561627027836598,85.7099348119809,88.2813949584961,90.7506584187074,0.5851408530854822,0.6079193353652954,0.6326727347580228,0.4134173408313386,0.42925130937984646,0.442681118829961,0.6909893180647821,0.7138633728027344,0.742993378026959,21.12509536743164,21.168045043945312,21.219468466860665,81.44957246583957,84.60920715332031,87.83723349422058
979,0.8745885142918275,-0.0493086613714695,-4.310700241205723e-09,90.0,0.9060168586588272,0.04888787295085645,0.8961506091072081,22.9537,120.31232607898681,0.5156483958495413,0.5767757568143067,0.6229483498049947,0.2029700623568939,0.26299505892520403,0.33738647395553334,0.05907816913325261,0.11325204633760343,0.157623061881022,5.707799635408466,11.603002548217773,15.764864443715721,0.48014721572619656,0.5543684959411621,0.6275739565027325,0.05820541590361054,0.05986546076278101,0.06175487627792256,0.5750354265869183,0.6035459041595459,0.6342205578866974,22.426349048202596,22.483266830444336,22.536776492261104,100.31848395585749,101.62611389160156,102.94319022178944
980,0.7126956057354287,-0.14566297829151154,-1.2734261645164224e-08,90.0,0.7457140867133369,0.05250199877078226,0.6661571135593545,21.9451,10.242847857180715,0.7910130183421041,0.8074848213308339,0.8217818731629785,-0.009943112383958804,0.03770452386637807,0.07340880791557973,0.28428939669268,0.30069243781175037,0.3173555342656585,38.067338413166816,41.425209045410156,45.89905420100452,0.5159346448741667,0.5347208380699158,0.5558921664639401,0.04371983782521614,0.04597834096203558,0.048380598424136764,0.4914365299584926,0.5460433959960938,0.6036631983495647,22.097025858048458,22.219499588012695,22.32836972454792,29.00228033036758,30.118545532226562,30.92908525524968
981,0.6713165298438865,-0.19857363402843475,-1.735985932782569e-08,90.0,0.6686500829351214,0.04314604734200441,0.7086761719455428,21.9451,166.7038951382107,0.6819555120164004,0.7357034788679762,0.7555159106787732,-0.06618380789873052,-0.005190483538628846,0.06687797630085449,0.27962735876300915,0.30067657847783086,0.3399963703584208,38.721235394809284,45.49821472167969,50.966251725317335,0.4922984497955219,0.536901593208313,0.5626261583477538,0.03678187611837747,0.03875981251307965,0.0405841322224843,0.7127531653689846,0.7783960700035095,0.8580252213248084,22.040464471881897,22.13870620727539,22.23501970350549,22.657517895722453,25.735509872436523,29.055770304950514
982,0.742307929189758,-0.11763446033000946,-1.0283931040078187e-08,90.0,0.7894938608660603,0.05918482369553161,0.6862126815100147,22.9537,163.64992273196793,0.7412704713744818,0.7426094585235836,0.7441056821979207,-0.12301848294492063,-0.11948607763450245,-0.11498155917210164,-0.0019635551887307798,0.0016370606458955344,0.004611248404403158,88.89896495476171,89.61164855957031,90.4839718018575,0.7808801750982943,0.7864676117897034,0.7937495681828829,0.05719846865188929,0.058229524282757725,0.05926165701951635,0.6750730413430471,0.6938679814338684,0.7168880655397888,22.938765229592306,22.955121994018555,22.972626687735158,161.66622006808797,164.04640197753906,166.33341316210237
983,1.2604124085101875,-0.15185362100601196,-1.3275465171602718e-08,90.0,0.7363317272687802,0.20937016852327484,0.37721967293199665,22.0012,116.34981860044988,1.2579898279114305,1.260052314712023,1.262021108211653,-0.1540456170010549,-0.1512969083376835,-0.1482599688715488,-0.002892588894681622,-0.0005011079238050051,0.0016506697495747423,89.68452962198103,90.09480285644531,90.54370939383166,0.733012660658566,0.7371669411659241,0.7417651628043064,0.20594691174771287,0.21004759526145483,0.21593534204638548,0.3671911986975954,0.37507858872413635,0.38292450482868917,21.966782767122673,21.99776268005371,22.020477685063135,115.91803217658412,116.3620376586914,116.86384280373674
984,0.6057588386670502,-0.30559197068214417,-2.6715698098200846e-08,90.0,0.5318721828989657,0.0957958013452227,0.6349450713733387,22.3044,10.49470256218717,0.605594553565119,0.6066935526568944,0.607842419991344,-0.3028375803862419,-0.29840219878514296,-0.2939313399132445,-0.004102116151145339,-0.0009716526167215246,0.0011302455727060638,89.89199202924341,90.09381866455078,90.3956436133492,0.5351068021237846,0.5403484106063843,0.5456766707029373,0.09198727220239401,0.09340655039766141,0.0953297309833584,0.6080032694610464,0.6207311153411865,0.6340669939321261,22.314181480255048,22.33566665649414,22.354703761924682,9.401290259512841,10.729841232299805,11.8180786691184
985,1.9989807608268633,-0.04846075549721718,-4.23657375847597e-09,90.0,0.9075582862222349,0.48347880677516075,0.841866422466973,21.7628,7.4685508992825955,1.9861246860427377,2.00382130050264,2.0191258865555337,-0.055671105212665405,-0.044359573153721694,-0.029642818540386702,-0.009625566451410075,0.006781351697751738,0.01789270160926056,77.54301574036081,85.5860595703125,97.22211526144102,0.890855464086069,0.913669228553772,0.941858905984601,0.4374449751630892,0.4672811419569384,0.4997589420825708,0.7841817083442868,0.8329082727432251,0.8864930659687191,21.726702590414103,21.807031631469727,21.885053634643555,4.393692326064208,12.855788230895996,115.98009360213399
986,0.7820962614239577,-0.26996180415153503,-2.3600810195034683e-08,90.0,0.574850524684162,0.36731945812615063,0.6301291176044777,20.7912,104.26355843084109,0.778265770212805,0.7818851113452021,0.7869190695928913,-0.28168334253377686,-0.2719757071732356,-0.2602583469908961,-0.006991289647745613,0.0011327651635951327,0.01117454918862533,88.81849844020857,89.88156127929688,90.72978057139503,0.5604363994849159,0.5723463296890259,0.5869346144940681,0.35838074941735787,0.36667228348671094,0.3745331812011145,0.6269278785620895,0.6364433169364929,0.6473418667649534,20.75806424982411,20.788204193115234,20.81582228905312,103.62739966930238,104.88084411621094,106.027841129805
987,0.5721748786963077,-0.11207732558250427,-9.798110767178514e-09,90.0,0.798436096060696,0.11475040790179465,0.7768418134913819,22.3717,169.35716809951725,0.5710804130158084,0.5726057330713467,0.5745242762323702,-0.11688942863674952,-0.1118026773257986,-0.10695377378663676,-0.0079065975387135,-0.0034004685562490687,0.0012292963626985725,89.68066156064482,90.86568450927734,92.03576660889613,0.7906644069344195,0.7987815141677856,0.8067333564328668,0.11130976134863063,0.1142166903097043,0.11697822330712072,0.7545296753885167,0.7751765251159668,0.7957789972481347,22.346763905426442,22.370983123779297,22.402111092940935,166.26517779266558,169.27081298828125,171.9778935113522
988,0.732136102511509,-0.3027404546737671,-2.6466411284786773e-08,90.0,0.5352252036977219,0.029483718625441545,0.4668431663742669,22.9537,59.2841965806345,0.4592538781234225,0.4636868186330359,0.4722260792559743,0.2387749562305864,0.25320998448751625,0.28226745460884933,0.3344588710377827,0.34203720485374794,0.3495021031407196,24.975090615667725,26.754472732543945,27.64022383533446,0.38746629459049636,0.40241068601608276,0.41031931098876884,0.015499574557158757,0.016465706823665903,0.01745554591601421,0.48034486372553264,0.49892449378967285,0.5206870797663442,23.382941937199778,23.423019409179688,23.457619254471975,52.165103645340515,54.140594482421875,56.540310136550055
989,1.3237017117336412,-0.38400888442993164,-3.3571122770581496e-08,90.0,0.44507743939184263,0.2866468332744649,0.5518893431517775,21.1512,29.588776039048795,1.316694557808426,1.3211669877272942,1.325343969750496,-0.3936457748040113,-0.3868420021919929,-0.3800818664063953,-0.002189121866948607,0.005217161923867309,0.01137502991543032,89.16460714080033,89.61328125,90.16331307198382,0.4350238746954059,0.4420851469039917,0.44917624511467735,0.2824109215506103,0.2873463209427055,0.2929888400958013,0.5420288507452172,0.553408682346344,0.565267372251179,21.119873008317565,21.13707733154297,21.153413311804968,28.744691882339918,29.719636917114258,30.708708115935377
990,1.1800712487530005,-0.2513842284679413,-2.1976706676696267e-08,90.0,0.5982301364120495,0.41231870983566343,0.6395775840855976,21.4594,114.16372322115572,1.1763320044029149,1.1809082076137671,1.185958708003802,-0.255278336195214,-0.24781816688635794,-0.24001155071398875,-0.006280792125776902,0.0006055992137985393,0.007559795605781883,89.1328245205867,89.93028259277344,90.71785804058398,0.5932531767930547,0.6027663946151733,0.6128843282497715,0.3954729052656451,0.40853454961589963,0.42269873818807135,0.6332757270621002,0.6525874137878418,0.6695586955460245,21.420863444497925,21.462068557739258,21.502324454331717,113.52227956347168,115.44725036621094,117.69185704128662
991,1.243881604695265,-0.158512145280838,-1.3857571978803662e-08,90.0,0.726352215116098,0.42299115145547705,0.5999645534283795,21.0722,174.50602867211148,1.234110575433818,1.243056934583414,1.250952753938975,-0.16497147157168807,-0.15501153719760086,-0.14687911594075204,-0.01237272074052054,-0.0017855359944327596,0.009038595943696746,88.31523310339628,90.3326644897461,92.27055458502664,0.7167149853373517,0.7315119504928589,0.7438031495356031,0.41235929095846535,0.4237025258965835,0.4335640602883738,0.5761177887484769,0.5910425186157227,0.6070624293054853,21.03024441785053,21.06060028076172,21.090212060156606,172.31375346094586,173.6385498046875,175.19216442126466
992,1.726829247549649,-0.23290778696537018,-2.0361445862704386e-08,90.0,0.6221813257749259,0.03706966608022353,0.701574658305457,22.9537,81.149199174542,1.262490048039544,1.3130376811045847,1.3489794839099662,-0.25249548643855985,-0.22274557075663468,-0.1929064056866149,0.22253817849405647,0.2485598978473904,0.29054618121750847,62.020729064941406,65.86991119384766,68.8700095088896,0.4721167764872707,0.4980749487876892,0.517296999018922,0.03490684390264976,0.03731388007830966,0.04048876510226863,0.6541752271440543,0.6964912414550781,0.7192394721166202,22.762390081693873,22.938495635986328,23.081459250314587,80.09463483433541,90.31060791015625,103.45476405616245
993,0.5256791735108403,-0.06653860956430435,-5.816990000795386e-09,90.0,0.8752251238553791,0.2258918263387452,0.76415998614015,20.968,139.49549396410399,0.5213587639548087,0.5257328759270903,0.5290466293893609,-0.08307006056618166,-0.07290520154787733,-0.06333481189427728,-0.012387331327501307,0.0016921875649422114,0.01418480243842502,84.31295195781101,89.33384704589844,94.62349700927734,0.846435033976187,0.8639207482337952,0.8793893743018163,0.22091771076014205,0.22400542229020529,0.22862160875325188,0.7541684890557605,0.7682222127914429,0.7893874627237463,20.94453203146925,20.97396469116211,21.000563053187705,136.150233229631,138.68258666992188,140.8075180003481
994,1.0500773988330199,-0.1269213855266571,-1.109582026259659e-08,90.0,0.7747466793563901,0.01764726982251573,0.886226973224374,22.9537,119.92552829294803,0.4405039016990964,0.5234461145196274,0.596158649130845,-0.23869097876022627,-0.03629196518646463,0.1300354605700554,-0.18675500935810857,-0.026339670243333564,0.12913732722075344,2.809863823524714,104.52854919433594,178.79810674130732,0.6072712218842223,0.8277685642242432,0.9875767004481635,0.018530391396620105,0.019875447368189227,0.021864069408104224,0.32514303137319744,0.3712027072906494,0.41953033516074234,22.061429607237823,22.17910385131836,22.26223512774331,113.71989685329913,115.94528198242188,117.47402944805552
995,1.190387340494215,-0.31814315915107727,-2.78129590469689e-08,90.0,0.5172858940409804,0.5456034714479383,0.33772283345059695,21.1512,162.92453914235966,1.1820954866098563,1.1895307276232434,1.1998944347663818,-0.3305424474346052,-0.3190534641177992,-0.3086498951453281,-0.012566285309620766,-0.0033687505327366966,0.006289729680593856,89.44111677034044,90.30158996582031,91.12993672941995,0.5031441697903701,0.5162100791931152,0.5281724909784284,0.5202462078363218,0.5364016453935745,0.5521458926590495,0.3286344447738257,0.3393738269805908,0.34947444927023286,21.132991204720668,21.165958404541016,21.203103914243236,162.22716651907572,163.14932250976562,163.805847367934
996,0.619061866768653,-0.0706469789147377,-6.176155142867401e-09,90.0,0.8680293709326117,0.19659087807431028,0.7981556243719045,22.1354,34.14881533116275,0.6164917962846668,0.6187969361022866,0.6221960182867746,-0.07647904853274244,-0.06920102913427106,-0.06174823606214194,-0.008726242897927122,-0.002477757972862275,0.0050173446498207284,88.03262291115293,91.04925537109375,93.70865337558062,0.8579058974027616,0.8703216314315796,0.883520070313127,0.1887335607521285,0.19716132947743675,0.20607860481710813,0.7634894448939035,0.7968988418579102,0.830857057338773,22.063678621821463,22.119447708129883,22.174813004900326,27.13702201049339,31.716093063354492,37.12506936359553
997,1.1423720061129323,-0.3610166609287262,-3.1561079083530785e-08,90.0,0.46948971235315196,0.022745273558305037,0.4532420976369954,22.9537,125.69193274614608,0.40276235866448895,0.4253684158460544,0.4352392571086248,0.28436277276675875,0.2953397702541858,0.3295262755438255,0.18565547673719052,0.2033728125561194,0.2310774201394584,16.429006516246314,17.23215675354004,18.122310638427734,0.42636919070949353,0.47198542952537537,0.4906159392544391,0.009478302023001614,0.010632460108400294,0.012771845246728853,0.4531007035441413,0.5341995358467102,0.6074453405864186,24.246402150155284,24.487071990966797,24.67273350212756,47.15649661191331,55.0324592590332,65.97886708677228
998,1.5544738446726762,-0.12607349455356598,-1.1021694668045257e-08,90.0,0.776083007027148,0.019063880414612152,0.6543394337677888,22.9537,85.77161454320344,0.7050688411744387,0.8020202839417109,0.9046426521235645,-0.23029643839832512,-0.041814093002628505,0.1503054401891211,-0.2799005361288959,-0.04881134051396378,0.1146567601261401,3.1945606103607096,113.81950378417969,178.85989578607874,0.5595684508531121,0.8054267168045044,0.9808558487456962,0.023308298229026504,0.02497112085813939,0.027063272492267657,0.29294081081749435,0.3397422134876251,0.3823247251055238,22.047183366553636,22.164203643798828,22.271884742576532,111.85171172148263,113.97529602050781,116.07264267277725
999,0.74871369585615,-0.13816478848457336,-1.2078749556110324e-08,90.0,0.7572147845506771,0.1437248543858081,0.8659754063573089,21.5324,32.2566504764349,0.7464840089137649,0.7497128670648106,0.7521113487116584,-0.14839544095559362,-0.14137829779667382,-0.1340420281023631,-0.00832644668522482,-0.0013035927439681684,0.004945819936420901,88.98967319372588,90.26609802246094,91.69493470494156,0.7415002480490526,0.7521415948867798,0.7635363144784925,0.13998429734041654,0.14199311049790433,0.1440672614677075,0.8403956610537043,0.8590407371520996,0.8792652991385224,21.525677338946995,21.54645538330078,21.57342514933396,28.619788896935653,32.065895080566406,35.608610943480684
